{"roc_val": {"Train": [0.7225136541227757, 0.7285915839096487, 0.6906621660667961, 0.7102333213987349, 0.8478626547571937, 0.8428404972330577, 0.839158775698645, 0.8410855695001915, 0.8488096180300375, 0.8902764194320388, 0.8843173331197668, 0.885017438646742, 0.899950691264502, 0.9161466715033196, 0.9214650897293357, 0.9148775447390407, 0.9317064434268627, 0.9416426090288378, 0.9431893957952526, 0.9447429114766868, 0.9458346995307819, 0.9459826728475322, 0.9459708795799021, 0.9458862067449325, 0.945788452961979, 0.9457935330180087, 0.9459451495279552], "Valid": []}, "eer_val": {"Train": [0.345864661654966, 0.33621553884711114, 0.3674185463659144, 0.36441102756899696, 0.21528822055054947, 0.23446115288217267, 0.2275689223057645, 0.23671679197994977, 0.23220551378449625, 0.19122807017543844, 0.19373433583959893, 0.19097744360953955, 0.17355889724310858, 0.15350877192982462, 0.14724310776942387, 0.15125313283213132, 0.1323308270677629, 0.12268170426239457, 0.12030075187969921, 0.11892230576526854, 0.11892230576440146, 0.11929824561403514, 0.1196741854636881, 0.12030075187896155, 0.12080200501253137, 0.12092731829670593, 0.12030075187999828], "Valid": []}, "thres": {"Train": [-0.06438517570526804, -0.0017148870198676785, -0.0002829506120178846, -0.00015289698058042352, -3.0027595130317313e-05, -7.161221583373571e-05, -0.001631894148886204, -0.007817682810127733, -0.012301291339099645, -0.033200968056917184, -0.06418483704328537, -0.10642158985141666, -0.11861598491668716, -0.11996079236268997, -0.14057037234306355, -0.18343248963357497, -0.1760955899954627, -0.22182744741441354, -0.22393818199634552, -0.2509882748128693, -0.2700724899768793, -0.2793672978878021, -0.28482624888422187, -0.2875891029822135, -0.2899695634841919, -0.291631907225025, -0.29273745417608704], "Valid": []}, "acc_val": {"Train": [0.6543233082706766, 0.6638471177944862, 0.6326441102756892, 0.6356516290726817, 0.7847117794486216, 0.7656015037593985, 0.7723684210526316, 0.7633458646616541, 0.7677318295739348, 0.8088345864661655, 0.806328320802005, 0.8089598997493734, 0.8263784461152882, 0.8464285714285714, 0.8526942355889724, 0.8486842105263158, 0.8676691729323308, 0.8773182957393484, 0.8797619047619047, 0.881077694235589, 0.881140350877193, 0.8806390977443609, 0.8803258145363408, 0.8796992481203008, 0.8791353383458647, 0.8791353383458647, 0.8796992481203008], "Valid": []}, "f1_val": {"Train": [0.6543882728810374, 0.6638260542640516, 0.6326210915470895, 0.6356287987969171, 0.7846847975936834, 0.7655868162165549, 0.7723541575286673, 0.7633310357791842, 0.7677172755185162, 0.8088226079328278, 0.8063161852246382, 0.8089479290682373, 0.826367566890156, 0.846418948555674, 0.8526850053261483, 0.8486747289930447, 0.8676691729323307, 0.8773182957393484, 0.8797543705745974, 0.881077694235589, 0.8811329030641017, 0.8806316185224637, 0.8803258145363408, 0.8796841709487404, 0.87912776489755, 0.8791429108451851, 0.8796992481203008], "Valid": []}}