{"roc_val": {"Train": [0.8944838757294238, 0.907616802030138, 0.9043418618601643, 0.9331732212737357, 0.9611413637477151, 0.9715711192140754, 0.9746169936118492, 0.9791567970678575, 0.9815414319005533, 0.9826546472698036, 0.982467117040722, 0.9826298515712841, 0.9842263710655084, 0.9843492346153603, 0.9844664449343911, 0.984741741571975, 0.9849804021331525, 0.9848619983542817, 0.9849444413037606, 0.9850008322812044, 0.984960176129547, 0.9850103956633439, 0.9850264131506712, 0.9850286744429997, 0.9850291455455683, 0.9850460581277756, 0.9850290513250545, 0.9850369187379476, 0.9850464664166683, 0.9850344690045917], "Valid": []}, "eer_val": {"Train": [0.1884711779448617, 0.1741854636592795, 0.17619047619047581, 0.13634085213032604, 0.09172932330826043, 0.07531328320802007, 0.06679197994836299, 0.06416040100358733, 0.06140350877170704, 0.05902255639086357, 0.05914786967418555, 0.05889724310673681, 0.056140350877145466, 0.0560150375941147, 0.055263157894733045, 0.055137844611510015, 0.05488721804511271, 0.05501253132887505, 0.055137844612134584, 0.05501253132800799, 0.05488721804708037, 0.055137844611491786, 0.05513784461141968, 0.05501253132748259, 0.0548872180459964, 0.054887218045125474, 0.055012531329218246, 0.05501253132726616, 0.05488721804580608, 0.05488721804595612], "Valid": []}, "thres": {"Train": [-0.11010659486055373, -0.05551948212087644, -0.04248411953449249, -0.02894146367907525, -0.022133342921733457, -0.03555198386311531, -0.06566465646015801, -0.10271894186735224, -0.15228085219857884, -0.19585680961594612, -0.24212451775868735, -0.2817806899531856, -0.3011851906775711, -0.32177335023894654, -0.3336088657379068, -0.340161114931083, -0.34353554248809787, -0.34525096416590545, -0.3489655256276864, -0.3502123653883757, -0.3509053885947191, -0.3507414758205242, -0.35130232572547676, -0.3513741791243206, -0.3515649139889598, -0.3518655896186971, -0.3512599170215556, -0.3516392409796083, -0.3517558872723167, -0.35167679190664675], "Valid": []}, "acc_val": {"Train": [0.8115914786967419, 0.8257518796992481, 0.8238721804511279, 0.8635964912280701, 0.9082706766917293, 0.9246240601503759, 0.9332706766917294, 0.9358395989974937, 0.9385964912280702, 0.9409774436090226, 0.9408521303258145, 0.9411654135338345, 0.943922305764411, 0.943922305764411, 0.9446741854636591, 0.9449248120300752, 0.9451754385964912, 0.9449248120300752, 0.9449248120300752, 0.9448621553884712, 0.9450501253132833, 0.9449248120300752, 0.9449248120300752, 0.9450501253132833, 0.9451127819548872, 0.9450501253132833, 0.9449874686716792, 0.9449874686716792, 0.9450501253132833, 0.9450501253132833], "Valid": []}, "f1_val": {"Train": [0.8115796729118367, 0.8257627968172421, 0.8238611441819662, 0.8635879441067735, 0.9082706766917293, 0.9246193370511937, 0.9332664953944483, 0.9358395989974937, 0.9385887955884196, 0.9409700463717258, 0.9408521303258145, 0.9411617269252459, 0.9439187919042547, 0.9439187919042547, 0.944663783919283, 0.9449213609875305, 0.9451720032583496, 0.9449213609875305, 0.9449282626401855, 0.9448483329155177, 0.9450466821229401, 0.9449213609875305, 0.9449213609875305, 0.9450466821229401, 0.9451127819548872, 0.9450466821229401, 0.9449874686716792, 0.9449805740067678, 0.9450466821229401, 0.9450466821229401], "Valid": []}}