{"window_size":{"0":125,"1":250,"2":500,"3":750,"4":1000,"5":1250,"6":1500,"7":1750,"8":2000},"step_width":{"0":62,"1":125,"2":250,"3":375,"4":500,"5":625,"6":750,"7":875,"8":1000},"Mean_EER":{"0":0.2136234751,"1":0.1490818363,"2":0.1055823293,"3":0.1082626263,"4":0.0884281843,"5":0.0855902778,"6":0.0781481481,"7":0.0842028986,"8":0.0792222222},"median_nu":{"0":0.0306816327,"1":0.0490306122,"2":0.0317010204,"3":0.0327204082,"4":0.0317010204,"5":0.0225265306,"6":0.0123326531,"7":0.0194683673,"8":0.008255102},"median_gamma":{"0":0.372759372,"1":0.6551285569,"2":0.2120950888,"3":0.0023299518,"4":0.0126485522,"5":0.0147134108,"6":0.0040949151,"7":0.0040949151,"8":0.0056458859},"Gini_coef":{"0":0.4045355394,"1":0.5518786292,"2":0.6805587253,"3":0.7177023076,"4":0.7401539143,"5":0.7540455263,"6":0.7603592534,"7":0.7734748518,"8":0.7999688328},"cut_off_freq":{"0":-99999,"1":-99999,"2":-99999,"3":-99999,"4":-99999,"5":-99999,"6":-99999,"7":-99999,"8":-99999}}