{"window_size":{"0":125,"1":250,"2":500,"3":750,"4":1000,"5":1250,"6":1500,"7":1750,"8":2000},"step_width":{"0":62,"1":125,"2":250,"3":375,"4":500,"5":625,"6":750,"7":875,"8":1000},"Mean_EER":{"0":0.1028947368,"1":0.1028947368,"2":0.0819473684,"3":0.0578026316,"4":0.0578552632,"5":0.0582763158,"6":0.0621052632,"7":0.0583947368,"8":0.0590921053},"median_nu":{"0":0.0429142857,"1":0.0388367347,"2":0.0408755102,"3":0.0357785714,"4":0.0347591837,"5":0.0347591837,"6":0.0347591837,"7":0.0357785714,"8":0.0357785714},"median_gamma":{"0":0.6551285569,"1":0.6551285569,"2":0.372759372,"3":0.1206792641,"4":0.1206792641,"5":0.0686648845,"6":0.0306496821,"7":0.0686648845,"8":0.0390693994},"SMA_winsize":{"0":1,"1":1,"2":1,"3":1,"4":1,"5":1,"6":1,"7":1,"8":1}}