{"roc_val": {"Train": [0.9210387654600158, 0.9325166142172474, 0.9380373081827375, 0.9418018888072311, 0.9466677187957363, 0.9504145545568181, 0.949136720246732, 0.9460129568909743, 0.9325409309614889, 0.9226782966187399, 0.9224441743456385, 0.9209298465461899, 0.920400445034893, 0.9236400054019762, 0.9226416840974617, 0.9272073589361877, 0.9270577367604473, 0.9269391523922589, 0.9293240777382051, 0.9286686955483947, 0.9277956325651222, 0.9286756443112792, 0.9289708921426373, 0.9285566359507793, 0.9285470725686398, 0.9287487829850314, 0.9289146110891264, 0.9288889202957267, 0.9287960424243566, 0.9286278666591291], "Valid": []}, "eer_val": {"Train": [0.15313283208019904, 0.13709273182936715, 0.12882205513799885, 0.12393483709273179, 0.11879699248120593, 0.11140350877180222, 0.11553884711779412, 0.1197994987468663, 0.1390977443612898, 0.15263157894736917, 0.15062656641502417, 0.15426065162819166, 0.15588972431077838, 0.15037593985124384, 0.153759398496241, 0.146491228069655, 0.1464912280701753, 0.14824561403494832, 0.14348370927219223, 0.14523809523677791, 0.14561403508748527, 0.14548872180436193, 0.14511278195643326, 0.14548872180448522, 0.1456140350877047, 0.14536340851959503, 0.14498746867168025, 0.14498746867167653, 0.1448621553884712, 0.14523809523777562], "Valid": []}, "thres": {"Train": [-0.49539218842982985, -0.40977292401443816, -0.34855512529617066, -0.2971121370792389, -0.24013878107071038, -0.15887920558449706, -0.10187599807977671, -0.12137103825807474, -0.16576355695745576, -0.17303659021854406, -0.18981248140332233, -0.19664137065355508, -0.18976528942585, -0.2061324566613135, -0.20870396792888649, -0.202475845813536, -0.2020693868398666, -0.20182137191293464, -0.2158537805078768, -0.20756146311756785, -0.20796971023079552, -0.20812737643716248, -0.20909436047091465, -0.20882233045993936, -0.208503171801561, -0.2081280797712937, -0.20771227777004259, -0.20851235091686213, -0.2089037224650383, -0.2069234848021366], "Valid": []}, "acc_val": {"Train": [0.8469298245614035, 0.8628446115288221, 0.8711152882205514, 0.8761278195488722, 0.881328320802005, 0.8886591478696741, 0.8845238095238095, 0.8802631578947369, 0.8609022556390977, 0.8473057644110276, 0.8493734335839599, 0.8458020050125313, 0.844047619047619, 0.849561403508772, 0.8462406015037593, 0.8534461152882206, 0.8535714285714285, 0.8517543859649123, 0.856516290726817, 0.8546365914786967, 0.8543859649122807, 0.8545112781954888, 0.8548245614035088, 0.8545112781954888, 0.8544486215538847, 0.8546992481203007, 0.8549498746867168, 0.8550751879699248, 0.8552005012531328, 0.8547619047619047], "Valid": []}, "f1_val": {"Train": [0.8469202330973118, 0.8628532046864232, 0.8711233631977946, 0.8761200576477224, 0.8813134478004763, 0.8886521711886709, 0.8845165737201579, 0.8802556551162353, 0.8609022556390977, 0.8472961965035403, 0.8493545557087354, 0.8457923428786265, 0.8440378469828936, 0.849551976940911, 0.8462406015037593, 0.8534185623864134, 0.8535622532740147, 0.8517358064920416, 0.856498308058654, 0.8546001504136375, 0.854367715252538, 0.8545112781954888, 0.8548154646281094, 0.8545112781954888, 0.8544395012218811, 0.8546901434927, 0.8549407857635191, 0.8550661068989286, 0.8551914280343381, 0.854743702218323], "Valid": []}}