{"roc_val": {"Train": [0.7762797501271976], "Valid": []}, "eer_val": {"Train": [0.31215538847127067], "Valid": []}, "thres": {"Train": [-0.10264893124502406], "Valid": []}, "acc_val": {"Train": [0.687907268170426], "Valid": []}, "f1_val": {"Train": [0.6878877122626731], "Valid": []}}