{"roc_val": {"Train": [0.820886960509042, 0.8366485606246191, 0.8608245237153033, 0.9040805883757012, 0.8919904240551253, 0.9325056532308216, 0.9335438455160457, 0.9224758952519143, 0.9686294605561524, 0.9750248114019384, 0.9754284677860066, 0.9534357981419715, 0.961791273296022, 0.9676828898687823, 0.9784503081010798, 0.975276026846565, 0.9742470760233919, 0.9735311414501167, 0.9736153196273893, 0.9730670975684825, 0.9736144951978946, 0.9734977873882702, 0.9737237674386469, 0.9734696861200621, 0.9732670099434048, 0.9729539858417975, 0.973050098617471, 0.9732203864925472, 0.9737041381649613, 0.9735993963605757], "Valid": []}, "eer_val": {"Train": [0.26478696741872315, 0.24661654135338357, 0.22493734335839624, 0.1543859649125754, 0.16829573934973377, 0.12756892230669867, 0.1271929824568612, 0.1494987468664423, 0.07493734335997132, 0.07105263157751876, 0.062030075187970705, 0.107393483709273, 0.08997493734347661, 0.08145363408629187, 0.0614035087718388, 0.06879699248279768, 0.07218045112764836, 0.07393483709357118, 0.0730576441104937, 0.07456140350788489, 0.07305764411027574, 0.07368421052685825, 0.07343358395990986, 0.07368421052688197, 0.07406015037572018, 0.07518796992393519, 0.07481203007512821, 0.07493734335827523, 0.07330827067668932, 0.07368421052632082], "Valid": []}, "thres": {"Train": [-0.013018347322941897, -0.003865998471155763, -0.004514557775110007, -0.013563546352088746, -0.03605281934151431, -0.21293146908295993, -0.23108834028246436, -0.4844459295267376, -0.19460372626961145, -0.2644803225976846, -0.3389963507652293, -0.46726351976394626, -0.4278324246408473, -0.3323019742984618, -0.29569638371453, -0.35155284405006, -0.36811554431908905, -0.3707729876057721, -0.37047621607807474, -0.3747007846822647, -0.36992034316062933, -0.3752249777317243, -0.3708918988704688, -0.37644684314758425, -0.3776100277894092, -0.3834114372704367, -0.38049072027183206, -0.3771835565566521, -0.37144073843955827, -0.3767537474632446], "Valid": []}, "acc_val": {"Train": [0.7351503759398497, 0.7533208020050125, 0.775, 0.8456140350877193, 0.831766917293233, 0.8724310776942356, 0.8728070175438597, 0.8505012531328321, 0.925, 0.9289473684210526, 0.937907268170426, 0.8926691729323308, 0.9099624060150376, 0.9184837092731829, 0.9385964912280702, 0.9311403508771929, 0.9278822055137844, 0.9260651629072681, 0.9267543859649123, 0.9253132832080201, 0.9268796992481203, 0.9262531328320802, 0.9265037593984963, 0.9266917293233082, 0.9258771929824562, 0.9246240601503759, 0.925125313283208, 0.925125313283208, 0.9267543859649123, 0.9263157894736842], "Valid": []}, "f1_val": {"Train": [0.7351337803120496, 0.7533053449464253, 0.7749859013722665, 0.8456140350877194, 0.831777457552785, 0.8724310776942357, 0.8728070175438597, 0.8504825166060909, 0.9249953004574222, 0.9289384634665998, 0.9379033774045994, 0.8926624475217745, 0.9099567642082838, 0.9184786014161289, 0.9385964912280702, 0.931136036092487, 0.9278776865718403, 0.9260651629072681, 0.9267406154038978, 0.9252945600401102, 0.9268751174885644, 0.926248511811517, 0.9264991540823359, 0.926719278466742, 0.9258632575045435, 0.9246004387339393, 0.9251112364479538, 0.9251206215928317, 0.9267497963531549, 0.9263157894736842], "Valid": []}}