{"roc_val": {"Train": [0.805372216394509, 0.7694062903708729, 0.7980428244448492, 0.951670705934985, 0.9537181770215012, 0.9560210589827396, 0.9537389360689386, 0.9417509678540545, 0.9414960874059279, 0.9444730517117077, 0.938976999900196, 0.9439616253806336, 0.9410884545672173, 0.938517994198808, 0.945092024652274, 0.9446640785687417, 0.9421498617401203, 0.9454322191583109, 0.9454647095321149, 0.9454500704560065, 0.9453152443905641, 0.9453036247329546, 0.9452341763626553, 0.9453386965743514, 0.94530923521558, 0.9453105761130757, 0.9452775134368923, 0.945300346208043], "Valid": []}, "eer_val": {"Train": [0.27393483709220534, 0.3070593149539996, 0.2791562238930535, 0.10877192982411386, 0.10710108604858415, 0.10146198830421659, 0.10563909774400813, 0.12360066833635486, 0.1230576441103634, 0.1204260651629066, 0.12794486215603468, 0.1187969924799977, 0.12527151211363022, 0.12781954887183705, 0.11791979950042765, 0.1195488721812788, 0.1211779448629589, 0.11737677527133517, 0.11725146198830395, 0.11758563074333239, 0.11787802840434107, 0.11800334168755448, 0.11812865496968825, 0.11796157059245059, 0.11791979949918371, 0.11783625731009395, 0.11787802840559047, 0.11796157059314334], "Valid": []}, "thres": {"Train": [-0.33186018466927675, -0.12700712680815804, -0.08770747482776577, -0.168252110481252, -0.16162246465685573, -0.17412616312505558, -0.16962753236290534, -0.19391708075949549, -0.1855151504278894, -0.15156944096088407, -0.17282260954413622, -0.18122304975981235, -0.17243018249670986, -0.17596355080597254, -0.19157966971436352, -0.1746082305912294, -0.18058915436277168, -0.18446031212800845, -0.1833224892616272, -0.18035106360900138, -0.18182536959648132, -0.18399782478809437, -0.18372754752625592, -0.18234090506965459, -0.1824250444771479, -0.18228698521856193, -0.18232715129889862, -0.18219833075999903], "Valid": []}, "acc_val": {"Train": [0.7260442773600668, 0.6929824561403509, 0.720843776106934, 0.8912280701754386, 0.8929197994987469, 0.8985380116959064, 0.8943609022556391, 0.8763993316624895, 0.876921470342523, 0.879594820384294, 0.8720551378446115, 0.881203007518797, 0.8747493734335839, 0.8721804511278195, 0.8820593149540518, 0.8804928989139515, 0.8788011695906432, 0.8826232247284879, 0.8827694235588972, 0.8824143692564745, 0.8821428571428571, 0.8819757727652464, 0.8818504594820384, 0.8819757727652464, 0.8820802005012531, 0.8821637426900585, 0.8821219715956558, 0.8820593149540518], "Valid": []}, "f1_val": {"Train": [0.7260271111389603, 0.692969631145829, 0.720843776106934, 0.8912235264630937, 0.8929220358806207, 0.8985380116959064, 0.8943564894105852, 0.8763941685116338, 0.8769188997263936, 0.8795923056037094, 0.8720551378446115, 0.8811980450311209, 0.8747467574510746, 0.8721751117423452, 0.8820568516468598, 0.8804978906478426, 0.8787986382338813, 0.8826183215673169, 0.8827669750830218, 0.8824094573708176, 0.8821403955805259, 0.8819733077131936, 0.8818430561647556, 0.8819634464751959, 0.8820802005012531, 0.8821637426900585, 0.8821219715956558, 0.8820568516468598], "Valid": []}}