{"roc_val": {"Train": [0.8213119656911703, 0.8043402130011746, 0.7781717451523545, 0.7471584035276161, 0.7047865355745253, 0.7982043768569292, 0.9154336813210973, 0.8983306794555312, 0.8853679782162172, 0.902479153711346, 0.9387552684970573, 0.9597430763625856, 0.9663723217818986, 0.9730519673243256, 0.9634021300117463, 0.9666647979598116, 0.9745379111940251, 0.97346120627383, 0.973772039748494, 0.9752366191167141, 0.9753842391065384, 0.9753082110036998, 0.9750241675617616, 0.9749660649116527, 0.9749600190953576, 0.9749753848907985, 0.9750571761483909, 0.9749724719065835, 0.9749386153353308, 0.9749763192442258], "Valid": []}, "eer_val": {"Train": [0.2642857142857162, 0.27994987468758126, 0.3076441102756891, 0.33070175438652294, 0.3616541353383456, 0.2791979949872404, 0.1531328320802005, 0.18320802005012488, 0.19511278195449377, 0.17744360902339806, 0.12819548872128422, 0.09649122807018366, 0.09298245613975893, 0.07619047619047611, 0.09598997493737109, 0.08922305764364749, 0.07468671679141996, 0.07456140350876689, 0.07619047619046158, 0.07192982456140347, 0.07243107769389551, 0.07218045112850416, 0.07293233082706761, 0.07318295739348374, 0.07305764410968367, 0.07330827067669161, 0.07293233082702738, 0.07318295739307493, 0.07318295739445325, 0.07280701754399657], "Valid": []}, "thres": {"Train": [-0.19663964708646167, -0.11678556352873493, -0.044311884790658944, -0.011245865374809568, -0.001138090505264699, -0.0015308200381678708, -0.005621673073619604, -0.015881456434726708, -0.030575012788170684, -0.05198973417282938, -0.09231951832762612, -0.1287047415971775, -0.14481370151017361, -0.23050141334533686, -0.2661087810993257, -0.2597253918644113, -0.2710610926147094, -0.3076172173023165, -0.3024379909038403, -0.3121122717857361, -0.3136321306227572, -0.3217267692091413, -0.32298668225606275, -0.32389627397060394, -0.3252972662445757, -0.32577928900718683, -0.3263050019740779, -0.3261959254737749, -0.32705277204599925, -0.326673269272024], "Valid": []}, "acc_val": {"Train": [0.7357142857142858, 0.7201127819548873, 0.6924185463659148, 0.669360902255639, 0.6384085213032581, 0.7207393483709273, 0.8466791979949875, 0.8168546365914787, 0.8049498746867167, 0.8226817042606517, 0.8718045112781955, 0.9036967418546366, 0.9070802005012532, 0.9238721804511278, 0.9039473684210526, 0.9106516290726817, 0.9253759398496241, 0.9253759398496241, 0.9238721804511278, 0.9281328320802005, 0.9275689223057644, 0.9278822055137844, 0.9270676691729324, 0.9268170426065163, 0.9269423558897243, 0.9267543859649123, 0.9271303258145364, 0.9268170426065163, 0.9269423558897243, 0.9271303258145364], "Valid": []}, "f1_val": {"Train": [0.7357142857142858, 0.7201303176492702, 0.6923992731374146, 0.669381617693127, 0.6383858637759259, 0.7206868458983519, 0.8466311501096835, 0.8168431605990351, 0.8049376527351338, 0.8227039218143091, 0.8717884446672516, 0.9037148405688152, 0.9070743780938655, 0.9238674102387368, 0.9039413497086283, 0.9106292303835548, 0.9253712638636507, 0.9253619101334838, 0.9238674102387368, 0.9281283288426592, 0.9275598445920541, 0.9278867238894806, 0.9270676691729324, 0.9268170426065163, 0.9269331996490787, 0.9267497963531549, 0.9271257597593835, 0.9268078706604838, 0.9269515098358603, 0.9271257597593835], "Valid": []}}