{"window_size":{"0":125,"1":250,"2":500,"3":750,"4":1000,"5":125,"6":250,"7":500,"8":750,"9":1000,"10":125,"11":250,"12":500,"13":750,"14":1000,"15":125,"16":250,"17":500,"18":750,"19":1000},"step_width":{"0":62,"1":125,"2":250,"3":375,"4":500,"5":62,"6":125,"7":250,"8":375,"9":500,"10":62,"11":125,"12":250,"13":375,"14":500,"15":62,"16":125,"17":250,"18":375,"19":500},"Mean_EER":{"0":0.2381371579,"1":0.1132002661,"2":0.1189959839,"3":0.0608686869,"4":0.0795934959,"5":0.1974118035,"6":0.1200133067,"7":0.1295448461,"8":0.0783232323,"9":0.062303523,"10":0.2117804154,"11":0.1223353293,"12":0.1043908969,"13":0.1108888889,"14":0.0940650407,"15":0.2308473459,"16":0.1228077179,"17":0.0951807229,"18":0.0857575758,"19":0.1015447154},"median_nu":{"0":0.0367979592,"1":0.0266040816,"2":0.0367979592,"3":0.0367979592,"4":0.0245653061,"5":0.0327204082,"6":0.0571857143,"7":0.0327204082,"8":0.0408755102,"9":0.0266040816,"10":0.0164102041,"11":0.0367979592,"12":0.0327204082,"13":0.0327204082,"14":0.0204877551,"15":0.0164102041,"16":0.0225265306,"17":0.0347591837,"18":0.0408755102,"19":0.0429142857},"median_gamma":{"0":1.1513953993,"1":0.000754312,"2":0.0013257114,"3":0.0040949151,"4":0.0013257114,"5":1.1513953993,"6":2.0235896477,"7":0.0013257114,"8":0.0040949151,"9":0.0000790604,"10":0.6551285569,"11":1.1513953993,"12":1.1513953993,"13":0.1206792641,"14":0.0000790604,"15":0.6551285569,"16":0.0686648845,"17":0.1206792641,"18":0.0071968567,"19":0.0004291934},"Gini_coef":{"0":0.4589805597,"1":0.7107532359,"2":0.7657066787,"3":0.8043035734,"4":0.839030757,"5":0.4801022501,"6":0.6635140629,"7":0.7706440242,"8":0.815129109,"9":0.8343869315,"10":0.5369128364,"11":0.6764664648,"12":0.7221310307,"13":0.7637436489,"14":0.822571145,"15":0.4702328357,"16":0.7080194074,"17":0.7720112518,"18":0.8259992148,"19":0.8143789105},"scnn_archi_name":{"0":"SCNN_3_1_conv_1_dense_arg_dict_default","1":"SCNN_3_1_conv_1_dense_arg_dict_default","2":"SCNN_3_1_conv_1_dense_arg_dict_default","3":"SCNN_3_1_conv_1_dense_arg_dict_default","4":"SCNN_3_1_conv_1_dense_arg_dict_default","5":"SCNN_3_2_conv_1_dense_arg_dict_default","6":"SCNN_3_2_conv_1_dense_arg_dict_default","7":"SCNN_3_2_conv_1_dense_arg_dict_default","8":"SCNN_3_2_conv_1_dense_arg_dict_default","9":"SCNN_3_2_conv_1_dense_arg_dict_default","10":"SCNN_1_3_conv_1_dense_arg_dict_default","11":"SCNN_1_3_conv_1_dense_arg_dict_default","12":"SCNN_1_3_conv_1_dense_arg_dict_default","13":"SCNN_1_3_conv_1_dense_arg_dict_default","14":"SCNN_1_3_conv_1_dense_arg_dict_default","15":"SCNN_3_123_conv_1_dense_arg_dict_default","16":"SCNN_3_123_conv_1_dense_arg_dict_default","17":"SCNN_3_123_conv_1_dense_arg_dict_default","18":"SCNN_3_123_conv_1_dense_arg_dict_default","19":"SCNN_3_123_conv_1_dense_arg_dict_default"},"cut_off_freq":{"0":33,"1":33,"2":33,"3":33,"4":33,"5":33,"6":33,"7":33,"8":33,"9":33,"10":33,"11":33,"12":33,"13":33,"14":33,"15":33,"16":33,"17":33,"18":33,"19":33},"SMA_winsize":{"0":20,"1":20,"2":20,"3":20,"4":20,"5":20,"6":20,"7":20,"8":20,"9":20,"10":20,"11":20,"12":20,"13":20,"14":20,"15":20,"16":20,"17":20,"18":20,"19":20}}