{"('', 'scnn_archi_name')":{"0":"SCNN_3_2_conv_1_dense_arg_dict_default","1":"SCNN_3_1_conv_1_dense_arg_dict_default","2":"SCNN_3_123_conv_1_dense_arg_dict_default","3":"SCNN_1_3_conv_1_dense_arg_dict_default"},"('', 'cut_off_freq')":{"0":33,"1":33,"2":33,"3":33},"('', 'SMA_winsize')":{"0":20,"1":20,"2":20,"3":20},"('Window Size', 125)":{"0":0.1974118035,"1":0.2381371579,"2":0.2308473459,"3":0.2117804154},"('Window Size', 250)":{"0":0.1200133067,"1":0.1132002661,"2":0.1228077179,"3":0.1223353293},"('Window Size', 500)":{"0":0.1295448461,"1":0.1189959839,"2":0.0951807229,"3":0.1043908969},"('Window Size', 750)":{"0":0.0783232323,"1":0.0608686869,"2":0.0857575758,"3":0.1108888889},"('Window Size', 1000)":{"0":0.062303523,"1":0.0795934959,"2":0.1015447154,"3":0.0940650407},"('', 'mean')":{"0":0.1175193423,"1":0.1221591182,"2":0.1272276156,"3":0.1286921142},"('', 'var')":{"0":0.0027796899,"1":0.0047773803,"2":0.0035407407,"3":0.0022626532}}