{"('', 'mean rank')":{"0":5,"1":6,"2":11,"3":12,"4":1,"5":2,"6":3,"7":10,"8":4,"9":7,"10":8,"11":9},"('', 'cut_off_freq')":{"0":33,"1":33,"2":33,"3":33,"4":33,"5":33,"6":33,"7":33,"8":33,"9":33,"10":33,"11":33},"('', 'EMA_span')":{"0":"-","1":"-","2":"-","3":"-","4":20,"5":20,"6":20,"7":20,"8":"-","9":"-","10":"-","11":"-"},"('', 'SMA_winsize')":{"0":"-","1":"-","2":"-","3":"-","4":"-","5":"-","6":"-","7":"-","8":20,"9":20,"10":20,"11":20},"('', 'type')":{"0":"Real","1":"Real","2":"Real","3":"Real","4":"Real","5":"Real","6":"Real","7":"Real","8":"Real","9":"Real","10":"Real","11":"Real"},"('Window Size', 125)":{"0":0.1487152434,"1":0.1424068579,"2":0.1766435872,"3":0.199699967,"4":0.1485020332,"5":0.1430893505,"6":0.1531464996,"7":0.1521958457,"8":0.1552983844,"9":0.1661743048,"10":0.1573019013,"11":0.1582998131},"('Window Size', 250)":{"0":0.1044621867,"1":0.0973320027,"2":0.1349900199,"3":0.1423530717,"4":0.0855910401,"5":0.1018873365,"6":0.0968263473,"7":0.1163073852,"8":0.0998602794,"9":0.0959214903,"10":0.1080483477,"11":0.1082878687},"('Window Size', 500)":{"0":0.0739803659,"1":0.0750022311,"2":0.0944444445,"3":0.1091923249,"4":0.0748103525,"5":0.0838152611,"6":0.0762338242,"7":0.0756046408,"8":0.0931726908,"9":0.0820348059,"10":0.0774788041,"11":0.0795269969},"('Window Size', 750)":{"0":0.0624848485,"1":0.0862558922,"2":0.0896430976,"3":0.098026936,"4":0.0485454545,"5":0.0487744108,"6":0.0621750842,"7":0.0839528619,"8":0.0576969697,"9":0.0552053872,"10":0.0743569024,"11":0.0960942761},"('Window Size', 1000)":{"0":0.0651219512,"1":0.0569376694,"2":0.0762872628,"3":0.0827551942,"4":0.0510117435,"5":0.0540650406,"6":0.0575609756,"7":0.0818247516,"8":0.0470009033,"9":0.0680578139,"10":0.0687172538,"11":0.0666214996},"('', 'mean')":{"0":0.0909529192,"1":0.0915869307,"2":0.1144016824,"3":0.1264054988,"4":0.0816921248,"5":0.0863262799,"6":0.0891885462,"7":0.101977097,"8":0.0906058455,"9":0.0934787604,"10":0.0971806419,"11":0.1017660909},"('', 'variance')":{"0":0.001321181,"1":0.0010299286,"2":0.0016904805,"3":0.0021583474,"4":0.0016415279,"5":0.0014803571,"6":0.0015117027,"7":0.0010384441,"8":0.0018154357,"9":0.0018831622,"10":0.0013629807,"11":0.0012501211}}