{"roc_val": {"Train": [0.8091920983536537, 0.8054683701735541, 0.7819723494199156, 0.756242415248648, 0.7912271515254301, 0.8555874491994397, 0.8542646952594519, 0.8481841194464859, 0.8616284916552033, 0.8619281521472855, 0.862991831081463, 0.8723605379363195, 0.8711192454821264, 0.8683385782752621, 0.8742567964397208, 0.8808827598444734, 0.8869371737614714, 0.8895361053008461, 0.8881901731144904, 0.8880648048693162, 0.8882018564581882, 0.8881823292567258, 0.8879293236223391, 0.887729693908958, 0.8876492531453948, 0.8876202175237593, 0.8876032656830045, 0.8876219291964247, 0.8876328273691748, 0.8875444642307522], "Valid": []}, "eer_val": {"Train": [0.26541353383458643, 0.26729323308259456, 0.2902255639097634, 0.31578947368421073, 0.2842105263142345, 0.21591478696739222, 0.21754385964926423, 0.22380952380952363, 0.20802005012362354, 0.2136591478688881, 0.20726817042657295, 0.19837092731756653, 0.20125313283178659, 0.20438596491260433, 0.19837092731871508, 0.1933583959899733, 0.18546365914812094, 0.18182957393483729, 0.18483709273197924, 0.18571428571505197, 0.18546365914786958, 0.1855889724310772, 0.18646616541336555, 0.1867167919799498, 0.18684210526220046, 0.187092731829821, 0.18709273183046404, 0.18721804511278192, 0.18746867167919792, 0.18746867167894796], "Valid": []}, "thres": {"Train": [-0.26813515169279917, -0.16136911511420968, -0.08194651454687046, -0.044627651572227485, -0.033508576452713316, -0.028378464281558876, -0.052973724901687676, -0.0903419628739357, -0.12774811685075774, -0.15570294857008274, -0.23418864607845977, -0.2633354067801479, -0.30841585993749615, -0.3265295028689575, -0.32779335975662965, -0.31294411420821977, -0.2994637191298212, -0.3122628132502238, -0.3200211524963655, -0.3266854286198767, -0.3366171866655349, -0.3425984978675841, -0.3448813259600735, -0.34737372398376465, -0.3487793505190828, -0.3492449522018734, -0.3490546345713731, -0.34957604110240936, -0.3504192871706826, -0.34940671920760824], "Valid": []}, "acc_val": {"Train": [0.7347117794486215, 0.7325814536340852, 0.7098370927318296, 0.6841478696741855, 0.7158521303258145, 0.7840852130325815, 0.7823934837092732, 0.7762531328320802, 0.7920426065162908, 0.7862155388471178, 0.7926691729323309, 0.8016917293233082, 0.7988095238095239, 0.7955513784461153, 0.8016290726817042, 0.806704260651629, 0.8145363408521303, 0.8181704260651629, 0.8151629072681704, 0.8142857142857143, 0.8145989974937343, 0.8144736842105263, 0.8135964912280702, 0.8133458646616541, 0.8131578947368421, 0.812907268170426, 0.812907268170426, 0.812781954887218, 0.812593984962406, 0.812531328320802], "Valid": []}, "f1_val": {"Train": [0.7346785311442536, 0.7325144146402607, 0.7098189109593332, 0.6841280782003885, 0.7158343254589886, 0.7840581526507081, 0.7823798483614263, 0.7762391127263613, 0.7920295757879566, 0.7861619453497116, 0.7926561814650042, 0.801679303214487, 0.7987969171000688, 0.7955385675794222, 0.8016290726817042, 0.8066921486308665, 0.8145363408521303, 0.8181704260651628, 0.8151629072681704, 0.8142857142857143, 0.8145873801616643, 0.8144620590262547, 0.8135848110783884, 0.8133341688075694, 0.8131344780047626, 0.812907268170426, 0.812907268170426, 0.812781954887218, 0.8125822419951124, 0.8125078330617872], "Valid": []}}