{"roc_val": {"Train": [0.8177755321888682, 0.8126791838619105, 0.790035733129817, 0.7697717665090044, 0.8014217482930385, 0.8579723745453861, 0.8646803490555963, 0.8481393647024831, 0.8629701996218616, 0.8604092153943758, 0.8600202103001866, 0.8751852610850435, 0.872347331360984, 0.8733506070941767, 0.866514021582779, 0.8785834259835051, 0.88622685316047, 0.8839748965144693, 0.8842775249527327, 0.8838681054139107, 0.8849321376750148, 0.8846044308766904, 0.8843886266417924, 0.8842494864982003, 0.8842233403056513, 0.884216163843192, 0.8841792608086634, 0.8842289699813444, 0.8842336417484815, 0.8841490081720591], "Valid": []}, "eer_val": {"Train": [0.2565162907262069, 0.2605263157894737, 0.28095238095303976, 0.3042606516290156, 0.27243107769423586, 0.21240601503714987, 0.20776942355889733, 0.22105263157824284, 0.20852130325780893, 0.21253132832080204, 0.21127819548871984, 0.19824561403471858, 0.2025062656636696, 0.20100250626614527, 0.20689223057644293, 0.19624060150415082, 0.18471177944962008, 0.18709273182869682, 0.18934837092782855, 0.18959899749373307, 0.18884711779430527, 0.18984962405959946, 0.18972431077694288, 0.1895989974934894, 0.18972431077739085, 0.18972431077694238, 0.18984962406079642, 0.1898496240601504, 0.18972431077751709, 0.18972431077759266], "Valid": []}, "thres": {"Train": [-0.27135169506071893, -0.16284508506457013, -0.08238814026118622, -0.04398810490965594, -0.03306513465940952, -0.02596442773937754, -0.04350851476192475, -0.08180577307927703, -0.13284032046782082, -0.16121728718280792, -0.22531284391880022, -0.26414304971686337, -0.3126961886880524, -0.322341188788584, -0.35136871039867457, -0.31166183948524834, -0.292190939188981, -0.3126379251475409, -0.3207053244115127, -0.32871434092521656, -0.3382215797900589, -0.3433861434455852, -0.3467637896537782, -0.34882459044448105, -0.35071191191676826, -0.3511076420545578, -0.3511706590653707, -0.3515828549861908, -0.352371811866778, -0.3517853319652105], "Valid": []}, "acc_val": {"Train": [0.743483709273183, 0.7395363408521304, 0.7189849624060151, 0.6958020050125313, 0.7276315789473684, 0.78765664160401, 0.7921679197994987, 0.7790100250626566, 0.7915413533834587, 0.787406015037594, 0.7887844611528823, 0.8017543859649123, 0.7975563909774436, 0.7989974937343358, 0.7931077694235589, 0.8037593984962406, 0.8152882205513784, 0.812907268170426, 0.8105889724310777, 0.8104636591478697, 0.8112155388471178, 0.8102130325814536, 0.8102130325814536, 0.8104010025062657, 0.8102756892230576, 0.8102756892230576, 0.8102130325814536, 0.8100877192982456, 0.8102130325814536, 0.8102756892230576], "Valid": []}, "f1_val": {"Train": [0.743451560345908, 0.7395200200513817, 0.7189673538442258, 0.6957829437934707, 0.7276145121874803, 0.7876433360486247, 0.7921548969233662, 0.77899617770537, 0.7915282912463186, 0.7873926937778056, 0.78877122626731, 0.8017295400426118, 0.7975437057459741, 0.7989974937343358, 0.7931077694235589, 0.8037593984962407, 0.8152882205513784, 0.8128838200275723, 0.8105771038285606, 0.8104517826931511, 0.8112037095056082, 0.8102011404223323, 0.8102011404223323, 0.8103772402556711, 0.8102756892230576, 0.8102756892230576, 0.810224923250423, 0.8100758192869228, 0.8102011404223323, 0.8102756892230576], "Valid": []}}