{"roc_val": {"Train": [0.8317420587810378, 0.7521171349426198, 0.7015021105395067, 0.6825568620800121, 0.666625986959881, 0.6762383245080119, 0.8957530339005408, 0.9148330019911934, 0.9185649901696598, 0.9358451187492541, 0.9457336872883964, 0.9531741163686157, 0.9518740460172989, 0.9533217599135684, 0.9508125891169026, 0.9559240362811792, 0.960185732187612, 0.9616850789253837, 0.9644366555486462, 0.9633449617150646, 0.9670445929987876, 0.9675196449771044, 0.9674808339771734, 0.967364322460286, 0.9673748437509815, 0.9674380814190866, 0.9674959642213303, 0.9674767589399564, 0.967484799090458, 0.9674701792074171], "Valid": []}, "eer_val": {"Train": [0.25902255639112987, 0.32581453634077767, 0.3518796992481975, 0.3616541353387394, 0.3748120300756665, 0.3789473684210462, 0.18095238095239333, 0.1604010025061987, 0.162030075187919, 0.1337092731820997, 0.11741854636591562, 0.10914786967432802, 0.11115288220551406, 0.10877192982456127, 0.09987468671573564, 0.10551378446115288, 0.09511278195514807, 0.0907268170432437, 0.08847117794432184, 0.08834586466325031, 0.08145363408521966, 0.08120300751874616, 0.08145363408521303, 0.08170426065162317, 0.0817042606516291, 0.08145363408674755, 0.0819548872180356, 0.08182957393461882, 0.08182957393480435, 0.08182957393483709], "Valid": []}, "thres": {"Train": [-0.18275210261346128, -0.08400787413119068, -0.02786783315242048, -0.0066996500827387175, -0.0010096592595825486, -0.00011226666538277359, -0.002472297055646806, -0.008486491627989874, -0.026487672701477203, -0.043848969042129926, -0.07209096848964708, -0.12144500762227432, -0.17704193294048337, -0.23148897290229795, -0.3215351402755811, -0.3454478830099106, -0.28845283389097665, -0.27402552962333937, -0.2576639950272279, -0.2716099619874622, -0.3063988089561481, -0.32658915221683554, -0.339582234621048, -0.3475340306758815, -0.3520224392414093, -0.35353019833663824, -0.3544588983058899, -0.35538071393948784, -0.35657092928882167, -0.3561999201774597], "Valid": []}, "acc_val": {"Train": [0.7409147869674185, 0.6742481203007519, 0.6481203007518797, 0.6382832080200501, 0.625125313283208, 0.6211152882205514, 0.818984962406015, 0.8395363408521304, 0.837907268170426, 0.8663533834586467, 0.8825187969924813, 0.8908521303258146, 0.8887844611528822, 0.8912907268170426, 0.899937343358396, 0.8945488721804511, 0.9048245614035088, 0.9092731829573935, 0.9115288220551379, 0.9116541353383458, 0.9184837092731829, 0.918859649122807, 0.918546365914787, 0.9183583959899749, 0.918233082706767, 0.918546365914787, 0.9181077694235589, 0.9181704260651629, 0.918233082706767, 0.918233082706767], "Valid": []}, "f1_val": {"Train": [0.740898552540886, 0.6742277085030391, 0.6481203007518797, 0.6382605426405163, 0.6251018234225202, 0.6210915470894167, 0.8189736199009963, 0.8395061728395061, 0.8378767938835622, 0.8663450090857823, 0.8825114355536061, 0.8908521303258146, 0.8887774923240804, 0.8912839150322702, 0.8999059855844563, 0.8945422645529169, 0.9048185976564947, 0.9092731829573935, 0.9115177340518862, 0.9116541353383458, 0.9184786014161289, 0.9188545648223573, 0.918546365914787, 0.9183532802807194, 0.9182382056262139, 0.918546365914787, 0.9181026380099003, 0.9181601704474245, 0.9182279591453099, 0.9182279591453099], "Valid": []}}