{"roc_val": {"Train": [0.8422605228610374, 0.7726450760359546, 0.7628654656691854, 0.8593257972625798, 0.7781679056664217, 0.8891835321386172, 0.927875327416285, 0.9689947770428577, 0.9731227347818167, 0.9788696522006771, 0.9719490769530341, 0.9851099082292196, 0.9857159816835322, 0.9834344162411041, 0.982342565373333, 0.9866110765635893, 0.9865334859705654, 0.9875410487371311, 0.987404790170916, 0.9876395955427415, 0.9876301185294062, 0.987701066576215, 0.9877095150156092, 0.9876856301153887, 0.9876488134496643], "Valid": []}, "eer_val": {"Train": [0.25100250626557735, 0.31641604010020596, 0.3104010025062492, 0.20764411027552082, 0.28032581453635375, 0.1843358395989843, 0.14273182957393463, 0.08308270676691831, 0.07443609022601795, 0.06528822055137838, 0.07819548872180511, 0.05000000000088968, 0.04686716791892204, 0.050125313282537866, 0.054260651629692166, 0.04649122807017567, 0.04711779448606126, 0.044486215538847046, 0.04348370927304849, 0.043358395989974936, 0.04310776942355911, 0.04285714285631206, 0.04310776942364886, 0.04298245614052888, 0.04310776942322289], "Valid": []}, "thres": {"Train": [-0.05161458253860058, -0.0015781754627823533, -0.0001641717972233868, -2.883539127650722e-05, -0.00010337602968017522, -0.0018165863584726758, -0.0026950929313898082, -0.008126025088131447, -0.03612442314625785, -0.08699086308479308, -0.11613617464900029, -0.15084406733516645, -0.14915193617247435, -0.21691334247536184, -0.2503167986871871, -0.2591956555843354, -0.26880353689188513, -0.29680647452672315, -0.3000946044921815, -0.30596362551053363, -0.3115770816802979, -0.3135254085058305, -0.3145334720612182, -0.31375539302827266, -0.31362321972838964], "Valid": []}, "acc_val": {"Train": [0.7490601503759399, 0.6835839598997494, 0.6896616541353383, 0.7923558897243108, 0.7197368421052631, 0.8157268170426065, 0.8573308270676692, 0.9168546365914787, 0.9256265664160401, 0.9347744360902256, 0.9218045112781955, 0.95, 0.9530701754385965, 0.949812030075188, 0.9457393483709273, 0.9534461152882205, 0.9527568922305765, 0.9555137844611529, 0.956390977443609, 0.9567042606516291, 0.9568295739348371, 0.9571428571428572, 0.9568295739348371, 0.9569548872180451, 0.9569548872180451], "Valid": []}, "f1_val": {"Train": [0.7490444263425027, 0.6835443037974684, 0.6896422081584059, 0.7923298658979822, 0.7197192806566828, 0.8157152703803496, 0.8573218873362993, 0.9168494266558055, 0.925631226113652, 0.9347703490193621, 0.9218045112781955, 0.9500000000000001, 0.9530613523845335, 0.9498025944726453, 0.9457393483709273, 0.9534431981953757, 0.9527450488844322, 0.9555137844611529, 0.9563800451240912, 0.9567015477160222, 0.9568268688514319, 0.9571374859004887, 0.9568268688514319, 0.9569521899868413, 0.9569521899868413], "Valid": []}}