{"roc_val": {"Train": [0.7265017188264451, 0.6865735235819987, 0.8865007984316123, 0.9223633383793652, 0.9283731781416784, 0.9295019573439307, 0.9312737793383485, 0.9296411803666784, 0.931375579368918, 0.9287576414581427, 0.9308129415714166, 0.9153967660727982, 0.9300615582746898, 0.8850569022109716, 0.9309033662197823, 0.9311751601225285, 0.9322258584361209, 0.9313740456683339, 0.9304541201932708, 0.9310951197961486, 0.9316225505283677, 0.9314354495260708, 0.9314423468166378, 0.9315379370174253, 0.9315872274322676, 0.9315396382211445, 0.931532673754841, 0.9314896673248145, 0.9315158475414378], "Valid": []}, "eer_val": {"Train": [0.34227234753550545, 0.3726817042606435, 0.17965747702589813, 0.13822055137663253, 0.12840434419413144, 0.12063492063492434, 0.12005012531368361, 0.12568922305640653, 0.12197159565580579, 0.12230576441241213, 0.12201336674962082, 0.1458228905595265, 0.12903091060978938, 0.18416875522135756, 0.12380952381134303, 0.12159565580643011, 0.12251461988153362, 0.125814536341847, 0.125104427737445, 0.12489557226400982, 0.12343358395991035, 0.12360066833751074, 0.12376775271490313, 0.12335004177138537, 0.12305764411033941, 0.12343358395979323, 0.12326649958295537, 0.12368421052631576, 0.1233918128649072], "Valid": []}, "thres": {"Train": [-0.3683868646621704, -0.20476386696100135, -0.07977480441331863, -0.16831086575975832, -0.1689541207420224, -0.1562964171171197, -0.1661480665209576, -0.16275928914529086, -0.16994541883468625, -0.14640289545063007, -0.17540888488267334, -0.14661128073927007, -0.1852188408374548, -0.15839435160159523, -0.1903515160089858, -0.16744853556170558, -0.1708414107556374, -0.17524191737181252, -0.17804266512422376, -0.17878368496895267, -0.1755018581946718, -0.17694856226444253, -0.17761319875716355, -0.17763911187651446, -0.17714443802834834, -0.1761047244071954, -0.17590866983021955, -0.17711515724658966, -0.17548236250874402], "Valid": []}, "acc_val": {"Train": [0.6577485380116959, 0.6273391812865498, 0.8203216374269006, 0.8618003341687552, 0.8716165413533835, 0.879344193817878, 0.8799707602339182, 0.8742481203007518, 0.8780492898913952, 0.877673350041771, 0.8779448621553885, 0.8541979949874686, 0.8709899749373433, 0.8158521303258145, 0.8761695906432748, 0.8784043441938179, 0.8774853801169591, 0.8741854636591478, 0.8748955722639933, 0.8750835421888054, 0.8765873015873016, 0.8763784461152883, 0.8762113617376776, 0.8766708437761069, 0.8769423558897244, 0.8765664160401002, 0.8767126148705096, 0.8763366750208855, 0.8766290726817043], "Valid": []}, "f1_val": {"Train": [0.6577413897533365, 0.62733139789887, 0.8203178846675995, 0.8617974477328264, 0.8716138599385952, 0.8793416738027111, 0.8799682533052069, 0.8742349869451698, 0.8780467428308862, 0.8776707951293887, 0.8779346645500877, 0.85419494976921, 0.8709872804360994, 0.8158482842164625, 0.8761670043233986, 0.8784043441938179, 0.8774802623334308, 0.8741854636591477, 0.8748955722639933, 0.8750809331857391, 0.8765847239917292, 0.876375864157564, 0.8762036050713287, 0.8766734195192247, 0.8769423558897244, 0.8765612598688334, 0.8767100398922284, 0.8763340921907308, 0.8766264959585622], "Valid": []}}