{"roc_val": {"Train": [0.7319983778368226, 0.712655864284772, 0.7095366706239282, 0.7141421065194313, 0.7087707834749781, 0.6921251829448307, 0.7673735874774655, 0.8359347224577736, 0.8366254923021841, 0.8545034971513997, 0.8405298255036087, 0.842243147027971, 0.8632309863003372, 0.870630225312655, 0.8722594785836773, 0.8754800613689613, 0.8891126626089032, 0.8824047195055307, 0.8887298289583607, 0.8870072424168189, 0.8968913982952367, 0.8968755299903896, 0.9031288591152065, 0.9024785491297167, 0.9034232589619413, 0.9034090944780497, 0.903343744700096, 0.9034316210325312, 0.9032477418483552, 0.9031802878122623], "Valid": []}, "eer_val": {"Train": [0.3395989974937343, 0.35087719298245595, 0.35676691729315463, 0.35300751879639347, 0.36002506265664214, 0.372305764411027, 0.30200501253137435, 0.23784461152879272, 0.2369674185463655, 0.22142857142753028, 0.23370927318287887, 0.23496240601503754, 0.2119047619048405, 0.2065162907278117, 0.2013784461152879, 0.19987468671672123, 0.18408521303124808, 0.19385964912237447, 0.1865914786963129, 0.1890977443611752, 0.17857142857143288, 0.17857142857095162, 0.17005012531328326, 0.1713032581453634, 0.17218045112781868, 0.17117794486271273, 0.1716791979947264, 0.17192982456029593, 0.1723057644115315, 0.1728070175438596], "Valid": []}, "thres": {"Train": [-0.2651904821395874, -0.11328231543302536, -0.04345689341425032, -0.02423208020626243, -0.013937268406152744, -0.007831028662621973, -0.012531579937786398, -0.018384484574198095, -0.03895966708660126, -0.05248286575078847, -0.09461436420678511, -0.12952929735183716, -0.16089175641538275, -0.22599498927616224, -0.23121188580989824, -0.27780589461322175, -0.24894496798486732, -0.2813213169574071, -0.2739397287368549, -0.26677811145797736, -0.28227113932371295, -0.2847550213336458, -0.3122311979532242, -0.31971515715122223, -0.3322158455848688, -0.34215715527578916, -0.34670078754416284, -0.35012817382806627, -0.35227265954035963, -0.35314634442329407], "Valid": []}, "acc_val": {"Train": [0.6604636591478696, 0.6491854636591479, 0.6432957393483709, 0.6469924812030076, 0.6399749373433584, 0.6277568922305764, 0.6980576441102757, 0.7621553884711779, 0.763095238095238, 0.7786340852130326, 0.7663533834586466, 0.7651002506265664, 0.7881578947368421, 0.7934837092731829, 0.7986842105263158, 0.800125313283208, 0.8159774436090226, 0.8061403508771929, 0.8134085213032581, 0.8109022556390978, 0.8215538847117795, 0.8214285714285714, 0.8299498746867168, 0.8287593984962406, 0.8278822055137844, 0.8288220551378446, 0.8281328320802005, 0.8280701754385965, 0.8277568922305765, 0.8272556390977444], "Valid": []}, "f1_val": {"Train": [0.6604423836079955, 0.6491634814211417, 0.6432733880568957, 0.6469482391277103, 0.6399749373433584, 0.6277335672661194, 0.6980387242308416, 0.7621553884711779, 0.7630803935083652, 0.7786202142991415, 0.766338743029012, 0.765085531674917, 0.7881446205902626, 0.7934837092731829, 0.7986715959646595, 0.8001002631908761, 0.8159659126511687, 0.806116054643439, 0.8133851359819526, 0.8109022556390978, 0.8215315202406317, 0.8214061912520366, 0.8299498746867168, 0.8287486684629363, 0.8278714205150698, 0.8288220551378446, 0.8280789721090568, 0.8280486276475748, 0.8277676837290897, 0.8272448148380225], "Valid": []}}