{"roc_val": {"Train": [0.873528385500091], "Valid": []}, "eer_val": {"Train": [0.2226817042606182], "Valid": []}, "thres": {"Train": [-0.16108775138854284], "Valid": []}, "acc_val": {"Train": [0.7773809523809524], "Valid": []}, "f1_val": {"Train": [0.7773670029450468], "Valid": []}}