{"roc_val": {"Train": [0.7330860987054101, 0.7411944727105986, 0.7371294935333321, 0.7589298277020873, 0.8266794335462717, 0.8576446441919334, 0.8523507704097335, 0.8630184091180332, 0.8952196908310877, 0.8984060009045169, 0.8998955487088648, 0.9011378226267421, 0.9173432327686384, 0.903769008988637, 0.9131222244207009, 0.9337638896740597, 0.9339683167819298, 0.9274715846634128, 0.9413344608388138, 0.9439944001608029, 0.9426547257868985, 0.9432314966614531, 0.9452442980885797, 0.9457234094006947, 0.9463125859762188, 0.9467195086714278, 0.9469579729398685, 0.9473478495738091, 0.9474512565875842, 0.9474620762432397], "Valid": []}, "eer_val": {"Train": [0.33872180451127787, 0.3360902255639097, 0.33872180451088507, 0.31716791980020487, 0.25375939849624235, 0.22318295739351232, 0.22869674185463668, 0.2160401002512502, 0.18057644110275672, 0.17681704260570003, 0.1724310776942387, 0.16779448621501158, 0.15413533834593035, 0.17380952380840528, 0.15751879699199192, 0.1339598997486946, 0.1364661654135339, 0.1432330827067894, 0.12706766917284984, 0.12280701754458936, 0.12406015037604037, 0.12142857142857084, 0.11804511278195493, 0.11817042606601974, 0.11842105263235847, 0.11654135338429975, 0.11779448621553744, 0.11641604010183917, 0.11654135338419852, 0.1164160400995093], "Valid": []}, "thres": {"Train": [-0.10064037144184104, -0.03961348161101341, -0.01347257848828707, -0.00453816633671806, -0.002056958619505173, -0.0057550487108531286, -0.017871265299618248, -0.036077801138178815, -0.08143298327922821, -0.17002578079688677, -0.21015635132789698, -0.31837493181212284, -0.2784912288189174, -0.3940941989417796, -0.3798252642150011, -0.34153604507427, -0.35569814840952557, -0.3301319479942372, -0.375950306653865, -0.3822285532955957, -0.40758487582212294, -0.3872294723987567, -0.4078134894371033, -0.4045800566674978, -0.41709151864056676, -0.4030275046829984, -0.4066404402255998, -0.4098260700738958, -0.410968691110851, -0.41227623820166], "Valid": []}, "acc_val": {"Train": [0.6613408521303258, 0.6639724310776942, 0.6613408521303258, 0.6828320802005012, 0.7461779448621554, 0.7768170426065163, 0.7713032581453634, 0.7838972431077694, 0.8194862155388472, 0.8231829573934837, 0.8275062656641604, 0.8322681704260652, 0.8458020050125313, 0.8262531328320802, 0.8425438596491228, 0.8659774436090225, 0.8635964912280701, 0.856829573934837, 0.8729949874686717, 0.8771929824561403, 0.8758771929824561, 0.8786340852130325, 0.8818922305764411, 0.8818295739348371, 0.8817669172932331, 0.8834586466165414, 0.8822681704260652, 0.8835839598997494, 0.8834586466165414, 0.8836466165413533], "Valid": []}, "f1_val": {"Train": [0.6613196315558619, 0.6639513753994611, 0.6613196315558619, 0.6828320802005012, 0.7461620402280846, 0.7768170426065163, 0.7713032581453634, 0.78388370198634, 0.8194749044426343, 0.8231607970923673, 0.8274954571088414, 0.832257660254402, 0.8457923428786265, 0.8262422457547464, 0.8425339933579798, 0.8659522466629066, 0.8635879441067735, 0.8568385439508802, 0.8729870292624852, 0.8771929824561403, 0.8758694153769033, 0.878626480355912, 0.8818848298765587, 0.8818295739348371, 0.8817891373801918, 0.8834586466165414, 0.8822607932827871, 0.8835839598997494, 0.8834586466165414, 0.8836393257722915], "Valid": []}}