{"roc_val": {"Train": [0.84197467352592, 0.7778092317259314, 0.7400286351844524, 0.8801189612502434, 0.7582020291957965, 0.9003784366932369, 0.9458233067003349, 0.976151327567038, 0.9650020100376253, 0.9757543922462799, 0.9652000301505644, 0.9833383584273967, 0.9862585426599079, 0.9817970992644519, 0.9859508577207429, 0.9884927073322403, 0.9881674110087247, 0.9889385745064416, 0.9891250997167104, 0.9890815384325475, 0.9891498168981352, 0.9890513564613287, 0.9890572452434344, 0.9891043633519889, 0.9891428524318316], "Valid": []}, "eer_val": {"Train": [0.25175438596398414, 0.30927318295718675, 0.33634085212898424, 0.18095238095274344, 0.29523809523785494, 0.18333333333357835, 0.11315789473572413, 0.07080200501142705, 0.10037593984962233, 0.07280701754393082, 0.09624060150243662, 0.05864661654080627, 0.0522556390977473, 0.06265664160256901, 0.05137844611471476, 0.04498746867174597, 0.04523809523690105, 0.04335839598997834, 0.042857142857572805, 0.04285714285728274, 0.04285714285714275, 0.04348370927318286, 0.04285714285748221, 0.04323308270676549, 0.0427318295740298], "Valid": []}, "thres": {"Train": [-0.05141711980101672, -0.0017885906854639298, -0.00020105020666839513, -2.6654590328696797e-05, -0.00021317767338273629, -0.004800353664905935, -0.004797631874672094, -0.011093531735205721, -0.04038392528891547, -0.08387967944145308, -0.12676097452557333, -0.1855342686173732, -0.1923581212759035, -0.23967862129136158, -0.28807431459348626, -0.2799696624279654, -0.2927515804764527, -0.31289663910866516, -0.32260161638298335, -0.32893574237824813, -0.33000784118970233, -0.3322305083274841, -0.33220052719167137, -0.33258590102195645, -0.33296802639971684], "Valid": []}, "acc_val": {"Train": [0.7482456140350877, 0.6907894736842105, 0.6637218045112782, 0.819047619047619, 0.7047619047619048, 0.8166040100250627, 0.8868421052631579, 0.9292606516290727, 0.89968671679198, 0.9273809523809524, 0.9037593984962407, 0.9412907268170426, 0.9476817042606517, 0.9373433583959899, 0.9486215538847118, 0.9549498746867168, 0.9546992481203007, 0.9565789473684211, 0.9571428571428572, 0.9570802005012531, 0.9572681704260652, 0.9565789473684211, 0.9572055137844612, 0.9568295739348371, 0.9572055137844612], "Valid": []}, "f1_val": {"Train": [0.7482140619125205, 0.6907700983770914, 0.6637007331286421, 0.819047619047619, 0.7047619047619048, 0.8165925183282162, 0.886827923298659, 0.9292562190613448, 0.8996804311047059, 0.927394600012529, 0.9037473367589924, 0.94127968916463, 0.9476784259665393, 0.9373355057024689, 0.9486151146760244, 0.9549470518202895, 0.9546907313404774, 0.9565762265806128, 0.9571428571428572, 0.9570775111222507, 0.9572628148890838, 0.9565762265806128, 0.9572028322576601, 0.9568268688514319, 0.9572028322576601], "Valid": []}}