{"roc_val": {"Train": [0.9496619996105553], "Valid": []}, "eer_val": {"Train": [0.11090225563909775], "Valid": []}, "thres": {"Train": [-0.44364386796951294], "Valid": []}, "acc_val": {"Train": [0.8890977443609023], "Valid": []}, "f1_val": {"Train": [0.8890977443609023], "Valid": []}}