{"roc_val": {"Train": [0.9119640109044541, 0.8681042361542954, 0.7329397428408114, 0.7671196003793945, 0.9632761807400707, 0.9668066704983008, 0.9716600241204515, 0.9691906614908198, 0.9733680064823712, 0.9771182969956219, 0.9700517035068875, 0.9798285736270501, 0.9808251047418044, 0.9824152564996451, 0.9783847620303893, 0.9802335412466001, 0.9821880201757527, 0.9869687219301385, 0.9847095966733878, 0.9856419243597715, 0.9863825525593432, 0.9869039531786862, 0.9864853235846508, 0.9868065213158208, 0.9868340494092374, 0.9870606811515006, 0.9869269194288981, 0.9868656446881615, 0.9867951363370832, 0.986795214854178], "Valid": []}, "eer_val": {"Train": [0.15689223057646792, 0.2182957393483709, 0.3378446115295277, 0.3192982456140362, 0.09862155388472811, 0.09110275689223117, 0.08621553884711777, 0.08671679197994503, 0.07556390977413281, 0.07105263157894735, 0.08145363408521193, 0.07080200501195741, 0.06666666666666711, 0.061528822055137836, 0.07355889724311217, 0.06315789473684778, 0.0665413533822834, 0.051002506264909195, 0.05814536340854222, 0.05651629072491901, 0.054260651628454594, 0.05413533834594858, 0.056015037594449195, 0.054887218045112755, 0.055012531328320916, 0.05501253132862987, 0.055263157894782824, 0.05488721804505706, 0.055263157894178815, 0.05614035087719283], "Valid": []}, "thres": {"Train": [-0.09810054302216191, -0.03538587735965848, -0.01589673757555579, -0.01136928386986259, -0.3166331350803386, -0.2918905913829804, -0.30750267846243723, -0.3925931751727942, -0.34706774353970254, -0.34919580072164536, -0.389772391319274, -0.37631136178908137, -0.39347574114799505, -0.35700616240501404, -0.3758271038532279, -0.41587169468403706, -0.4142683148368895, -0.34474477171830986, -0.3792131245136405, -0.4269898533765485, -0.3678872585291809, -0.36513027548797466, -0.38201954960842277, -0.37051108479499817, -0.37057191133499157, -0.3716659247877967, -0.36970031261446296, -0.3696289509534588, -0.36916410922953097, -0.37042155861854553], "Valid": []}, "acc_val": {"Train": [0.8430451127819549, 0.7818295739348371, 0.6621553884711779, 0.6807017543859649, 0.9013784461152882, 0.9088345864661654, 0.9138471177944862, 0.9133458646616541, 0.924436090225564, 0.9289473684210526, 0.918609022556391, 0.9291979949874687, 0.9332706766917294, 0.9384711779448621, 0.9264411027568922, 0.9368421052631579, 0.9333959899749373, 0.9489974937343358, 0.9417919799498747, 0.943546365914787, 0.9456766917293233, 0.9459899749373434, 0.944047619047619, 0.9451754385964912, 0.9449248120300752, 0.9450501253132833, 0.9446741854636591, 0.9451127819548872, 0.9447368421052632, 0.943922305764411], "Valid": []}, "f1_val": {"Train": [0.8430352778996177, 0.781802230855997, 0.6621553884711779, 0.6807017543859649, 0.9013784461152882, 0.9088288739895983, 0.9138417194059779, 0.9133404348643398, 0.9244266198771777, 0.9289473684210526, 0.9186039225515383, 0.9291891214437898, 0.9332664953944483, 0.9384711779448621, 0.9264411027568923, 0.9368421052631579, 0.9333834680704394, 0.9489911016418097, 0.9417883326022933, 0.9435428284980262, 0.9456664786614025, 0.9459967422628743, 0.9440511246162521, 0.9451720032583496, 0.9449213609875305, 0.9450466821229401, 0.9446707187167116, 0.9451127819548872, 0.9447299160295776, 0.9439187919042547], "Valid": []}}