{"roc_val": {"Train": [0.863895531435104, 0.8510100674618878, 0.8367411322793198, 0.8399905700969216, 0.8500546400462308, 0.9062938675008323, 0.9264327171311738, 0.9408554437472126, 0.9412102624983513, 0.9442565530367273, 0.9563646899202894, 0.9525049465769687, 0.967553580065452, 0.9641197841093962, 0.9676818063328748, 0.9776864231380457, 0.9791215114854807, 0.9796735259200633, 0.9794856737708935, 0.9804727985376976, 0.9798256449394162, 0.9797531579575506, 0.9800232253566246, 0.980481396159572, 0.9802607788267662, 0.9799142514808324, 0.9800438046871565, 0.9803175388345551, 0.9807433370393402, 0.9800213880566078], "Valid": []}, "eer_val": {"Train": [0.2243107769418885, 0.23270676691729322, 0.24260651629110866, 0.24235588972424063, 0.2261904761905193, 0.16065162907268157, 0.15375939849624065, 0.12380952380975926, 0.12556390977443604, 0.12167919799382501, 0.10300751879702391, 0.10350877193006991, 0.08170426065162896, 0.0894736842102979, 0.07744360902255645, 0.05802005012528328, 0.05877192982417341, 0.05513784461010113, 0.05576441102795763, 0.053508771928542975, 0.055263157896471314, 0.056390977443753675, 0.05626566416121827, 0.05538847117794336, 0.05601503759341878, 0.05614035087719095, 0.05776942355950832, 0.05701754385986244, 0.054010025062657015, 0.0568922305764412], "Valid": []}, "thres": {"Train": [-0.16835951805101115, -0.08201764117587697, -0.05352944508197591, -0.03782287985086125, -0.0391682684421583, -0.09553028643131256, -0.21527622640132904, -0.20544262230413599, -0.20568209886550903, -0.26123318076032653, -0.1868749260902548, -0.18293793499481084, -0.2123540192842483, -0.17299953103064086, -0.20033603906631473, -0.167434841394407, -0.19610410928669406, -0.1809822916980476, -0.18791349232296947, -0.1666328012940476, -0.18513435125656252, -0.19165787100792653, -0.18462145328614654, -0.1817098557949065, -0.19140557944621006, -0.18902328610420152, -0.18805934488880685, -0.19676831364657843, -0.18120264261961017, -0.19863116741180434], "Valid": []}, "acc_val": {"Train": [0.7756892230576441, 0.7672305764411027, 0.7573934837092732, 0.7575814536340852, 0.7737468671679198, 0.8394110275689223, 0.8461779448621554, 0.8761904761904762, 0.8744987468671679, 0.8783208020050125, 0.8970551378446115, 0.8964912280701754, 0.9183583959899749, 0.9105889724310777, 0.9224937343358396, 0.9417919799498747, 0.9411654135338345, 0.9444862155388472, 0.9441729323308271, 0.9461779448621553, 0.9450501253132833, 0.943671679197995, 0.943796992481203, 0.9447368421052632, 0.943984962406015, 0.943922305764411, 0.9422305764411028, 0.9430451127819549, 0.9459899749373434, 0.9430451127819549], "Valid": []}, "f1_val": {"Train": [0.7756611104148391, 0.7672451600776894, 0.7573934837092732, 0.7575358776712414, 0.7737326900181716, 0.8394009649727426, 0.846168306284855, 0.8761904761904762, 0.874490882887399, 0.8783055520741948, 0.8970486872611066, 0.8964912280701754, 0.9183532802807194, 0.9105833698853312, 0.9224888777492324, 0.9417737386399248, 0.941154352321865, 0.9444514106583073, 0.9441694341750736, 0.9461543283394972, 0.9450673347948637, 0.9436681496334357, 0.9438005137522713, 0.9447299160295776, 0.9439779420980072, 0.9439187919042547, 0.9422305764411028, 0.9430486811603284, 0.9459899749373434, 0.9430415439563883], "Valid": []}}