{"roc_val": {"Train": [0.7972706594179685, 0.8610283697966721, 0.8731534506692797, 0.8833690272046029, 0.884335784637031, 0.8869156836326403, 0.8747346357749008, 0.8808571397164588, 0.9161035263597591, 0.9257346059384048, 0.9253507908241784, 0.9251801731773042, 0.9536271757086954, 0.9506380770221294, 0.9528992123165054, 0.9637215375531561, 0.9652522283151488, 0.9686850271041011, 0.9690218104785774, 0.9697027656861452, 0.9706269668532232, 0.9710763987035256, 0.9714105517553281, 0.9715168796050275, 0.9715112734844633, 0.971670977255168, 0.9717319065206876, 0.9719346376593113, 0.9718471068020929, 0.9718436520499243], "Valid": []}, "eer_val": {"Train": [0.2878446115290291, 0.22192982456202587, 0.20012531328157795, 0.18571428571499238, 0.18709273182940303, 0.18145363408477405, 0.19398496240601498, 0.18270676691693397, 0.152005012531329, 0.14122807017596048, 0.1444862155400541, 0.1483709273182956, 0.10501253132739485, 0.11190476190476202, 0.10538847117794485, 0.08609022556369925, 0.08182957393483713, 0.07694235589100924, 0.0779448621549698, 0.0766917293233082, 0.07481203007518725, 0.07343358395989968, 0.07318295739348105, 0.07305764411027556, 0.07305764411027578, 0.07293233082628253, 0.07293233082706801, 0.0728070175438597, 0.07268170426091133, 0.07268170426070153], "Valid": []}, "thres": {"Train": [-0.0575903952122188, -0.01625995337964229, -0.011232789605852694, -0.0053940755315217215, -0.0054770528804490145, -0.006831460166713822, -0.017222031950950623, -0.025940014049403777, -0.02412753179669382, -0.02012944966555193, -0.028096044436104663, -0.05737734287977218, -0.09430607408277637, -0.19934605062007912, -0.2185867726802826, -0.22862784564476732, -0.31582716107368475, -0.3414078652870426, -0.36815458536106255, -0.3931890726089476, -0.4002373218536375, -0.40446290373802174, -0.4054487049579596, -0.4071624577045435, -0.40848729014396745, -0.4069749712941665, -0.4079460501670838, -0.40460747480392467, -0.40704154968324735, -0.4086989760399701], "Valid": []}, "acc_val": {"Train": [0.7120927318295739, 0.7780701754385965, 0.799937343358396, 0.8143483709273183, 0.8129699248120301, 0.818358395989975, 0.806077694235589, 0.8172932330827067, 0.8479323308270676, 0.8587719298245614, 0.8555137844611529, 0.8516290726817043, 0.8949874686716792, 0.8880325814536341, 0.8946741854636592, 0.9138471177944862, 0.9181077694235589, 0.9233082706766917, 0.9220551378446116, 0.9233709273182957, 0.925250626566416, 0.9266290726817042, 0.9268796992481203, 0.9270050125313283, 0.9268796992481203, 0.9270676691729324, 0.9270050125313283, 0.9272556390977443, 0.9272556390977443, 0.9272556390977443], "Valid": []}, "f1_val": {"Train": [0.712074691396704, 0.7780701754385965, 0.7999248073187543, 0.8143600025061086, 0.8129582054013409, 0.8183014728925102, 0.806065542953819, 0.8172703346283995, 0.8479228021805877, 0.8587719298245614, 0.8555137844611529, 0.8516290726817043, 0.894974307557338, 0.8880255655116236, 0.8946675856883264, 0.9138309205991102, 0.9181026380099003, 0.9233274868454023, 0.9220453690938714, 0.9233661256970989, 0.925245942728241, 0.9266244752177454, 0.9268751174885644, 0.927000438623974, 0.9268751174885644, 0.9270585286376738, 0.927000438623974, 0.9272510808947929, 0.9272510808947929, 0.9272510808947929], "Valid": []}}