{"optimizer_name": [{"best_val_loss": {"param": "Adam", "value": 0.11479867249727249}, "best_roc_val": {"param": "Adadelta", "value": 0.9349064894875209}, "best_eer_val": {"param": "Adadelta", "value": 0.14855717848200323}, "best_thres": {"param": "SGD", "value": -0.6273865699765013}, "best_acc_val": {"param": "Adadelta", "value": 0.8516278242305639}, "best_f1_val": {"param": "Adadelta", "value": 0.8514428215176345}}], "optimizer_lr": [{"best_val_loss": {"param": 0.0003, "value": 0.1440235823392868}, "best_roc_val": {"param": 0.0003, "value": 0.9323818335165233}, "best_eer_val": {"param": 0.0003, "value": 0.14606341289657607}, "best_thres": {"param": 0.0003, "value": -0.45430142341418983}, "best_acc_val": {"param": 0.0003, "value": 0.8539405799679772}, "best_f1_val": {"param": 0.0003, "value": 0.8537845057880676}}], "batch_size": [{"best_val_loss": {"param": 512, "value": 0.1117299273610115}, "best_roc_val": {"param": 512, "value": 0.9451437403040273}, "best_eer_val": {"param": 512, "value": 0.14001421464202282}, "best_thres": {"param": 64, "value": -0.544708913728186}, "best_acc_val": {"param": 512, "value": 0.859811421455257}, "best_f1_val": {"param": 512, "value": 0.8596366227288921}}], "contrastive_loss_margin": [{"best_val_loss": {"param": 0.5, "value": 0.034189678728580475}, "best_roc_val": {"param": 1.1, "value": 0.9424379198212205}, "best_eer_val": {"param": 1.1, "value": 0.1389383683648023}, "best_thres": {"param": 1.4, "value": -0.557246060888735}, "best_acc_val": {"param": 1.1, "value": 0.8612346557552037}, "best_f1_val": {"param": 1.1, "value": 0.8610616316351977}}], "filters_streams": [{"best_val_loss": {"param": 16, "value": 0.13124249875545502}, "best_roc_val": {"param": 16, "value": 0.9461831257980542}, "best_eer_val": {"param": 16, "value": 0.13397299218100847}, "best_thres": {"param": 64, "value": -0.4891370954061684}, "best_acc_val": {"param": 16, "value": 0.8660380715175235}, "best_f1_val": {"param": 16, "value": 0.8658471405665419}}, {"best_val_loss": {"param": 32, "value": 0.13351908326148987}, "best_roc_val": {"param": 32, "value": 0.9453266772149734}, "best_eer_val": {"param": 32, "value": 0.13145707160697467}, "best_thres": {"param": 32, "value": -0.45506119150877195}, "best_acc_val": {"param": 32, "value": 0.8688845401174168}, "best_f1_val": {"param": 32, "value": 0.8686976661321931}}, {"best_val_loss": {"param": 32, "value": 0.1387985795736313}, "best_roc_val": {"param": 32, "value": 0.932360944526692}, "best_eer_val": {"param": 32, "value": 0.15283220520128246}, "best_thres": {"param": 32, "value": -0.4826306098218967}, "best_acc_val": {"param": 32, "value": 0.8471802170432308}, "best_f1_val": {"param": 32, "value": 0.8470169189670526}}], "kernels_streams": [{"best_val_loss": {"param": 7, "value": 0.13516788184642792}, "best_roc_val": {"param": 7, "value": 0.9475168561487943}, "best_eer_val": {"param": 7, "value": 0.13894811656150452}, "best_thres": {"param": 7, "value": -0.49058189988284756}, "best_acc_val": {"param": 7, "value": 0.860878847180217}, "best_f1_val": {"param": 7, "value": 0.8607053794086214}}, {"best_val_loss": {"param": 7, "value": 0.12932339310646057}, "best_roc_val": {"param": 9, "value": 0.9441670217794939}, "best_eer_val": {"param": 9, "value": 0.13395083719273201}, "best_thres": {"param": 7, "value": -0.4642555229087149}, "best_acc_val": {"param": 9, "value": 0.8662159758050169}, "best_f1_val": {"param": 9, "value": 0.8660491628072675}}, {"best_val_loss": {"param": 5, "value": 0.13978715240955353}, "best_roc_val": {"param": 5, "value": 0.9353016078951774}, "best_eer_val": {"param": 5, "value": 0.148187633262216}, "best_thres": {"param": 5, "value": -0.4353684782981628}, "best_acc_val": {"param": 5, "value": 0.8518057285180572}, "best_f1_val": {"param": 5, "value": 0.8515945127382862}}], "dense_layers": [{"best_val_loss": {"param": 84, "value": 0.12137266993522644}, "best_roc_val": {"param": 84, "value": 0.956333529056838}, "best_eer_val": {"param": 84, "value": 0.12189054726470205}, "best_thres": {"param": 84, "value": -0.4882186353220171}, "best_acc_val": {"param": 84, "value": 0.8779576587795765}, "best_f1_val": {"param": 84, "value": 0.8778054862842892}}], "input_dropout_streams": [{"best_val_loss": {"param": 0.2, "value": 0.137412890791893}, "best_roc_val": {"param": 0.2, "value": 0.9380935796360454}, "best_eer_val": {"param": 0.2, "value": 0.14962593516209477}, "best_thres": {"param": 0.2, "value": -0.5067173197233766}, "best_acc_val": {"param": 0.2, "value": 0.8503824942181106}, "best_f1_val": {"param": 0.2, "value": 0.8502226179875335}}], "kernels_init_streams": [{"best_val_loss": {"param": "truncated_normal", "value": 0.1491086184978485}, "best_roc_val": {"param": "glorot_uniform", "value": 0.9190275656173812}, "best_eer_val": {"param": "normal", "value": 0.17022032693628045}, "best_thres": {"param": "normal", "value": -0.4421420693391306}, "best_acc_val": {"param": "normal", "value": 0.8299235011563779}, "best_f1_val": {"param": "normal", "value": 0.8297114356964731}}, {"best_val_loss": {"param": "lecun_normal", "value": 0.13543295860290527}, "best_roc_val": {"param": "lecun_normal", "value": 0.9403942170160953}, "best_eer_val": {"param": "lecun_normal", "value": 0.13290689410185513}, "best_thres": {"param": "lecun_normal", "value": -0.4703034758568773}, "best_acc_val": {"param": "lecun_normal", "value": 0.8669275929549902}, "best_f1_val": {"param": "lecun_normal", "value": 0.8667616672604205}}, {"best_val_loss": {"param": "he_normal", "value": 0.1405179649591446}, "best_roc_val": {"param": "he_normal", "value": 0.9329203263543852}, "best_eer_val": {"param": "he_normal", "value": 0.1524759529746764}, "best_thres": {"param": "glorot_uniform", "value": -0.45685949921629154}, "best_acc_val": {"param": "he_normal", "value": 0.8475360256182174}, "best_f1_val": {"param": "he_normal", "value": 0.847373107747106}}], "kernels_Max_Norm_constraint_streams": [{"best_val_loss": {"param": 4, "value": 0.14265720546245575}, "best_roc_val": {"param": 4, "value": 0.926384794435882}, "best_eer_val": {"param": 4, "value": 0.1517412935321563}, "best_thres": {"param": 4, "value": -0.48231723904604157}, "best_acc_val": {"param": 4, "value": 0.8484255470556841}, "best_f1_val": {"param": 4, "value": 0.8482365514784468}}, {"best_val_loss": {"param": 3, "value": 0.15193557739257812}, "best_roc_val": {"param": 3, "value": 0.9282653732204162}, "best_eer_val": {"param": 3, "value": 0.16702203269298452}, "best_thres": {"param": 5, "value": -0.42036429047590285}, "best_acc_val": {"param": 3, "value": 0.8329478740437645}, "best_f1_val": {"param": 3, "value": 0.8327097808658471}}, {"best_val_loss": {"param": 5, "value": 0.15637533366680145}, "best_roc_val": {"param": 5, "value": 0.921405365659868}, "best_eer_val": {"param": 5, "value": 0.1702885643036642}, "best_thres": {"param": 3, "value": -0.4167665616792634}, "best_acc_val": {"param": 5, "value": 0.8297455968688845}, "best_f1_val": {"param": 5, "value": 0.8295636687444347}}], "strides_streams": [{"best_val_loss": {"param": 2, "value": 0.14910681545734406}, "best_roc_val": {"param": 2, "value": 0.9238330460780732}, "best_eer_val": {"param": 2, "value": 0.16560056858563332}, "best_thres": {"param": 2, "value": -0.4432440400123529}, "best_acc_val": {"param": 2, "value": 0.8345490126312044}, "best_f1_val": {"param": 2, "value": 0.8343427146419665}}, {"best_val_loss": {"param": 3, "value": 0.14827364683151245}, "best_roc_val": {"param": 3, "value": 0.9155365723167965}, "best_eer_val": {"param": 3, "value": 0.19118692252989475}, "best_thres": {"param": 3, "value": -0.43148133158670976}, "best_acc_val": {"param": 3, "value": 0.808930795232165}, "best_f1_val": {"param": 3, "value": 0.8086925543284645}}, {"best_val_loss": {"param": 1, "value": 0.15264387428760529}, "best_roc_val": {"param": 1, "value": 0.920937072487833}, "best_eer_val": {"param": 1, "value": 0.17028856430353595}, "best_thres": {"param": 1, "value": -0.45308730798965696}, "best_acc_val": {"param": 1,