{"roc_val": {"Train": [0.8044007889397679, 0.7825908599820353, 0.7476080709292027, 0.7150366831866634, 0.6942275802287674, 0.7453234119132417, 0.868782121343459, 0.914175499839825, 0.9384979915327165, 0.952970136808186, 0.951586799077895, 0.9661938288704217, 0.9669670102574733, 0.9702113837224642, 0.9743039616585322, 0.9670911143774222, 0.9784705498081042, 0.9794099047744675, 0.980730931338371], "Valid": []}, "eer_val": {"Train": [0.28045112782095016, 0.2967418546365663, 0.331954887217742, 0.357142857143553, 0.3681704260651621, 0.3225563909774436, 0.21240601503759224, 0.16052631579065438, 0.12130325814559313, 0.10639097744360512, 0.11077694235519575, 0.08834586466240844, 0.08483709273186683, 0.07994987468613822, 0.07506265664152652, 0.08709273182959386, 0.06528822055137844, 0.062030075187896626, 0.060651629072216225], "Valid": []}, "thres": {"Train": [-0.22606335580349785, -0.12980616837739842, -0.053418736904833584, -0.014940032735469781, -0.002301106927916406, -0.0015975804417394102, -0.005484788678586471, -0.011204816401005784, -0.03546260297300554, -0.0657756775617596, -0.09107958525402512, -0.1376104056841282, -0.1857953071594337, -0.22043758630571772, -0.25435009598730257, -0.27983751893044917, -0.27883827686309814, -0.2923890948294914, -0.3014256507153218], "Valid": []}, "acc_val": {"Train": [0.7195488721804512, 0.7033208020050126, 0.6681077694235589, 0.6429197994987469, 0.6319548872180452, 0.6774436090225564, 0.78765664160401, 0.8394736842105263, 0.8787593984962406, 0.893671679197995, 0.8892857142857142, 0.9116541353383458, 0.9151002506265664, 0.9201127819548872, 0.925, 0.912844611528822, 0.9348370927318296, 0.9380325814536341, 0.9393483709273183], "Valid": []}, "f1_val": {"Train": [0.7195488721804512, 0.7033022119180399, 0.6680869728679742, 0.6429421715431365, 0.6319087604963027, 0.6774436090225564, 0.7876433360486247, 0.8394736842105263, 0.8787518014913215, 0.8936650166050505, 0.8892787768657184, 0.9116541353383458, 0.9150949307600726, 0.9201077761764521, 0.9249953004574222, 0.9128391503227018, 0.9348289259305678, 0.9380286985400088, 0.9393483709273183], "Valid": []}}