{"roc_val": {"Train": [0.8313395801533909, 0.7986255189979962, 0.7818097797752528, 0.7518088454218252, 0.7722289511372415, 0.8079999497490593, 0.8368890035238472, 0.8769697505040797, 0.8838706493677804, 0.8955628262385287, 0.9346629261122731, 0.9487363144703865, 0.9337716000527635, 0.9500557078787194, 0.948963354501542, 0.9540772199923366, 0.9514639983417189, 0.9564524720322108, 0.9499267042920584, 0.9562811163246462, 0.9561353964485146, 0.9591234665611397, 0.951947781420971, 0.9623829153083209, 0.9582040156782934, 0.9644445072581203, 0.9606032782457394, 0.9608533708959115, 0.9616150652320024, 0.9617738110941514], "Valid": []}, "eer_val": {"Train": [0.255764411027519, 0.27493734335839604, 0.29423558897240193, 0.3507518796992475, 0.2928571428583411, 0.25914786967430825, 0.23483709273185244, 0.20200501253132794, 0.19298245614035095, 0.1808270676703438, 0.13784461152984387, 0.11716791979893512, 0.1363408521301117, 0.11528822055289863, 0.11817042606441475, 0.10902255639106094, 0.1111528822050099, 0.1043859649122583, 0.11416040100250734, 0.1067669172932331, 0.10576441102699985, 0.10225563909774597, 0.11102756892230582, 0.0979949874688316, 0.10426065162778905, 0.09260651629242025, 0.09812030075194009, 0.09686716791954203, 0.09586466165441258, 0.09598997493666848], "Valid": []}, "thres": {"Train": [-0.03543035686016053, -0.007360184409966073, -0.0030581273604182338, -0.0007426110678352403, -0.00036272415309224985, -0.10177770256996801, -0.15515208244324571, -0.19733439385890938, -0.17410333454608917, -0.19088189303931566, -0.2231983393442129, -0.2688952088354879, -0.2065683603285713, -0.2647289037711179, -0.2759459912774716, -0.2747153043747035, -0.26962867379177324, -0.24927654117344683, -0.28863492608070385, -0.26970503727595013, -0.24384233355521667, -0.2644656300544754, -0.2873584479093552, -0.2724530398846159, -0.2500381469723714, -0.261830329895473, -0.2478911876678568, -0.23658928275099608, -0.242752224206945, -0.2393937110899416], "Valid": []}, "acc_val": {"Train": [0.7443609022556391, 0.7251253132832081, 0.7058270676691729, 0.6493107769423558, 0.7070802005012531, 0.7408521303258145, 0.7651002506265664, 0.7980576441102757, 0.8069548872180451, 0.8191729323308271, 0.862218045112782, 0.8828320802005013, 0.8636591478696742, 0.8847744360902255, 0.8817042606516291, 0.8909147869674185, 0.8887844611528822, 0.8956766917293233, 0.8857769423558898, 0.8932957393483709, 0.894235588972431, 0.8976817042606516, 0.8890350877192983, 0.9020050125313284, 0.8958020050125314, 0.9073308270676692, 0.9018170426065163, 0.9031328320802005, 0.9041979949874687, 0.9040100250626566], "Valid": []}, "f1_val": {"Train": [0.7443288632660734, 0.7251080894792907, 0.7058086346262297, 0.6492888025565512, 0.7070618459803246, 0.7408521303258144, 0.765085531674917, 0.7980449902876119, 0.8069427909016856, 0.8191729323308272, 0.8622266775264709, 0.8828173956636169, 0.8636420604085724, 0.8847816552847565, 0.8816746051642016, 0.8909079516260417, 0.8887635520461239, 0.8956701547716023, 0.8857697850742529, 0.893289053198822, 0.8942223336257678, 0.897675292938154, 0.8890281345948994, 0.9020050125313284, 0.8957954759070118, 0.9073250203646844, 0.9018108904066672, 0.9031206918160171, 0.9042039972432805, 0.9039979947361825], "Valid": []}}