{"roc_val": {"Train": [0.9095444124094698, 0.9214484284018315, 0.9640459858920484, 0.9685506058379031, 0.9854752168642157, 0.9841141073234464, 0.9886123830880459, 0.9907485427227215, 0.989294453238359, 0.9921330268025954, 0.9918783330506717, 0.9931000904516933, 0.9934921106023203, 0.9934424563916056, 0.9934986589280218, 0.9935282598727395, 0.9935757156048015, 0.9936159006538905, 0.9936238622872972, 0.9936322793198535, 0.9936229357855794, 0.9936215224778738, 0.9936420154396015, 0.9936392045276099, 0.993625997952274, 0.9936194025163159, 0.993613278182926, 0.9936319024377988, 0.9936148328214018, 0.9936207844171833], "Valid": []}, "eer_val": {"Train": [0.1680451127814044, 0.15526315789473066, 0.08922305764409393, 0.08421052631582997, 0.05927318295723063, 0.055764411027727556, 0.04774436090198426, 0.04197994987462332, 0.04448621553884713, 0.03696741854636687, 0.03997493734466797, 0.031077694235589613, 0.030701754387267882, 0.029824561403496493, 0.03007518796993139, 0.029699248120300746, 0.029573934837092773, 0.029573934837083773, 0.0291979949875874, 0.029323308270676626, 0.029448621553552223, 0.02944862155399903, 0.0293233082723276, 0.029448621553884637, 0.02944862155388227, 0.02919799498786933, 0.029197994987471197, 0.029573934836148875, 0.029699248120010145, 0.029323308270785563], "Valid": []}, "thres": {"Train": [-0.02747393026946241, -0.004131987225264304, -0.008107375353574659, -0.05568200498819557, -0.12946498394000636, -0.2650645077230258, -0.25069341063467926, -0.3051481544971182, -0.3814961612224579, -0.37767842411995134, -0.38623675704064453, -0.36236533522606024, -0.373481124642626, -0.3793799877166599, -0.3796914517879519, -0.378905306259791, -0.380278527736664, -0.37944898009300115, -0.3803088665009827, -0.38039213418960566, -0.37902614474290536, -0.38098424673136655, -0.3813017308725284, -0.3785469532012939, -0.3801500797271694, -0.380581974983218, -0.37981227040291454, -0.37975594401260643, -0.3806315362452449, -0.3792771995067622], "Valid": []}, "acc_val": {"Train": [0.8319548872180451, 0.8447994987468672, 0.9107769423558897, 0.9157894736842105, 0.9407894736842105, 0.9442982456140351, 0.9522556390977444, 0.9580827067669173, 0.9555764411027569, 0.96296992481203, 0.9600250626566416, 0.969047619047619, 0.9693609022556391, 0.9702380952380952, 0.9698621553884712, 0.9703007518796992, 0.9703634085213032, 0.9704887218045113, 0.9709273182957393, 0.9707393483709273, 0.9705513784461153, 0.9705513784461153, 0.9706140350877193, 0.9706140350877193, 0.9706140350877193, 0.9707393483709273, 0.9707393483709273, 0.9704260651629073, 0.9703634085213032, 0.9706140350877193], "Valid": []}, "f1_val": {"Train": [0.8319338262940218, 0.8447897737953506, 0.9107657601203157, 0.9157894736842105, 0.9407857635190175, 0.9443017354802331, 0.9522496553452815, 0.9580800802055267, 0.955573657497337, 0.9629676044864965, 0.9600250626566416, 0.9690437398170197, 0.9693628218783283, 0.9702362303402468, 0.9698602669340185, 0.9703007518796992, 0.9703615514756563, 0.9704868726110658, 0.9709309610324521, 0.970737514881885, 0.9705476876801604, 0.9705513784461153, 0.9706121937464754, 0.9706121937464754, 0.9706121937464754, 0.970737514881885, 0.970737514881885, 0.9704223586915653, 0.9703615514756563, 0.9706121937464754], "Valid": []}}