{"roc_val": {"Train": [0.8795541328257989], "Valid": []}, "eer_val": {"Train": [0.2144110275689214], "Valid": []}, "thres": {"Train": [-0.19742432236671392], "Valid": []}, "acc_val": {"Train": [0.7856516290726817], "Valid": []}, "f1_val": {"Train": [0.7856381978820729], "Valid": []}}