{"roc_val": {"Train": [0.9435007867412893, 0.9513307940904894, 0.9545477336825774, 0.9574273324288164, 0.9560610878700512, 0.960831621660668, 0.9670350845786144, 0.9696020518087197, 0.9645946162398478, 0.971738352774166, 0.9763911501812175, 0.974830724995446, 0.9777486636390476, 0.9800705083510782, 0.9815226192046531, 0.9813176110702823, 0.9842474607571562, 0.9831750742771718, 0.9835905553357076, 0.9842981985037783, 0.9873930283101237, 0.9894176701151376, 0.9883569826822696, 0.9871424488539645, 0.9895032066381492, 0.9891336580800373, 0.9889136060703135, 0.9903005163284151, 0.9906014723525606, 0.9900966231367894], "Valid": []}, "eer_val": {"Train": [0.11303258145363539, 0.10563909774436084, 0.10526315789473677, 0.09774436090238874, 0.09511278195330744, 0.0949874686721976, 0.08684210526315755, 0.09135338345862912, 0.102882205514363, 0.08646616541383881, 0.08320802005061302, 0.07543859649058732, 0.07180451127819718, 0.06741854636577013, 0.06265664160401055, 0.06290726817120922, 0.05639097744360898, 0.057142857142857176, 0.05601503759447176, 0.058521303256948654, 0.047619047619235626, 0.04411027568968037, 0.04949874686716794, 0.051253132832390996, 0.042481203007146764, 0.04348370927318267, 0.0453634085228589, 0.04122807017515735, 0.039598997494096747, 0.0417293233073864], "Valid": []}, "thres": {"Train": [-0.4350745181242631, -0.5082746744155884, -0.479643553495407, -0.4603505730630104, -0.4261566400510623, -0.48465517163307315, -0.4474921077489852, -0.42239227890967734, -0.3998610675337634, -0.3340962231163705, -0.3826939463620846, -0.3688416182992842, -0.4269034564495095, -0.40457013249392065, -0.41355359554290866, -0.4721674919134123, -0.36752411723136896, -0.37621131539344793, -0.39660078287138284, -0.4572356641290836, -0.3788119703533033, -0.4365442097187648, -0.470709373553594, -0.4194084703924974, -0.43561604618994365, -0.4186671972274778, -0.4461119174999631, -0.4300274550914453, -0.42573410272643264, -0.434183001517949], "Valid": []}, "acc_val": {"Train": [0.88703007518797, 0.8944235588972431, 0.8947994987468672, 0.9021929824561403, 0.9048872180451127, 0.9050751879699248, 0.9132205513784462, 0.9087092731829574, 0.8971177944862155, 0.9136591478696742, 0.9169799498746867, 0.9245614035087719, 0.9281328320802005, 0.9326441102756893, 0.9372807017543859, 0.937092731829574, 0.943671679197995, 0.9428571428571428, 0.9442355889724311, 0.9414786967418546, 0.9523809523809523, 0.9558897243107769, 0.9506265664160402, 0.9486842105263158, 0.9575814536340852, 0.9566416040100251, 0.9546365914786967, 0.9587092731829574, 0.9603383458646616, 0.9583333333333334], "Valid": []}, "f1_val": {"Train": [0.8870229964283476, 0.8944169434175074, 0.8947929068237358, 0.9021868538128955, 0.9048752976563479, 0.9050811352672138, 0.9132151137289305, 0.9087035528541888, 0.8971177944862155, 0.9136699661696528, 0.916995552214496, 0.9245519488657726, 0.9281283288426592, 0.9326398897174009, 0.9372767717275519, 0.937092731829574, 0.9436681496334357, 0.9428571428571428, 0.9442495615134052, 0.941471362326106, 0.9523809523809523, 0.9558897243107769, 0.9506203784935456, 0.9486809950498152, 0.9575787956638888, 0.9566361699461087, 0.9546365914786967, 0.9587015103089552, 0.9603358606428974, 0.9583307224763457], "Valid": []}}