{"roc_val": {"Train": [0.9315365010270037, 0.9478978225639285, 0.9440124983511411, 0.9380169565517804, 0.9341443913668884, 0.9348691905201599, 0.944085040294973, 0.9414192907079728, 0.9457190988121933, 0.943869400945974, 0.9440623488545927, 0.943553071274678, 0.9434692935345883, 0.9434620071481963, 0.943328873562352, 0.9433214694003178, 0.9434033705818431, 0.9432914287598697, 0.9432227655605179, 0.943250701942827, 0.9432983932261731, 0.9433406511265632, 0.9434637423759902, 0.943342535536837, 0.9434083799724877, 0.9434511639374126, 0.9434157291725555, 0.9434445527980353, 0.943404045828858, 0.9433563545455117], "Valid": []}, "eer_val": {"Train": [0.13157894736842227, 0.10488721804682015, 0.12167919799499245, 0.13909774436090216, 0.13458646616598288, 0.14260651628998114, 0.12192982456140385, 0.12493734335842091, 0.11541353383483614, 0.11929824561394398, 0.12067669172873617, 0.1211779448621554, 0.12117794486132763, 0.12117794486337978, 0.12130325814528256, 0.1213032581443015, 0.12117794486058871, 0.12142857142831376, 0.121428571428668, 0.12142857142827912, 0.12105263157819386, 0.12105263157849507, 0.12105263157969955, 0.12105263157999105, 0.12092731829589809, 0.12092731829682399, 0.1210526315790825, 0.12117794486193675, 0.12105263157807017, 0.12092731829574124], "Valid": []}, "thres": {"Train": [-0.07064319401979459, -0.036927781999363134, -0.03352136909961733, -0.08802752196788788, -0.1859439164400123, -0.26667416095713603, -0.28083342313766496, -0.31163299083711543, -0.32500100135821386, -0.33444246649738985, -0.3457103967661912, -0.3476159870624542, -0.35009834170333204, -0.3500246107579381, -0.3491578400134995, -0.34888958930928854, -0.3494135141357226, -0.34879830479611057, -0.348910719156336, -0.34984138607973175, -0.3496505618089959, -0.34893262386313706, -0.34963867068329546, -0.34923484921545384, -0.3491823077202616, -0.3489227294927844, -0.3476975858212799, -0.3485698401926723, -0.3492146432394409, -0.3484114408493046], "Valid": []}, "acc_val": {"Train": [0.8683583959899749, 0.8951127819548872, 0.8782581453634085, 0.8609649122807017, 0.8654135338345864, 0.8574561403508771, 0.8780075187969925, 0.875, 0.8845864661654136, 0.880764411027569, 0.8792606516290726, 0.8787593984962406, 0.8786340852130325, 0.8789473684210526, 0.8784461152882206, 0.8785087719298246, 0.8786967418546366, 0.8785714285714286, 0.8786967418546366, 0.8786340852130325, 0.8790100250626567, 0.8787593984962406, 0.8789473684210526, 0.8791353383458647, 0.8790100250626567, 0.8792606516290726, 0.8791353383458647, 0.8787593984962406, 0.8788847117794486, 0.8790100250626567], "Valid": []}, "f1_val": {"Train": [0.8683501472523342, 0.8951127819548872, 0.8782505169496837, 0.8609562002631744, 0.8654135338345864, 0.8574472084717089, 0.8779998746788645, 0.874992167429037, 0.8845864661654136, 0.8807569396578733, 0.8792379519959892, 0.8787518014913215, 0.8785960513945471, 0.8789625360230549, 0.8784004011533159, 0.8784706988404889, 0.8786663324141389, 0.8785562100513848, 0.8787119408595414, 0.878626480355912, 0.8790024437621404, 0.8787214039486054, 0.8789473684210526, 0.8791580529975569, 0.8790024437621404, 0.8792833427300633, 0.8791580529975569, 0.8787366046249294, 0.8788619414676946, 0.8790024437621404], "Valid": []}}