{"roc_val": {"Train": [0.9113467644675599, 0.9092610834730938, 0.9101679480656528, 0.9172403282642697, 0.9444191776433566, 0.954880402761289, 0.9570114509330971, 0.9599034553803052, 0.9685889064767181, 0.9704200821602879, 0.9719295418998624, 0.9767416269370168, 0.9746109399438445, 0.980894576667232, 0.9819280814819001, 0.9820182662169208, 0.9838460028517408, 0.9843937852149169, 0.9846251593897023, 0.9848239646735889, 0.9846606491165256, 0.9846886640159295, 0.9847237297504413, 0.9847009205344187, 0.9847201493709211, 0.9847010854203179, 0.9847147159879651, 0.9847165925465293, 0.9847310553953806, 0.9847048856477032], "Valid": []}, "eer_val": {"Train": [0.16441102756861029, 0.16817042606482926, 0.1679197994987319, 0.1596491228079253, 0.11253132832080538, 0.1093984962406017, 0.10087719298246066, 0.10050125313277923, 0.08784461152906624, 0.08345864661605623, 0.08558897243104696, 0.0716791979950558, 0.07756892230492383, 0.06466165413548687, 0.061528822054453036, 0.06253132832080205, 0.058395989974937945, 0.05626566416192412, 0.05626566416037779, 0.05626566416116803, 0.05639097744362506, 0.056641604009953064, 0.056516290726817076, 0.056390977442612886, 0.05614035087719863, 0.056265664160309536, 0.05601503759369912, 0.05639097744355131, 0.056390977443887366, 0.0566416040100245], "Valid": []}, "thres": {"Train": [-0.05688887462018796, -0.026721989735954542, -0.010253055207431125, -0.0017266485374450215, -0.002910976414568729, -0.007975749671459205, -0.01535262539982805, -0.05423150956630554, -0.10179171711209149, -0.20642279088492332, -0.19979855418204281, -0.3347260653973531, -0.32072940468732847, -0.30441054701823855, -0.3280607461924794, -0.3387136856714885, -0.35203903913497986, -0.38221764564568966, -0.3838213980197844, -0.4019823670394926, -0.40380766987801076, -0.4079779684543538, -0.4082882553339005, -0.40853509306804886, -0.40909758210183134, -0.4088676273821987, -0.4092443287367903, -0.4089434742927047, -0.4083906114109195, -0.40843561291694613], "Valid": []}, "acc_val": {"Train": [0.8356516290726818, 0.8318295739348371, 0.8320175438596491, 0.8404135338345865, 0.887468671679198, 0.8905388471177945, 0.8990601503759399, 0.8995614035087719, 0.9121553884711779, 0.9166040100250626, 0.9144736842105263, 0.9282581453634086, 0.9224310776942356, 0.9353383458646617, 0.9384711779448621, 0.937468671679198, 0.9415413533834587, 0.943734335839599, 0.943796992481203, 0.943984962406015, 0.943546365914787, 0.9434210526315789, 0.943546365914787, 0.943671679197995, 0.943796992481203, 0.943734335839599, 0.944047619047619, 0.943671679197995, 0.943609022556391, 0.9434210526315789], "Valid": []}, "f1_val": {"Train": [0.835641330910458, 0.8318084973054267, 0.8320280684167658, 0.8404235323601279, 0.887468671679198, 0.8905319882198133, 0.8990538254276583, 0.8995551099692963, 0.9121553884711779, 0.9165987843849865, 0.9144683250830253, 0.9282536499780688, 0.9224213560596566, 0.9353383458646617, 0.9384634665998245, 0.937468671679198, 0.9415376903314744, 0.943734335839599, 0.9437934707688451, 0.9439989977449261, 0.9435428284980262, 0.9434175073626166, 0.9435428284980262, 0.9436681496334357, 0.9437934707688451, 0.9437272841208172, 0.9440441130396641, 0.9436681496334357, 0.943609022556391, 0.9434175073626166], "Valid": []}}