{"roc_val": {"Train": [0.9441124270576191], "Valid": []}, "eer_val": {"Train": [0.11992481203165611], "Valid": []}, "thres": {"Train": [-0.5730664730073383], "Valid": []}, "acc_val": {"Train": [0.8800751879699248], "Valid": []}, "f1_val": {"Train": [0.8800751879699248], "Valid": []}}