{"roc_val": {"Train": [0.8535987289652703, 0.8649454698777017, 0.8748556227661888, 0.8882183921583406, 0.9325311163246461, 0.9425268685498207, 0.9720021545090798, 0.9607087895176537, 0.9809360336932558, 0.9824156569368283, 0.9819547380355651, 0.9834677231926935, 0.985883914045766, 0.9875317837199514, 0.9878374978800384, 0.988063344451354, 0.9885164666051092, 0.9888718663827489, 0.9890740321982902, 0.9890753669889009, 0.9893483238170614, 0.9894365456247134, 0.9895462183026488, 0.9895828936376027, 0.9895864347585756, 0.9896057499638822, 0.9896185561020346, 0.9896245626597823, 0.9896302944076983, 0.9896367642163051], "Valid": []}, "eer_val": {"Train": [0.23634085213165773, 0.22167919799492686, 0.21152882205515394, 0.196365914786967, 0.14122807017531092, 0.13383458646729768, 0.07819548872181956, 0.100877192981982, 0.06077694235586635, 0.05764411027488786, 0.06077694235588811, 0.057393483710149525, 0.050375939849873486, 0.047744360902255985, 0.04749373433582787, 0.04624060150286119, 0.04561403508775471, 0.04423558897213626, 0.0448621553884708, 0.04385964912280722, 0.04223057644110827, 0.04298245614035258, 0.04285714285603122, 0.04248120300811008, 0.04248120300871217, 0.04260651628974631, 0.04273182957393401, 0.04248120300887268, 0.04248120300795692, 0.042481203007784366], "Valid": []}, "thres": {"Train": [-0.08103001117714946, -0.0457156981740651, -0.026488333009184593, -0.012993848416954269, -0.0072557921521349536, -0.009093353524810393, -0.014646725729108644, -0.040318783372617524, -0.062012542039154045, -0.12823259830454767, -0.17709469050168886, -0.21841672062921108, -0.27726897597339295, -0.2963587343692781, -0.3439944684505342, -0.36750522255848556, -0.3828248381615062, -0.39223301410644423, -0.3892865777015674, -0.40665176510810885, -0.4039441198110691, -0.4069098234176711, -0.4051204919812557, -0.405841767788279, -0.40369540453002534, -0.4027242660520866, -0.40520069003105147, -0.40662571787882545, -0.40673860907597736, -0.40546843409609995], "Valid": []}, "acc_val": {"Train": [0.7636591478696741, 0.7784461152882205, 0.7884711779448621, 0.8036340852130326, 0.8587092731829574, 0.8661654135338346, 0.9217418546365915, 0.8991228070175439, 0.9391604010025063, 0.9424185463659148, 0.9392857142857143, 0.9425438596491228, 0.949812030075188, 0.9521929824561404, 0.9525689223057644, 0.9537593984962406, 0.9543233082706767, 0.9557644110275689, 0.9552005012531328, 0.956077694235589, 0.9577694235588973, 0.9569548872180451, 0.9572055137844612, 0.9575814536340852, 0.9575187969924812, 0.9572681704260652, 0.9573308270676691, 0.9575187969924812, 0.9576441102756892, 0.9577067669172933], "Valid": []}, "f1_val": {"Train": [0.7636591478696741, 0.7784183481639303, 0.7884711779448621, 0.8036340852130326, 0.8586827097825406, 0.8661654135338346, 0.9217369509367754, 0.899110164180975, 0.9391489628376262, 0.9424149382793409, 0.9392819098941037, 0.9425402594147503, 0.9498214621311784, 0.9521899868412808, 0.9525659502475092, 0.9537536032084222, 0.9543204461432421, 0.9557644110275689, 0.9551976940911084, 0.9560749420389749, 0.9577694235588973, 0.9569521899868413, 0.9572028322576601, 0.9575841112712236, 0.9575187969924812, 0.9572574580095261, 0.9573281533930698, 0.9575187969924812, 0.9576494173662448, 0.9577147152790829], "Valid": []}}