{"roc_val": {"Train": [0.8586102395713596], "Valid": []}, "eer_val": {"Train": [0.22731829573934778], "Valid": []}, "thres": {"Train": [-0.1573369055986404], "Valid": []}, "acc_val": {"Train": [0.7726190476190476], "Valid": []}, "f1_val": {"Train": [0.7726332936532798], "Valid": []}}