{"roc_val": {"Train": [0.942044647960754], "Valid": []}, "eer_val": {"Train": [0.11917293233087621], "Valid": []}, "thres": {"Train": [-0.36593547463418497], "Valid": []}, "acc_val": {"Train": [0.880764411027569], "Valid": []}, "f1_val": {"Train": [0.8807569396578733], "Valid": []}}