{"roc_val": {"Train": [0.9464840594594255], "Valid": []}, "eer_val": {"Train": [0.1176691729325521], "Valid": []}, "thres": {"Train": [-0.37197113037125656], "Valid": []}, "acc_val": {"Train": [0.8823934837092732], "Valid": []}, "f1_val": {"Train": [0.8824008520769375], "Valid": []}}