{"roc_val": {"Train": [0.9177151682464305, 0.8814727608494921, 0.7450968429846547, 0.8129347491535858, 0.9702979017091601, 0.9697234470889002, 0.9693106670184233, 0.9680094346141043, 0.9785871869523433, 0.977960235802539, 0.9733697103033271, 0.976256242109032, 0.9783031356586956, 0.981167062392824, 0.9785939943844575, 0.9807800516328415, 0.9810065184892055, 0.9841433313861092, 0.9837555982688551, 0.9833370393402052, 0.9845039604022586, 0.9869668375198648, 0.9865967628972179, 0.9861270343779249, 0.9858117568356981, 0.9866125055747137, 0.9864429400569092, 0.9863743632263616, 0.9866057845114038, 0.9867210947167417], "Valid": []}, "eer_val": {"Train": [0.14761904761904712, 0.20162907268170435, 0.32832080200495556, 0.2818295739347627, 0.09411027568922284, 0.09310776942355888, 0.08107769423525299, 0.08646616541353395, 0.06616541353385191, 0.0708020050120561, 0.07105263158027453, 0.0715538847117911, 0.06503759398536105, 0.05902255639098817, 0.07092731829563802, 0.06528822055183897, 0.06340852130325815, 0.05827067669180533, 0.05802005012515212, 0.06040100250626564, 0.05488721804512971, 0.04887218045112811, 0.05288220551378364, 0.05313283208001515, 0.05513784461200661, 0.053132832080212584, 0.05363408521386918, 0.05413533834586513, 0.053759398496283424, 0.05401002506099571], "Valid": []}, "thres": {"Train": [-0.09438701719045639, -0.03501003980636598, -0.017034687101838097, -0.010588906705379033, -0.32328115403652163, -0.3175230920314788, -0.2737824320792272, -0.2975899875164034, -0.3087066411972142, -0.3656254708763996, -0.3038330674172811, -0.39778047800066174, -0.3572673797609491, -0.34851543977858407, -0.40152975916855227, -0.3392669856548325, -0.347771093249321, -0.3551256656647032, -0.3350884318350084, -0.36725476384162903, -0.3530230522155896, -0.34433218836784385, -0.3521282374858854, -0.3465750217436679, -0.35169979929935236, -0.3462371826172004, -0.3475078642368697, -0.34736493229866044, -0.3463602662087436, -0.34822794794901973], "Valid": []}, "acc_val": {"Train": [0.8524436090225563, 0.7984335839598997, 0.6717418546365915, 0.7181704260651629, 0.905952380952381, 0.9069548872180451, 0.918859649122807, 0.9134711779448621, 0.9337719298245614, 0.9291979949874687, 0.9289473684210526, 0.9284461152882205, 0.9349624060150376, 0.9409147869674186, 0.9291353383458647, 0.9347117794486216, 0.9367167919799498, 0.9416666666666667, 0.9420426065162907, 0.9396616541353383, 0.9450501253132833, 0.9512531328320802, 0.9471804511278196, 0.9468671679197995, 0.9448621553884712, 0.9468045112781955, 0.9463659147869674, 0.9458020050125313, 0.9462406015037594, 0.9459899749373434], "Valid": []}, "f1_val": {"Train": [0.8524343630553293, 0.7984209536938406, 0.6717212857948492, 0.7181351046497055, 0.9059464878751802, 0.906949056958456, 0.9188443943097074, 0.9134657559997493, 0.9337677799360862, 0.9291979949874687, 0.9289473684210526, 0.9284461152882205, 0.9349624060150376, 0.9409184888164902, 0.9291308979259353, 0.9347117794486216, 0.9367088607594937, 0.9416630114668839, 0.9420389748731123, 0.939657873300332, 0.9450535680721759, 0.9512470234365208, 0.9471771414249013, 0.9468605088356936, 0.9448621553884712, 0.9468011780186728, 0.9463659147869674, 0.945798608935397, 0.9462406015037595, 0.9459832059155282], "Valid": []}}