{"roc_val": {"Train": [0.9219128805723581, 0.9572689870038504, 0.9637149499689074, 0.9664998963574349, 0.9702640529896169, 0.9691838305035773, 0.9681118758676138, 0.9689722583400857, 0.9663539487817288, 0.9784215080307285, 0.9769582163428621, 0.9770679832413113, 0.9786669995791485, 0.9769021708406354, 0.9770293999409552, 0.9773535970251443, 0.9774854272272161, 0.9775633318886188, 0.9774854429306349, 0.9773499067216914, 0.9774964824341554, 0.9774726603476109, 0.9775343119704023, 0.9772765089415267, 0.9773532829567653, 0.9775899805905742, 0.9773828681980642, 0.9774846734631063, 0.9774193001300244, 0.977445556246506], "Valid": []}, "eer_val": {"Train": [0.15626566416085078, 0.10614035087719334, 0.07944862155378463, 0.09285714285714289, 0.0736842105256048, 0.07318295739204633, 0.08922305764340026, 0.0765664160401001, 0.08182957393413831, 0.06177944862155396, 0.0610275689234013, 0.06052631578947343, 0.05814536340852005, 0.06140350877111988, 0.059774436091446635, 0.059273182956906256, 0.05864661654088735, 0.059022556390658315, 0.05802005012578866, 0.058897243107971904, 0.05839598997510934, 0.05852130325839077, 0.058521303257278834, 0.05902255639038182, 0.05927318295739346, 0.05852130325815965, 0.05889724310928868, 0.05864661654261806, 0.058897243107720335, 0.058521303258936036], "Valid": []}, "thres": {"Train": [-0.0053360364399853396, -0.23483663797378582, -0.3476470921719699, -0.21532660722732547, -0.3779911100860227, -0.34566646814340196, -0.17313049733625055, -0.22391393780708302, -0.23664443194774487, -0.2874962240457536, -0.28443408012396704, -0.3079585582017898, -0.3141989707946772, -0.30914723873030114, -0.30394119024407107, -0.3038201928136787, -0.30352354049607183, -0.3043580651278382, -0.3047142922897724, -0.3029973804958582, -0.3034045696260026, -0.3038677275182736, -0.30282303690624773, -0.30301734804965874, -0.3030670583248138, -0.3050013184547455, -0.3026883006119238, -0.302971571690318, -0.3042726218700188, -0.304134637118597], "Valid": []}, "acc_val": {"Train": [0.843734335839599, 0.893796992481203, 0.9205513784461153, 0.9070802005012532, 0.9262531328320802, 0.9268170426065163, 0.9108395989974938, 0.9234962406015037, 0.9179824561403509, 0.9382832080200502, 0.9389724310776942, 0.9394736842105263, 0.9418546365914787, 0.9384085213032581, 0.9402882205513784, 0.9406641604010025, 0.9412907268170426, 0.9409774436090226, 0.9419799498746867, 0.9411027568922306, 0.9417919799498747, 0.9416040100250627, 0.9414786967418546, 0.9409774436090226, 0.9407894736842105, 0.9414160401002506, 0.9411027568922306, 0.9412907268170426, 0.9411027568922306, 0.9415413533834587], "Valid": []}, "f1_val": {"Train": [0.843734335839599, 0.8937903377404599, 0.9205513784461153, 0.9070743780938655, 0.9262392680328384, 0.9268078706604838, 0.9108340121561501, 0.9234914468325083, 0.9179567533688499, 0.9382793408108276, 0.9389724310776942, 0.9394736842105263, 0.9418546365914787, 0.938389219680351, 0.9402919616565378, 0.9406530049508053, 0.94127968916463, 0.9409700463717258, 0.9419799498746867, 0.9411027568922306, 0.9418029192507674, 0.9416113269013908, 0.941471362326106, 0.9409700463717258, 0.9407857635190175, 0.941412369196065, 0.9411027568922306, 0.9412870480606554, 0.9411027568922306, 0.9415450159764426], "Valid": []}}