{"roc_val": {"Train": [0.7517870883348723, 0.7743502788927206, 0.7827522047600205, 0.7869246345814411, 0.7655615307064654, 0.7579292608086632, 0.7507633981570466, 0.7454542999101764, 0.7639033831445783, 0.7767359108925196, 0.790085175344376, 0.7920059390330463, 0.8103383144578238, 0.809898398879404, 0.8078364064924215, 0.821098493413986, 0.8150164650347673, 0.8227832425675718, 0.8283920013065246, 0.8283872902808399, 0.8395400782658399, 0.8381167203723594, 0.8387355921131149, 0.8403229329589639, 0.8392251776056684, 0.83939150036746, 0.8393238578903399, 0.8392613896897632, 0.8392037031802564, 0.8392304146958875], "Valid": []}, "eer_val": {"Train": [0.3236842105263343, 0.3038847117794479, 0.29248120300678987, 0.28796992481203004, 0.3018796992480028, 0.31240601503889043, 0.3192982456143801, 0.32255639097846517, 0.30438596491243974, 0.2949874686723985, 0.28634085213072114, 0.28383458646632637, 0.26578947368465977, 0.26817042606509606, 0.268546365914787, 0.2567669172929303, 0.2604010025064213, 0.25488721804379916, 0.24887218045112766, 0.246365914786967, 0.23721804511278177, 0.23508771929824665, 0.23471177944891908, 0.23245614035087758, 0.23483709273104536, 0.2345864661654135, 0.23471177944862032, 0.2348370927317938, 0.23483709273182946, 0.23458646616569478], "Valid": []}, "thres": {"Train": [-0.2279864549636844, -0.1994805037975311, -0.15145045518873673, -0.0891551300883293, -0.03266517072915451, -0.013166791759443599, -0.02097175829113581, -0.036735512316296993, -0.05942552909255644, -0.08795359730722457, -0.11839348822840288, -0.1382125616073751, -0.1654440611600895, -0.19426065683362329, -0.2133350521326065, -0.21225631237020526, -0.20769415795803597, -0.20878861844537144, -0.224047377705574, -0.19857541471719736, -0.2135186046361923, -0.19411024451255823, -0.19521132963046764, -0.19879323740800225, -0.19937385618678852, -0.20219817260901132, -0.20414966344833363, -0.20529203116893077, -0.2061902731657028, -0.20623185237253452], "Valid": []}, "acc_val": {"Train": [0.6762531328320802, 0.6961779448621553, 0.7073934837092731, 0.7120927318295739, 0.6981203007518797, 0.6876566416040101, 0.6806390977443609, 0.6775062656641604, 0.6955513784461153, 0.7050125313283208, 0.7136591478696742, 0.7162280701754385, 0.7341478696741854, 0.7318922305764411, 0.731453634085213, 0.7432957393483709, 0.7395989974937344, 0.7451754385964913, 0.7511904761904762, 0.7536967418546366, 0.7628446115288221, 0.7648496240601503, 0.7652882205513785, 0.7676065162907268, 0.7651629072681704, 0.7655388471177945, 0.7653508771929824, 0.7652255639097745, 0.7652255639097745, 0.7654135338345864], "Valid": []}, "f1_val": {"Train": [0.6762328466695908, 0.6961589071996992, 0.7073201303584858, 0.712074691396704, 0.6980824664744956, 0.6876762107637366, 0.6806190864089229, 0.677526470772508, 0.6955323015226517, 0.7050125313283208, 0.7136591478696742, 0.7162102888652171, 0.7341312112287737, 0.7318754307914028, 0.7314199774407821, 0.7432796541136663, 0.7395989974937343, 0.7451594711448085, 0.7511748856444641, 0.7536813083526537, 0.7628297512375461, 0.7648348894040979, 0.7652882205513785, 0.7675919543831067, 0.7651334753728537, 0.7655094623386389, 0.7653361739457358, 0.7652108528103264, 0.7652108528103264, 0.7654135338345864], "Valid": []}}