{"roc_val": {"Train": [0.8110223867940527, 0.8309589528332109, 0.8483311898166469, 0.8597658541717702, 0.807134078931665, 0.795501747790529, 0.8062513661974485, 0.8207386260136557, 0.834541365946194, 0.842586502283277, 0.8503487572314243, 0.8608534808198441, 0.866848386630737, 0.8664611089126324, 0.8724788160878386, 0.8721771848166783, 0.877717374576793, 0.8753462682395212, 0.875759943404878, 0.8758301769461247, 0.8759031742891062, 0.8758475763343194, 0.8758189490015766, 0.8758139788694794, 0.8757897720491707, 0.8757933210218529, 0.8758400858034813, 0.8758697103033273, 0.8758765334388603, 0.8758475606309005], "Valid": []}, "eer_val": {"Train": [0.27769423558898004, 0.25664160401002506, 0.23320802004973537, 0.21854636591475987, 0.2733082706766792, 0.28897243107768994, 0.27581453634001885, 0.2596491228070175, 0.24724310776949848, 0.23671679197998285, 0.23208020050125, 0.2203007518796983, 0.20989974937333147, 0.21491228070175436, 0.20501253132760228, 0.20639097744359888, 0.1991228070175446, 0.20338345864661658, 0.20288220551345748, 0.2018796992496189, 0.20137844611468272, 0.20162907268170516, 0.2018796992480962, 0.20175438596502934, 0.20200501253048467, 0.2021303258131516, 0.2020050125331104, 0.20187969924812052, 0.2018796992488769, 0.2018796992480003], "Valid": []}, "thres": {"Train": [-0.17924599349498838, -0.15184281021356583, -0.09791857004164177, -0.03958583250641716, -0.008527252450585186, -0.012732966803014278, -0.016017558053126466, -0.03047696128487587, -0.05505527183413757, -0.07710197567939864, -0.11259228736162166, -0.12710824608802787, -0.15397037565707236, -0.18393369019031525, -0.19275574386114913, -0.1766860634088507, -0.1832967400550844, -0.19590925425291061, -0.1980521678923575, -0.20009100437213329, -0.20264047384258616, -0.20390243828296675, -0.20451660454272974, -0.20466525852685008, -0.20509961247429334, -0.2051569223402378, -0.2050807178024531, -0.20501260459423065, -0.20519647002257174, -0.20520034432401965], "Valid": []}, "acc_val": {"Train": [0.7222431077694236, 0.7433583959899749, 0.7667919799498747, 0.781516290726817, 0.7268796992481203, 0.7110902255639098, 0.7241228070175438, 0.7401629072681705, 0.7527568922305764, 0.7632832080200501, 0.7679824561403509, 0.7797619047619048, 0.7901629072681704, 0.7850250626566416, 0.7949874686716792, 0.793671679197995, 0.8010025062656642, 0.7966791979949874, 0.7971804511278195, 0.7982456140350878, 0.7986215538847118, 0.7984335839598997, 0.7980576441102757, 0.7982456140350878, 0.7979949874686717, 0.7979323308270677, 0.7979323308270677, 0.7980576441102757, 0.7981203007518797, 0.7981829573934837], "Valid": []}, "f1_val": {"Train": [0.7222257033648726, 0.7433583959899749, 0.7667627522245896, 0.7815026004135598, 0.7268283511938335, 0.7110721223134281, 0.724070940653005, 0.7400814791601379, 0.7527568922305764, 0.7632832080200501, 0.7679679177893352, 0.7797481045178271, 0.7901497587568144, 0.785038531420337, 0.7949617746584785, 0.7936587505482798, 0.8009775661110414, 0.7966664577981076, 0.7971677423397456, 0.7982708933717579, 0.7985963153277353, 0.7984209536938406, 0.7980196778843142, 0.7982456140350878, 0.79796967038476, 0.7979196691522025, 0.7979196691522025, 0.7980449902876119, 0.7981203007518797, 0.7981703114230214], "Valid": []}}