{"roc_val": {"Train": [0.6136156572508967, 0.6441857855792363, 0.6494020766201216, 0.6479531692640121, 0.6748490194785208, 0.669389930025565, 0.7543876844366556, 0.7923317771245156, 0.7901225887400205, 0.83004181035295, 0.8166589876948009, 0.8178046777344363, 0.8186369589387001, 0.8333045175595631, 0.8274299391963619, 0.8202283512666376, 0.8352110460989566, 0.8383672527182618, 0.8533540304395073, 0.8537919438320111, 0.8577271656585074, 0.8572340783035282, 0.8590924837155545, 0.8607903687790905, 0.8609070294784581, 0.8621839843970831, 0.8632310491140133, 0.8636111111111112, 0.8632741628507358, 0.8634473715617365], "Valid": []}, "eer_val": {"Train": [0.4279448621559244, 0.4055137844612008, 0.3977443609017791, 0.4046365914773034, 0.3840852130325815, 0.3909774436084139, 0.3135338345864662, 0.285714285714195, 0.28646616541353387, 0.24147869674294947, 0.25288220551378443, 0.25739348370927284, 0.25526315789490245, 0.24122807017509548, 0.2501253132839175, 0.2566416040098316, 0.23583959899808404, 0.23558897243168744, 0.2226817042606514, 0.22380952381030722, 0.22092731829573298, 0.21817042606599518, 0.21804511278195482, 0.2175438596478768, 0.21679197995134356, 0.21666666666756443, 0.2156641604010023, 0.2147869674185442, 0.21541353383378598, 0.21453634085264603], "Valid": []}, "thres": {"Train": [-0.27748078107844737, -0.008511872651676586, -0.0005289079854264088, -0.0003106445947186863, -5.667052391800098e-05, -1.5484049072207262e-05, -0.0013025777880102396, -0.007269612979143191, -0.02149370312690735, -0.03252676129352719, -0.07021655887365341, -0.11318826675415036, -0.16170614957815468, -0.18643866479382068, -0.16269291937357513, -0.17215865850445938, -0.22182565927541584, -0.1891320198775336, -0.20866125822067233, -0.2241397202016369, -0.2441453188657745, -0.23759740591068412, -0.2376469075679779, -0.25365751981717927, -0.26380261778930447, -0.2669578790666509, -0.2674802541732788, -0.2717165052890772, -0.2733693122849792, -0.2729555070401489], "Valid": []}, "acc_val": {"Train": [0.5721177944862156, 0.5945488721804512, 0.6022556390977444, 0.5954260651629073, 0.6157894736842106, 0.6088972431077694, 0.6864035087719298, 0.7142230576441103, 0.7135338345864661, 0.7585213032581454, 0.7471804511278195, 0.7426691729323308, 0.7446741854636592, 0.7586466165413533, 0.749874686716792, 0.7433583959899749, 0.7642857142857142, 0.7643483709273183, 0.7773809523809524, 0.7761278195488722, 0.7791353383458647, 0.7818922305764411, 0.7820175438596492, 0.7823934837092732, 0.7832080200501254, 0.7833959899749373, 0.7843984962406015, 0.7851503759398496, 0.7845238095238095, 0.7854010025062657], "Valid": []}, "f1_val": {"Train": [0.5721446024685171, 0.5945234663826053, 0.602205790199273, 0.5954007143304718, 0.6156931561794937, 0.6087991977939333, 0.6863838586377593, 0.7141693300745753, 0.7135338345864661, 0.7585213032581454, 0.7471646093113603, 0.7426530484366187, 0.7446581866031707, 0.7585861118074706, 0.7498746867167919, 0.7433262313573129, 0.7643152487156998, 0.76433360486246, 0.7773670029450468, 0.7761137915909517, 0.7791214988407796, 0.7819058956205751, 0.7820038849551977, 0.7823525725386977, 0.7832080200501254, 0.7834095608044608, 0.784384986527978, 0.7851099830795264, 0.7844832988657016, 0.785387555611254], "Valid": []}}