{"roc_val": {"Train": [0.9458697809687125], "Valid": []}, "eer_val": {"Train": [0.11265664160401002], "Valid": []}, "thres": {"Train": [-0.3912738226354122], "Valid": []}, "acc_val": {"Train": [0.8872180451127819], "Valid": []}, "f1_val": {"Train": [0.8872321764189951], "Valid": []}}