{"roc_val": {"Train": [0.9458700714819631], "Valid": []}, "eer_val": {"Train": [0.11265664160401002], "Valid": []}, "thres": {"Train": [-0.3912738896906376], "Valid": []}, "acc_val": {"Train": [0.887280701754386], "Valid": []}, "f1_val": {"Train": [0.8872877639245661], "Valid": []}}