{"('', 'cut_off_freq')":{"0":24},"('', 'EMA_span')":{"0":30},"('Window Size', 125)":{"0":0.2034849984},"('Window Size', 250)":{"0":0.1639986693},"('Window Size', 500)":{"0":0.1367202142},"('Window Size', 750)":{"0":0.1365252525},"('Window Size', 1000)":{"0":0.1427371274},"('Window Size', 1250)":{"0":0.1218055556},"('Window Size', 1500)":{"0":0.1317283951},"('Window Size', 1750)":{"0":0.1215458937},"('Window Size', 2000)":{"0":0.1316111111},"('', 'mean')":{"0":0.1433508019},"('', 'var')":{"0":0.0006682422}}