{"('', 'cut_off_freq')":{"0":41},"('Window Size', 125)":{"0":0.2273128915},"('Window Size', 250)":{"0":0.1718363273},"('Window Size', 500)":{"0":0.1412583668},"('Window Size', 750)":{"0":0.1393333333},"('Window Size', 1000)":{"0":0.13100271},"('Window Size', 1250)":{"0":0.1257986111},"('Window Size', 1500)":{"0":0.1152674897},"('Window Size', 1750)":{"0":0.1110144928},"('Window Size', 2000)":{"0":0.093},"('', 'mean')":{"0":0.1395360247},"('', 'var')":{"0":0.0015725838}}