{"('', 'cut_off_freq')":{"0":34},"('', 'SMA_winsize')":{"0":46},"('Window Size', 125)":{"0":0.1971447412},"('Window Size', 250)":{"0":0.1541184298},"('Window Size', 500)":{"0":0.1442971888},"('Window Size', 750)":{"0":0.1475151515},"('Window Size', 1000)":{"0":0.139295393},"('Window Size', 1250)":{"0":0.1506597222},"('Window Size', 1500)":{"0":0.1436213992},"('Window Size', 1750)":{"0":0.1566183575},"('Window Size', 2000)":{"0":0.1509444444},"('', 'mean')":{"0":0.1538016475},"('', 'var')":{"0":0.0002935771}}