{"window_size":{"0":125,"1":250,"2":500,"3":750,"4":1000,"5":1250,"6":1500,"7":1750,"8":2000},"step_width":{"0":62,"1":125,"2":250,"3":375,"4":500,"5":625,"6":750,"7":875,"8":1000},"Mean_EER":{"0":0.2911935378,"1":0.2207318696,"2":0.1755957162,"3":0.1646060606,"4":0.1541463415,"5":0.1575694444,"6":0.1286419753,"7":0.1158937198,"8":0.1173333333},"median_nu":{"0":0.0480112245,"1":0.0347591837,"2":0.0357785714,"3":0.0347591837,"4":0.0337397959,"5":0.0367979592,"6":0.0347591837,"7":0.0398561224,"8":0.0327204082},"median_gamma":{"0":0.6551285569,"1":0.372759372,"2":0.2120950888,"3":0.1206792641,"4":0.0686648845,"5":0.0390693994,"6":0.0686648845,"7":0.0538671419,"8":0.0686648845},"cut_off_freq":{"0":16,"1":16,"2":16,"3":16,"4":16,"5":16,"6":16,"7":16,"8":16},"EMA_span":{"0":2,"1":2,"2":2,"3":2,"4":2,"5":2,"6":2,"7":2,"8":2}}