{"('', 'cut_off_freq')":{"0":-99999},"('Window Size', 125)":{"0":0.2318793274},"('Window Size', 250)":{"0":0.1784231537},"('Window Size', 500)":{"0":0.1523159304},"('Window Size', 750)":{"0":0.146989899},"('Window Size', 1000)":{"0":0.1335230352},"('Window Size', 1250)":{"0":0.1282291667},"('Window Size', 1500)":{"0":0.1372427984},"('Window Size', 1750)":{"0":0.1088888889},"('Window Size', 2000)":{"0":0.1066111111},"('', 'mean')":{"0":0.1471225901},"('', 'var')":{"0":0.0014916167}}