{"('', 'SMA_winsize')":{"0":1},"('Window Size', 125)":{"0":0.397187603},"('Window Size', 250)":{"0":0.3573253493},"('Window Size', 500)":{"0":0.2989959839},"('Window Size', 750)":{"0":0.2531919192},"('Window Size', 1000)":{"0":0.2420325203},"('Window Size', 1250)":{"0":0.2213888889},"('Window Size', 1500)":{"0":0.2135802469},"('Window Size', 1750)":{"0":0.1828019324},"('Window Size', 2000)":{"0":0.1845},"('', 'mean')":{"0":0.261222716},"('', 'var')":{"0":0.0056843096}}