{"roc_val": {"Train": [0.8987211214125539, 0.883802889115018, 0.8901004233641749, 0.9177868543539299, 0.9578964720698989, 0.9775190639506034, 0.9683031042518576, 0.9842320714065865, 0.9739904507509374, 0.9841410622420713, 0.9836612207209755, 0.9849170545411148, 0.9901105520693965, 0.989336773952425, 0.9862493247529853, 0.9931263779750128, 0.9936881756396004, 0.9939634644254747, 0.9942507270682973, 0.9947675422893071, 0.9946935634826415, 0.9947283151487741, 0.9948177853782326, 0.9947864806125589, 0.9947639305029491, 0.9947945207630606, 0.994766395939724, 0.9947455417993606, 0.9947347378471241, 0.9947597848003468], "Valid": []}, "eer_val": {"Train": [0.1810776942355889, 0.2017543859650168, 0.19360902255638743, 0.16315789473640252, 0.10914786967407974, 0.07305764411027388, 0.09047619047548372, 0.05864661654254674, 0.07543859649123327, 0.05714285714333485, 0.05726817042769985, 0.049749373432053254, 0.04035087719289244, 0.042731829574808894, 0.055012531328321686, 0.03233082706766941, 0.03107769423558966, 0.032080200501125575, 0.029197994986220402, 0.026566416040229513, 0.02781954887218025, 0.026691729324075826, 0.02619047618977371, 0.026691729323455173, 0.026691729323307375, 0.026441102756396842, 0.026190476190244304, 0.026566416039730582, 0.02644110275822288, 0.02644110275683241], "Valid": []}, "thres": {"Train": [-0.0448584072291851, -0.025420337915422715, -0.011005565058439946, -0.002383203012867807, -0.0017220103181893665, -0.007786259520798919, -0.01979146897792584, -0.03629015758648436, -0.10076686739921654, -0.1552381217480172, -0.21958012878969327, -0.31842944025517805, -0.35557231307015646, -0.37623411417087915, -0.366333700716496, -0.3236031532287602, -0.340318083763123, -0.34379759430882134, -0.3711865842337544, -0.37740999460229485, -0.38115966320037825, -0.3873346149934937, -0.39133816957373535, -0.3900240063671627, -0.3905989825725539, -0.390075027942517, -0.39173032343370595, -0.3919130861753811, -0.3920567333702796, -0.39205875992772027], "Valid": []}, "acc_val": {"Train": [0.818984962406015, 0.7981829573934837, 0.806390977443609, 0.8367794486215538, 0.8908521303258146, 0.9270050125313283, 0.9095238095238095, 0.9412907268170426, 0.9246240601503759, 0.9429197994987468, 0.9426691729323309, 0.95031328320802, 0.9597117794486215, 0.9572681704260652, 0.9451127819548872, 0.9676065162907268, 0.968859649122807, 0.9679824561403508, 0.9708020050125313, 0.9734335839598998, 0.9722431077694236, 0.9733082706766917, 0.9738095238095238, 0.9733082706766917, 0.9733709273182958, 0.9735588972431077, 0.9738095238095238, 0.9734335839598998, 0.9736215538847118, 0.9736215538847118], "Valid": []}, "f1_val": {"Train": [0.8189736199009963, 0.7981703114230214, 0.806390977443609, 0.8367487622986778, 0.890838450933701, 0.927000438623974, 0.9095124702343653, 0.9412870480606554, 0.9246287826577282, 0.9429233757283378, 0.9426655805501597, 0.9503101698101385, 0.9597092549658501, 0.9572681704260652, 0.9451059029953629, 0.9676044864966477, 0.9688576978507425, 0.9679804499028761, 0.9707983456573506, 0.9734335839598998, 0.9722413685067987, 0.9733082706766917, 0.973806241383632, 0.9733082706766917, 0.9733692587254841, 0.9735555834064419, 0.9738095238095238, 0.9734302544178467, 0.9736232065660047, 0.973619900996303], "Valid": []}}