{"optimizer_name": [{"best_val_loss": {"param": "Adamax", "value": 0.08245853334665298}, "best_roc_val": {"param": "Adamax", "value": 0.9554116491007344}, "best_eer_val": {"param": "Adamax", "value": 0.1035525321224763}, "best_thres": {"param": "Nadam", "value": -0.37778385699112726}, "best_acc_val": {"param": "Adamax", "value": 0.8965842611813549}, "best_f1_val": {"param": "Adamax", "value": 0.8966817496229261}}], "optimizer_lr": [{"best_val_loss": {"param": 0.001, "value": 0.08181538432836533}, "best_roc_val": {"param": 0.01, "value": 0.9660663109319616}, "best_eer_val": {"param": 0.01, "value": 0.08730158730149816}, "best_thres": {"param": 0.05, "value": -0.4833070933836972}, "best_acc_val": {"param": 0.01, "value": 0.9128137384412153}, "best_f1_val": {"param": 0.01, "value": 0.9128959276018099}}], "batch_size": [{"best_val_loss": {"param": 256, "value": 0.08538565784692764}, "best_roc_val": {"param": 256, "value": 0.9532041907519803}, "best_eer_val": {"param": 256, "value": 0.09637188208507683}, "best_thres": {"param": 64, "value": -0.49956017732587704}, "best_acc_val": {"param": 256, "value": 0.903755425551991}, "best_f1_val": {"param": 256, "value": 0.9038461538461539}}], "contrastive_loss_margin": [{"best_val_loss": {"param": 0.5, "value": 0.01939120516180992}, "best_roc_val": {"param": 0.5, "value": 0.9603525038612002}, "best_eer_val": {"param": 0.5, "value": 0.08541194255396953}, "best_thres": {"param": 1.5, "value": -0.5618170400722675}, "best_acc_val": {"param": 0.5, "value": 0.9143234572560861}, "best_f1_val": {"param": 0.5, "value": 0.9143719351188231}}], "filters_streams": [{"best_val_loss": {"param": 128, "value": 0.02028482034802437}, "best_roc_val": {"param": 128, "value": 0.9503978581841916}, "best_eer_val": {"param": 128, "value": 0.10430839002323773}, "best_thres": {"param": 16, "value": -0.2035329937923783}, "best_acc_val": {"param": 128, "value": 0.8956406869220608}, "best_f1_val": {"param": 128, "value": 0.8957587181903864}}, {"best_val_loss": {"param": 256, "value": 0.01991405338048935}, "best_roc_val": {"param": 256, "value": 0.9564293364034897}, "best_eer_val": {"param": 256, "value": 0.10317460317529778}, "best_thres": {"param": 64, "value": -0.19213180243977745}, "best_acc_val": {"param": 256, "value": 0.8969616908850726}, "best_f1_val": {"param": 256, "value": 0.8970976253298153}}, {"best_val_loss": {"param": 128, "value": 0.019855886697769165}, "best_roc_val": {"param": 128, "value": 0.9491042385878421}, "best_eer_val": {"param": 128, "value": 0.11186696900914361}, "best_thres": {"param": 128, "value": -0.19843798875801155}, "best_acc_val": {"param": 128, "value": 0.8880920928477071}, "best_f1_val": {"param": 128, "value": 0.8881765038657364}}], "kernels_streams": [{"best_val_loss": {"param": 5, "value": 0.02103232406079769}, "best_roc_val": {"param": 5, "value": 0.9541891137658732}, "best_eer_val": {"param": 7, "value": 0.10582010582189984}, "best_thres": {"param": 7, "value": -0.21753707528180796}, "best_acc_val": {"param": 7, "value": 0.8950745423664842}, "best_f1_val": {"param": 7, "value": 0.8952919020715631}}, {"best_val_loss": {"param": 7, "value": 0.01954016089439392}, "best_roc_val": {"param": 7, "value": 0.9511619071551225}, "best_eer_val": {"param": 7, "value": 0.10128495842849497}, "best_thres": {"param": 3, "value": -0.20782364674877124}, "best_acc_val": {"param": 7, "value": 0.8986601245518022}, "best_f1_val": {"param": 7, "value": 0.8987747408105562}}, {"best_val_loss": {"param": 9, "value": 0.020084409043192863}, "best_roc_val": {"param": 3, "value": 0.9496204898175713}, "best_eer_val": {"param": 9, "value": 0.10317460317469863}, "best_thres": {"param": 7, "value": -0.1904481649398659}, "best_acc_val": {"param": 9, "value": 0.8975278354406492}, "best_f1_val": {"param": 9, "value": 0.8977208513844416}}]}