{"optimizer_name": [{"best_val_loss": {"param": "Adamax", "value": 0.08245853334665298}, "best_roc_val": {"param": "Adamax", "value": 0.9554116491007344}, "best_eer_val": {"param": "Adamax", "value": 0.1035525321224763}, "best_thres": {"param": "Nadam", "value": -0.37778385699112726}, "best_acc_val": {"param": "Adamax", "value": 0.8965842611813549}, "best_f1_val": {"param": "Adamax", "value": 0.8966817496229261}}], "optimizer_lr": [{"best_val_loss": {"param": 0.001, "value": 0.08181538432836533}, "best_roc_val": {"param": 0.01, "value": 0.9660663109319616}, "best_eer_val": {"param": 0.01, "value": 0.08730158730149816}, "best_thres": {"param": 0.05, "value": -0.4833070933836972}, "best_acc_val": {"param": 0.01, "value": 0.9128137384412153}, "best_f1_val": {"param": 0.01, "value": 0.9128959276018099}}], "batch_size": [{"best_val_loss": {"param": 256, "value": 0.08538565784692764}, "best_roc_val": {"param": 256, "value": 0.9532041907519803}, "best_eer_val": {"param": 256, "value": 0.09637188208507683}, "best_thres": {"param": 64, "value": -0.49956017732587704}, "best_acc_val": {"param": 256, "value": 0.903755425551991}, "best_f1_val": {"param": 256, "value": 0.9038461538461539}}], "contrastive_loss_margin": [{"best_val_loss": {"param": 0.5, "value": 0.01939120516180992}, "best_roc_val": {"param": 0.5, "value": 0.9603525038612002}, "best_eer_val": {"param": 0.5, "value": 0.08541194255396953}, "best_thres": {"param": 1.5, "value": -0.5618170400722675}, "best_acc_val": {"param": 0.5, "value": 0.9143234572560861}, "best_f1_val": {"param": 0.5, "value": 0.9143719351188231}}]}