{"roc_val": {"Train": [0.9354475003297719, 0.933878210564004, 0.9538243556887206, 0.9642550455085082, 0.9618443979623245, 0.9684379887689147, 0.9757255529173812, 0.9772066130237874, 0.9801796628161884, 0.9835638202649482, 0.9800856464469444, 0.9847469079968091, 0.986132671905327, 0.9865312874919128, 0.9869115300783285, 0.9871877218107926, 0.9871669697426523, 0.9871651559977639, 0.9872220180777758, 0.9871134132323289, 0.9871789357478908, 0.9872682646465788, 0.9872296263842562, 0.9870819749875942, 0.987274310462874, 0.9873000797733681, 0.9874671170407222, 0.9873772777809187, 0.9873146839529904, 0.9874276857557428], "Valid": []}, "eer_val": {"Train": [0.13182957393484931, 0.12406015037593973, 0.10839598997493734, 0.08696741854834521, 0.08897243107741969, 0.08746867167912775, 0.07869674185442828, 0.0759398496226188, 0.06328320802005012, 0.058020050125375276, 0.07142857142857134, 0.056140350877720166, 0.05689223057607418, 0.054887218045146444, 0.05463659147923134, 0.05300751879698107, 0.052756892229818116, 0.05263157894809762, 0.05288220551375794, 0.05325814536346112, 0.05313283208042973, 0.05300751879519287, 0.05338345864661658, 0.053508771929839244, 0.05313283208148682, 0.05288220551375679, 0.0525062656643467, 0.053007518796969896, 0.05275689223103958, 0.052882205513784475], "Valid": []}, "thres": {"Train": [-0.027564678341150714, -0.004640836268663406, -0.004641138881977115, -0.06075467541892396, -0.1378429234027546, -0.2660334408282828, -0.25605612993237326, -0.36041390895769015, -0.39209407567977905, -0.40297555923462197, -0.46032959222793574, -0.39497378468556776, -0.4178935587404718, -0.411639988422406, -0.4194506704811867, -0.41763556003569774, -0.4160227775572258, -0.41857963800450276, -0.41919404268264737, -0.41985040903095505, -0.41954493522647845, -0.41953104734375196, -0.4193057417869568, -0.4207739830017202, -0.41942918300724935, -0.420649170875521, -0.41996535658843404, -0.4188716709613577, -0.4205934405329023, -0.4199879765510559], "Valid": []}, "acc_val": {"Train": [0.8681077694235589, 0.8760025062656641, 0.8916666666666667, 0.9129699248120301, 0.9110275689223057, 0.9125939849624061, 0.9213032581453634, 0.9241228070175439, 0.9367167919799498, 0.9419172932330827, 0.9286340852130326, 0.943922305764411, 0.9431077694235589, 0.9450501253132833, 0.9453007518796992, 0.9470551378446115, 0.9472431077694236, 0.9473057644110275, 0.9471804511278196, 0.9466791979949875, 0.9468671679197995, 0.9470551378446115, 0.9465538847117795, 0.9464285714285714, 0.9468671679197995, 0.9471804511278196, 0.9474937343358396, 0.9470551378446115, 0.9472431077694236, 0.9470551378446115], "Valid": []}, "f1_val": {"Train": [0.8680995049815152, 0.8759947365123129, 0.8916598784384986, 0.9129644714581114, 0.911016418097506, 0.912588508051883, 0.9212933951623011, 0.9241180525095558, 0.9367088607594937, 0.9419136537377029, 0.9286296133842972, 0.9439258191842617, 0.9431006391778418, 0.9450466821229401, 0.945297324393759, 0.9470518202894919, 0.9472364958014788, 0.9473024625603108, 0.9471771414249013, 0.9466758568832634, 0.9468671679197995, 0.9470518202894919, 0.946550535747854, 0.9464252146124444, 0.9468671679197995, 0.9471771414249013, 0.9474937343358396, 0.9470518202894919, 0.9472431077694236, 0.9470518202894919], "Valid": []}}