{"roc_val": {"Train": [0.7334865280368842, 0.7222880352510348, 0.7128319231663118, 0.707290704832256, 0.6957620555147266, 0.6946370547295557, 0.7949661434287474, 0.8756456774769004, 0.8731417751772916, 0.8697331518018103, 0.8601114393125671, 0.8936789420292586, 0.8629744631001061, 0.8887655777915967, 0.9068286631365381, 0.9147111670152825, 0.9121557653532328, 0.9171435873518382, 0.9202114465361398, 0.9198875007066538, 0.9216417767476336, 0.9216888006356743, 0.9219034428175702, 0.9220494767620806, 0.922082053504689, 0.9220765023460907, 0.9219636968360752, 0.9220802711666385, 0.9221201107405104, 0.9220865211273799], "Valid": []}, "eer_val": {"Train": [0.3451127819546528, 0.35087719298312336, 0.35275689223057655, 0.3563909774449075, 0.36441102756892224, 0.3607769423555481, 0.27994987468671695, 0.20125313283208018, 0.198746867168652, 0.21027568922305356, 0.2134085213032579, 0.17982456140351083, 0.21691729323308934, 0.18897243107834713, 0.16791979949846794, 0.1600250626573049, 0.1634085213032581, 0.15714285714333662, 0.15413533834645238, 0.15463659147869582, 0.15388471177944776, 0.15401002506266678, 0.1535087719298246, 0.1533834586470601, 0.15363408521257946, 0.1535087719298247, 0.1538847117794486, 0.15363408521227342, 0.15338345864632857, 0.15375939849566417], "Valid": []}, "thres": {"Train": [-0.2924984693526361, -0.16810448467751027, -0.06316009908914569, -0.019160930067339557, -0.005252500250935554, -0.001856271410360793, -0.008754073642194271, -0.018328286707401276, -0.030842335894797908, -0.04358800128102279, -0.08462396264076233, -0.12016182765364657, -0.16452150046825426, -0.17000833153732187, -0.23831234872335616, -0.2212873846293884, -0.2383204102516174, -0.2525209188461771, -0.26193121075655723, -0.27189081907272317, -0.2861523628234858, -0.28887969255447454, -0.29022538661956787, -0.2936346530916016, -0.29576101899104434, -0.2968607246875763, -0.29675328731536865, -0.29765859246219367, -0.2977913320063835, -0.29757526516878835], "Valid": []}, "acc_val": {"Train": [0.6549498746867168, 0.6490601503759399, 0.6471804511278195, 0.643609022556391, 0.6356516290726817, 0.6392857142857142, 0.7199874686716792, 0.7988095238095239, 0.8013157894736842, 0.7897243107769424, 0.7866541353383458, 0.8201754385964912, 0.7830200501253133, 0.8112155388471178, 0.8321428571428572, 0.8400375939849624, 0.8365288220551379, 0.8428571428571429, 0.8458646616541353, 0.8454260651629073, 0.8461779448621554, 0.8459273182957393, 0.8464285714285714, 0.8465538847117795, 0.8463032581453634, 0.8464285714285714, 0.8461779448621554, 0.8464285714285714, 0.8466165413533835, 0.8462406015037593], "Valid": []}, "f1_val": {"Train": [0.654928253649978, 0.6490381602857321, 0.6471583432545899, 0.643609022556391, 0.6356287987969171, 0.6392631117237922, 0.7199699229275018, 0.7987969171000688, 0.801328237579099, 0.7897243107769423, 0.7866407669653488, 0.8201754385964911, 0.7830064540384736, 0.8112510179790765, 0.8321323391189924, 0.8400476160641563, 0.836539063968423, 0.8428571428571429, 0.8458646616541353, 0.845416379472398, 0.846168306284855, 0.8459176640140358, 0.846418948555674, 0.8465442696910834, 0.8462743623488124, 0.846418948555674, 0.846168306284855, 0.846418948555674, 0.846597317959644, 0.8462213309938589], "Valid": []}}