{"roc_val": {"Train": [0.7622416046032654, 0.8543276825452661, 0.9489723734984913, 0.9539033526101526, 0.9523907905729234, 0.954578361456412, 0.9511468869891241, 0.9518893350404695, 0.9540962411947441, 0.9488204498994632, 0.9280037552109179, 0.9340267683969042, 0.925535723882248, 0.9316739521806466, 0.931980409635897, 0.9341946981419016, 0.9343916574016495, 0.9342582690714533, 0.9339524371357243, 0.9336802236027271, 0.9344134938781095, 0.9340154933420993, 0.9342899594433034, 0.9342200539290303, 0.934205655638679, 0.9343379839880961, 0.9342978600078587, 0.9342367737081496, 0.9342161167329351, 0.934187344579773, 0.9341504973796229, 0.9342237075911723, 0.9341604193231617], "Valid": []}, "eer_val": {"Train": [0.305597326649958, 0.2156641604010026, 0.10722639933070804, 0.09874686716830292, 0.1023391812863848, 0.10075187969924868, 0.10659983291603792, 0.10622389306629834, 0.09983291562238956, 0.10806182121972012, 0.14285714285589537, 0.1349624060144387, 0.14866332497911747, 0.13550543024226042, 0.13834586466162768, 0.1350459482039155, 0.1338763575605708, 0.13496240601480647, 0.13529657477048382, 0.13692564745301156, 0.13450292397660824, 0.13571428571497138, 0.13483709273174438, 0.1347535505430242, 0.13517126148714953, 0.13429406850459497, 0.13471177944857826, 0.13475355054447177, 0.13492063491871295, 0.1350459482038364, 0.13517126148687447, 0.13500417711084287, 0.13512949039290478], "Valid": []}, "thres": {"Train": [-0.12815698236227036, -0.07652977108955385, -0.16811087727531485, -0.19100932776930216, -0.18164199590679536, -0.1749328523874284, -0.17275314033035769, -0.18469317257405918, -0.18126316368579873, -0.16831590235233465, -0.19544439017673437, -0.19439722597585923, -0.1922994852066052, -0.19304920732974737, -0.2049871981143864, -0.18909959495069384, -0.18916024267673556, -0.191940829157702, -0.19472980499283277, -0.19471652805830972, -0.19114117324352264, -0.19301317632210466, -0.19152070581906872, -0.1916957825422287, -0.19319595396523004, -0.1900785267353058, -0.19047623872756883, -0.19096887111704663, -0.1911895424126132, -0.1910224258899674, -0.19076810777187342, -0.19145949184903518, -0.1911846995354398], "Valid": []}, "acc_val": {"Train": [0.6944026733500418, 0.7843149540517962, 0.8926691729323308, 0.9012531328320802, 0.8976608187134503, 0.8992272347535506, 0.8934001670843776, 0.8937552213868003, 0.9001461988304094, 0.8919172932330827, 0.8571428571428571, 0.8650375939849624, 0.8513784461152882, 0.8645363408521304, 0.8616750208855471, 0.8649749373433584, 0.8661027568922306, 0.865016708437761, 0.8646825396825397, 0.8630743525480368, 0.8654761904761905, 0.8643065998329156, 0.8651837928153717, 0.8652673350041771, 0.8648287385129491, 0.8656850459482038, 0.8653091060985798, 0.8652882205513784, 0.8650793650793651, 0.8649749373433584, 0.8648287385129491, 0.8649958228905598, 0.864891395154553], "Valid": []}, "f1_val": {"Train": [0.6944026733500418, 0.7843104492575034, 0.8926534789965115, 0.9012531328320802, 0.8976565437152763, 0.8992251300152468, 0.8934001670843777, 0.8937530023601161, 0.900144113285574, 0.8919150358194615, 0.8571368895943857, 0.8650319562220644, 0.8513846539409381, 0.8645306821504658, 0.8616721318323273, 0.8649777573567804, 0.8660999603166315, 0.865008250308081, 0.8646797134443075, 0.8630743525480368, 0.8654733808141357, 0.8643094338046406, 0.8651809770463043, 0.8652645209799704, 0.8648287385129491, 0.8656822406483009, 0.8653062929468035, 0.8652938473747963, 0.8650737290613644, 0.864972117212139, 0.864823092025565, 0.8649958228905598, 0.8648942169127629], "Valid": []}}