{"roc_val": {"Train": [0.7862765544814416, 0.7462577496372511, 0.7051271819900629, 0.6841522352246531, 0.6687438992217386, 0.6538918254282322, 0.8320974114484204, 0.887309281976872, 0.905606214785083, 0.9286701088561001, 0.9294691066639028, 0.9411719932663739, 0.9549621704637534, 0.9566965188660875, 0.9647238161192456, 0.9675846178730034, 0.9679940688186632, 0.9674028586503854, 0.9674655781056651, 0.970575977851898, 0.9697294457949385, 0.9704647426837772, 0.9702950515386212, 0.9700916294495638, 0.9710579785930994, 0.970914928298189, 0.9708391593017632, 0.9708277115093498, 0.9707974353176174, 0.9708112072160352], "Valid": []}, "eer_val": {"Train": [0.29849624060342644, 0.33596491228070197, 0.3626566416046293, 0.3677944862155389, 0.379824561405109, 0.39511278195445526, 0.2500000000000326, 0.19022556390977474, 0.1672932330827067, 0.1421052631578987, 0.14047619047702575, 0.12155388471177991, 0.10689223057636058, 0.10112781954886985, 0.08972431077694175, 0.08621553884734816, 0.08621553884842303, 0.08546365914787843, 0.08421052631577508, 0.08020050125313245, 0.08082706766782913, 0.08020050125311441, 0.07944862155471993, 0.08095238095238101, 0.07944862155397907, 0.07957393483710462, 0.07982456140304825, 0.0799498746874614, 0.08020050125208353, 0.07957393483710022], "Valid": []}, "thres": {"Train": [-0.2180440276868141, -0.12791244685649877, -0.05717225745323368, -0.019776763394474983, -0.004085443448280275, -0.0005522247520267111, -0.0024517606943846248, -0.010137401521205902, -0.018754745833575722, -0.03916680440306725, -0.08263808488848197, -0.12498318776488312, -0.19985472410913324, -0.23370712623000087, -0.25598898530006386, -0.25116375088695997, -0.2616518437874824, -0.286599755287176, -0.29697915911673844, -0.3039234975973759, -0.31339305639237885, -0.32350742816923356, -0.3206632733351253, -0.324067622423172, -0.3361809253693331, -0.3356401622295444, -0.3348451256750676, -0.33541238307976434, -0.33626043796486976, -0.33625209331512584], "Valid": []}, "acc_val": {"Train": [0.7014411027568922, 0.6639724310776942, 0.637468671679198, 0.6323308270676692, 0.6201754385964913, 0.6049498746867168, 0.749937343358396, 0.8097117794486216, 0.8327067669172933, 0.8579573934837093, 0.8595238095238096, 0.8785087719298246, 0.8930451127819549, 0.8989974937343358, 0.9103383458646617, 0.9137844611528823, 0.9137218045112782, 0.9144736842105263, 0.9158521303258146, 0.9197994987468672, 0.918984962406015, 0.9198621553884712, 0.9205513784461153, 0.919047619047619, 0.9205513784461153, 0.9203634085213033, 0.9201754385964912, 0.9201127819548872, 0.9197994987468672, 0.9204260651629073], "Valid": []}, "f1_val": {"Train": [0.7014223948868976, 0.6639513753994611, 0.6375140959779476, 0.632284747462088, 0.6201754385964913, 0.6049251206215928, 0.7499216742903692, 0.8096998558806943, 0.8327067669172933, 0.8579484930133467, 0.8595238095238096, 0.8785011592205025, 0.8930518137961281, 0.8989848351923799, 0.9103327276145122, 0.9137844611528821, 0.9137163982705684, 0.9144683250830253, 0.9158468575725295, 0.9197994987468672, 0.9189595738013162, 0.9198571339056332, 0.9205513784461153, 0.919047619047619, 0.9205513784461153, 0.9203584184472712, 0.9201654342649455, 0.920117787106071, 0.9197894472991603, 0.9204260651629073], "Valid": []}}