{"roc_val": {"Train": [0.8791960006532622], "Valid": []}, "eer_val": {"Train": [0.21478696741862463], "Valid": []}, "thres": {"Train": [-0.30065843462946773], "Valid": []}, "acc_val": {"Train": [0.7852130325814536], "Valid": []}, "f1_val": {"Train": [0.7852130325814536], "Valid": []}}