{"roc_val": {"Train": [0.6832862466316166, 0.636141575743871, 0.6622905085395193, 0.6918762052374043, 0.7477761289187882, 0.7986639374124535, 0.8866817419488571, 0.8181892937230293, 0.8261986498200389, 0.8608026881112556, 0.8751633155570631, 0.909955708506856, 0.9000688673437981, 0.9043097876269621, 0.9173491372541629, 0.9323787303471712, 0.9333534572647155, 0.9467810032600298, 0.9459047132241631, 0.9485738468979467, 0.9491163136538086, 0.9508032534343376, 0.9512237595869374, 0.9516143428747307, 0.9517391850553703, 0.9517754128428841, 0.9516949877827401, 0.9515870660360174, 0.951788690083605, 0.9519006947192543], "Valid": []}, "eer_val": {"Train": [0.38170426065152463, 0.4187969924812012, 0.39523809523749104, 0.37543859649122696, 0.31453634085184273, 0.2817042606516294, 0.1924812030075188, 0.26604010025089536, 0.24799498746805743, 0.218796992481203, 0.20438596491410965, 0.1616541353383158, 0.17481203007480287, 0.17080200501253298, 0.15614035087721573, 0.1368421052631581, 0.1357142857156677, 0.11892230576441101, 0.11791979949938977, 0.11378446115288236, 0.11428571428571424, 0.11177944862155471, 0.11090225563993936, 0.11015037593985227, 0.10989974937329731, 0.10952380952380956, 0.11015037593985916, 0.11040100250624825, 0.11002506265714779, 0.1096491228066182], "Valid": []}, "thres": {"Train": [-0.20318508148192102, -0.006335152778774483, -0.0001207836467072758, -4.1297323150502e-05, -6.79351296639317e-06, -0.0004057734622620047, -0.0028719144174829125, -0.006509677041322626, -0.011958162300279693, -0.01980813778936863, -0.06869972497225221, -0.14188097417353587, -0.08454609662292226, -0.11263427883386697, -0.16268029808998183, -0.1811847984790803, -0.18512533605108583, -0.25959888100624084, -0.2673729658127237, -0.2938974797725678, -0.3032339811325073, -0.31493809819221524, -0.31950914859816953, -0.32216712832451, -0.3232669234273457, -0.3262721300125122, -0.3266637176275324, -0.32660882671673497, -0.3272792100912533, -0.3266528546807952], "Valid": []}, "acc_val": {"Train": [0.6183583959899749, 0.5812030075187969, 0.6048245614035088, 0.624561403508772, 0.6855263157894737, 0.7182330827067669, 0.8075814536340852, 0.7338972431077694, 0.7520050125313283, 0.781265664160401, 0.7955513784461153, 0.8384085213032582, 0.825187969924812, 0.8291353383458646, 0.843859649122807, 0.8632205513784461, 0.8644736842105263, 0.881140350877193, 0.8820802005012531, 0.8861528822055138, 0.8857769423558898, 0.8881578947368421, 0.8890350877192983, 0.8897869674185463, 0.8901629072681704, 0.8904135338345864, 0.8898496240601503, 0.8895989974937344, 0.8899749373433584, 0.8903508771929824], "Valid": []}, "f1_val": {"Train": [0.6183344821104079, 0.5812030075187969, 0.6047997994861833, 0.624561403508772, 0.6855066106898928, 0.7182154270317689, 0.807569396578733, 0.7338805689579547, 0.7519739315703722, 0.7812519581427408, 0.7955385675794222, 0.8383983958894667, 0.8251660609098884, 0.8291246318691649, 0.843859649122807, 0.8632119807005452, 0.8644991542943056, 0.8811329030641017, 0.8820802005012531, 0.8861457484804812, 0.8857697850742529, 0.8881508866470329, 0.8890281345948994, 0.8897800614073563, 0.8901560248135848, 0.8904066670844037, 0.8898496240601503, 0.8895989974937344, 0.8899749373433584, 0.8903371349793208], "Valid": []}}