{"roc_val": {"Train": [0.9179083517063336], "Valid": []}, "eer_val": {"Train": [0.15000000000005487], "Valid": []}, "thres": {"Train": [-0.08800818522772572], "Valid": []}, "acc_val": {"Train": [0.850062656641604], "Valid": []}, "f1_val": {"Train": [0.850053261482549], "Valid": []}}