{"roc_val": {"Train": [0.7328627803845453, 0.780203469199314, 0.8444097398885686, 0.8049925801345469, 0.7800380650875308, 0.8561063294200413, 0.859033972776553, 0.87134691365004, 0.8844048875321135, 0.8820275312341003, 0.8872611902563425, 0.8933307265657879, 0.8994277674135212, 0.9164007292667758, 0.9145061274740736, 0.936842599920855, 0.9309678959303019, 0.9426891005709762, 0.9401977453031075, 0.9456874485713029], "Valid": []}, "eer_val": {"Train": [0.3486215538847134, 0.30037593984962424, 0.2348370927308611, 0.27656641604009435, 0.292982456140351, 0.21466165413529914, 0.2151629072681706, 0.1968671679192876, 0.1936090225548584, 0.1815789473699782, 0.1733082706769992, 0.1667919799498749, 0.1545112781944161, 0.14097744360944336, 0.14561403508769727, 0.12418546365914793, 0.12606516290581155, 0.10639097744423688, 0.11015037593983285, 0.10438596491228078], "Valid": []}, "thres": {"Train": [-0.0773308575153351, -0.014224691083654768, -0.00719722546636881, -0.0064403335563838204, -0.009366944432258606, -0.006850007921457285, -0.007879260927438738, -0.018627217039443582, -0.033367630094278344, -0.04761618748321347, -0.05025117720169467, -0.078497251868248, -0.09425489604421426, -0.12437296658757219, -0.142082467675198, -0.26522448658943176, -0.19445633888231847, -0.17846944928219452, -0.16316188871857834, -0.21006370584170028], "Valid": []}, "acc_val": {"Train": [0.6513157894736842, 0.6996867167919799, 0.7651629072681704, 0.7234962406015037, 0.7069548872180451, 0.7852130325814536, 0.7847744360902256, 0.8031954887218045, 0.806453634085213, 0.8184210526315789, 0.8267543859649122, 0.8332706766917293, 0.8454887218045113, 0.8590225563909775, 0.8544486215538847, 0.8757518796992482, 0.8739974937343359, 0.893609022556391, 0.8899122807017544, 0.8956766917293233], "Valid": []}, "f1_val": {"Train": [0.6512939407231029, 0.6996678989911649, 0.7651334753728537, 0.7234789147189674, 0.7069365248449152, 0.7851591877663574, 0.7847609499342064, 0.803183156839401, 0.8064415063600475, 0.8184210526315789, 0.8267435302963845, 0.8332602293376778, 0.8454693570622884, 0.8590225563909775, 0.8544395012218811, 0.8757440942414938, 0.8739895983457612, 0.893609022556391, 0.8899053825427659, 0.8956701547716023], "Valid": []}}