{"roc_val": {"Train": [0.92005704266933, 0.9317494315362339, 0.9374197869360117, 0.9413021432026181, 0.9461970559230156, 0.950029836496002, 0.948646278917846, 0.9459867321813306, 0.9291667294803425, 0.9194847865277228, 0.9182079022744831, 0.9161872726930108, 0.915591461422981, 0.9162477858179284, 0.917106260324998, 0.9215480430399307, 0.9196004029497302, 0.9203425543809398, 0.923299547427466, 0.9225486020816451, 0.9217890748173694, 0.922303817187078, 0.9226380801628131, 0.9222286841791196, 0.9222483841181902, 0.9225342177498885, 0.922660449683105, 0.9226214109835995, 0.9225150831338997, 0.9223226534381065], "Valid": []}, "eer_val": {"Train": [0.15438596491228024, 0.13784461152881017, 0.12944862155396825, 0.12443609022501072, 0.11967418546365913, 0.11215538847115422, 0.11679197994987463, 0.11716791979980705, 0.14248120300885683, 0.15526315789473918, 0.15238095238112617, 0.15488721804511274, 0.15802005012531314, 0.1540100250622973, 0.15463659147679837, 0.1496240601503673, 0.15225563909794979, 0.15263157894706114, 0.14749373433616408, 0.1492481203006119, 0.14912280701700886, 0.14862155388471052, 0.1481203007518796, 0.14849624060150438, 0.14837092731829574, 0.1483709273182956, 0.147994987468367, 0.14799498746938772, 0.14837092731829218, 0.14849624060168123], "Valid": []}, "thres": {"Train": [-0.4950521290302275, -0.41088828444480385, -0.34824657440186385, -0.29721322655652865, -0.24117328723271686, -0.15939289828140618, -0.10207912698388098, -0.12795366346838963, -0.16210968792458952, -0.17445908486843226, -0.19620507955555008, -0.20340152829885483, -0.1946779787540435, -0.20620429515822974, -0.20871351659252524, -0.20168614387512177, -0.19969111680993643, -0.19948415458184773, -0.21233764290810578, -0.20336364209650068, -0.20375068485715583, -0.20338477194309196, -0.2042944530646006, -0.20406119028727235, -0.2037360171477, -0.2033281326293945, -0.20293846726406256, -0.2038753926754464, -0.2043922543525689, -0.20236855745321386], "Valid": []}, "acc_val": {"Train": [0.8456766917293234, 0.862218045112782, 0.8705513784461153, 0.8756265664160401, 0.8803258145363408, 0.887781954887218, 0.8832706766917293, 0.8828320802005013, 0.8574561403508771, 0.8446741854636591, 0.8475563909774436, 0.8451127819548873, 0.8420426065162907, 0.8460526315789474, 0.8454260651629073, 0.8504385964912281, 0.8476817042606516, 0.8474310776942355, 0.8525062656641604, 0.8508145363408521, 0.8508771929824561, 0.8514411027568922, 0.8519423558897243, 0.8514411027568922, 0.8516917293233083, 0.8516917293233083, 0.8518796992481203, 0.8520050125313283, 0.8516290726817043, 0.8516290726817043], "Valid": []}, "f1_val": {"Train": [0.845667021743217, 0.8622094116172693, 0.8705513784461153, 0.8756187731060843, 0.8803258145363408, 0.8877889856525281, 0.8832633623660631, 0.8828320802005013, 0.8574472084717089, 0.8446644526599411, 0.8475468387743593, 0.8451127819548873, 0.842032708816342, 0.8460429851494454, 0.845416379472398, 0.8504292248887775, 0.8476721599097687, 0.8474215176389498, 0.8525062656641604, 0.850805188295006, 0.8508585035718762, 0.8514317939720535, 0.8519330785136913, 0.8514504103752897, 0.8516824362428724, 0.8516824362428724, 0.8518425670594134, 0.8520050125313283, 0.8516290726817043, 0.8516476632001002], "Valid": []}}