{"roc_val": {"Train": [0.9067436055678043, 0.9075008715397517, 0.9292582333025547, 0.9389529117279414, 0.9325659229527452, 0.9407672454946892, 0.9235926124835899, 0.9286748512886227, 0.9330473662225741, 0.9409761480769594, 0.9413117379915954, 0.9397224342183779, 0.940989441021099, 0.9392919485430368, 0.9398656886577345, 0.9400417082807269, 0.9403329831470909, 0.9401995433445769, 0.9399716553287982, 0.9400465370820534, 0.9402231298798375, 0.9400188205476097, 0.9402360066833751, 0.9401022135539351, 0.9399883009528833, 0.940189658042349, 0.9400773550417396, 0.9400615102920207, 0.9400489789637, 0.939933205507503], "Valid": []}, "eer_val": {"Train": [0.1694235588972432, 0.17431077694286795, 0.1436090225563857, 0.13320802005012114, 0.13571428571428573, 0.12531328320802015, 0.1468671679197989, 0.14360902255639094, 0.1357142857156118, 0.12706766917351578, 0.12819548872180458, 0.12894736842105262, 0.1283208020050127, 0.131328320803182, 0.1300751879710731, 0.1298245614052139, 0.1294486215538849, 0.12944862155473705, 0.12969924812045044, 0.12982456140452162, 0.12944862155388326, 0.12957393483704643, 0.12919799498746765, 0.12944862155325335, 0.1295739348381362, 0.1293233082702215, 0.12944862155388515, 0.12969924812029712, 0.1296992481202773, 0.13007518796992465], "Valid": []}, "thres": {"Train": [-0.023555943742394447, -0.2150704711676883, -0.22468918561935375, -0.1686306496461213, -0.2574302256107331, -0.21505035832524302, -0.19497755169868444, -0.22167804837226865, -0.22007314860879304, -0.21916528046144684, -0.21444717049598694, -0.22605229169130325, -0.22681705653667453, -0.23225569725050826, -0.23036880791203057, -0.22822436690554027, -0.22908076643943787, -0.22732698917460076, -0.22742839157586298, -0.22820872068419784, -0.22747036814689559, -0.2269306033849697, -0.22724902629852267, -0.22693593800032458, -0.22688746452355335, -0.22694894671424418, -0.22588750720024117, -0.22682829201221338, -0.2273733854293783, -0.22526673972606656], "Valid": []}, "acc_val": {"Train": [0.8305137844611529, 0.8256892230576441, 0.856453634085213, 0.8669172932330828, 0.8642230576441102, 0.8747493734335839, 0.8531954887218045, 0.856390977443609, 0.8644110275689223, 0.8729323308270677, 0.8717418546365915, 0.8710526315789474, 0.8716165413533835, 0.8686090225563909, 0.8699248120300752, 0.8701127819548872, 0.8704887218045113, 0.8706766917293233, 0.8703007518796992, 0.8703007518796992, 0.8706140350877193, 0.8704260651629072, 0.8708646616541353, 0.8705513784461153, 0.8704887218045113, 0.8704887218045113, 0.8704887218045113, 0.8703634085213032, 0.8703007518796992, 0.8699874686716792], "Valid": []}, "f1_val": {"Train": [0.830503164358669, 0.8256892230576441, 0.8564446393884328, 0.8669006141120442, 0.8642145497838211, 0.874741525158218, 0.8531862898677862, 0.856390977443609, 0.8644280165392808, 0.8729323308270677, 0.8717338179083903, 0.8710526315789474, 0.8716084967729807, 0.8686007895231531, 0.8699248120300752, 0.8701046431480669, 0.8704806065542954, 0.8706928956271143, 0.8703007518796992, 0.8703170028818443, 0.8706059276897049, 0.8704098257927059, 0.8708565699605239, 0.8705351547813008, 0.8704968360378421, 0.8704481353807584, 0.8704806065542954, 0.870355285418886, 0.8703007518796992, 0.8699793220126574], "Valid": []}}