{"roc_val": {"Train": [0.9433600919592213], "Valid": []}, "eer_val": {"Train": [0.11904761904763038], "Valid": []}, "thres": {"Train": [-0.4441843330860205], "Valid": []}, "acc_val": {"Train": [0.880889724310777], "Valid": []}, "f1_val": {"Train": [0.8808822607932828], "Valid": []}}