{"roc_val": {"Train": [0.8856229310745536, 0.8989500851125307, 0.9111739012317762, 0.9209191917764336, 0.8818570470662872, 0.862599960113316, 0.8750394391366888, 0.8842803044578864, 0.8918578008303968, 0.9026242140438816, 0.9017285381373232, 0.9049850660485801, 0.9100994026419431, 0.9043755456938085, 0.9122267683620078, 0.9114427987261386, 0.9127762623978491, 0.9123117866721943, 0.9140932374796641, 0.9133066139659929, 0.912930579895855, 0.9131730485361272, 0.9131748073190497, 0.9131115068372686, 0.9131814969755215, 0.9131501215444627, 0.9132119380531529, 0.9132130058856412, 0.9131947428094043, 0.913173425418182], "Valid": []}, "eer_val": {"Train": [0.2033834586466635, 0.18784461152877463, 0.1728070175438593, 0.15438596491276083, 0.20087719298242968, 0.22844611528723438, 0.20977443609017932, 0.20162907268170632, 0.19147869674269083, 0.17744360902288447, 0.17619047618958236, 0.17518796992489236, 0.1670426065170652, 0.17218045112794622, 0.16503759398496298, 0.16704260651629071, 0.16516290726812755, 0.16604010025062624, 0.1617794486223748, 0.16365914787020486, 0.16403508771929823, 0.16365914786969074, 0.16365914786962002, 0.16378446115288112, 0.16353383458686827, 0.16365914786957378, 0.16365914786967484, 0.16353383458745507, 0.16365914786967373, 0.1636591478696742], "Valid": []}, "thres": {"Train": [-0.13580398261548213, -0.11457980424165255, -0.07213390618562696, -0.026705654338008648, -0.006574643310159097, -0.009165286086482644, -0.01301878783851774, -0.02761272868762425, -0.05183378979579791, -0.07547791302204852, -0.11299011111224226, -0.14289274811745364, -0.1742434352640934, -0.1942519396543722, -0.20223289728164712, -0.19862493872642517, -0.21248049821172016, -0.217163562774658, -0.22142265737074032, -0.2206242084504187, -0.2219921201467514, -0.22279101610184376, -0.223284035921095, -0.2235073894262312, -0.2237197272480043, -0.2237775176763189, -0.22369751632213605, -0.22380253672664432, -0.22412423789501187, -0.22376275062561035], "Valid": []}, "acc_val": {"Train": [0.7965538847117795, 0.812218045112782, 0.8271929824561404, 0.8456140350877193, 0.7991854636591479, 0.7716165413533834, 0.7902882205513785, 0.7984335839598997, 0.8085213032581454, 0.8224937343358396, 0.8238721804511279, 0.824749373433584, 0.8329573934837092, 0.8277568922305765, 0.8348997493734336, 0.8329573934837092, 0.8348997493734336, 0.8340225563909774, 0.8382205513784461, 0.8363408521303258, 0.8359649122807018, 0.8362781954887218, 0.8364035087719298, 0.8362781954887218, 0.8364661654135338, 0.8363408521303258, 0.8364035087719298, 0.8364035087719298, 0.8364035087719298, 0.8363408521303258], "Valid": []}, "f1_val": {"Train": [0.7965411366626982, 0.8122062785888841, 0.8271929824561404, 0.8456140350877194, 0.7991728805062974, 0.7716022307162103, 0.7902750798922239, 0.7984209536938406, 0.8085213032581454, 0.822482611692462, 0.8238611441819662, 0.8247383921298327, 0.8329573934837091, 0.8277460993796604, 0.834889404098001, 0.8329364582027823, 0.834889404098001, 0.8340121561501348, 0.8382205513784461, 0.8363408521303258, 0.8359649122807018, 0.8362679365875055, 0.836393257722915, 0.8362679365875055, 0.8364661654135339, 0.8363203408948489, 0.836393257722915, 0.836393257722915, 0.836393257722915, 0.8363203408948489], "Valid": []}}