{"roc_val": {"Train": [0.906828992908336], "Valid": []}, "eer_val": {"Train": [0.1706766917293236], "Valid": []}, "thres": {"Train": [-0.19621910154819497], "Valid": []}, "acc_val": {"Train": [0.8292606516290727], "Valid": []}, "f1_val": {"Train": [0.8292499530045742], "Valid": []}}