{"roc_val": {"Train": [0.7976535009202204, 0.8735439475882689, 0.9037515546384759, 0.943172530323302, 0.9617826442673099, 0.9747714995508823, 0.9813302523225356, 0.9851997317856043, 0.9854019918216594, 0.984594043065056, 0.9853440619091588, 0.9856762677370116, 0.985740683161538, 0.9854289388885749, 0.9853368540398615, 0.9858642376618236, 0.9856266449331348, 0.9856705516925146, 0.985635423144327, 0.9858313075922891, 0.985775937337077, 0.9858801766320564, 0.9858494764480122, 0.9858545957625894, 0.9859105156374646, 0.9859167813016251, 0.9858085847450708, 0.9858710843524852, 0.985919812061482, 0.9858200168340651], "Valid": []}, "eer_val": {"Train": [0.2897243107769416, 0.19824561403584262, 0.16967418546317767, 0.13345864661683607, 0.10588972431144941, 0.07130325814502589, 0.0606516290720142, 0.0516290726817043, 0.048872180451118366, 0.05125313283208013, 0.04786967418531839, 0.0487468671685782, 0.04837092731837928, 0.049248120302658474, 0.04962406015101548, 0.04862155388471195, 0.04924812030074329, 0.0494987468687896, 0.04949874686707183, 0.04912280701743613, 0.04912280701604981, 0.048120300752072, 0.048496240602359825, 0.04887218045120609, 0.0479949874697473, 0.048245614035085996, 0.04837092731829599, 0.04874686716788776, 0.04862155388393933, 0.04874686716726888], "Valid": []}, "thres": {"Train": [-0.0020001162774860824, -3.669707803058342e-05, -0.0013572735479094615, -0.020837869495156463, -0.08792676031597604, -0.15702472627145622, -0.17634433507886887, -0.24766492843627932, -0.2840085625648407, -0.3087136050065358, -0.3035834431647372, -0.31693294644379905, -0.32333882153042753, -0.3283154070381077, -0.3202775418760805, -0.32774907350540167, -0.32503256201739567, -0.3250865936331748, -0.3191350996494064, -0.32521229982371147, -0.32482609152737635, -0.3272748887539573, -0.3249192535878838, -0.3239254653454175, -0.3262065947060844, -0.32592040300369096, -0.3246983885765078, -0.32278245687482576, -0.3253485858438456, -0.3235030770287173], "Valid": []}, "acc_val": {"Train": [0.7103383458646616, 0.8017543859649123, 0.8303258145363408, 0.8665413533834586, 0.8941102756892231, 0.9286967418546366, 0.9393483709273183, 0.9483082706766918, 0.9511278195488722, 0.9488095238095238, 0.9521303258145364, 0.9513157894736842, 0.9516917293233083, 0.9506892230576441, 0.95031328320802, 0.9513157894736842, 0.9508145363408521, 0.9506265664160402, 0.9504385964912281, 0.9509398496240602, 0.9509398496240602, 0.9518796992481203, 0.9515037593984963, 0.9510651629072682, 0.9520050125313283, 0.9518170426065163, 0.9516290726817043, 0.9510025062656642, 0.9514411027568922, 0.9511904761904761], "Valid": []}, "f1_val": {"Train": [0.7103201955009713, 0.8017543859649123, 0.8303045494422859, 0.8665413533834586, 0.8941102756892231, 0.9286878054894098, 0.9393407695199899, 0.9483050316435866, 0.9511216944479257, 0.9488063161852247, 0.9521243263566863, 0.9513188396716997, 0.9516887022996429, 0.9506861332163669, 0.9503101698101385, 0.9513127388934144, 0.9508114543517764, 0.9506327527878712, 0.95042927868647, 0.950936775487186, 0.950936775487186, 0.9518796992481203, 0.9515037593984963, 0.9510620966225954, 0.9520050125313283, 0.9518140234350523, 0.9516290726817043, 0.9509840792277799, 0.9514380600288238, 0.9511812997430594], "Valid": []}}