{"roc_val": {"Train": [0.8794076748889768, 0.8282274451793645, 0.7271234241619084, 0.8870334357196249, 0.9752183403370582, 0.9731312146280487, 0.9750300563438672, 0.9741565379614449, 0.9818510562119585, 0.9777692979315455, 0.9782542038052524, 0.9829216525021827, 0.985405132505449, 0.9848485719310809, 0.9823023960276631, 0.9815852758462574, 0.9818879121362303, 0.9870360581905891, 0.988439331411235, 0.9875333069515896, 0.9885784872582458, 0.9884622662546089, 0.9887958775384578, 0.9888776452409218, 0.9887277482553503, 0.9888859366461267, 0.9887616911954071, 0.9887004949717653, 0.9887425487277091, 0.9888278811062744], "Valid": []}, "eer_val": {"Train": [0.2086466165413534, 0.2637844611526887, 0.3349624060152547, 0.1904761904761904, 0.08020050125343264, 0.07794486215548492, 0.07631578947368392, 0.07593984962434104, 0.06716791979992545, 0.07781954887165123, 0.07368421052789256, 0.06328320802005034, 0.055263157894762105, 0.05538847117794489, 0.06015037593946748, 0.06328320801973282, 0.06177944862216399, 0.049248120300751895, 0.049749373433598656, 0.052130325814535756, 0.04536340852133269, 0.046240601503759575, 0.04573934837092732, 0.04624060150353636, 0.046491228071141213, 0.04674185463658953, 0.04573934836939232, 0.04624060150376405, 0.04711779448658574, 0.04711779448621743], "Valid": []}, "thres": {"Train": [-0.1213815975934267, -0.04230387322603967, -0.03828910738232508, -0.010812735185027122, -0.32165782153621947, -0.30940556526191526, -0.2882976134618121, -0.32576930523004843, -0.3357875347140921, -0.3804528415202032, -0.3746972680113945, -0.3374298810958865, -0.32863458991053607, -0.30734143654505414, -0.35130724310808376, -0.35845929384224456, -0.32806766033189455, -0.327515572309494, -0.35349549353124005, -0.36973673105239796, -0.3347836434841313, -0.34446537494659435, -0.34687620401382446, -0.3426516354081522, -0.345324307680271, -0.34646841883659285, -0.3438143134091436, -0.3412389904260668, -0.34327447414511375, -0.3428155183792115], "Valid": []}, "acc_val": {"Train": [0.7914160401002506, 0.7362155388471178, 0.6649749373433584, 0.8095864661654135, 0.9198621553884712, 0.9220551378446116, 0.9236215538847118, 0.9240601503759398, 0.9328320802005012, 0.9221177944862156, 0.9263157894736842, 0.9366541353383459, 0.9446741854636591, 0.9446115288220551, 0.9399122807017544, 0.9367167919799498, 0.9382832080200502, 0.9507518796992481, 0.95031328320802, 0.9479323308270676, 0.9545739348370927, 0.9536967418546366, 0.9541979949874687, 0.9538220551378446, 0.9534461152882205, 0.9533208020050126, 0.9541979949874687, 0.9537593984962406, 0.9530075187969925, 0.9528195488721805], "Valid": []}, "f1_val": {"Train": [0.7914029701109091, 0.7362155388471177, 0.6649539444827369, 0.8095745347452847, 0.9198571339056332, 0.9220551378446116, 0.9236263392018044, 0.9240601503759398, 0.9328320802005013, 0.9221031522215956, 0.9263157894736842, 0.9366501660505044, 0.9446707187167116, 0.9446115288220551, 0.9399085155711511, 0.9367088607594937, 0.9382870747446902, 0.9507518796992481, 0.9503101698101385, 0.9479290682373582, 0.954571088414061, 0.9536938404661945, 0.9541951250078325, 0.9538191616016042, 0.9534431981953757, 0.9533178770599661, 0.9541893839694179, 0.9537593984962406, 0.953013406841248, 0.9528165925183281], "Valid": []}}