{"roc_val": {"Train": [0.6885794137599639, 0.6831355566233879, 0.6725659308044547, 0.6814176811075308, 0.6757125740416203, 0.6670717442101495, 0.6758838669355092, 0.7764202721716571, 0.7996748057487075, 0.8049691663368947, 0.8427176415349149, 0.8552269379589325, 0.8628493068510876, 0.8538736644242183, 0.8710335283697968, 0.879745730240388, 0.8727713786345563, 0.8676651135985326, 0.8866725475970629, 0.88690732941376, 0.8866327394300286, 0.8859537000395726], "Valid": []}, "eer_val": {"Train": [0.3686716791981683, 0.3731829573934841, 0.38283208020088827, 0.37619047618978696, 0.3809523809523808, 0.38734335839684614, 0.3785714285714291, 0.2944862155388593, 0.2765664160398705, 0.2699248120300792, 0.23145363408578595, 0.2187969924804262, 0.2132832080202741, 0.22518796992480072, 0.2061403508771921, 0.1959899749373433, 0.2013784461146505, 0.21228070175496766, 0.18922305764391778, 0.19097744361000019, 0.1926065162907171, 0.18947368421052643], "Valid": []}, "thres": {"Train": [-0.36372554302231974, -0.21556697785854356, -0.10433020442728975, -0.04561205580824075, -0.020749289542436596, -0.007003343664114042, -0.01222172845155004, -0.020580381155014087, -0.03738383203744701, -0.05852235108613995, -0.07955069839968158, -0.12159722298383643, -0.14178530871868844, -0.2102553099393823, -0.23725809156894667, -0.23508112132549286, -0.23168931901434375, -0.2880808711056418, -0.2626787126062915, -0.2535338699818327, -0.26561421155929144, -0.25968554615974426], "Valid": []}, "acc_val": {"Train": [0.631328320802005, 0.6267543859649123, 0.6171679197994987, 0.6237468671679198, 0.619110275689223, 0.61265664160401, 0.6213659147869675, 0.7054511278195489, 0.7234962406015037, 0.7300125313283208, 0.768546365914787, 0.7810776942355889, 0.7866541353383458, 0.7748746867167919, 0.793922305764411, 0.8040726817042606, 0.7986215538847118, 0.787781954887218, 0.8108395989974937, 0.8090852130325814, 0.8074561403508772, 0.8104636591478697], "Valid": []}, "f1_val": {"Train": [0.631328320802005, 0.6267309981828435, 0.6171679197994987, 0.6236761295982953, 0.6190864089228648, 0.61265664160401, 0.6213421893602354, 0.7054326712200013, 0.7234789147189674, 0.7299956137602608, 0.768546365914787, 0.7810228127350213, 0.7866407669653488, 0.7748605802368569, 0.793909392819099, 0.8040604047872674, 0.7985963153277353, 0.7877952509241275, 0.8108277460993797, 0.8090971743625086, 0.8074440754433236, 0.8104517826931511], "Valid": []}}