{"roc_val": {"Train": [0.9768405035144251, 0.9866973511472918, 0.9814605121827124, 0.9893103372466253, 0.9908972462484532, 0.9904608639392968, 0.9907419551384727, 0.9927744643563796, 0.9920687213020019, 0.9931615928920045, 0.9943318980408413, 0.9941514657571247, 0.9940266392799041, 0.9944526730359734, 0.9946413260595096, 0.9944034114107323, 0.9946444196330425, 0.9946364030376694, 0.9946022323980378, 0.9946265726974075, 0.9946697570995157, 0.9946453068762132, 0.9946924799467342, 0.9947378628274949, 0.9947433119138699, 0.994674829303836, 0.9946436266103856, 0.9947072882708023, 0.9946851621535042, 0.9946302001871847], "Valid": []}, "eer_val": {"Train": [0.07355889724310734, 0.047619047620115165, 0.05764411027550025, 0.03671679197941646, 0.033082706766935456, 0.038721804511285436, 0.03997493734427086, 0.028320802005565825, 0.026566416040105473, 0.02368421052639218, 0.022807017543859446, 0.0194235588972072, 0.019548872180558913, 0.017794486215020177, 0.018796992481203003, 0.017669172933182015, 0.018170426065162924, 0.018045112781963774, 0.017919799498746912, 0.017919799498604057, 0.018045112781950107, 0.018045112782699255, 0.017919799498746856, 0.01779448621724305, 0.017919799500117763, 0.017919799498745663, 0.018045112782144816, 0.017794486215525877, 0.017543859649662718, 0.01754385964946439], "Valid": []}, "thres": {"Train": [-0.044102247804403215, -0.31964230537498434, -0.3612355887887493, -0.2310505658382659, -0.419444710016307, -0.4306114315986659, -0.3920431435121515, -0.34071907401284135, -0.3500055968761477, -0.35886242985728833, -0.36818620562553395, -0.35404849052426285, -0.36025917530074186, -0.37076649069749734, -0.3756763339042663, -0.36957925558243976, -0.3673986494541168, -0.36697569489479903, -0.3683589696884156, -0.3688018620009352, -0.3688372373580774, -0.3688329756268332, -0.36813217401504517, -0.3653388917534329, -0.36607909202841105, -0.3692242205142941, -0.3688942193992188, -0.3654775917530024, -0.36813887953904467, -0.3680222928531492], "Valid": []}, "acc_val": {"Train": [0.9264411027568922, 0.9523809523809523, 0.9424185463659148, 0.9632205513784461, 0.9668546365914787, 0.9612781954887218, 0.9599624060150376, 0.9716165413533835, 0.9733709273182958, 0.9763784461152882, 0.9772556390977444, 0.9805764411027569, 0.9803884711779448, 0.9819548872180451, 0.981265664160401, 0.9823934837092732, 0.9817669172932331, 0.9820175438596491, 0.9820802005012531, 0.9820175438596491, 0.9820175438596491, 0.9820175438596491, 0.9821428571428571, 0.9821428571428571, 0.9820175438596491, 0.9821428571428571, 0.9820802005012531, 0.9822681704260652, 0.9823934837092732, 0.9824561403508771], "Valid": []}, "f1_val": {"Train": [0.9264411027568923, 0.9523809523809523, 0.9424149382793409, 0.9632136366484929, 0.9668525596841907, 0.9612781954887218, 0.959959897236669, 0.9716147628297512, 0.9733692587254841, 0.9763799260697951, 0.9772542139231782, 0.9805740067677654, 0.9803872423084153, 0.9819481007897707, 0.9812644902562817, 0.982394586805338, 0.9817657747979196, 0.9820164170687387, 0.9820802005012531, 0.9820141630632324, 0.9820164170687387, 0.9820186705093666, 0.9821417382041482, 0.9821417382041482, 0.9820164170687387, 0.9821417382041482, 0.9820824458087958, 0.9822670593395576, 0.9823923804749671, 0.9824561403508771], "Valid": []}}