{"roc_val": {"Train": [0.7935875559826886, 0.7218861769084365, 0.6868261270343781, 0.9149533137354665, 0.9176243082643953, 0.9358558520361053, 0.9418807042669329, 0.9523496711704071, 0.9595873769637125, 0.9668624725975339, 0.9678468100074747, 0.9647006535762965, 0.9675343826357875, 0.9689671625806371, 0.9686234854052423, 0.9690292224923212, 0.9691241261047355, 0.9689315707815906, 0.9688243007267543, 0.9687019867965654, 0.968880942958901, 0.9688228167536637, 0.9690300076632685, 0.9688875226914404, 0.9689481457402906, 0.969086186644556, 0.9691184100602382, 0.9691466605109265, 0.9690256028542534, 0.9691260419218474], "Valid": []}, "eer_val": {"Train": [0.2842105263158808, 0.3344611528808241, 0.36428571428571427, 0.15062656641565633, 0.1527568922305764, 0.1329573934837846, 0.12907268170362704, 0.10626566416040094, 0.10125313283207696, 0.08934837092751977, 0.08709273182957414, 0.08959899749375091, 0.08972431077818023, 0.08696741854637172, 0.08784461152907623, 0.08684210526287385, 0.08671679197994918, 0.08696741854767756, 0.08721804511288099, 0.08734335839599855, 0.08709273183006477, 0.08696741854636597, 0.08671679197985913, 0.08734335839603341, 0.08696741854781186, 0.0872180451118639, 0.08734335839571784, 0.08721804511278204, 0.08759398496265902, 0.08759398496162663], "Valid": []}, "thres": {"Train": [-0.07206781953573603, -0.005069719161829225, -0.00015902551967883483, -0.009582784026860545, -0.05358032509684562, -0.15221582353116464, -0.1913971602914694, -0.2314793020486831, -0.30042362213134693, -0.2961848080159106, -0.31185707449913047, -0.32670333981514477, -0.3346644937998499, -0.3407199382781998, -0.34318658709528327, -0.3446418046949873, -0.34462085366249046, -0.3456251919272393, -0.34540158510210706, -0.34559729695320424, -0.3457182347778167, -0.34618895252545684, -0.34450560808180963, -0.34511512517929266, -0.3456852138063774, -0.3455900251864374, -0.3449270427223848, -0.3449340164661408, -0.3461053371431721, -0.34548652172044225], "Valid": []}, "acc_val": {"Train": [0.7157268170426065, 0.6654761904761904, 0.6357769423558898, 0.8494360902255639, 0.8473057644110276, 0.8670426065162907, 0.8709273182957393, 0.893796992481203, 0.8988095238095238, 0.9105889724310777, 0.912844611528822, 0.9104010025062657, 0.9102756892230577, 0.9130325814536341, 0.9121553884711779, 0.9131578947368421, 0.9133458646616541, 0.9130952380952381, 0.912719298245614, 0.9125939849624061, 0.9130325814536341, 0.9130325814536341, 0.9132832080200501, 0.9125939849624061, 0.9130325814536341, 0.912844611528822, 0.9125939849624061, 0.912844611528822, 0.91234335839599, 0.912406015037594], "Valid": []}, "f1_val": {"Train": [0.7157090043235793, 0.6654132982390174, 0.6357541199323266, 0.8494266558055016, 0.8472961965035403, 0.8670426065162907, 0.8709111417470861, 0.8937903377404599, 0.8988031831568395, 0.9105833698853312, 0.9128391503227018, 0.9104010025062657, 0.9102756892230577, 0.9130325814536341, 0.9121553884711779, 0.913147010903622, 0.9133404348643398, 0.9131006829146043, 0.9127138291872925, 0.912588508051883, 0.913021681915027, 0.9130325814536341, 0.913272339892217, 0.912588508051883, 0.9130325814536341, 0.9128391503227018, 0.9125775521714607, 0.9128391503227018, 0.9123378657810639, 0.9123950369720516], "Valid": []}}