{"roc_val": {"Train": [0.7861202958663716, 0.7807559983570733, 0.9341324410650687, 0.9568368184454453, 0.9573794012321252, 0.9582463180717039, 0.9570414217805723, 0.956992451540994, 0.957545059215848, 0.9528001551497792, 0.9547353319598076, 0.9562884297558154, 0.957704778689972, 0.9573636812373457, 0.9576064909907741, 0.9573437256815109, 0.9575769144735969, 0.9579143163882975, 0.9578444143636732, 0.9578917217856672, 0.9577662662992765, 0.9577819234803803, 0.95782861236215, 0.9577992687790208, 0.9577959283128457, 0.9578039710805836], "Valid": []}, "eer_val": {"Train": [0.2993316624893086, 0.29578111946574204, 0.13450292397546187, 0.09189640768589379, 0.09331662489557016, 0.08959899749299427, 0.09340016708437601, 0.0934837092731243, 0.09419381787875711, 0.10342522974159508, 0.09920634920648648, 0.0960317460317325, 0.09289891395155797, 0.09369256474543629, 0.09340016708437925, 0.09385964912197037, 0.09335839599037331, 0.09227234753599833, 0.09256474519651563, 0.09227234753550616, 0.09277360066856263, 0.09264828738494602, 0.09235588972431089, 0.0925647451965548, 0.09264828738380161, 0.09260651629072679], "Valid": []}, "thres": {"Train": [-0.26453581452367186, -0.18748059868820294, -0.0622935444116224, -0.16766667366028318, -0.19069153070449776, -0.1784576624631169, -0.18620911240577662, -0.19428913295266312, -0.19480180740365213, -0.16763836145407163, -0.1905862838029931, -0.19121477007865856, -0.18729650974273807, -0.18680694699301495, -0.186753511428833, -0.18721063435075908, -0.19005516171476955, -0.18923357129130058, -0.18836683034903087, -0.18814830482006087, -0.18819983800267687, -0.1881689876317735, -0.18753798305988312, -0.1879932433367892, -0.18807286024006514, -0.18792093545198438], "Valid": []}, "acc_val": {"Train": [0.7006683375104428, 0.70421888053467, 0.8654970760233918, 0.9080827067669173, 0.9067042606516291, 0.9103801169590643, 0.9066207184628238, 0.9065371762740184, 0.905827067669173, 0.8966374269005848, 0.9007936507936508, 0.9039891395154553, 0.9070802005012532, 0.9062865497076024, 0.906578947368421, 0.906140350877193, 0.906641604010025, 0.9077276524644946, 0.9074352548036758, 0.9077067669172932, 0.9072472848788639, 0.9073725981620718, 0.9076232247284879, 0.9074352548036758, 0.9073308270676692, 0.9073934837092732], "Valid": []}, "f1_val": {"Train": [0.7006558335770083, 0.70421888053467, 0.8654914574543631, 0.9080807869838552, 0.9067023120783643, 0.9103745013263153, 0.9066187681446981, 0.9065352242110319, 0.9058290344813181, 0.8966439028465216, 0.9007936507936508, 0.9039871342342154, 0.9070782597798617, 0.9062845924100337, 0.9065769961778651, 0.9061364300931534, 0.906641604010025, 0.9077276524644946, 0.9074352548036758, 0.9077048392823577, 0.907245347647194, 0.9073706635476931, 0.9076212953486916, 0.9074352548036758, 0.9073250203646844, 0.9073934837092732], "Valid": []}}