{"optimizer_name": [{"best_val_loss": {"param": "RMSprop", "value": 0.10849737375974655}, "best_roc_val": {"param": "RMSprop", "value": 0.9299176341195161}, "best_eer_val": {"param": "RMSprop", "value": 0.13100000000024087}, "best_thres": {"param": "Nadam", "value": -0.4896437823770398}, "best_acc_val": {"param": "RMSprop", "value": 0.8689881547024404}, "best_f1_val": {"param": "RMSprop", "value": 0.8688758748750179}}], "optimizer_lr": [{"best_val_loss": {"param": 0.005, "value": 0.11577680706977844}, "best_roc_val": {"param": 0.005, "value": 0.9317919874536641}, "best_eer_val": {"param": 0.0005, "value": 0.13028571428527877}, "best_thres": {"param": 0.0005, "value": -0.5070900378225269}, "best_acc_val": {"param": 0.0005, "value": 0.8697730840587984}, "best_f1_val": {"param": 0.0005, "value": 0.8696521677023069}}], "batch_size": [{"best_val_loss": {"param": 32, "value": 0.10591065883636475}, "best_roc_val": {"param": 32, "value": 0.9315228420709603}, "best_eer_val": {"param": 32, "value": 0.13073852295472457}, "best_thres": {"param": 32, "value": -0.4459635317326649}, "best_acc_val": {"param": 32, "value": 0.8692022263450835}, "best_f1_val": {"param": 32, "value": 0.8690807799442897}}], "contrastive_loss_margin": [{"best_val_loss": {"param": 0.5, "value": 0.027826424688100815}, "best_roc_val": {"param": 1.1, "value": 0.932999256588863}, "best_eer_val": {"param": 1.1, "value": 0.12917023096552893}, "best_thres": {"param": 1.3, "value": -0.6191979050631943}, "best_acc_val": {"param": 1.1, "value": 0.8708434422720137}, "best_f1_val": {"param": 1.1, "value": 0.8707142857142857}}], "filters_streams": [{"best_val_loss": {"param": 32, "value": 0.12590841948986053}, "best_roc_val": {"param": 32, "value": 0.934944162695018}, "best_eer_val": {"param": 32, "value": 0.12546335899678007}, "best_thres": {"param": 128, "value": -0.5172628164292913}, "best_acc_val": {"param": 32, "value": 0.8745540174111602}, "best_f1_val": {"param": 32, "value": 0.8744465076417656}}, {"best_val_loss": {"param": 128, "value": 0.12514683604240417}, "best_roc_val": {"param": 128, "value": 0.9333741394761498}, "best_eer_val": {"param": 128, "value": 0.1267465069865691}, "best_thres": {"param": 8, "value": -0.5304229259493817}, "best_acc_val": {"param": 128, "value": 0.8731982303410875}, "best_f1_val": {"param": 128, "value": 0.8730804942504107}}, {"best_val_loss": {"param": 256, "value": 0.11915334314107895}, "best_roc_val": {"param": 256, "value": 0.9385383315002648}, "best_eer_val": {"param": 256, "value": 0.11861990305066715}, "best_thres": {"param": 128, "value": -0.5523753762247946}, "best_acc_val": {"param": 256, "value": 0.8814043099757386}, "best_f1_val": {"param": 256, "value": 0.8812857142857144}}], "kernels_streams": [{"best_val_loss": {"param": 5, "value": 0.11698998510837555}, "best_roc_val": {"param": 5, "value": 0.9418514196097602}, "best_eer_val": {"param": 5, "value": 0.11699999999999995}, "best_thres": {"param": 7, "value": -0.542695224285132}, "best_acc_val": {"param": 5, "value": 0.8830455259026687}, "best_f1_val": {"param": 5, "value": 0.8829369330762089}}, {"best_val_loss": {"param": 7, "value": 0.10517668724060059}, "best_roc_val": {"param": 7, "value": 0.9487650820807363}, "best_eer_val": {"param": 7, "value": 0.10992301112069028}, "best_thres": {"param": 5, "value": -0.5518532806634902}, "best_acc_val": {"param": 7, "value": 0.8900385328956758}, "best_f1_val": {"param": 7, "value": 0.8899364331119206}}, {"best_val_loss": {"param": 9, "value": 0.10364554077386856}, "best_roc_val": {"param": 9, "value": 0.9487196830828141}, "best_eer_val": {"param": 5, "value": 0.11206159110242657}, "best_thres": {"param": 7, "value": -0.5494627356535019}, "best_acc_val": {"param": 5, "value": 0.8879691736834594}, "best_f1_val": {"param": 5, "value": 0.8878571428571429}}]}