{"roc_val": {"Train": [0.911259186500085], "Valid": []}, "eer_val": {"Train": [0.15864661654135567], "Valid": []}, "thres": {"Train": [-0.09877819567918805], "Valid": []}, "acc_val": {"Train": [0.8412907268170426], "Valid": []}, "f1_val": {"Train": [0.8412807820038849], "Valid": []}}