{"roc_val": {"Train": [0.8863343273597528, 0.8995121026249835, 0.911420201506272, 0.9210304504996828, 0.8824231003574098, 0.8560369046048706, 0.8642641848983361, 0.8790734276166605, 0.8853268980722484, 0.8987862199358043, 0.8981859174879554, 0.9016594745007883, 0.9108053498407673, 0.9040956086959254, 0.908335979359426, 0.9091325038787446, 0.910385393307831, 0.9094086170941137, 0.9107588598689706, 0.9104037977148384, 0.9102534296266984, 0.9102693921520592, 0.9102960644091432, 0.9102745428734744, 0.9103283192316631, 0.9103122389306598, 0.9103619795101788, 0.9103670988247561, 0.9103816794492495, 0.9103844275475655], "Valid": []}, "eer_val": {"Train": [0.20338345864661656, 0.1865914786967462, 0.17180451127866103, 0.15401002506264716, 0.2006265664160401, 0.23082706766989838, 0.22343358395969162, 0.20701754386015891, 0.1958646616541353, 0.18007518796990604, 0.1817042606534955, 0.17932330827067575, 0.16516290726817037, 0.1731829573920027, 0.16904761904761853, 0.1699248120300731, 0.16604010025089302, 0.16854636591426808, 0.16641604009958827, 0.16716791979949874, 0.16754385964823015, 0.1677944862155388, 0.1675438596491227, 0.16754385964912283, 0.16729323308271266, 0.16729323308270688, 0.16729323308270672, 0.16729323308270733, 0.16729323308270708, 0.16729323308270722], "Valid": []}, "thres": {"Train": [-0.13589346706867217, -0.11445702612400144, -0.0719999596478158, -0.026625147089362027, -0.006579292938113213, -0.009412639774389832, -0.012664589565244145, -0.02648878097535373, -0.05288631282746792, -0.07603468213762414, -0.11339070647987869, -0.13919553160667414, -0.17420126497745514, -0.19304704666112538, -0.2027073651552199, -0.19731621444225142, -0.2083502411844118, -0.21625514328467177, -0.2158589661118589, -0.21601441502571106, -0.2169971019027686, -0.21815846860408783, -0.2186468094587326, -0.21888636300961176, -0.21916084885597345, -0.21924237906932834, -0.21928757801651952, -0.21939682712157582, -0.21973974108695996, -0.21931700408458718], "Valid": []}, "acc_val": {"Train": [0.7965538847117795, 0.8133458646616541, 0.8281328320802005, 0.8460526315789474, 0.7993734335839598, 0.7691729323308271, 0.7765664160401002, 0.7929824561403509, 0.8041979949874687, 0.8199874686716792, 0.8182330827067669, 0.8207393483709273, 0.8348370927318296, 0.8268170426065163, 0.831015037593985, 0.8301378446115288, 0.8339598997493735, 0.831328320802005, 0.8334586466165413, 0.8327694235588973, 0.8324561403508772, 0.8322681704260652, 0.8325187969924812, 0.8324561403508772, 0.8327694235588973, 0.8326441102756892, 0.8327694235588973, 0.8327694235588973, 0.8326441102756892, 0.8327067669172933], "Valid": []}, "f1_val": {"Train": [0.7965666311634609, 0.8133341688075694, 0.8281220627858888, 0.8460429851494454, 0.7993734335839598, 0.7691729323308272, 0.7765664160401002, 0.7929824561403509, 0.804185725922677, 0.8199761889842723, 0.8182216930885393, 0.8207281157967292, 0.8348370927318296, 0.8267953377616242, 0.831004448900307, 0.8301272009524405, 0.8339598997493735, 0.8312860366006517, 0.8334168964652796, 0.8327379833301999, 0.832435142248402, 0.832257660254402, 0.832508302525221, 0.8324561403508772, 0.8327589447960398, 0.8326336236606304, 0.8327589447960398, 0.8327589447960398, 0.8326545955767183, 0.8327067669172933], "Valid": []}}