{"roc_val": {"Train": [0.691085747472273, 0.6916342897064438, 0.710560426232666, 0.8598851504282846, 0.8715753870543806, 0.8674486314993833, 0.8740156809107145, 0.8907976586551313, 0.8822470065793836, 0.8884471185622089, 0.870367492282642, 0.8868128367074746, 0.8889348842029887, 0.8946448628184217, 0.8986794515179621, 0.8962170210753839, 0.8983206475880596, 0.8988212708393093, 0.9004877508097731, 0.9003618399242328, 0.9007098652018516, 0.9010372657835064, 0.9005237805597257, 0.9011702719971748, 0.9010581312652279, 0.9008991184449568, 0.900926123091075, 0.9008802228699009, 0.9009086521650828], "Valid": []}, "eer_val": {"Train": [0.3631578947370106, 0.37347535505431567, 0.351420217209361, 0.2177109440257394, 0.20764411027550944, 0.21445279866276135, 0.2017543859649119, 0.18379281537278996, 0.1947368421053878, 0.1868838763575603, 0.2087719298241668, 0.19010025062661945, 0.18709273182958178, 0.1809106098569614, 0.17548036758453348, 0.17915622389209296, 0.17669172932330834, 0.17589807852965741, 0.17355889724358023, 0.173558897241741, 0.17243107769429866, 0.17197159565577147, 0.1733500417715463, 0.1725146198830409, 0.17268170425940993, 0.17230576441102868, 0.17222222222222278, 0.17247284878915495, 0.17238930660058865], "Valid": []}, "thres": {"Train": [-0.3746694922447493, -0.29865235090256176, -0.14077037572859047, -0.05863897129880643, -0.1469499766826355, -0.1520036607979398, -0.15332388877868638, -0.18208281695859085, -0.13981173932553956, -0.1240570321679115, -0.14036674797517923, -0.13731469213963374, -0.169847309589387, -0.15166704356669508, -0.15597182512274166, -0.15985728800279114, -0.14931283891201022, -0.1614052653312683, -0.1563770920040062, -0.15294240415071905, -0.1509167328477019, -0.15492093563079792, -0.14923603832732318, -0.14906254410743713, -0.15178930759426565, -0.15016505122184795, -0.1510011851787568, -0.15096028149139462, -0.15049862861639232], "Valid": []}, "acc_val": {"Train": [0.6368212197159565, 0.6265664160401002, 0.6486006683375104, 0.7822890559732665, 0.7923558897243108, 0.7855680868838764, 0.798266499582289, 0.8162071846282373, 0.8052840434419382, 0.8131370091896407, 0.79124895572264, 0.8099206349206349, 0.8128863826232248, 0.8190685045948204, 0.8244778613199666, 0.820843776106934, 0.8232873851294904, 0.8241228070175438, 0.8264202172096909, 0.8264619883040936, 0.8276106934001671, 0.8280284043441938, 0.8266708437761069, 0.8275062656641604, 0.8272974101921471, 0.8276733500417711, 0.8277568922305765, 0.8275271512113618, 0.8276106934001671], "Valid": []}, "f1_val": {"Train": [0.6368136343699743, 0.6265508166590084, 0.6485933290168968, 0.7822799615689878, 0.7923472158402607, 0.7855636082624952, 0.7982622861797448, 0.8162071846282373, 0.8052799766076986, 0.8131331063723136, 0.7912445957517911, 0.809916664926168, 0.8128824745713152, 0.8190571673246025, 0.8244631965911939, 0.8208362922427836, 0.8232836943127467, 0.8241191336494078, 0.826416591825226, 0.8264583637920592, 0.8276034922093656, 0.8280212206023644, 0.826674463774775, 0.8275026629628855, 0.8272865885498255, 0.8276697508302178, 0.8277532947638839, 0.8275271512113618, 0.8276106934001671], "Valid": []}}