{"roc_val": {"Train": [0.7664331646786138, 0.7375834479682917, 0.731834787469928, 0.7943019280657785, 0.7764651054327547, 0.882486966162273, 0.907963714109836, 0.8958969478834933, 0.9336049710743023, 0.9377278644606504, 0.9362377356298013, 0.9384205422704631, 0.9407213915113598, 0.9393641921219088, 0.9351881976243868, 0.9470377934183831, 0.9472116224144321, 0.9530522421341574, 0.9532111607339151, 0.9558628950195036, 0.9551634882946713, 0.9563849159238949, 0.9565565621447101, 0.9565274480059799, 0.9567382114433955, 0.9568276345625969, 0.9567966517170119, 0.9568363656635324, 0.9567943825729737, 0.9567785378232551], "Valid": []}, "eer_val": {"Train": [0.30889724310776934, 0.3388471177940756, 0.33483709273182954, 0.29248120300751884, 0.31453634085340476, 0.18746867168015025, 0.15100250626566536, 0.1708020050125018, 0.13208020050063163, 0.12719298245664198, 0.13333333333455677, 0.12568922305764407, 0.12105263157821386, 0.12644110275852866, 0.13233082706769697, 0.115914786967397, 0.11704260651631478, 0.10964912280701768, 0.10964912280701845, 0.10476190476315578, 0.10526315789531741, 0.10350877193038854, 0.10150375939871396, 0.10250626566408909, 0.10225563909774442, 0.10225563909635084, 0.10200501253132814, 0.10200501253132833, 0.10200501253312362, 0.10238095238094912], "Valid": []}, "thres": {"Train": [-0.05801675096154212, -0.0022917378228137024, -0.0002369173744227737, -3.0631386835011654e-05, -1.860285738075812e-05, -0.0006507632788294168, -0.002550754152859255, -0.01301708724349732, -0.044472616165869866, -0.10499752312922263, -0.110019482672325, -0.1889376863837242, -0.17920741438825685, -0.2369915246966521, -0.25660303235056076, -0.2217973172664625, -0.2436829209327702, -0.23288242518901828, -0.2629125416278852, -0.2658826112762165, -0.2700104713443533, -0.2808780670167255, -0.27967476844795897, -0.2804470360279001, -0.28029513359069835, -0.2806859910486896, -0.2809511423110961, -0.28102391958236694, -0.28101667761898036, -0.2808165848255142], "Valid": []}, "acc_val": {"Train": [0.6911654135338345, 0.6611528822055138, 0.6652255639097744, 0.7075814536340852, 0.6854636591478697, 0.812468671679198, 0.8490601503759398, 0.8291353383458646, 0.8678571428571429, 0.8727443609022556, 0.8666040100250627, 0.8743734335839599, 0.8788847117794486, 0.8734962406015038, 0.8676065162907268, 0.8841478696741855, 0.8828947368421053, 0.8902882205513785, 0.8902882205513785, 0.8952380952380953, 0.8948621553884711, 0.8964912280701754, 0.8986215538847118, 0.8974937343358396, 0.8976817042606516, 0.8977443609022556, 0.8980576441102757, 0.8979323308270677, 0.8979949874686717, 0.8976817042606516], "Valid": []}, "f1_val": {"Train": [0.6911460617833197, 0.6611104148389522, 0.665204586753556, 0.7075631305219625, 0.6854636591478697, 0.812456920859703, 0.8490506923992732, 0.8291032148900169, 0.8678322993043805, 0.8727363869916661, 0.8665956513566013, 0.8743655617519893, 0.8788619414676946, 0.8734883138041231, 0.8675982204398771, 0.8841406103139294, 0.8828873989598346, 0.8902813459489943, 0.8902813459489943, 0.8952380952380953, 0.8948753289061522, 0.8964912280701754, 0.8986342563588523, 0.8974808873292393, 0.897675292938154, 0.8977315453064295, 0.8980512563443824, 0.8979259352089731, 0.8979949874686717, 0.897675292938154], "Valid": []}}