{"roc_val": {"Train": [0.9195790305965414, 0.9185699995603042, 0.9129662109534489, 0.9190121136173768, 0.9250764913536975, 0.9289866897820993, 0.927100929014265, 0.9177739147367164, 0.9201247401084165, 0.9206094575410958, 0.926889396109321, 0.9104154732068265, 0.9250880019597867, 0.9381782071092519, 0.9816090586742545, 0.9772408935873519, 0.9767160617709687, 0.9770543762287924, 0.9774744112788236, 0.9775635360330652, 0.9777817193359338, 0.9782602025112908, 0.9784704869944285, 0.9790571902814681, 0.9791748167411009, 0.979317105420192, 0.979254778550386, 0.9794352893511975, 0.9792579898995609, 0.9795604063416686], "Valid": []}, "eer_val": {"Train": [0.14498746867182327, 0.15025062656629146, 0.17832080200453482, 0.16954887218053888, 0.16804511278195555, 0.15426065162882366, 0.15601503759398486, 0.16604010024944887, 0.16566416040100246, 0.17030075188001004, 0.15037593984952352, 0.16541353383497992, 0.15664160401002536, 0.13095238095238085, 0.05664160401005542, 0.061027568922305805, 0.06278195488873864, 0.061779448621553934, 0.06127819548930038, 0.06115288220587854, 0.060651629072681734, 0.06090225563856218, 0.05952380952430225, 0.059147869675019366, 0.059899749373410846, 0.05902255638958272, 0.058897243108135953, 0.0590225563925339, 0.058646616540136164, 0.058897243108836726], "Valid": []}, "thres": {"Train": [-0.06481382250786431, -0.03409297764300888, -0.03621501103032781, -0.04816900193694022, -0.04291300475597387, -0.045083086937659125, -0.05821187049150466, -0.10685833543529066, -0.1250489056110382, -0.14655303955078317, -0.0841282308101608, -0.18263031542339553, -0.1565341055393223, -0.12561340630054474, -0.369284003973023, -0.2883517444133759, -0.3298034071931994, -0.3184192627668383, -0.3152377009393524, -0.316690742970227, -0.3137982904911042, -0.3133375942697976, -0.31458745896894125, -0.3090191781535269, -0.31416708230967616, -0.3165779113752658, -0.3075789511206837, -0.3189468085809769, -0.31310391425556877, -0.312471836807374], "Valid": []}, "acc_val": {"Train": [0.8550125313283208, 0.849812030075188, 0.8216791979949875, 0.8303884711779449, 0.8318922305764411, 0.8458020050125313, 0.844047619047619, 0.8338972431077695, 0.8343984962406015, 0.8301378446115288, 0.8496867167919799, 0.8347744360902256, 0.8432957393483709, 0.869110275689223, 0.9434210526315789, 0.9389097744360902, 0.9373433583959899, 0.9382205513784461, 0.9387844611528822, 0.9390977443609022, 0.9393483709273183, 0.9389724310776942, 0.9404761904761905, 0.9401629072681704, 0.9401629072681704, 0.9408521303258145, 0.9407268170426065, 0.9402882205513784, 0.9413533834586466, 0.9412907268170426], "Valid": []}, "f1_val": {"Train": [0.8550125313283208, 0.8498026192117301, 0.8216568492292267, 0.8303778432232595, 0.8318816968481735, 0.8457923428786265, 0.8440378469828936, 0.8338660149150843, 0.8343881195563632, 0.8302123128953465, 0.8496772980763205, 0.8348054876902837, 0.8432859201704368, 0.869102074064791, 0.9434175073626166, 0.9389136019046425, 0.9373512091216639, 0.9382205513784461, 0.938788296472652, 0.939113004259584, 0.9393483709273183, 0.9389571321133116, 0.9404761904761905, 0.9401216377202332, 0.9401591578419701, 0.9408373025821009, 0.9407045255108437, 0.9402470374318139, 0.941346033337511, 0.9413017603207418], "Valid": []}}