{"roc_val": {"Train": [0.764751791760102, 0.7285844781125747, 0.6991740551252819, 0.6794868986375714, 0.6865252024170702, 0.7988151770403452, 0.8372532678814832, 0.8531024538162448, 0.8539805497452905, 0.8912886696691602, 0.9239424218440839, 0.9446994758198756, 0.9452475015860454, 0.9320381153384716, 0.9441825899334804, 0.9385914896891352, 0.9436760604518815, 0.9564621688934115, 0.9531612552684969, 0.9539194791490002, 0.9539391005709764, 0.9528378119484173, 0.9578532248541153, 0.9589435838970861, 0.9580759542967694, 0.9572547440028645, 0.9578954434959579, 0.9570577760189949, 0.957320258666717, 0.9580007349200068], "Valid": []}, "eer_val": {"Train": [0.3249373433583953, 0.34185463659152915, 0.35213032581619286, 0.3649122807019748, 0.366666666665997, 0.2716791979954096, 0.22894736842105265, 0.21992481203016806, 0.21854636591478682, 0.19210526315760887, 0.1526315789459971, 0.12055137844658842, 0.1254385964912281, 0.14298245614008093, 0.12719298245725152, 0.13947368421124792, 0.12556390977487425, 0.10401002506263005, 0.11065162907268161, 0.1102756892230576, 0.11002506265561482, 0.10952380952321851, 0.10187969924796728, 0.10150375939746681, 0.1032581453645934, 0.10526315789561608, 0.10250626566415975, 0.10325814536340847, 0.10275689223117172, 0.10213032581382388], "Valid": []}, "thres": {"Train": [-0.11676307022571546, -0.04176128841936804, -0.028209250420387428, -0.006158572621647229, -0.004708312451837334, -0.09066377580172388, -0.19268278777599337, -0.23388752341270638, -0.20398399233818054, -0.22681023180477108, -0.2785377800458558, -0.22451202571421291, -0.32309991121292114, -0.3367727100848275, -0.287502288819282, -0.30972117185599823, -0.25725045800218976, -0.2741457521915431, -0.2694921493530273, -0.30070260167121887, -0.29241469502387685, -0.28836214542353517, -0.28832152485842194, -0.2848309278482418, -0.2981093525896376, -0.30038243532231307, -0.29245364665985074, -0.30470752716064453, -0.3073700964453076, -0.30137982964475885], "Valid": []}, "acc_val": {"Train": [0.675125313283208, 0.6582080200501254, 0.6479323308270677, 0.6350250626566416, 0.6333333333333333, 0.7282581453634085, 0.7709899749373433, 0.7802005012531328, 0.781516290726817, 0.8079573934837093, 0.8473684210526315, 0.8794486215538847, 0.8744987468671679, 0.8570802005012531, 0.8728070175438597, 0.8604636591478697, 0.8744360902255639, 0.8959899749373433, 0.8894110275689223, 0.8897869674185463, 0.8899749373433584, 0.8904761904761904, 0.8979949874686717, 0.8984962406015038, 0.8968045112781955, 0.8947368421052632, 0.8975563909774437, 0.8968045112781955, 0.8973057644110276, 0.8978070175438596], "Valid": []}, "f1_val": {"Train": [0.6751049564509055, 0.6581866031706247, 0.6479543888227555, 0.6350021931198697, 0.6332873793708484, 0.7282411178645278, 0.7709756250391628, 0.7802280415987972, 0.7815026004135598, 0.8079453599849614, 0.8473492918912144, 0.8794486215538846, 0.874490882887399, 0.8570712450654803, 0.8728070175438597, 0.8604549157215363, 0.8744360902255639, 0.8959769394660985, 0.8894040980011279, 0.8897800614073563, 0.8899611480135355, 0.8904624639679158, 0.8979694158937077, 0.8984835192379997, 0.8968109767558424, 0.8947368421052632, 0.8975499718027444, 0.8967980449902876, 0.8973121984838043, 0.897787804725199], "Valid": []}}