{"roc_val": {"Train": [0.9524273481322354], "Valid": []}, "eer_val": {"Train": [0.10187969924812039], "Valid": []}, "thres": {"Train": [-0.4741808138787747], "Valid": []}, "acc_val": {"Train": [0.8981203007518797], "Valid": []}, "f1_val": {"Train": [0.8981203007518797], "Valid": []}}