{"roc_val": {"Train": [0.8856213921394966, 0.8989463555505304, 0.91114591773921, 0.9209995697263207, 0.8814624751100809, 0.8646245548080729, 0.8728192976174771, 0.884752451303698, 0.8929838615963467, 0.9049424155627163, 0.902901206650712, 0.9073579468721931, 0.9109478740711427, 0.9058984789668407, 0.9124103805880616, 0.9105663673595015, 0.9124208626202097, 0.9117216757432428, 0.9133874237599011, 0.9127135979045357, 0.9122357742727747, 0.912486620687056, 0.9124965845063788, 0.912435356875899, 0.9124935537465217, 0.9124704618689581, 0.912527999195985, 0.9125249998429658, 0.9125113457201903, 0.9124868091280833], "Valid": []}, "eer_val": {"Train": [0.2033834586466635, 0.1877192982456209, 0.17280701754340883, 0.1542606516300935, 0.20112781954828574, 0.2239348370928051, 0.21328320801968403, 0.2008771929824559, 0.1895989974930026, 0.17556390977443626, 0.17556390977443573, 0.17368421052564326, 0.16578947368416927, 0.17055137844609733, 0.16491228070175437, 0.1679197994976383, 0.1642857142858841, 0.16566416040100945, 0.16378446115252332, 0.16428571428571548, 0.1645363408521226, 0.16428571428571428, 0.16428571428514555, 0.16428571428686736, 0.16428571428636055, 0.16428571428578462, 0.16416040100250626, 0.16428571428571426, 0.16441102756735357, 0.16441102756871195], "Valid": []}, "thres": {"Train": [-0.13583527505398663, -0.11458925157785502, -0.07216769456860853, -0.026670128107074063, -0.006587474606923265, -0.00913616549223725, -0.012514255009590162, -0.0274605881422758, -0.051978122442924, -0.07584012299776077, -0.11347340792417515, -0.14549730718135107, -0.17352201044559154, -0.19506905972957164, -0.20649409294128418, -0.20256957411734353, -0.21687272403927416, -0.2207100391387968, -0.22503298148500356, -0.22376354038715396, -0.22529185314972958, -0.2261900395154953, -0.22654783725705765, -0.2267866432668491, -0.22700111567986916, -0.22702933847905316, -0.22704720497131348, -0.22722168266773224, -0.22748678922635168, -0.22717763696391835], "Valid": []}, "acc_val": {"Train": [0.7965538847117795, 0.812218045112782, 0.8272556390977444, 0.8456766917293234, 0.7989348370927318, 0.7761278195488722, 0.7866541353383458, 0.7991854636591479, 0.8104010025062657, 0.8243734335839599, 0.824498746867168, 0.8263157894736842, 0.8342731829573935, 0.8295112781954888, 0.8352130325814536, 0.8321428571428572, 0.8358395989974937, 0.8342731829573935, 0.8362155388471177, 0.8357769423558897, 0.8354636591478697, 0.8357769423558897, 0.8356516290726818, 0.8356516290726818, 0.8357769423558897, 0.8356516290726818, 0.8358395989974937, 0.8357769423558897, 0.8356516290726818, 0.8355889724310777], "Valid": []}, "f1_val": {"Train": [0.7965411366626982, 0.8122062785888841, 0.8272448148380225, 0.845667021743217, 0.7989222382354785, 0.7761137915909517, 0.7866140251927055, 0.7991728805062974, 0.8103772402556711, 0.8243624287236042, 0.8244877498590137, 0.8262940218072441, 0.8342627984209536, 0.8295005952753931, 0.8351923799974935, 0.8321323391189924, 0.8358190249404687, 0.8342627984209536, 0.8362155388471176, 0.8357666520458676, 0.8354636591478696, 0.8357666520458676, 0.8356207307137932, 0.835641330910458, 0.83578723137648, 0.835641330910458, 0.8358395989974937, 0.8357666520458676, 0.835641330910458, 0.8355889724310777], "Valid": []}}