{"roc_val": {"Train": [0.778481589311625, 0.7687589195419626, 0.7727833053812476, 0.8487868245174339, 0.8899415047644172, 0.9121606805233634, 0.9304387064151608, 0.9355595363722591, 0.9412395572263993, 0.9546310246166797, 0.9438644700724242, 0.9577605982374481, 0.9657911775051664, 0.962106111142518, 0.9694581142706391, 0.9703984742558149, 0.9724213886847444, 0.9727310129961495, 0.9721054280437936, 0.9724664339419979, 0.9723380663438044, 0.9725018058931791, 0.9724277014591616, 0.9723614644380373, 0.9723925336524266, 0.972469284112537, 0.9724807319049504, 0.9723900446605235, 0.9724432321405017, 0.9725589192278944], "Valid": []}, "eer_val": {"Train": [0.30802005012531336, 0.3196741854636581, 0.30313283208020037, 0.24022556391099936, 0.1766917293233264, 0.15964912280760404, 0.13709273183049878, 0.13558897242979634, 0.12493734335839611, 0.10927318295739347, 0.11967418546365952, 0.10125313283181793, 0.09110275689207022, 0.09310776942393875, 0.08295739348355642, 0.08295739348386828, 0.07832080200524746, 0.07894736842105138, 0.07994987468753703, 0.078195488721805, 0.07907268170426135, 0.07807017543861634, 0.07869674185463653, 0.07844611528825356, 0.07869674185463671, 0.07882205513783781, 0.07807017543761519, 0.07869674185475851, 0.07807017543859662, 0.0781954887218045], "Valid": []}, "thres": {"Train": [-0.049192753930886596, -0.0013818051666021347, -0.00017104467648702362, -3.523592386053463e-05, -4.973506747774197e-06, -0.0011152373626834825, -0.0039060709532584502, -0.013033092021936987, -0.03595317900180819, -0.10362777709960937, -0.10515530407428754, -0.15270392596710278, -0.16972505301227062, -0.20059646666062717, -0.23365199565883973, -0.25932127237345093, -0.2628577798606528, -0.2752137482166285, -0.28569224476882255, -0.29617384076118536, -0.3026493489742279, -0.3060713907082926, -0.3055690824985503, -0.3056278526783205, -0.30498522520065313, -0.3052761256694738, -0.30353462695956346, -0.3033056259155533, -0.3060580790042878, -0.30358177423477173], "Valid": []}, "acc_val": {"Train": [0.6920426065162907, 0.6803884711779449, 0.6968671679197995, 0.7598370927318295, 0.8232456140350877, 0.8402882205513784, 0.8628446115288221, 0.8644736842105263, 0.875, 0.8907268170426065, 0.8802631578947369, 0.8988095238095238, 0.9088972431077694, 0.9068922305764411, 0.9171052631578948, 0.9169799498746867, 0.9216165413533834, 0.9211152882205513, 0.9201127819548872, 0.9217418546365915, 0.9208646616541354, 0.9219924812030075, 0.9213659147869674, 0.9214912280701755, 0.9212406015037594, 0.9212406015037594, 0.9218671679197995, 0.9212406015037594, 0.9218671679197995, 0.9218671679197995], "Valid": []}, "f1_val": {"Train": [0.6920233097311862, 0.6803684441381039, 0.6968671679197995, 0.7598521395902512, 0.8232345385049189, 0.840278212920609, 0.8628360172943166, 0.8644651920546401, 0.874992167429037, 0.8907268170426065, 0.8802556551162353, 0.8988031831568395, 0.9088972431077694, 0.9068922305764412, 0.9171000689266244, 0.9169747477912149, 0.9216214522899567, 0.921110345259728, 0.920117787106071, 0.9217369509367754, 0.9208597029889091, 0.9219875932075944, 0.9213609875305471, 0.9214863086659564, 0.9212356663951377, 0.9212356663951377, 0.9218524785360657, 0.9212356663951377, 0.921862272072185, 0.921862272072185], "Valid": []}}