{"roc_val": {"Train": [0.9568806257498382, 0.9648296179044101, 0.9632806326593426, 0.9769568972556705, 0.987341222731013, 0.9926968894667748, 0.9920818022499858, 0.9942286323578371, 0.9942087282743198, 0.9953966055489601, 0.994889173120772, 0.9951868078718098, 0.9968490932845899, 0.9967133686346191, 0.998055131563244, 0.9976462302372473, 0.9969344256631554, 0.9981897098636315, 0.9982983618193354, 0.9982689807224829, 0.9977741816948387, 0.9981899454149157, 0.9981997443483395, 0.9980877004541429, 0.998175592489997, 0.9981727501711674, 0.9981479073623909, 0.998217222253629, 0.9982139088322309, 0.9982298478024636], "Valid": []}, "eer_val": {"Train": [0.09235588972336027, 0.07819548872162639, 0.08082706766917297, 0.05626566416040103, 0.04486215538845478, 0.026566416038948694, 0.029949874686709194, 0.02343358395876562, 0.025062656641547932, 0.02268170426052446, 0.02506265664170778, 0.028195488721603344, 0.017167919800809187, 0.020927318295751784, 0.012531328320802046, 0.020175438596491176, 0.0179197994987458, 0.013909774435582915, 0.015914786966979455, 0.01441102756892228, 0.014035087719298274, 0.013408521303263487, 0.01328320802000264, 0.012155388470067351, 0.012781954887216418, 0.013157894737050934, 0.013157894738131004, 0.013032581453970368, 0.012907268170178569, 0.012781954887228355], "Valid": []}, "thres": {"Train": [-0.4615473449224562, -0.5260875821111851, -0.479036549727122, -0.4437552988529206, -0.4079099595546438, -0.3765602111791364, -0.3713118433952197, -0.3488883078093663, -0.3504877984521409, -0.37131750583484235, -0.3563724160197439, -0.41377928853010193, -0.39242312312490063, -0.4036186635494837, -0.3873245914777121, -0.4651057720184326, -0.4181672930717442, -0.3936967849714436, -0.413011401888686, -0.40482455492019653, -0.416246920824051, -0.4153762012720268, -0.4086842238902581, -0.40142437815239346, -0.4119235277175858, -0.41344740986887385, -0.41135671735075696, -0.41048696637196774, -0.4107117652891672, -0.4079581201076595], "Valid": []}, "acc_val": {"Train": [0.9075814536340853, 0.9218671679197995, 0.9191729323308271, 0.943734335839599, 0.9552005012531328, 0.9734335839598998, 0.9701127819548873, 0.9765664160401003, 0.975, 0.9773809523809524, 0.975, 0.9718671679197995, 0.9827694235588973, 0.9790100250626567, 0.9874686716791979, 0.9798872180451128, 0.9821428571428571, 0.9860275689223058, 0.9840852130325815, 0.9856516290726817, 0.9859022556390977, 0.9865914786967419, 0.9867167919799499, 0.9878446115288221, 0.987280701754386, 0.9869674185463659, 0.9868421052631579, 0.9870927318295739, 0.9870927318295739, 0.9871553884711779], "Valid": []}, "f1_val": {"Train": [0.9075640784608635, 0.921862272072185, 0.9191729323308271, 0.943734335839599, 0.9551976940911084, 0.9734302544178467, 0.9701109092048372, 0.9765634791327233, 0.9749984334858074, 0.9773795350585877, 0.9749984334858074, 0.9718654051005703, 0.9827683438811956, 0.9790087098189109, 0.9874686716791979, 0.9798859577667773, 0.9821417382041482, 0.9860249420317102, 0.9840832184484272, 0.9856507299956138, 0.9859013722664328, 0.9865914786967419, 0.9867167919799499, 0.987843088106279, 0.9872799047559371, 0.9869690514973062, 0.9868421052631579, 0.9870943490790628, 0.9870911141747086, 0.9871545836205277], "Valid": []}}