{"roc_val": {"Train": [0.7104420905019441, 0.7388711126186394, 0.7448652254068755, 0.7618767391536486, 0.7793831932588363, 0.8092730573300418, 0.8437785252605198, 0.8497712090376317, 0.83397787231236, 0.8732225771194905, 0.8915904579745101, 0.9168669951821911, 0.9061533140495348, 0.8975671399677136, 0.9215129144917432, 0.9293446335136086, 0.929883095897639, 0.9283448517911319, 0.9352033278685435, 0.9366681898983045, 0.9372362453753431, 0.937684161845717, 0.9383646302472973, 0.9387245054993373, 0.9390439915578419, 0.9391586736264218, 0.9391010577823005, 0.939110189320419, 0.9391769838129157, 0.9391558627144303], "Valid": []}, "eer_val": {"Train": [0.35864661654135344, 0.33483709273092105, 0.32669172932326584, 0.3107769423558897, 0.2974937343348912, 0.26616541353339507, 0.23283208020050128, 0.23032581453647905, 0.2463659147863784, 0.20639097744367135, 0.1859649122806971, 0.15438596491228718, 0.1659147869680513, 0.18032581453634097, 0.15062656641602803, 0.1369674185463661, 0.13721804511268607, 0.13934837092625493, 0.13170426065136737, 0.12907268170426298, 0.12957393483749952, 0.12819548872180475, 0.1270676691729294, 0.1276942355900197, 0.12756892230642783, 0.1269423558905949, 0.12719298245630334, 0.12781954887202593, 0.12731829573934839, 0.1275689223057644], "Valid": []}, "thres": {"Train": [-0.16608222822348276, -0.07129468768826505, -0.03766790032386609, -0.015137812588363886, -0.011158163659266942, -0.014343779534099833, -0.02107773907482624, -0.03598305210471744, -0.05999941751356549, -0.11275810748339633, -0.1607795655727368, -0.25239118933678045, -0.24607758224050194, -0.3074320852756501, -0.35337398449579344, -0.3594736754894259, -0.35029196739192786, -0.39564764499615623, -0.40008252859088533, -0.4022128880023969, -0.4143450856211371, -0.41970285773277327, -0.4194162487983679, -0.4193790256977552, -0.4182909131051976, -0.4190464615824159, -0.418897122144716, -0.41856545209877094, -0.41971874237060547, -0.4192183673381805], "Valid": []}, "acc_val": {"Train": [0.6414160401002507, 0.6651629072681704, 0.6732456140350878, 0.6892857142857143, 0.7025062656641604, 0.7338345864661654, 0.7671052631578947, 0.7696115288220552, 0.7536340852130325, 0.793546365914787, 0.8140977443609022, 0.8455513784461153, 0.8341478696741854, 0.8196115288220551, 0.8494360902255639, 0.86296992481203, 0.8628446115288221, 0.8605889724310777, 0.8681704260651629, 0.8708646616541353, 0.8704260651629072, 0.8717418546365915, 0.8729949874686717, 0.8723057644110276, 0.8725563909774436, 0.8730576441102756, 0.8728070175438597, 0.8719924812030075, 0.8726190476190476, 0.8725563909774436], "Valid": []}, "f1_val": {"Train": [0.6413935710257536, 0.6651209424739943, 0.6731841824904431, 0.6892662447521775, 0.7024689810753226, 0.7338012282240882, 0.7670906698414688, 0.7695970925496585, 0.7536032084221082, 0.7935334294128704, 0.8140860956200263, 0.8455417006078075, 0.834158260760604, 0.8196002255780438, 0.8494266558055016, 0.8629613384297262, 0.8628360172943166, 0.8605627624240145, 0.8681373777889195, 0.8708565699605239, 0.8704260651629073, 0.8717338179083903, 0.8729870292624852, 0.8723057644110276, 0.8725723593534646, 0.8730576441102756, 0.8728070175438597, 0.8719523660294579, 0.8726110658562567, 0.8725404185988218], "Valid": []}}