{"roc_val": {"Train": [0.9278300623111663, 0.9265994010716012, 0.9167338851514752, 0.8943699866835007, 0.8730830286870057, 0.8707625580241329, 0.8838563514048279, 0.8910109939636056, 0.90300038944479, 0.909503434337724, 0.9115425232881702, 0.9095745080118844, 0.9047255434953297, 0.9102632599669599, 0.9121194511969145, 0.9133091579198622, 0.9148009748682482, 0.9154101104892558, 0.9127926960257786, 0.9139231144904868], "Valid": []}, "eer_val": {"Train": [0.13934837092731922, 0.14436090225564097, 0.161779448621425, 0.18746867167966752, 0.2036340852132512, 0.2062656641604817, 0.19097744360902238, 0.17994987468589121, 0.16679197994987455, 0.15601503759398466, 0.15338345864833236, 0.15852130325841743, 0.15714285714281012, 0.15751879699162993, 0.15325814536340562, 0.15338345864661657, 0.15263157894645327, 0.1505012531328321, 0.15375939849525205, 0.1522556390977579], "Valid": []}, "thres": {"Train": [-0.1594067215919496, -0.11347725987434473, -0.06344857066869719, -0.020783482119450202, -0.0029232562519615366, -0.005161182023585303, -0.008705671876668928, -0.02382344752549871, -0.04708674550056456, -0.06071367735664047, -0.09236565977347687, -0.12604148685933114, -0.16395862773059863, -0.1847557574510383, -0.19329164922237355, -0.19510211050510406, -0.20046216249452384, -0.20938599407672884, -0.2054974436759043, -0.21372731029988182], "Valid": []}, "acc_val": {"Train": [0.8605889724310777, 0.8555764411027569, 0.8382832080200501, 0.812531328320802, 0.7963032581453634, 0.793671679197995, 0.8090852130325814, 0.8200501253132833, 0.8332706766917293, 0.8439849624060151, 0.8466165413533835, 0.8415413533834587, 0.8428571428571429, 0.8424812030075188, 0.8466791979949875, 0.8465538847117795, 0.8473057644110276, 0.8494987468671679, 0.8460526315789474, 0.8476817042606516], "Valid": []}, "f1_val": {"Train": [0.8605802368569458, 0.8555673914405665, 0.8382730747540573, 0.8125313283208019, 0.7962904943918793, 0.7936587505482798, 0.8090732502036468, 0.8200275723774908, 0.8332602293376778, 0.8439849624060151, 0.8466165413533835, 0.8415512812480421, 0.8428571428571429, 0.842461461336007, 0.8466503728771073, 0.8465442696910834, 0.8472770570909318, 0.8494987468671679, 0.8460043873393921, 0.8476721599097687], "Valid": []}}