{"roc_val": {"Train": [0.7335521212178316, 0.7223116060828764, 0.7128688576076784, 0.7069734094006948, 0.6955356828788763, 0.6953789470543527, 0.7891068994541492, 0.8708847463269703, 0.8770813861093837, 0.8797405716672634, 0.8686442060665448, 0.9007049578834303, 0.8912045228987255, 0.8932452450047424, 0.9014434582697345, 0.9068051315632439, 0.9024053633457075, 0.9084365597577905, 0.9118272262737043, 0.9116753192505072, 0.9137370289759487, 0.9140198868097562], "Valid": []}, "eer_val": {"Train": [0.34548872180451295, 0.3512531328319743, 0.35263157894832176, 0.3557644110275689, 0.36416040100250596, 0.36002506265525774, 0.2875939849623757, 0.20651629072685415, 0.1954887218060918, 0.19899749373339767, 0.2015037593970017, 0.17368421052631602, 0.1850877192982456, 0.1838345864664875, 0.17305764411026836, 0.1709273182956253, 0.17644110275658556, 0.16804511278197257, 0.16553884711781605, 0.16315789473775416, 0.16253132832175532, 0.16228070175402864], "Valid": []}, "thres": {"Train": [-0.29209214448928833, -0.16770617663856527, -0.0631448253989456, -0.01911774463951587, -0.005293879890814419, -0.0018657549517228172, -0.008728474378585465, -0.018645891919732725, -0.03101280517877835, -0.04137449339029597, -0.07908438891148906, -0.11954898387193691, -0.1456204131245613, -0.1794049988190837, -0.2433221787214254, -0.2267434895038134, -0.2347092181443627, -0.251379042863857, -0.2618345320224805, -0.2659348845487664, -0.2834528982642675, -0.2883090078828673], "Valid": []}, "acc_val": {"Train": [0.6544486215538847, 0.6488095238095238, 0.6473684210526316, 0.644298245614035, 0.6358395989974938, 0.6400375939849624, 0.712468671679198, 0.793546365914787, 0.8045112781954887, 0.8007518796992481, 0.7985588972431078, 0.8262531328320802, 0.8149749373433584, 0.8162280701754386, 0.8270050125313283, 0.8290100250626566, 0.8235588972431078, 0.8318922305764411, 0.8343984962406015, 0.8367794486215538, 0.837531328320802, 0.8377819548872181], "Valid": []}, "f1_val": {"Train": [0.6544269691083401, 0.6487875180149133, 0.6473684210526316, 0.6442759571401717, 0.6358395989974938, 0.6400150385362492, 0.7124506548029325, 0.7935593007956895, 0.8045112781954887, 0.8006769462203835, 0.7985462748292499, 0.8262422457547464, 0.8149633435678927, 0.8162165549219875, 0.8269941725672034, 0.828977878047252, 0.8235367840581528, 0.8318816968481735, 0.8343881195563632, 0.8367692211291434, 0.8375415074243467, 0.8377717902124194], "Valid": []}}