{"roc_val": {"Train": [0.8776859755906057], "Valid": []}, "eer_val": {"Train": [0.20977443609043972], "Valid": []}, "thres": {"Train": [-0.39824920892725957], "Valid": []}, "acc_val": {"Train": [0.7901629072681704], "Valid": []}, "f1_val": {"Train": [0.7901497587568144], "Valid": []}}