{"roc_val": {"Train": [0.8553970923549475], "Valid": []}, "eer_val": {"Train": [0.21716791979965472], "Valid": []}, "thres": {"Train": [-0.03079818375410921], "Valid": []}, "acc_val": {"Train": [0.7828320802005012], "Valid": []}, "f1_val": {"Train": [0.7828320802005012], "Valid": []}}