{"roc_val": {"Train": [0.8997114418251142, 0.8862185853103939, 0.8887864554870886, 0.9104432918134936, 0.9581755610831589, 0.975650639757288, 0.9747277341222732, 0.9798629248559996, 0.9844138384809141, 0.9873535656183066, 0.9882332083341184, 0.9894683607515028, 0.9930071105080998, 0.9917861696848638, 0.9934257950641012, 0.9957285601221098, 0.9951620592835473, 0.9949000948486505, 0.9960283697966721, 0.9964029591522667, 0.9963518602270086, 0.996330110991765, 0.9963872086230615, 0.99641321348484, 0.9963990332975294, 0.9964019855402918, 0.9964151450053707, 0.9963975414727294, 0.9963969290393904, 0.9964207354225162], "Valid": []}, "eer_val": {"Train": [0.17957393483650172, 0.1989974937341502, 0.19561403508777608, 0.17180451127825738, 0.104135338346138, 0.07857142857191608, 0.07681704260651474, 0.06528822055209355, 0.055388471177826956, 0.05150375939860358, 0.04335839598959708, 0.040852130325814535, 0.03609022556449086, 0.0404761904761906, 0.03295739348454071, 0.026441102756862463, 0.028070175439316867, 0.030701754385174425, 0.025563909775079594, 0.02468671679201035, 0.024686716791980007, 0.02493734335842501, 0.024937343358330952, 0.025313283206507716, 0.025062656642534622, 0.02531328320802091, 0.0250626566400261, 0.02481203007593222, 0.02506265664160395, 0.025062656641603974], "Valid": []}, "thres": {"Train": [-0.04497243836520191, -0.02503098174929143, -0.010911338962614696, -0.002417449373752068, -0.001707833609545529, -0.006863149814333918, -0.01311054080724712, -0.03664888814097087, -0.0753614231943733, -0.1361581385136541, -0.20035609602920001, -0.3016878813505173, -0.33598577976244687, -0.44711872935295127, -0.4143314361574145, -0.3451884090899086, -0.34224522113891537, -0.3420982956879785, -0.3617039620882298, -0.37078455090524687, -0.3820152282714845, -0.3896294832230761, -0.3909734487532331, -0.39461013674402523, -0.3950723111676393, -0.39599794149398826, -0.39650964736773225, -0.3973115980653655, -0.39683941006660434, -0.39671975374221796], "Valid": []}, "acc_val": {"Train": [0.8204887218045113, 0.8010651629072681, 0.8043233082706767, 0.8281328320802005, 0.8958646616541354, 0.9213659147869674, 0.9231829573934837, 0.9346491228070175, 0.9446741854636591, 0.9484335839598997, 0.9567042606516291, 0.9591478696741854, 0.9639097744360903, 0.9595238095238096, 0.9670426065162907, 0.9736215538847118, 0.9719298245614035, 0.9693609022556391, 0.9744360902255639, 0.975250626566416, 0.975250626566416, 0.975, 0.9751253132832081, 0.9747493734335839, 0.974937343358396, 0.974624060150376, 0.974874686716792, 0.9751253132832081, 0.975, 0.974937343358396], "Valid": []}, "f1_val": {"Train": [0.8204774735259103, 0.8010526975374397, 0.8043110470580863, 0.8281220627858888, 0.8958646616541354, 0.9213609875305471, 0.9231829573934837, 0.9346450278839525, 0.9446707187167116, 0.9484303527789961, 0.9567015477160222, 0.9591478696741854, 0.9639097744360903, 0.9595238095238096, 0.9670426065162907, 0.973619900996303, 0.9719298245614035, 0.9693589823923804, 0.9744360902255639, 0.9752490757566263, 0.9752490757566263, 0.9749984334858074, 0.9751237546212168, 0.9747477912149883, 0.974937343358396, 0.9746224700795788, 0.9748699630256314, 0.9751237546212168, 0.9749984334858074, 0.974937343358396], "Valid": []}}