{"roc_val": {"Train": [0.8997108686503226, 0.8866172480072362, 0.8886463024729743, 0.9184179355029176, 0.9728278873876421, 0.9763889988128216, 0.970185567301713, 0.9815028328967783, 0.9784837249766019, 0.9897171735730302, 0.9883994839856534, 0.9903230193277681, 0.9900171324300728, 0.9895739034302548, 0.9909136249144164, 0.9946541400493716, 0.9946574927293171, 0.994930025565166, 0.9955825968429847, 0.9958826106619932, 0.9957919548244043, 0.9957658086318553, 0.9958922996714845, 0.9958825478483175, 0.9958373062983272, 0.9958670642772345, 0.995858199697238, 0.9958586315412591, 0.9958486127599702, 0.9958769181726245], "Valid": []}, "eer_val": {"Train": [0.17944862155390365, 0.1982456140336208, 0.19473684210492, 0.16077694235522313, 0.07982456140339379, 0.07443609022551397, 0.08784461152928513, 0.05689223057638379, 0.06779448621467188, 0.04749373433584034, 0.042606516291202094, 0.03909774436144174, 0.04411027568926365, 0.0471177944862186, 0.040225563909861616, 0.029197994987468535, 0.029323308271035964, 0.031453634085217286, 0.028070175438341612, 0.025939849624116308, 0.026566416040323133, 0.027192982456167525, 0.02606516290587904, 0.026566416040769487, 0.02656641604010104, 0.02644110275788265, 0.026315789472815727, 0.026441102756705005, 0.026441102756892133, 0.02619047619047727], "Valid": []}, "thres": {"Train": [-0.04497067257762073, -0.024942550808164633, -0.010892983991643465, -0.002266926225273473, -0.0018932012608259172, -0.007666726130992162, -0.01685941033066524, -0.05020188912747443, -0.09198558330514162, -0.16972360759973576, -0.25404772162438827, -0.3288020193582024, -0.2527821958065247, -0.35322087407112346, -0.3417037427425706, -0.3221646547317504, -0.3429993689061986, -0.35799339413645515, -0.36214876174903105, -0.37206211686138774, -0.3722276091578447, -0.3784538507462025, -0.3822431862344627, -0.3841857314117008, -0.3837006092071534, -0.38321882486583464, -0.385395824907323, -0.38537770509668634, -0.38488984107971186, -0.3852974772453356], "Valid": []}, "acc_val": {"Train": [0.8204887218045113, 0.8017543859649123, 0.8053258145363409, 0.8392230576441103, 0.9201127819548872, 0.9256265664160401, 0.9121553884711779, 0.9431704260651629, 0.9322055137844611, 0.9525689223057644, 0.9573308270676691, 0.9609022556390977, 0.9558270676691729, 0.9530075187969925, 0.9598997493734336, 0.9708646616541353, 0.9706766917293234, 0.968483709273183, 0.9719924812030075, 0.9741228070175438, 0.9733709273182958, 0.9728696741854637, 0.9738095238095238, 0.9735588972431077, 0.9733709273182958, 0.9735588972431077, 0.9736842105263158, 0.9736215538847118, 0.9736215538847118, 0.9737468671679198], "Valid": []}, "f1_val": {"Train": [0.8204774735259103, 0.8017295400426118, 0.8053136161413621, 0.8392029076325355, 0.9200977627373566, 0.9256219061344696, 0.9121553884711779, 0.9431668650917978, 0.9321970171700715, 0.9525659502475092, 0.9573281533930698, 0.9609022556390977, 0.9558242997681559, 0.9530016292768517, 0.959904773837865, 0.9708628360172943, 0.9706766917293234, 0.9684817344445141, 0.9719907262359797, 0.9741244282939665, 0.9733692587254841, 0.9728679741838462, 0.9738029581348709, 0.9735622102493421, 0.9733692587254841, 0.9735588972431077, 0.9736809123950371, 0.973619900996303, 0.973619900996303, 0.9737452221317126], "Valid": []}}