{"roc_val": {"Train": [0.8784343063171713, 0.8827909607979849, 0.8837968904089798, 0.8811027411888116, 0.8733727881734411, 0.8792188569795416, 0.8999902560285424, 0.947961083787162, 0.9358280569845667, 0.9496943250984603, 0.957137572942381, 0.960648488388892, 0.9676437648004723, 0.9746045172454948, 0.9808022405638155, 0.9832088680347485, 0.983274743877237, 0.9840575828669418, 0.985851109603583, 0.9871992873788482, 0.9882930540637307, 0.9872544377861948, 0.9874414576541604, 0.9863006199709801, 0.9876741038058806, 0.9892427968417283, 0.9885666547320683, 0.9891591761358283, 0.9896554591365632, 0.9891747068171682], "Valid": []}, "eer_val": {"Train": [0.20889724310727056, 0.20501253132822567, 0.2065162907272008, 0.20375939849624222, 0.2119047619047588, 0.20726817042606513, 0.18358395989975046, 0.1239348370917533, 0.1325814536340827, 0.11190476190474082, 0.09824561403653653, 0.09097744360915566, 0.08070175438597856, 0.07067669172841327, 0.05676691729323362, 0.05338345864669434, 0.05125313283260245, 0.0482456140355465, 0.047243107769417106, 0.04511278195377319, 0.03959899749315885, 0.03984962405972773, 0.0378446115285245, 0.041604010025062685, 0.03884711779476289, 0.034837092731636356, 0.03634085213128925, 0.035714285714285705, 0.03370927318186072, 0.0355889724306561], "Valid": []}, "thres": {"Train": [-0.39776486158352153, -0.2600357234477787, -0.2096174657344877, -0.1741673598686859, -0.15000029653310717, -0.12597791552543638, -0.11179191619157816, -0.08406740427004261, -0.18195052444934842, -0.2101151347160282, -0.2506245672708193, -0.2820807695390149, -0.26552335705076296, -0.3009092509745017, -0.28981202840805087, -0.28800949454310887, -0.3176685273652329, -0.30221816897489506, -0.31098958849903846, -0.2715630531303079, -0.29932236671387613, -0.31594070792107243, -0.3215066492550524, -0.3241193890571594, -0.3274033069611992, -0.3211904764174978, -0.317976444960892, -0.3065939396619797, -0.319079786539017, -0.3138510584829487], "Valid": []}, "acc_val": {"Train": [0.7911654135338346, 0.7949874686716792, 0.7934837092731829, 0.7962406015037594, 0.7881578947368421, 0.7927944862155388, 0.8163533834586466, 0.8761278195488722, 0.8674185463659148, 0.8879699248120301, 0.9016917293233083, 0.9090225563909774, 0.919360902255639, 0.9293233082706767, 0.9431704260651629, 0.9465538847117795, 0.9488721804511279, 0.9518170426065163, 0.9528195488721805, 0.9549498746867168, 0.9604010025062657, 0.9601503759398496, 0.962155388471178, 0.9583333333333334, 0.9611528822055138, 0.9651629072681704, 0.9636591478696742, 0.9643483709273183, 0.9661027568922306, 0.9642857142857143], "Valid": []}, "f1_val": {"Train": [0.7911523278400902, 0.7949617746584785, 0.7934837092731829, 0.7962406015037595, 0.7881446205902626, 0.7927815026004136, 0.816341876057397, 0.8761200576477224, 0.8674019300664244, 0.8879418400601655, 0.9016855692712575, 0.9090225563909774, 0.9193558493639952, 0.929314450432385, 0.9431668650917978, 0.946550535747854, 0.9488785866432777, 0.9518200613996617, 0.9528165925183281, 0.9549470518202895, 0.9603960396039604, 0.9601453816267702, 0.9621506454442913, 0.9583307224763457, 0.9611528822055138, 0.9651585411705728, 0.9636591478696742, 0.964346136976001, 0.9660921341272329, 0.9642767610930058], "Valid": []}}