{"roc_val": {"Train": [0.7863282344332009, 0.7457979142718952, 0.7231835462716942, 0.712390500059673, 0.7152139355280431, 0.722215579676007, 0.7671427786257623, 0.8522815340355901, 0.8654858716339723, 0.8850453122153755, 0.8869082402120589, 0.8884053335092117, 0.8951669116400022, 0.8931645215796382, 0.902740395788971, 0.9023034638601515, 0.9027304005628105, 0.9122178723751736, 0.9151085734386091, 0.91458218698375, 0.9182238333930063, 0.9178612807080359, 0.9191618771238875, 0.919153059654148, 0.9193694606189661, 0.9195489821043837, 0.9195406671440506, 0.9196201971093145, 0.9195170256468237, 0.9196224112913862], "Valid": []}, "eer_val": {"Train": [0.2996240601503733, 0.3243107769427921, 0.33959899749373507, 0.3505012531336069, 0.36090225563909434, 0.33909774436134893, 0.30977443608991295, 0.2286967418546365, 0.2080200501253083, 0.18571428571490262, 0.18433583959768193, 0.18558897243068895, 0.17393483709274882, 0.17794486215618166, 0.16729323308265037, 0.1662907268170423, 0.16779448621412119, 0.1572681704246407, 0.15614035087719302, 0.1570175438596492, 0.15275689223147934, 0.15238095238095242, 0.15025062656641605, 0.14987468671670334, 0.14987468671757317, 0.15025062656536312, 0.14987468671680965, 0.1498746867167911, 0.14962406015079013, 0.14937343358341412], "Valid": []}, "thres": {"Train": [-0.2208410054445265, -0.08988818526277002, -0.02964375726878651, -0.008692539297063238, -0.0017613801173865659, -0.0013489228440478442, -0.006166397128248432, -0.012234175577759741, -0.03252800181508006, -0.04705898463727642, -0.08726635575269331, -0.13311623036839698, -0.16150552034379073, -0.19770124554696403, -0.2557455599308011, -0.22864693403243996, -0.23554849624513627, -0.24214181303912702, -0.25290217995643616, -0.2726861238479614, -0.2848978340626341, -0.2943279445171356, -0.298051655292511, -0.3023903965949557, -0.3049090206625147, -0.30633324384672356, -0.30616208910943304, -0.30636581778526295, -0.30662465095522323, -0.3068059384822687], "Valid": []}, "acc_val": {"Train": [0.7004385964912281, 0.6756892230576441, 0.6603383458646617, 0.6494987468671679, 0.6391604010025063, 0.6609022556390978, 0.6902255639097744, 0.7713659147869674, 0.7920426065162908, 0.8142230576441103, 0.8156641604010025, 0.8143483709273183, 0.8260651629072682, 0.8220551378446115, 0.8327694235588973, 0.8337719298245614, 0.8321428571428572, 0.8427318295739349, 0.843796992481203, 0.8430451127819549, 0.8473057644110276, 0.8475563909774436, 0.849812030075188, 0.850187969924812, 0.850062656641604, 0.849812030075188, 0.8501253132832081, 0.850187969924812, 0.8504385964912281, 0.8505639097744361], "Valid": []}, "f1_val": {"Train": [0.7004198258036218, 0.6756892230576441, 0.660317062472586, 0.6494987468671679, 0.6391377905883827, 0.6609022556390978, 0.6901867401930067, 0.7713515884453912, 0.7920295757879566, 0.8142114167554357, 0.8156410577766637, 0.8143134674437552, 0.8260651629072682, 0.8220551378446115, 0.8327589447960398, 0.8337615138793157, 0.8321112991163753, 0.8427121193131971, 0.8437872047120746, 0.8430352778996177, 0.847315331119604, 0.8475468387743593, 0.8498026192117301, 0.8501785826179584, 0.850053261482549, 0.8498026192117301, 0.8501253132832082, 0.8501785826179584, 0.850447966919366, 0.85053581500282], "Valid": []}}