{"roc_val": {"Train": [0.9495194753801798], "Valid": []}, "eer_val": {"Train": [0.1112781954887222], "Valid": []}, "thres": {"Train": [-0.4428274631500245], "Valid": []}, "acc_val": {"Train": [0.8886591478696741], "Valid": []}, "f1_val": {"Train": [0.8886521711886709], "Valid": []}}