{"roc_val": {"Train": [0.6784132951426184, 0.6796923464676731, 0.67035270664129, 0.6554630702696591, 0.8047661368333113, 0.7577738990332975, 0.8547011168271555, 0.8485587323572088, 0.8554191949171173, 0.8863772055451913, 0.8649478803525104, 0.882089968027839, 0.9023643067568672, 0.9012832127310757, 0.9070632094019511, 0.9129887061010923, 0.9148410656968236, 0.9152440625372956, 0.9156054924278114, 0.915474541617201, 0.9153899237441976, 0.9155096701653882, 0.9155449714511844, 0.9156151971407215, 0.9156603837287456, 0.9158010314005566, 0.9157315280682912, 0.9157921746722695, 0.915819718469105, 0.9158014004309019], "Valid": []}, "eer_val": {"Train": [0.38045112781946094, 0.3817042606516248, 0.38170426065149665, 0.3860902255639115, 0.2684210526309864, 0.31253132832080155, 0.22243107769546525, 0.22832080200629332, 0.2155388471177945, 0.1880952380951993, 0.2142857142852813, 0.191353383458523, 0.16716791979891013, 0.16791979949910374, 0.1642857142857143, 0.1538847117795347, 0.1521303258153196, 0.15150375939839353, 0.1511278195488691, 0.1505012531328296, 0.15125313283170616, 0.15062656641732938, 0.15075187969924805, 0.150626566416626, 0.151002506265069, 0.1507518796997982, 0.15025062656663862, 0.1508771929815467, 0.1506265664160399, 0.15062656641604458], "Valid": []}, "thres": {"Train": [-0.12590833008287264, -0.006056578829884521, -0.000852554570883413, -6.20875944150612e-05, -6.625908099521398e-06, -0.0014495131326839321, -0.005021665710960711, -0.02145553939050068, -0.04034724459052086, -0.10135195404290633, -0.11003015190358814, -0.20577570796005998, -0.20516628026954645, -0.25742542743683117, -0.2728200852870941, -0.27381232380868004, -0.29231074452429046, -0.3015107512473452, -0.3111106455326051, -0.3129276732603703, -0.3132044076916776, -0.3164829313775392, -0.31739442050456995, -0.3171846568586051, -0.31711181998250987, -0.31913399696353734, -0.31915184855461765, -0.3200713992116796, -0.32027280330657953, -0.31891879439354054], "Valid": []}, "acc_val": {"Train": [0.6196115288220552, 0.6182330827067669, 0.6183583959899749, 0.6138471177944862, 0.731516290726817, 0.687531328320802, 0.7775062656641604, 0.7716165413533834, 0.7843984962406015, 0.8119047619047619, 0.7857769423558897, 0.8087092731829574, 0.8327067669172933, 0.8320802005012531, 0.8356516290726818, 0.8461779448621554, 0.8479323308270676, 0.8484962406015037, 0.8489348370927319, 0.8494987468671679, 0.8486842105263158, 0.8493107769423559, 0.8492481203007519, 0.8493734335839599, 0.8489974937343359, 0.8492481203007519, 0.8497493734335839, 0.8491228070175438, 0.8494360902255639, 0.8493734335839599], "Valid": []}, "f1_val": {"Train": [0.6195876934645028, 0.6181613085166384, 0.6183344821104079, 0.6138229212356664, 0.7314658143761359, 0.6875117488564447, 0.7774923240804562, 0.7716022307162103, 0.784384986527978, 0.8119047619047619, 0.7857635190174823, 0.8086972867974184, 0.8326648282777639, 0.8320802005012531, 0.835641330910458, 0.8461875822316897, 0.8479418582795564, 0.84847725278857, 0.8489253712638636, 0.8494987468671679, 0.8486557623613461, 0.8493013346700922, 0.8492481203007519, 0.8493734335839599, 0.8489785687429502, 0.8492481203007519, 0.8497493734335838, 0.8491038977315453, 0.8494266558055016, 0.8493734335839599], "Valid": []}}