{"optimizer_name": [{"best_val_loss": {"param": "Adam", "value": 0.2523669898509979}, "best_roc_val": {"param": "RMSprop", "value": 0.8613155911115703}, "best_eer_val": {"param": "RMSprop", "value": 0.21018881368006045}, "best_thres": {"param": "Adadelta", "value": -0.5119590759274066}, "best_acc_val": {"param": "RMSprop", "value": 0.789895036470379}, "best_f1_val": {"param": "RMSprop", "value": 0.7896705253784506}}], "batch_size": [{"best_val_loss": {"param": 128, "value": 0.2914934754371643}, "best_roc_val": {"param": 32, "value": 0.8434722159977254}, "best_eer_val": {"param": 32, "value": 0.23525230987868656}, "best_thres": {"param": 64, "value": -0.4269641896435609}, "best_acc_val": {"param": 32, "value": 0.7648105319338196}, "best_f1_val": {"param": 32, "value": 0.764517278232989}}], "contrastive_loss_margin": [{"best_val_loss": {"param": 0.5, "value": 0.12024390697479248}, "best_roc_val": {"param": 1.5, "value": 0.8910734130254625}, "best_eer_val": {"param": 1.5, "value": 0.1826581378827529}, "best_thres": {"param": 1.4, "value": -0.6550909876830887}, "best_acc_val": {"param": 1.5, "value": 0.8180039138943248}, "best_f1_val": {"param": 1.5, "value": 0.817939135077416}}], "kernels_init_streams": [{"best_val_loss": {"param": "glorot_uniform", "value": 0.4682164192199707}, "best_roc_val": {"param": "he_normal", "value": 0.907339352907203}, "best_eer_val": {"param": "he_normal", "value": 0.16488983653190203}, "best_thres": {"param": "lecun_normal", "value": -0.7452145218833587}, "best_acc_val": {"param": "he_normal", "value": 0.8352606297811778}, "best_f1_val": {"param": "he_normal", "value": 0.8351139601139601}}, {"best_val_loss": {"param": "normal", "value": 0.4864770472049713}, "best_roc_val": {"param": "normal", "value": 0.9102567218870278}, "best_eer_val": {"param": "normal", "value": 0.15710723192067974}, "best_thres": {"param": "lecun_normal", "value": -0.7200493216510926}, "best_acc_val": {"param": "normal", "value": 0.8427326098558975}, "best_f1_val": {"param": "normal", "value": 0.8425925925925926}}, {"best_val_loss": {"param": "orthogonal", "value": 0.4782724380493164}, "best_roc_val": {"param": "glorot_uniform", "value": 0.9012062188928126}, "best_eer_val": {"param": "lecun_uniform", "value": 0.16631130063831875}, "best_thres": {"param": "uniform", "value": -0.7314079173113642}, "best_acc_val": {"param": "lecun_uniform", "value": 0.8338373954812311}, "best_f1_val": {"param": "lecun_uniform", "value": 0.8336302101888137}}], "dense_kernel_inits": [{"best_val_loss": {"param": "he_uniform", "value": 0.47550633549690247}, "best_roc_val": {"param": "he_uniform", "value": 0.9096585371782241}, "best_eer_val": {"param": "lecun_uniform", "value": 0.1563947274666309}, "best_thres": {"param": "normal", "value": -0.6932362212999987}, "best_acc_val": {"param": "lecun_uniform", "value": 0.8436221312933642}, "best_f1_val": {"param": "lecun_uniform", "value": 0.8434550311665182}}], "filters_streams": [{"best_val_loss": {"param": 256, "value": 0.5166394114494324}, "best_roc_val": {"param": 256, "value": 0.9047950739457581}, "best_eer_val": {"param": 256, "value": 0.15817598859992874}, "best_thres": {"param": 256, "value": -0.7273785889594632}, "best_acc_val": {"param": 256, "value": 0.8418430884184309}, "best_f1_val": {"param": 256, "value": 0.8416740872662511}}, {"best_val_loss": {"param": 64, "value": 0.5290399789810181}, "best_roc_val": {"param": 8, "value": 0.9095232018441053}, "best_eer_val": {"param": 8, "value": 0.16494478090488063}, "best_thres": {"param": 16, "value": -0.7260692715656564}, "best_acc_val": {"param": 8, "value": 0.8350827254936845}, "best_f1_val": {"param": 8, "value": 0.8349065004452361}}, {"best_val_loss": {"param": 32, "value": 0.4869332015514374}, "best_roc_val": {"param": 128, "value": 0.908631431878219}, "best_eer_val": {"param": 128, "value": 0.16138225863911787}, "best_thres": {"param": 64, "value": -0.6018263101586364}, "best_acc_val": {"param": 128, "value": 0.8386408112435509}, "best_f1_val": {"param": 128, "value": 0.8384683882457703}}], "kernels_streams": [{"best_val_loss": {"param": 7, "value": 0.47143158316612244}, "best_roc_val": {"param": 7, "value": 0.9106613352900619}, "best_eer_val": {"param": 7, "value": 0.1570717839364292}, "best_thres": {"param": 9, "value": -0.6315732598308818}, "best_acc_val": {"param": 7, "value": 0.8430884184308842}, "best_f1_val": {"param": 7, "value": 0.8428927680798006}}, {"best_val_loss": {"param": 7, "value": 0.463722825050354}, "best_roc_val": {"param": 5, "value": 0.9168333354855324}, "best_eer_val": {"param": 5, "value": 0.15316275763976342}, "best_thres": {"param": 5, "value": -0.6842205524441907}, "best_acc_val": {"param": 5, "value": 0.8470023127557375}, "best_f1_val": {"param": 5, "value": 0.8468115425721411}}, {"best_val_loss": {"param": 9, "value": 0.5154860615730286}, "best_roc_val": {"param": 7, "value": 0.8963692150474661}, "best_eer_val": {"param": 9, "value": 0.18240114000725824}, "best_thres": {"param": 5, "value": -0.6866227388385355}, "best_acc_val": {"param": 9, "value": 0.8176481053193382}, "best_f1_val": {"param": 9, "value": 0.8174532502226179}}], "dense_layers": [{"best_val_loss": {"param": 84, "value": 0.5344499945640564}, "best_roc_val": {"param": 128, "value": 0.8775814043933723}, "best_eer_val": {"param": 32, "value": 0.19936034115105888}, "best_thres": {"param": 16, "value": -0.6934306025491237}, "best_acc_val": {"param": 32, "value": 0.8005692937199786}, "best_f1_val": {"param": 32, "value": 0.800285052556565}}]}