{"roc_val": {"Train": [0.8260468056105176, 0.8931707008749944, 0.8899944645448208, 0.891267367981357, 0.8938964736402409, 0.9039509802074108, 0.9115571510229206, 0.9343765428609118, 0.9220923863543571, 0.9426681208032612, 0.9367757033561347, 0.9333925587778971, 0.9413688356228918, 0.9546506381869462, 0.9498625165671071, 0.9553131732840874, 0.9638699741207657, 0.9640915415104176, 0.9652006425839034, 0.970366651277316, 0.9743776970622043, 0.9767119474752043, 0.9759080737558181, 0.9762958853901671, 0.9768412886853725, 0.9770666641541197, 0.9770802947217669, 0.9770929202706012, 0.9769940672483213, 0.9770157536698889], "Valid": []}, "eer_val": {"Train": [0.2682957393483709, 0.1820802005007627, 0.18558897243089045, 0.18145363408572593, 0.185964912280347, 0.16867167919603612, 0.1586466165413534, 0.12807017543860597, 0.14511278195576144, 0.11804511278230893, 0.13032581453550068, 0.12080200501260563, 0.11516290726863647, 0.09799498747006423, 0.10789473684177309, 0.08822055137844614, 0.07656641603978881, 0.07606516290719403, 0.0759398496251017, 0.072807017544091, 0.06654135338345492, 0.06265664160418855, 0.06378446115270656, 0.0629072681704258, 0.062406015037593784, 0.06203007518719396, 0.06215538847037331, 0.06203007518797324, 0.062030075189154835, 0.062155388471302676], "Valid": []}, "thres": {"Train": [-0.04759155586361885, -0.013747703284018184, -0.012542846612630831, -0.00947730056941918, -0.007768743671474285, -0.009334209375042495, -0.010414497926831245, -0.030480420216918224, -0.014437823556385232, -0.02216340415179868, -0.028564438223821903, -0.03665710985661723, -0.06470504403138792, -0.1983682066205648, -0.20199099183080194, -0.24246725440025332, -0.24462805688347494, -0.2744975090025502, -0.3486467301856353, -0.3843265771869143, -0.37257444858550587, -0.3807784318931754, -0.39602252840885627, -0.39544710516929593, -0.39718469977378734, -0.39513713121347527, -0.3940773904290907, -0.3931275010109048, -0.3936644792580169, -0.39247988164434816], "Valid": []}, "acc_val": {"Train": [0.7317042606516291, 0.8179824561403509, 0.8144110275689223, 0.818546365914787, 0.8139724310776942, 0.831390977443609, 0.8413533834586466, 0.8719298245614036, 0.8548872180451128, 0.8818922305764411, 0.8696741854636592, 0.8791979949874686, 0.8847744360902255, 0.9020050125313284, 0.8921052631578947, 0.9117167919799499, 0.9234335839598997, 0.9238095238095239, 0.9240601503759398, 0.9272556390977443, 0.9335213032581454, 0.9373433583959899, 0.9362155388471178, 0.937155388471178, 0.9376566416040101, 0.9380325814536341, 0.9377192982456141, 0.937907268170426, 0.937907268170426, 0.937844611528822], "Valid": []}, "f1_val": {"Train": [0.7317042606516291, 0.8179710508177204, 0.8143877678907132, 0.818546365914787, 0.8139374569154603, 0.8313804123065355, 0.8413335004386514, 0.8719298245614036, 0.8548872180451128, 0.8818848298765587, 0.8696578518611354, 0.8791979949874686, 0.884767215990977, 0.9020050125313284, 0.8920917408196516, 0.9117112601040166, 0.9234239879684171, 0.923790423665079, 0.9240601503759398, 0.9272601967295283, 0.9335171376652673, 0.9373433583959899, 0.9362075448051135, 0.9371514505921424, 0.9376527351337802, 0.9380286985400088, 0.9377036851341188, 0.9379033774045994, 0.9379033774045994, 0.937844611528822], "Valid": []}}