{"roc_val": {"Train": [0.7526660401002506, 0.774828141783029, 0.7828766936137336, 0.7868894667747062, 0.7652741424362912, 0.7587540671855076, 0.7570952286731868, 0.7567367353220144, 0.7680096858688074, 0.7842071736358441, 0.7984217278785937, 0.7986212869265896, 0.8137442761037933, 0.8168321571472541, 0.8082588755723896, 0.8258638921866068, 0.8154711182718701, 0.8263556604543942, 0.8298442927494174, 0.8313483112543262, 0.8409649044289922, 0.8427700752507836, 0.8426003055885326], "Valid": []}, "eer_val": {"Train": [0.3235588972431965, 0.3028822055124573, 0.2922305764411028, 0.2879699248119279, 0.30112781954887174, 0.311654135338349, 0.3151629072681704, 0.3134085213037742, 0.3010025062656641, 0.2885964912280841, 0.27669172932330793, 0.27769423558897055, 0.26453634085214434, 0.2611528822058783, 0.26666666666668193, 0.25125313283285833, 0.2616541353379397, 0.2516290726820568, 0.24273182957368433, 0.2418546365911757, 0.2328320802005079, 0.22882205513741066, 0.23082706767012767], "Valid": []}, "thres": {"Train": [-0.22809298336507017, -0.19950713217251256, -0.15109491348266602, -0.08898305147886046, -0.03249396383762359, -0.013132091611623885, -0.023016268853098154, -0.03644801676275574, -0.061729432394107185, -0.08571711927652431, -0.11858857423067089, -0.14606684446334822, -0.17477130889892703, -0.19321803748615288, -0.2195900291204477, -0.21583294868474226, -0.19391624629483262, -0.20866119861612034, -0.21372483670706954, -0.21316052973257327, -0.2137599766254444, -0.20017142593856133, -0.20098412036921648], "Valid": []}, "acc_val": {"Train": [0.6765664160401003, 0.6971177944862156, 0.7078320802005013, 0.7120927318295739, 0.6989348370927319, 0.6882832080200502, 0.6848370927318296, 0.6866541353383459, 0.6989974937343358, 0.7113408521303258, 0.7233709273182958, 0.7223684210526315, 0.7354010025062656, 0.7389097744360902, 0.7332706766917293, 0.7486842105263158, 0.7384085213032582, 0.7483709273182957, 0.7573308270676692, 0.7581453634085213, 0.7671052631578947, 0.7711779448621554, 0.7691729323308271], "Valid": []}, "f1_val": {"Train": [0.6766069414860294, 0.697079834565735, 0.7078137727927815, 0.712074691396704, 0.6989159721787079, 0.6882636756689016, 0.6848370927318296, 0.6866737673078128, 0.6989974937343358, 0.7113227645842473, 0.7233535935835579, 0.7223510245002821, 0.7353844225828686, 0.7389261324478417, 0.7332873880082701, 0.7486684629362742, 0.7383921298326962, 0.7483709273182957, 0.7573156212795288, 0.7581453634085213, 0.7671198546456989, 0.7711492668254167, 0.7691729323308272], "Valid": []}}