{"roc_val": {"Train": [0.6884971828066406, 0.6829822205890667, 0.6723347529224063, 0.6813810607345432, 0.6762154995885704, 0.6663914799530155, 0.676455337906169, 0.7571630752947532, 0.7998261788556604, 0.8199213572779066, 0.8445728827080232, 0.8576556993988731, 0.8603648689392654, 0.855212922657521, 0.8699521516824642, 0.8743753258459432, 0.870158792972406, 0.859544647960754, 0.8824564779743845, 0.8845867095684072, 0.8853359432415626, 0.8842522817067734, 0.8873787224954618, 0.8894649374061722, 0.8910010615511209, 0.8908759288572308, 0.8907046830735987, 0.8907166019685806, 0.8907577606296442, 0.8907413270017148], "Valid": []}, "eer_val": {"Train": [0.36867167919863436, 0.373308270677974, 0.38295739348386904, 0.37593984962354143, 0.38007518797040907, 0.3874686716791979, 0.3770676691719145, 0.31040100250625896, 0.2783208020052292, 0.251754385964912, 0.230451127819551, 0.21892230576531252, 0.21729323308269027, 0.22067669173002533, 0.20651629072655828, 0.20313283207881447, 0.20576441102697174, 0.22180451127922585, 0.19523809523809305, 0.19147869674178813, 0.1912280701750879, 0.1894736842105257, 0.18834586466206255, 0.18558897243009884, 0.1848370927318223, 0.18446115288221165, 0.18458646616541266, 0.18370927318295746, 0.18383458646558637, 0.1843358395984282], "Valid": []}, "thres": {"Train": [-0.3635802865029753, -0.21561989188255912, -0.10464326292277694, -0.044968474656335564, -0.020515346899650174, -0.006970725487917661, -0.012681784108274509, -0.023092845454811762, -0.03920229524374955, -0.054710064083337756, -0.07932100445032131, -0.11569799482828717, -0.12879528105258847, -0.19267399609091326, -0.23456248641011845, -0.20920617878335368, -0.23431062698348842, -0.2641235291959252, -0.2644703090190878, -0.25216066837308204, -0.25728532671914106, -0.266891449689865, -0.28166881203668814, -0.28516024351074404, -0.29190531373023976, -0.2995914518833192, -0.30430868268012956, -0.3068054914474488, -0.3083141446109765, -0.3088997304439389], "Valid": []}, "acc_val": {"Train": [0.6313909774436091, 0.6266290726817043, 0.6171052631578947, 0.6240601503759399, 0.6199248120300752, 0.612593984962406, 0.6229949874686717, 0.6896616541353383, 0.7216791979949875, 0.7483082706766917, 0.7694862155388471, 0.7810776942355889, 0.7827694235588972, 0.7792606516290727, 0.7934837092731829, 0.7968671679197995, 0.7942355889724311, 0.7781328320802005, 0.8048245614035088, 0.8085213032581454, 0.8088345864661655, 0.8105889724310777, 0.8115914786967419, 0.8144110275689223, 0.8151629072681704, 0.8154761904761905, 0.8154761904761905, 0.8162280701754386, 0.8161027568922306, 0.8156015037593985], "Valid": []}, "f1_val": {"Train": [0.6314140718000125, 0.626605677047434, 0.6171292525530981, 0.6240130342148139, 0.6199248120300752, 0.6125697098815716, 0.6229713641205589, 0.6896422081584059, 0.7216791979949876, 0.7482924995300458, 0.769471771414249, 0.7810776942355889, 0.7827558117676545, 0.7792468199761889, 0.7934578267953377, 0.7968417094874045, 0.7942098007269082, 0.7781189297575036, 0.8048123315997243, 0.8084973054267452, 0.8088226079328278, 0.8105771038285606, 0.8115796729118367, 0.8143877678907132, 0.8151397418222835, 0.8154646281095306, 0.8154646281095306, 0.8162165549219875, 0.8160681832424642, 0.8155668358714043], "Valid": []}}