{"roc_val": {"Train": [0.7959062286040917, 0.7273950461994587, 0.7052405920817081, 0.8894557352026683, 0.8939933872902809, 0.9222760770975057, 0.9305334137348384, 0.9440560517835943, 0.9473970797922123, 0.9535093529563258, 0.9570540071984472, 0.9572725359765328, 0.9588947933744134, 0.9605802256267235, 0.9601955860830019, 0.960467325896194, 0.9605474211845404, 0.9605865148460123, 0.9604816788211129, 0.9605524148717659, 0.9606469101952879, 0.9607212737357178, 0.9609637502276999, 0.9609497192228692, 0.9609555687464274, 0.960911599173372, 0.9608556635950781, 0.9610924083391437, 0.9609863160407284, 0.9608356417359188], "Valid": []}, "eer_val": {"Train": [0.2798245614035087, 0.3323308270683563, 0.3537593984962407, 0.18107769423463793, 0.18358395989974943, 0.14987468671679202, 0.1399749373421263, 0.11992481203064656, 0.11804511278200555, 0.10776942355878706, 0.09686716791867384, 0.10213032581459588, 0.1023809523816763, 0.09849624060018793, 0.09912280701754424, 0.0987468671679198, 0.09912280701754236, 0.0989974937348642, 0.09937343358409786, 0.09912280701754513, 0.09874686716889201, 0.09899749373397067, 0.098621553884297, 0.09824561403508804, 0.09849624060218541, 0.09862155388398361, 0.09887218045250383, 0.09799498746867503, 0.09824561403508769, 0.09849624060149459], "Valid": []}, "thres": {"Train": [-0.06146959587931633, -0.003215295495470008, -0.00011243531480431557, -0.009623162448396567, -0.05870815292000771, -0.15775918960571292, -0.19781015813301567, -0.2524397075179188, -0.31441348791124846, -0.3232646087804616, -0.34824410080862905, -0.3529612421989627, -0.3507249951368045, -0.36006838083222775, -0.3637451827526095, -0.3648791164159775, -0.3659297525882714, -0.3660318255427378, -0.3663703501224769, -0.3665686547756203, -0.36624258756665573, -0.36553612351416814, -0.3642158806322714, -0.36510002613067627, -0.3636891245845908, -0.36285057663853476, -0.36353114247421026, -0.3624896705150638, -0.364084392786026, -0.3637418746948204], "Valid": []}, "acc_val": {"Train": [0.7202380952380952, 0.6676691729323309, 0.6463032581453634, 0.818922305764411, 0.8164786967418546, 0.850062656641604, 0.8600877192982456, 0.8800751879699248, 0.8819548872180452, 0.8922305764411027, 0.9031954887218046, 0.8978070175438596, 0.8977443609022556, 0.9013784461152882, 0.9008145363408522, 0.9013157894736842, 0.9009398496240602, 0.9010651629072681, 0.9006892230576441, 0.9008145363408522, 0.9013784461152882, 0.9010025062656641, 0.9013784461152882, 0.9016917293233083, 0.9015037593984963, 0.9014411027568923, 0.9011278195488722, 0.9019423558897243, 0.9017543859649123, 0.9015664160401002], "Valid": []}, "f1_val": {"Train": [0.7202205651983208, 0.6676691729323309, 0.6462810953067235, 0.8188996114801353, 0.8164671971928067, 0.850053261482549, 0.860078952315308, 0.8800751879699248, 0.8819548872180452, 0.8922305764411027, 0.9031894228961714, 0.8978006140735635, 0.8977571732865556, 0.9013537227375281, 0.9008083213233913, 0.9013096058650291, 0.9009336424588007, 0.9010713614435186, 0.9006954451475471, 0.9008083213233913, 0.901390803157499, 0.9009900990099009, 0.9013660859756861, 0.9016855692712575, 0.9015037593984961, 0.9014349270004386, 0.9011278195488722, 0.9019362115420765, 0.9017543859649123, 0.9015602481358481], "Valid": []}}