{"roc_val": {"Train": [0.8806131085860013, 0.8739880324244195, 0.8716244087662767, 0.8682751914246769, 0.8653940772985094, 0.8785501268836251, 0.9127424450851438, 0.9410889143284277, 0.939106781678507, 0.9398372654694379, 0.9465480665950591, 0.9522082226242298, 0.9612451869020922, 0.9630694059710679, 0.9718858785434764, 0.9713765774084335, 0.9759727639901759, 0.9828089333609714, 0.9855647734624782, 0.9844769819285054, 0.9864581252630324, 0.9849211217266224, 0.9874716396253792, 0.9860004962280388, 0.9877734671892765, 0.9888967091915252, 0.9890859039830152, 0.9882623852865245, 0.9891385968052964, 0.9893136977782803], "Valid": []}, "eer_val": {"Train": [0.2087719298245609, 0.2211779448621554, 0.22280701754385962, 0.2236842105263158, 0.22293233082718858, 0.2080200501237956, 0.16278195488521957, 0.12593984962527321, 0.12919799498746862, 0.1263157894736845, 0.11578947368384353, 0.10538847117805485, 0.08809523809510622, 0.08784461152882207, 0.06754385964908492, 0.06967418546290283, 0.06002506265632806, 0.04987468671679197, 0.04473684210509062, 0.04874686716792004, 0.04461152882203647, 0.048496240601304336, 0.04624060150375331, 0.04837092731829571, 0.0447368421052224, 0.04047619047619053, 0.04172932330836362, 0.04373433583972026, 0.04147869674185478, 0.04060150375943937], "Valid": []}, "thres": {"Train": [-0.34013009071350053, -0.21509578011252664, -0.17334288358688354, -0.1476263925433159, -0.125405296683313, -0.09400277584768038, -0.06145128607747479, -0.058824095875268934, -0.1848688870668411, -0.2092559337615967, -0.233442261814916, -0.26438826322559655, -0.2853666245934357, -0.32490074634552, -0.3113128542900046, -0.3105495572079418, -0.295653492211494, -0.2916164100170135, -0.28468531370153033, -0.3067641556262972, -0.29202806949614724, -0.3165431320666922, -0.32626622915267595, -0.33016872406005854, -0.3400204181670481, -0.30175787210464483, -0.30188190937047193, -0.30471175909049697, -0.30251979827880865, -0.30044174194339995], "Valid": []}, "acc_val": {"Train": [0.7912907268170426, 0.7787593984962407, 0.7772556390977443, 0.7763784461152882, 0.7770676691729324, 0.7919799498746867, 0.837280701754386, 0.8739974937343359, 0.8708646616541353, 0.8736215538847117, 0.8842105263157894, 0.8945488721804511, 0.9119674185463659, 0.9121553884711779, 0.9320802005012532, 0.9303258145363409, 0.9400375939849624, 0.950187969924812, 0.9552631578947368, 0.9511904761904761, 0.9554511278195489, 0.9515037593984963, 0.9538220551378446, 0.9516290726817043, 0.9553258145363408, 0.9594611528822055, 0.9582706766917293, 0.9562030075187969, 0.9584586466165413, 0.9593984962406015], "Valid": []}, "f1_val": {"Train": [0.7912776489754997, 0.7787732598208132, 0.7772416818096373, 0.7763644338617707, 0.7770676691729324, 0.791953878932197, 0.8372705056707813, 0.8739895983457612, 0.8708565699605239, 0.8736136349395325, 0.8841960145381627, 0.8945554789800139, 0.9119619023748355, 0.9121553884711779, 0.9320461384152458, 0.9303170823411456, 0.9400338367065606, 0.950184848674729, 0.9552631578947368, 0.9511874177580049, 0.9554483363619275, 0.951497681413711, 0.9538191616016042, 0.9516290726817043, 0.9553230152265181, 0.959458612695031, 0.9582706766917293, 0.9562002631743843, 0.9584560436117551, 0.9593984962406015], "Valid": []}}