{"roc_val": {"Train": [0.9174988065401599], "Valid": []}, "eer_val": {"Train": [0.15714285714285953], "Valid": []}, "thres": {"Train": [-0.18534557521343262], "Valid": []}, "acc_val": {"Train": [0.8427944862155389], "Valid": []}, "f1_val": {"Train": [0.8427846356287989], "Valid": []}}