{"roc_val": {"Train": [0.8337634656817483, 0.8534737454538602, 0.9032957472000804, 0.9158478589958606, 0.9223336850899178, 0.9350577100646353, 0.9569400788939769, 0.9567214323402491, 0.9734956831301311, 0.9785649744662407, 0.9795468385876973, 0.9805729078334934, 0.9795389554713853, 0.9855750042399232, 0.9843493131324552, 0.98576454450663, 0.985678309181475, 0.985458335688846, 0.985317884309772, 0.9851764436153039, 0.9852494174031571, 0.985243952613363, 0.9852197614964731, 0.9851995826031243, 0.985180801314062, 0.9851891319778141, 0.9851448169295418, 0.9850645724587158, 0.9851962377748882, 0.9851013106073454], "Valid": []}, "eer_val": {"Train": [0.2503759398494729, 0.22443609022558333, 0.1617794486219097, 0.14862155388446613, 0.12606516290726083, 0.1303258145358301, 0.10175438596319243, 0.09962406015038397, 0.0739348370916706, 0.058897243107769455, 0.05939849624016517, 0.0637844611544647, 0.0639097744357061, 0.03909774436039673, 0.04285714285713975, 0.037343358395450096, 0.03684210526315805, 0.03822055137844619, 0.03872180451150444, 0.039473684210382505, 0.039223057644187306, 0.03922305764367774, 0.03934837092733028, 0.039348370927318264, 0.03947368421046081, 0.03997493734335844, 0.03984962406016981, 0.04010025062656735, 0.039473684210525495, 0.039849624061638375], "Valid": []}, "thres": {"Train": [-0.014624523930249215, -0.00404469855129725, -0.003417850704865751, -0.01069941744208153, -0.037464212626217935, -0.1239640042184896, -0.20433595776527316, -0.19679968059063452, -0.15563273429775684, -0.2290986925363541, -0.2107579559085094, -0.27794623375145733, -0.2910297513004721, -0.2414707243405741, -0.21901398897170132, -0.23585985600754264, -0.2407037764787676, -0.2379413545131684, -0.2410829365254447, -0.2408563047646944, -0.2392918616533305, -0.24099667668173705, -0.23896468679113833, -0.24372848868370053, -0.2441320717333188, -0.247240960597992, -0.24727192521102248, -0.2506048977375067, -0.24416345357894834, -0.2460407018697255], "Valid": []}, "acc_val": {"Train": [0.749561403508772, 0.7756265664160401, 0.8382205513784461, 0.8512531328320802, 0.8739974937343359, 0.8696741854636592, 0.8982456140350877, 0.9003132832080201, 0.9259398496240602, 0.9411027568922306, 0.9406015037593985, 0.9362781954887218, 0.9361528822055137, 0.9609022556390977, 0.9572055137844612, 0.962593984962406, 0.9630952380952381, 0.9617167919799499, 0.9613408521303258, 0.9604636591478697, 0.9607142857142857, 0.9609022556390977, 0.9606516290726818, 0.9607142857142857, 0.9605889724310777, 0.9599624060150376, 0.9600877192982457, 0.9598370927318296, 0.9605889724310777, 0.9604636591478697], "Valid": []}, "f1_val": {"Train": [0.749514319734286, 0.7756125070493137, 0.8382205513784461, 0.8512158435698169, 0.8739895983457612, 0.8696578518611354, 0.8982328612608096, 0.9003070367817533, 0.9259212835297066, 0.9411027568922306, 0.9405940594059407, 0.9362821878328424, 0.9361488815088664, 0.9608973555583405, 0.9572028322576601, 0.9625869524346681, 0.9630929256219062, 0.9617143931324018, 0.9613432742309379, 0.9604562261076643, 0.9607118240491259, 0.9608973555583405, 0.9606516290726819, 0.9607118240491259, 0.9605865029137164, 0.959959897236669, 0.9600852183720784, 0.9598345761012596, 0.9605865029137164, 0.9604760413404322], "Valid": []}}