{"roc_val": {"Train": [0.8617841989057857, 0.8786457528533114, 0.8922418200890697, 0.9048243965176097, 0.8680567961256523, 0.8407502072851302, 0.8498457060571227, 0.8610491218648124, 0.8720567474450538, 0.8847262265940541, 0.8852206801464815, 0.8891525571447416, 0.897785896445374, 0.8920299103020709, 0.8957399529525569, 0.9060668824316431, 0.9039349313132455, 0.9047775924774342, 0.904821499236814, 0.9050030307598572, 0.9048602866816164, 0.9049078837444487, 0.9049305359262818, 0.9048795940352135, 0.9048588419670731, 0.9048344388540273, 0.9048596506931489, 0.9048440336430048, 0.9048533850289885], "Valid": []}, "eer_val": {"Train": [0.2230576441096474, 0.20463659147871677, 0.18972431077798302, 0.17080200501260612, 0.21378446115345495, 0.24335839598998182, 0.23458646616483456, 0.22355889724310365, 0.20952380952380298, 0.19674185463718027, 0.1968671679198007, 0.19072681704260638, 0.17969924811980992, 0.1854636591477991, 0.18132832080200514, 0.16992481203007592, 0.17343358395989972, 0.17205513784457416, 0.1718045112780434, 0.171804511278196, 0.17180451127819427, 0.1716791979949859, 0.17167919799498788, 0.17167919799499345, 0.17167919799498746, 0.17192982456257278, 0.17180451127831325, 0.17205513784504037, 0.17205513784474705], "Valid": []}, "thres": {"Train": [-0.1457212418317767, -0.12233913689852807, -0.0780795738103233, -0.030151331797242924, -0.006669985130436929, -0.01087775919586423, -0.014242247678335717, -0.0302930492907761, -0.05450131744146329, -0.07048369199040856, -0.11449907720088964, -0.14004138857126236, -0.15944407880301073, -0.1981128156185053, -0.2076156288385392, -0.18164663016796123, -0.19365816315015155, -0.20133043825625316, -0.2036141604185004, -0.206882804632187, -0.20872586965560858, -0.209817379713058, -0.21037498861551296, -0.2104520946741118, -0.21052125096321106, -0.21079669892793607, -0.21075800557933744, -0.2107307016849904, -0.2109865397215349], "Valid": []}, "acc_val": {"Train": [0.7769423558897243, 0.7953007518796993, 0.8103383458646617, 0.8291353383458646, 0.7862155388471178, 0.756578947368421, 0.7654135338345864, 0.7765037593984963, 0.7905388471177945, 0.8032581453634086, 0.8030701754385965, 0.8092731829573935, 0.8202380952380952, 0.8145989974937343, 0.818609022556391, 0.8300125313283208, 0.8266290726817043, 0.8280075187969925, 0.8282581453634085, 0.8281328320802005, 0.8282581453634085, 0.8283834586466166, 0.8283208020050126, 0.8283834586466166, 0.8281328320802005, 0.8280075187969925, 0.8281954887218045, 0.8279448621553884, 0.8280075187969925], "Valid": []}, "f1_val": {"Train": [0.7769144003007896, 0.7952879253086034, 0.8103502286824135, 0.8291246318691649, 0.7862155388471178, 0.7565636944670718, 0.765384133350044, 0.7764897549971803, 0.7905257221630427, 0.8032581453634084, 0.8030578357039916, 0.8092731829573935, 0.820204299053707, 0.8145873801616643, 0.8185976564947679, 0.8300018798170311, 0.826618209160975, 0.8279967416504793, 0.8282473839212983, 0.8281220627858888, 0.8282473839212983, 0.8283727050567078, 0.8283208020050126, 0.8283727050567078, 0.8280789721090568, 0.8279967416504793, 0.8281954887218045, 0.8279448621553884, 0.8280182945930706], "Valid": []}}