{"roc_val": {"Train": [0.8880776826654706, 0.959514391892373, 0.9668339518896674, 0.970957845608339, 0.970911663480434, 0.9722357723143085, 0.9730187435919344, 0.9742591408386021, 0.9752757599787821, 0.9762464978141376, 0.974805381262104, 0.9790075690825074, 0.9794424729259227, 0.980863855750883, 0.9809847180985134, 0.9819318417670597, 0.9818635958682218, 0.9820847693630382, 0.9818878819919115, 0.9820028159888359, 0.9821153491861757, 0.9820832950629415, 0.9821436728362097, 0.9821412351012474, 0.9821543734157837, 0.9821740074618365, 0.9821615864946457, 0.9821637696870016, 0.9821546635587548, 0.9821690986165698], "Valid": []}, "eer_val": {"Train": [0.1953947368434179, 0.09288690476154705, 0.08418062200972065, 0.07733253588553698, 0.07655502392288724, 0.07574404761904506, 0.07407296650576833, 0.07186004784683164, 0.07111244019054336, 0.06794642857186842, 0.07323564593326741, 0.0648624401919336, 0.06550595238095212, 0.06089285714287265, 0.06073564593371955, 0.059553571428571456, 0.05824404761904771, 0.05809523809555791, 0.05873205741695609, 0.05825358851818235, 0.05800595238070768, 0.05818452380952286, 0.05801435406755076, 0.05819377990494803, 0.05830357142857858, 0.058065476190493515, 0.058104066985370406, 0.05813397129188752, 0.05812499999996917, 0.05804425837236625], "Valid": []}, "thres": {"Train": [-0.031910266727217106, -0.1014676028419024, -0.30067950487142464, -0.3788401484498132, -0.4054269790646128, -0.40710042558964504, -0.401068568228715, -0.40667298436161564, -0.40218004584294015, -0.4033087103498461, -0.39570698142061206, -0.4051543474199069, -0.42709036455267907, -0.40386988925084355, -0.413399934769083, -0.4101919949054718, -0.4135592443602426, -0.41512790095259033, -0.41275528073348505, -0.41581794619716655, -0.41601978625549246, -0.41648076581103316, -0.416103303432477, -0.41591373085998395, -0.41619666687080653, -0.4159563907555197, -0.4157968759536139, -0.4158528745174621, -0.4154656410217003, -0.4156318306919968], "Valid": []}, "acc_val": {"Train": [0.8045942720763724, 0.907115155131265, 0.9158263723150358, 0.9226581145584726, 0.9234188544152745, 0.9242690930787589, 0.9259248210023866, 0.9281473747016706, 0.9288931980906922, 0.9320704057279237, 0.9267601431980907, 0.9351431980906921, 0.934516706443914, 0.9391109785202864, 0.9392601431980907, 0.940453460620525, 0.9417511933174224, 0.9419003579952268, 0.9412738663484487, 0.9417511933174224, 0.9420047732696898, 0.9418257756563246, 0.9419749403341289, 0.9417959427207637, 0.9417064439140811, 0.9419301909307876, 0.9419003579952268, 0.9418556085918854, 0.9418705250596658, 0.9419600238663485], "Valid": []}, "f1_val": {"Train": [0.8049666507860885, 0.9073156210463645, 0.9160105377528391, 0.9228273326685221, 0.923582995951417, 0.9244347864914343, 0.926085791682791, 0.9283045827317784, 0.92904877431646, 0.9322200392927309, 0.9269214740727512, 0.9352879892841196, 0.9346609513603619, 0.9392469117428188, 0.9393957434141985, 0.9405863967852358, 0.9418820973046985, 0.9420309267610245, 0.9414058430444553, 0.9418820973046985, 0.9421342461675845, 0.9419556481619288, 0.9421044798333085, 0.9419258818276529, 0.9418365828248252, 0.9420606926522896, 0.9420292012085312, 0.9419854144962049, 0.9420011608697594, 0.942088734763131], "Valid": []}}