{"1000": {"SCNN_3_1_conv_1_dense_arg_dict_default": {"lr_epoch_log_dict": "{0: 0.001, 1: 0.001, 2: 0.001, 3: 0.001, 4: 0.001, 5: 0.001, 6: 0.001, 7: 0.001, 8: 0.001, 9: 0.001, 10: 0.001, 11: 0.001, 12: 0.001, 13: 0.001, 14: 0.001, 15: 0.001, 16: 0.001, 17: 0.001, 18: 0.00020000001, 19: 0.00020000001, 20: 0.00020000001, 21: 0.00020000001, 22: 0.00020000001, 23: 4.0000003e-05, 24: 4.0000003e-05, 25: 4.0000003e-05, 26: 4.0000003e-05, 27: 4.0000003e-05, 28: 8.000001e-06, 29: 8.000001e-06}", "loss_record_dict": {"loss": [3.6529979705810547, 1.1028757095336914, 0.34387901425361633, 0.20458629727363586, 0.17684543132781982, 0.16780321300029755, 0.16058523952960968, 0.15368838608264923, 0.14895832538604736, 0.14668214321136475, 0.14447039365768433, 0.14181196689605713, 0.14157451689243317, 0.13984112441539764, 0.13818052411079407, 0.13686338067054749, 0.1351957619190216, 0.13469482958316803, 0.12921500205993652, 0.1270150989294052, 0.1269414871931076, 0.12610875070095062, 0.1269177943468094, 0.1257150024175644, 0.1251186728477478, 0.12418938428163528, 0.12496788054704666, 0.12571975588798523, 0.12467645853757858, 0.12453348934650421], "val_loss": [2.2352304458618164, 0.80586838722229, 0.3601008951663971, 0.1848871111869812, 0.1409035474061966, 0.1318289339542389, 0.13010765612125397, 0.12443596124649048, 0.12706589698791504, 0.1250680387020111, 0.12795798480510712, 0.12112390249967575, 0.10881432890892029, 0.12083414942026138, 0.12048473209142685, 0.1262771636247635, 0.1258864849805832, 0.12734593451023102, 0.1120276004076004, 0.11236231029033661, 0.1117156594991684, 0.1139911636710167, 0.11292549222707748, 0.1115933284163475, 0.11103678494691849, 0.11148502677679062, 0.11187098175287247, 0.11143903434276581, 0.11089783906936646, 0.11083072423934937]}, "metric_record_dict": {"roc_val": {"Train": [0.8964591791889339, 0.9072098612045947, 0.9058549951959306, 0.926196452046858, 0.9382975417776829, 0.9434457350781763, 0.9472563840134868, 0.949549490849742, 0.9426193223303775, 0.952919482055547, 0.9474196091779201, 0.9512155363588006, 0.9481814705287841, 0.951825294814278, 0.9543871898191574, 0.9519899372467503, 0.953375757891123, 0.9492465568458514, 0.9567935326173632, 0.956163101758869, 0.9572023862889247, 0.9569764822108271, 0.9567365743981998, 0.9571779829981898, 0.957144836759255, 0.9571439169429119, 0.9572596401633414, 0.9574350200437366, 0.9575490162620526, 0.9575878878884292], "Valid": [0.9344005328338205, 0.9499170327303885, 0.958399355201194, 0.9642714084926782, 0.9624301706389929, 0.9670335659480602, 0.9662555460268003, 0.9680946949815026, 0.9652037537388126, 0.9664058518036315, 0.9592506606617784, 0.9647858789922341, 0.9766247772790585, 0.9645730011958631, 0.9648053437327585, 0.9584957927042481, 0.9603668448434199, 0.9542994161970442, 0.9632799410753247, 0.9612834283972269, 0.9628521282335839, 0.9611668773289641, 0.9600864892798969, 0.9617257685818958, 0.9622416000307892, 0.9620273296350959, 0.961988938203785, 0.9622497657268141, 0.9623479439790209, 0.9623687063689138]}, "eer_val": {"Train": [0.17929292929357551, 0.1777389277400505, 0.17569930069848055, 0.14756474681097653, 0.13171627367612782, 0.12266899767080985, 0.11800699300753212, 0.11587024086933069, 0.13014763014658726, 0.10780885780958574, 0.11722999223038078, 0.1070318570324773, 0.11074603788172668, 0.1080031080027565, 0.10460372960296699, 0.10936285936437155, 0.10804020100502507, 0.11188811188910597, 0.10011596443757137, 0.10108233475068011, 0.09955322455266635, 0.09943950521839956, 0.09972941631228016, 0.0986790986795602, 0.09848484848581401, 0.09848484848440037, 0.09819347319444927, 0.09779667568612295, 0.09789331271742094, 0.09790209790052629], "Valid": [0.12094763092269321, 0.1088350552190925, 0.0981474884218026, 0.09292821606148556, 0.08906305664410406, 0.08282864267886551, 0.07890986818667542, 0.08069112931953742, 0.08460990381189903, 0.08208955223804384, 0.084754797440938, 0.07908799430003507, 0.07766298539365936, 0.08229426433913657, 0.0808457711450363, 0.0860349127182258, 0.0852878464814287, 0.09262557890986822, 0.08013503908848477, 0.07997862486652048, 0.08086925543260916, 0.08066808813041465, 0.08120113717102999, 0.08158175988594295, 0.08069112931955823, 0.08122550765942307, 0.08104738154616954, 0.08031272210362048, 0.08086925543266059, 0.08069112931955823]}, "thres": {"Train": [-0.011907804757356656, -0.012536251917485223, -0.04780834913244605, -0.14824017384393728, -0.2590890026072607, -0.303858608007637, -0.30730003118528165, -0.3330708146087213, -0.3282226324076178, -0.34595829248442284, -0.3126043081286067, -0.3462642729282638, -0.3264280876622185, -0.34741523861867535, -0.35682803392334544, -0.3662625253213335, -0.37544984044741136, -0.3447048664096556, -0.3533958846600196, -0.34560813736076973, -0.34650820493648476, -0.3565777394939307, -0.3491372840488376, -0.35092356801069546, -0.3524745106705671, -0.35244476795169694, -0.3538771271710102, -0.3536395604286961, -0.35138470210021755, -0.35058361291855844], "Valid": [-0.018933218582560394, -0.021997789051058127, -0.09160157076624265, -0.27745869755662744, -0.4821349571173328, -0.49013126706529153, -0.5191484087555313, -0.5191499941961264, -0.5205628647471308, -0.5406200885763252, -0.5390362143515197, -0.5501020118292522, -0.4701776410873401, -0.5483777306026296, -0.5384008884448352, -0.5490243256909947, -0.5733891129487492, -0.5025848881562155, -0.5710940360941356, -0.5626060953016454, -0.561306885352729, -0.576329469680311, -0.5590706467620756, -0.5639979744193735, -0.564968230049509, -0.5656759670547716, -0.5685287648603394, -0.570259630678539, -0.5704477641939433, -0.569071163496684]}, "acc_val": {"Train": [0.8207227281534586, 0.8223696957953885, 0.8243073047858942, 0.8524510753729897, 0.8683394690951366, 0.8773009106762255, 0.8820964929277272, 0.8841309823677582, 0.8697442356132532, 0.8921720596783569, 0.8827262158496415, 0.8929955434993219, 0.8893625266421237, 0.8920267390040689, 0.895417554737454, 0.890670412710715, 0.8919782987793063, 0.8881030807982949, 0.8999224956403797, 0.8989536911451269, 0.9004068978880062, 0.9006006587870568, 0.9003100174384809, 0.9012788219337338, 0.901521023057547, 0.901521023057547, 0.9017632241813602, 0.9022476264289866, 0.9021023057546987, 0.9021023057546987], "Valid": [0.8791140366482832, 0.8912115281978296, 0.9017968333036827, 0.9069560576409892, 0.910958904109589, 0.9172745063156023, 0.9210994484967088, 0.9193204056217755, 0.9154065112969223, 0.9179861234655755, 0.9153175591531756, 0.9208325920654687, 0.9223447785091621, 0.9178082191780822, 0.9191425013342821, 0.9140722291407223, 0.9147838462906956, 0.9074897705034691, 0.9199430706280022, 0.9200320227717488, 0.9191425013342821, 0.9193204056217755, 0.9188756449030422, 0.9186087884718022, 0.9193204056217755, 0.9187866927592955, 0.9189645970467888, 0.9197651663405088, 0.9191425013342821, 0.9193204056217755]}, "f1_val": {"Train": [0.8210953739063179, 0.8227560539417081, 0.824655547498187, 0.8527648878576953, 0.8686194895591647, 0.877567789646672, 0.8823699980668857, 0.8843774168600154, 0.8700024172105391, 0.8924117931367811, 0.8829812944076563, 0.8932386061572664, 0.8895978344934261, 0.892261588283629, 0.895645028759244, 0.8909187569474651, 0.8922184630256162, 0.8883518608023201, 0.9001449975833736, 0.8991783470275496, 0.9006187161639598, 0.9008216529724505, 0.9005316578057032, 0.9014983083615273, 0.9017447199265382, 0.9017352216153512, 0.9019816336394393, 0.9024649589173513, 0.9023246822289884, 0.9023152399825995],