{"1000": {"SCNN_1_3_conv_0_dense_arg_dict_default": {"lr_epoch_log_dict": "{0: 0.001, 1: 0.001, 2: 0.001, 3: 0.001, 4: 0.001, 5: 0.001, 6: 0.00020000001, 7: 0.00020000001, 8: 0.00020000001, 9: 0.00020000001, 10: 4.0000003e-05, 11: 4.0000003e-05, 12: 4.0000003e-05, 13: 4.0000003e-05, 14: 8.000001e-06, 15: 8.000001e-06, 16: 8.000001e-06, 17: 1.6000001e-06, 18: 1.6000001e-06, 19: 1.6000001e-06, 20: 1e-06, 21: 1e-06, 22: 1e-06, 23: 1e-06, 24: 1e-06, 25: 1e-06, 26: 1e-06, 27: 1e-06, 28: 1e-06, 29: 1e-06}", "loss_record_dict": {"loss": [6.577756881713867, 0.14033587276935577, 0.07356718182563782, 0.07298262417316437, 0.07338310033082962, 0.07256920635700226, 0.04259688779711723, 0.04016423597931862, 0.03974645957350731, 0.04014725610613823, 0.03342030197381973, 0.03284052759408951, 0.032726481556892395, 0.03271839767694473, 0.03127921372652054, 0.03130471706390381, 0.031041517853736877, 0.031018437817692757, 0.030841980129480362, 0.031192434951663017, 0.03142312169075012, 0.03088489919900894, 0.03111976943910122, 0.03102969191968441, 0.03106122650206089, 0.030897945165634155, 0.031223177909851074, 0.03104148432612419, 0.031077688559889793, 0.030714640393853188], "val_loss": [0.6093219518661499, 0.14056725800037384, 0.08336466550827026, 0.06911630928516388, 0.07660627365112305, 0.0763205885887146, 0.042437534779310226, 0.039728399366140366, 0.04068601503968239, 0.04188781604170799, 0.03440254181623459, 0.03307218477129936, 0.032974470406770706, 0.03377069532871246, 0.03202265873551369, 0.032065194100141525, 0.03204746171832085, 0.031771499663591385, 0.03175754472613335, 0.03175816684961319, 0.03171473369002342, 0.03169841691851616, 0.03168557211756706, 0.031673986464738846, 0.03165074437856674, 0.03163360059261322, 0.03164593130350113, 0.031646087765693665, 0.03163200616836548, 0.03161819279193878]}, "metric_record_dict": {"roc_val": {"Train": [0.929611300463961, 0.9268641636248904, 0.9425540383132833, 0.9248681308741223, 0.944749967387192, 0.9484757825580529, 0.9414825127603763, 0.9450515586886543, 0.9462007117351144, 0.9474377416572367, 0.9486707398220088, 0.9478800460874289, 0.9474883899571439, 0.9499766391677873, 0.9486172653290292, 0.9486114043677503, 0.9481910941854894, 0.9482885842890997, 0.9483069514154426, 0.9483091727406248, 0.9482356374912103, 0.9482573021904294, 0.9481895194432239, 0.9482233419870322, 0.9482436238331096, 0.9482041614176648, 0.9481877694978456, 0.9481585856650283, 0.9481951968583847, 0.9481715819816581], "Valid": [0.9599940396749015, 0.970659451482979, 0.95401877578366, 0.9479913527178095, 0.897307193990858, 0.8893340564721813, 0.9094455960818839, 0.932497039460441, 0.931813399793237, 0.9192907668892547, 0.9199742799565206, 0.9295383989007074, 0.9308975758390602, 0.9234433081677976, 0.9269870303427137, 0.9266015335303734, 0.9267553524554945, 0.9268791671952215, 0.9269884229420359, 0.9269880431422205, 0.9271995916392386, 0.9272784634008441, 0.9273580947620795, 0.9273769581528968, 0.9275793914543522, 0.9277287160816611, 0.9275597684639049, 0.927541158272964, 0.9276109148390067, 0.9276942175984548]}, "eer_val": {"Train": [0.14419839419871414, 0.14134776446334255, 0.1234783734786945, 0.14675943821651008, 0.11875161875222244, 0.11886354851177171, 0.12283087283147101, 0.12004662004600747, 0.11673753382345109, 0.11849261849385764, 0.11461151913457393, 0.11590261590142373, 0.11648536648566286, 0.11389536389517665, 0.1158378658385296, 0.11564361564380021, 0.11603211603086543, 0.11615771163542682, 0.11603211603137953, 0.11596736596786436, 0.11609686609797593, 0.1160321160325139, 0.11596736596739529, 0.11583786583872424, 0.1159673659669988, 0.11596443757247683, 0.11590261590308944, 0.11583786583810997, 0.11596736596652923, 0.11590001288490744], "Valid": [0.08656929105806846, 0.0852878464826324, 0.10980810234634607, 0.12722103766798354, 0.17661691542223626, 0.17697228144893035, 0.17874911158641932, 0.15781973637335295, 0.14889836531567044, 0.16915422885651138, 0.1702203269366825, 0.16027007818079375, 0.15817598859994667, 0.16494478090520795, 0.16138225863911648, 0.16204690831582502, 0.1620947630922695, 0.1616915422899546, 0.1620469083159774, 0.1627576403689446, 0.16204690831697, 0.16209476309182708, 0.16204690831541094, 0.16169154228908914, 0.16133617626157304, 0.16098081023405153, 0.16133617626184127, 0.16102600641254008, 0.16098081023470012, 0.16062544420831315]}, "thres": {"Train": [-0.0002761348732749785, -0.01083672548358764, -0.06047745421530699, -0.128238381527776, -0.19021379947703698, -0.13511295998515552, -0.1789971292019562, -0.1733556091785005, -0.18316244663478495, -0.1790761649611632, -0.1705109253901492, -0.17215153574942418, -0.1703809946776875, -0.16167424619194645, -0.1702190041543888, -0.17009557783604126, -0.17221102118476642, -0.17108505174296001, -0.17140583693967323, -0.17138470709350234, -0.17107221484216267, -0.1708182394513208, -0.17100198566914385, -0.17076632380504736, -0.1703591346740289, -0.1705173522833003, -0.17058375477826848, -0.17067465186152855, -0.1703268736598954, -0.17065041935322914], "Valid": [-0.00038026104433847496, -0.017353197559761113, -0.1036082655192792, -0.20639131963228605, -0.205878809094323, -0.17395304143379658, -0.17625290155431134, -0.19359205087224157, -0.19693037867511107, -0.18734300136590415, -0.1910551786422681, -0.194844767451299, -0.1935131376917332, -0.189536188368256, -0.1927816553083144, -0.19236443936837114, -0.1920216441005841, -0.19228899478956912, -0.1928523182869493, -0.19245798885821955, -0.19246979057828056, -0.19216022122080997, -0.19180659949778825, -0.19203652441519156, -0.1921042203903225, -0.19200041890141759, -0.19206783175475062, -0.19179535655309435, -0.19203352928168854, -0.19223201274879095]}, "acc_val": {"Train": [0.8558095976231996, 0.8586837176257831, 0.8765097203384357, 0.8532584124523671, 0.8815152102305754, 0.8811599819156494, 0.877284763934638, 0.8799005360718207, 0.8832913518052057, 0.8814829167474004, 0.8853904282115869, 0.8840986888845831, 0.8835496996706065, 0.8861331783246141, 0.8842924497836336, 0.8843247432668088, 0.8839695149518827, 0.8838726345023574, 0.8839695149518827, 0.884034101918233, 0.8839372214687076, 0.8839372214687076, 0.884034101918233, 0.8841309823677582, 0.884034101918233, 0.884066395401408, 0.8840986888845831, 0.8841632758509332, 0.884034101918233, 0.8841309823677582], "Valid": [0.9137164205657357, 0.9146059420032023, 0.8904109589041096, 0.87279843444227, 0.8231631382316313, 0.8231631382316313, 0.8212061910692048, 0.8421988969934175, 0.8512720156555773, 0.8308130225938445, 0.8299235011563779, 0.8400640455434976, 0.8418430884184309, 0.8350827254936845, 0.8386408112435509, 0.8382850026685643, 0.8379291940935777, 0.8382850026685643, 0.8379291940935777, 0.837573385518591, 0.8382850026685643, 0.8379291940935777, 0.8379291940935777, 0.8382850026685643, 0.8388187155310443, 0.839174524106031, 0.8389966198185377, 0.8389966198185377, 0.8389966198185377, 0.8397082369685109]}, "f1_val": {"Train": [0.8561209035542808, 0.8589842742974994, 0.8767803054714185, 0.8535705078628513, 0.8818091035015946, 0.8814203776503189, 0.8775694310200399, 0.8801521059585575, 0.8835470773989818, 0.8817426048849648, 0.8856452392460127, 0.8843489188927915, 0.8838123469519269, 0.8863826770638654, 0.8845645800444603, 0.8845782045498485, 0.8842200238455837, 0.8841270864213443, 0.8842200238455837, 0.8842919284678589, 0.8841989947158139, 0.8841915318682735, 0.8842919284678589, 0.884384868209061, 0.8842844713691875, 0.8843204227621319, 0.8843563718382472, 0.8844208152086355, 0.8842844713691875, 0.884384868209061],