{"1000": {"SCNN_3_1_conv_1_dense_arg_dict_default": {"lr_epoch_log_dict": "{0: 0.001, 1: 0.001, 2: 0.001, 3: 0.001, 4: 0.001, 5: 0.001, 6: 0.001, 7: 0.001, 8: 0.00020000001, 9: 0.00020000001, 10: 0.00020000001, 11: 0.00020000001, 12: 4.0000003e-05, 13: 8.000001e-06, 14: 1.6000001e-06, 15: 1e-06, 16: 1e-06, 17: 1e-06, 18: 1e-06, 19: 1e-06, 20: 1e-06, 21: 1e-06, 22: 1e-06, 23: 1e-06, 24: 1e-06, 25: 1e-06, 26: 1e-06, 27: 1e-06, 28: 1e-06, 29: 1e-06}", "loss_record_dict": {"loss": [0.6406235098838806, 0.2650107443332672, 0.14542870223522186, 0.09997130185365677, 0.0792652815580368, 0.06869393587112427, 0.0645432248711586, 0.06223976984620094, 0.05662747472524643, 0.05519256740808487, 0.0544964075088501, 0.053681135177612305, 0.05270609259605408, 0.052692074328660965, 0.05261514335870743, 0.05232875421643257, 0.05256844684481621, 0.05237061157822609, 0.05222493037581444, 0.052230268716812134, 0.052256837487220764, 0.05223590135574341, 0.05237763002514839, 0.0524638332426548, 0.052228305488824844, 0.05251410976052284, 0.05227729305624962, 0.05245377495884895, 0.0526094064116478, 0.052454039454460144], "val_loss": [0.6704663038253784, 0.4017203152179718, 0.2520306706428528, 0.14955021440982819, 0.12957295775413513, 0.12090045213699341, 0.1137087494134903, 0.1161133199930191, 0.11302604526281357, 0.1106126457452774, 0.10769898444414139, 0.1121511459350586, 0.11352254450321198, 0.11248890310525894, 0.1124981939792633, 0.11234010010957718, 0.11246421933174133, 0.1124240979552269, 0.11241202056407928, 0.11258019506931305, 0.11241693049669266, 0.1125207468867302, 0.11260131746530533, 0.1126466765999794, 0.11245362460613251, 0.11263620853424072, 0.11239795386791229, 0.11245414614677429, 0.11252415925264359, 0.11268860846757889]}, "metric_record_dict": {"roc_val": {"Train": [0.9197958161646798, 0.9402031712864724, 0.963765585630922, 0.9801637663543346, 0.9870819397177146, 0.9882981856491231, 0.988836958686205, 0.9894523486703136, 0.9912465865427789, 0.9916232935717376, 0.9918156806685992, 0.9915039567871033, 0.9918692740494055, 0.9917666629048056, 0.991818017752981, 0.9918163189085106, 0.9918534025245469, 0.9918595127331116, 0.9918372681950184, 0.9918492258074787, 0.9918282999856733, 0.9918357758399312, 0.9918299659795601, 0.9918180928400295, 0.9918164268461428, 0.991833293274393, 0.9918244189238583, 0.9918284548527108, 0.9918378031902384, 0.9918491507204302], "Valid": [0.937001908367471, 0.9545352244072527, 0.9620122642424297, 0.9739639630743427, 0.9701583056269368, 0.9673027807170065, 0.9671623497353681, 0.9668658210297183, 0.9661691099188773, 0.9655525049190407, 0.9665032546312157, 0.9653281381782625, 0.9647604007546369, 0.9658124778924859, 0.9657681995640404, 0.9658174785900515, 0.9657365970544244, 0.9657803215081394, 0.9657309475321747, 0.9656409982759621, 0.9657158188395394, 0.9656083671418468, 0.9655376136012898, 0.965548200521136, 0.9656199193862233, 0.9655363950768828, 0.9656867325036986, 0.965602606844651, 0.9655465547219373, 0.9655072770910575]}, "eer_val": {"Train": [0.16679551604196788, 0.1302447552437837, 0.09935897435824323, 0.06934731934816518, 0.05623543123464068, 0.05069930069806727, 0.05099067599050775, 0.04899497487437186, 0.04341491841576794, 0.043026418027585264, 0.04271356783931267, 0.04234654234699545, 0.04254079254094688, 0.04292929292805621, 0.04261693080784822, 0.04263791763926563, 0.04244366744360685, 0.0423465423452382, 0.04242365674506175, 0.04234654234680851, 0.042520293776574576, 0.04234654234773274, 0.042443667442439006, 0.04254079253929307, 0.04254079254211646, 0.042443667444415384, 0.04242365674525607, 0.042443667443920495, 0.04234654234728166, 0.0424236567452645], "Valid": [0.12753829711436135, 0.11851457000761355, 0.10634128963309923, 0.08656929105807008, 0.09061833688660823, 0.09405058781617388, 0.09221748400807939, 0.09150675195506243, 0.09506041222408076, 0.09523809523809429, 0.09061833688670873, 0.0952974706091932, 0.09612651030677566, 0.09523809523776233, 0.09511934449590465, 0.09511934449590333, 0.09541577825077158, 0.09529747060942616, 0.09547559672247874, 0.09565372283576205, 0.09541577825159901, 0.09547559672247695, 0.09565372283576817, 0.09547559672247977, 0.09547559672247953, 0.09577114427823527, 0.09529747060921533, 0.09506041222400503, 0.09547559672250619, 0.09547559672247809]}, "thres": {"Train": [-0.024891153637837126, -0.04501535743471414, -0.0971390232443007, -0.18046754598628598, -0.2329896539440803, -0.2744143009180577, -0.28715336322778107, -0.2941976121472354, -0.287573456764663, -0.29702287912574576, -0.3006816221842777, -0.2986102402226244, -0.2957682013512497, -0.2956176400167261, -0.295798606384282, -0.29587611556152926, -0.2956218123435841, -0.2957316339005364, -0.29607823925389243, -0.2955839037898419, -0.2958624672949611, -0.2958536744126456, -0.2957168817515999, -0.29548400640380235, -0.29570052028094795, -0.2958362698558683, -0.2960106317122345, -0.2963352203369366, -0.2961223721506852, -0.2960366828357752], "Valid": [-0.03372847900335496, -0.07029791921380758, -0.15353693279840078, -0.2838734776301875, -0.34495884180065184, -0.38256230764555516, -0.3939804136753047, -0.3874624967575453, -0.4009794592857002, -0.4141181409358974, -0.41490522027007, -0.4101704687548992, -0.40686666965543966, -0.40814825892445733, -0.4085048433402534, -0.40924261685024177, -0.4083517491814645, -0.40860499819419493, -0.40881058146382737, -0.4082289897369901, -0.4086865186691283, -0.40825558281004, -0.40826630579340223, -0.40792077009319194, -0.40857075277409355, -0.40839818119969273, -0.40870412455830746, -0.4088137149807676, -0.4085411078367141, -0.4080760627316109]}, "acc_val": {"Train": [0.8332687463669831, 0.8697926758380159, 0.9006490990118194, 0.9306335981398953, 0.9438093392753343, 0.9492830846735129, 0.9490408835496996, 0.9510753729897307, 0.9565491183879093, 0.9569366401860104, 0.9573241619841116, 0.9576148033326874, 0.9574210424336369, 0.9570819608602984, 0.9574210424336369, 0.9573241619841116, 0.9575663631079249, 0.9576632435574501, 0.9576148033326874, 0.9576148033326874, 0.9575179228831622, 0.9576148033326874, 0.9575663631079249, 0.9574694826583995, 0.9574210424336369, 0.9575179228831622, 0.9576148033326874, 0.9575179228831622, 0.9576148033326874, 0.9575663631079249], "Valid": [0.8724426258672834, 0.8815157445294431, 0.8937911403664829, 0.9134495641344956, 0.9094467176658958, 0.9059775840597758, 0.9078455790784558, 0.9084682440846824, 0.9049991104785625, 0.9048212061910692, 0.9093577655221491, 0.9047322540473225, 0.9039316847536025, 0.9047322540473225, 0.9048212061910692, 0.9049101583348159, 0.9044653976160826, 0.9046433019035759, 0.9045543497598292, 0.9043764454723359, 0.9046433019035759, 0.9045543497598292, 0.9045543497598292, 0.9046433019035759, 0.9045543497598292, 0.9042874933285893, 0.9046433019035759, 0.9049991104785625, 0.9045543497598292, 0.9046433019035759]}, "f1_val": {"Train": [0.8336072706178091, 0.8700696055684455, 0.9008651940644787, 0.9307945099555384, 0.943939686835492, 0.9493982891112078, 0.9491590953025324, 0.951188865261937, 0.9566520079253854, 0.9570386120910453, 0.9574252162567052, 0.95771516938095, 0.9575218672981203, 0.9571815194277982, 0.9575218672981203, 0.9574252162567052, 0.9576647979895613, 0.9577614537019138, 0.95771516938095, 0.95771516938095, 0.9576185183395352, 0.95771516938095, 0.9576647979895613, 0.9575681422772085, 0.9575218672981203, 0.9576185183395352, 0.95771516938095, 0.9576185183395352, 0.95771516938095, 0.957668889533198],