{"optimizer_name": [{"best_val_loss": {"param": "Adamax", "value": 0.11178062111139297}, "best_roc_val": {"param": "Adam", "value": 0.9157214652327997}, "best_eer_val": {"param": "Adam", "value": 0.15882520672842015}, "best_thres": {"param": "Adamax", "value": -0.3662410974495159}, "best_acc_val": {"param": "Adam", "value": 0.8412301983730556}, "best_f1_val": {"param": "Adam", "value": 0.8410827798014427}}], "optimizer_lr": [{"best_val_loss": {"param": 0.1, "value": 0.09622273594141006}, "best_roc_val": {"param": 0.1, "value": 0.9366059920974378}, "best_eer_val": {"param": 0.1, "value": 0.12460792700187906}, "best_thres": {"param": 0.005, "value": -0.49168026447377183}, "best_acc_val": {"param": 0.1, "value": 0.8753389467675182}, "best_f1_val": {"param": 0.1, "value": 0.8752053718122723}}], "batch_size": [{"best_val_loss": {"param": 256, "value": 0.10689408332109451}, "best_roc_val": {"param": 256, "value": 0.9201066234877185}, "best_eer_val": {"param": 256, "value": 0.14741944682144342}, "best_thres": {"param": 256, "value": -0.42868828773538487}, "best_acc_val": {"param": 256, "value": 0.8528614242899957}, "best_f1_val": {"param": 256, "value": 0.852777381122376}}]}