{"roc_val": {"Train": [0.7558981020847859, 0.6743890270789756, 0.6210576488213014, 0.738649427453345, 0.8305931730956464, 0.7246803961658531, 0.8150303390054083, 0.8111590615008699, 0.8326894460461932, 0.9193565210017525, 0.9320538423125482, 0.9472307491787111, 0.9505763625856621, 0.9603398847997187, 0.965246221757401, 0.9661196773261475, 0.9671657998379407, 0.9688230366015289, 0.9686283691685355, 0.9675144314420135, 0.9694821719084679, 0.9710090388879468, 0.9716486077348762, 0.9718015276285953, 0.9717096469243284, 0.9724079936683815, 0.9724756911074679, 0.9725794357447505, 0.9725877428533741, 0.9726285324840924], "Valid": []}, "eer_val": {"Train": [0.3171679197987787, 0.3877192982468226, 0.4432330827064687, 0.32769423558750976, 0.23408521303258584, 0.3395989974935725, 0.2637844611528863, 0.26992481203007274, 0.2477443609028021, 0.1541353383445207, 0.14210526315789504, 0.12055137844690933, 0.11428571428600408, 0.09649122807017509, 0.08884711779516452, 0.08721804511280568, 0.08421052631578559, 0.07957393483707734, 0.07857142857210896, 0.08446115288223147, 0.0726817042601186, 0.074686716792299, 0.07218045112781045, 0.07205513784440859, 0.0710526315789525, 0.07117794486202933, 0.0709273182951859, 0.07017543859722984, 0.07017543859748654, 0.07005012531328335], "Valid": []}, "thres": {"Train": [-0.08704116195432758, -0.007778811734186276, -0.0002121321813317032, -9.697622772355325e-06, -5.519869318959579e-06, -0.00021164558711446915, -0.0021766966674476957, -0.004509720951318728, -0.00775276171044629, -0.03770723193878015, -0.049595127503077194, -0.0831150636077379, -0.10443487018352468, -0.16672611236572263, -0.2205623090269251, -0.25852572917938554, -0.28679348528385074, -0.2827071845531451, -0.3052510321141285, -0.31447905302048373, -0.33865836262637783, -0.3171461820603225, -0.3202649354934619, -0.3253342509268755, -0.32606263458729173, -0.3306630551813068, -0.3309556245803199, -0.33272710442600434, -0.3340584933768065, -0.33421099185943637], "Valid": []}, "acc_val": {"Train": [0.6827694235588972, 0.61234335839599, 0.5569548872180451, 0.6723057644110275, 0.7658521303258146, 0.6603383458646617, 0.7361528822055138, 0.7301378446115289, 0.7522556390977444, 0.8458646616541353, 0.8578947368421053, 0.8793859649122807, 0.8857142857142857, 0.9035714285714286, 0.9112155388471178, 0.912719298245614, 0.9158521303258146, 0.9203007518796993, 0.9214285714285714, 0.9154761904761904, 0.9270676691729324, 0.9253759398496241, 0.9278822055137844, 0.9279448621553885, 0.9290100250626566, 0.9288847117794486, 0.9290726817042606, 0.9298245614035088, 0.9299498746867167, 0.9298872180451128], "Valid": []}, "f1_val": {"Train": [0.6827097825405778, 0.61236764613746, 0.5568715924045873, 0.6722646948239128, 0.765837458487374, 0.6602744876856551, 0.7361363493953256, 0.7301209348956701, 0.7522556390977444, 0.8458453440280737, 0.8578947368421053, 0.879378407168369, 0.8857142857142857, 0.9035653863023999, 0.9112211014347472, 0.9127138291872925, 0.9158468575725295, 0.9202807721233393, 0.9214285714285714, 0.9154708941663011, 0.9270402406919894, 0.9253806152496711, 0.9278776865718403, 0.9279358315578393, 0.9290055767905258, 0.9288802556551162, 0.9290637924551948, 0.9298245614035088, 0.9299586517980203, 0.9298828247383922], "Valid": []}}