{"roc_val": {"Train": [0.7675120916325902], "Valid": []}, "eer_val": {"Train": [0.3223057644110208], "Valid": []}, "thres": {"Train": [-0.08161147683858831], "Valid": []}, "acc_val": {"Train": [0.6777568922305764], "Valid": []}, "f1_val": {"Train": [0.6777367002945047], "Valid": []}}