{"roc_val": {"Train": [0.7837835817614212, 0.7955137923128625, 0.8075983819197116, 0.8130076130175062, 0.825259734549406, 0.8720300830396793, 0.8797625800089195, 0.8831015822764932, 0.8886742074484456, 0.8731384931627315, 0.8823445204489921, 0.8797161135922512, 0.8974720479142719, 0.8780044644820071, 0.8875616987330482, 0.8911738541215194, 0.9025717489211752, 0.9015440779266461, 0.9089578740083292, 0.9096706678978147, 0.9117113900038315, 0.9141800773864485, 0.9137733038737195, 0.9134587643921835, 0.9121568096305926, 0.912627959309301, 0.9127691958593225, 0.9129321109792023, 0.9127280371982587, 0.9126900035175658], "Valid": []}, "eer_val": {"Train": [0.28959899749390716, 0.281328320802005, 0.2675438596473263, 0.26328320802001787, 0.25150375939818453, 0.19974937343358398, 0.19473684210518133, 0.19135338345864905, 0.18759398496242158, 0.20025062656641301, 0.19398496240693394, 0.18947368421242675, 0.17155388471178015, 0.19774436090225858, 0.18471177944829215, 0.18208020050125345, 0.17080200501253132, 0.16779448621541976, 0.1612781954887218, 0.15977443608998612, 0.1562656641604925, 0.15538847117794363, 0.15426065162872551, 0.1545112781961786, 0.15463659147958161, 0.15413533834661522, 0.1540100250626559, 0.15401002506245265, 0.15413533834586482, 0.15438596491228596], "Valid": []}, "thres": {"Train": [-0.13961181044580748, -0.07042127847671509, -0.03550805523988303, -0.014172378927469238, -0.007847699336707413, -0.008506282232701778, -0.011748322285710421, -0.036091398447752075, -0.06659797579050175, -0.09953410923480925, -0.18534497916761367, -0.241331666708099, -0.307998597621918, -0.27106702327728366, -0.2913022935386234, -0.27201783657073986, -0.2934989035129547, -0.3254846930499869, -0.3193040043115616, -0.3114539086818007, -0.3299676477909635, -0.33834466338157637, -0.3450151905415387, -0.34798708558094765, -0.3549344837674516, -0.3560809195042749, -0.3567088395357129, -0.35854181647295374, -0.3587999343872071, -0.35958147048950234], "Valid": []}, "acc_val": {"Train": [0.7103383458646616, 0.718671679197995, 0.7325187969924812, 0.7367794486215539, 0.7484962406015038, 0.800187969924812, 0.8053258145363409, 0.8085839598997494, 0.8123433583959899, 0.799812030075188, 0.805952380952381, 0.8105263157894737, 0.8283834586466166, 0.8021929824561403, 0.8152882205513784, 0.8179197994987468, 0.8288220551378446, 0.8322681704260652, 0.8387844611528822, 0.8402882205513784, 0.843671679197995, 0.8446741854636591, 0.8458020050125313, 0.8454260651629073, 0.8453007518796992, 0.8458646616541353, 0.8459899749373434, 0.8458646616541353, 0.8458020050125313, 0.8455513784461153], "Valid": []}, "f1_val": {"Train": [0.7103201955009713, 0.718671679197995, 0.7325020364684502, 0.7367629550723729, 0.7484647198897105, 0.8001754495895732, 0.8053136161413621, 0.808571965662009, 0.8123315997242935, 0.7997994861833448, 0.8059402218184096, 0.8105263157894737, 0.8283727050567078, 0.802180587756125, 0.8152650708108786, 0.8179197994987467, 0.8287362086258776, 0.832257660254402, 0.8387743592956951, 0.840278212920609, 0.8436618835766652, 0.8446644526599411, 0.8457923428786265, 0.845416379472398, 0.8452910583369886, 0.8458646616541353, 0.8459899749373434, 0.845826021559288, 0.8457923428786265, 0.8455417006078075], "Valid": []}}