{"roc_val": {"Train": [0.8789259803644449, 0.8816864686779606, 0.8549952575674777, 0.8641066246443174, 0.8878531934472773, 0.9014369727577087, 0.8886408690900183, 0.9014849624060151, 0.9021639782413428, 0.907068972556705, 0.9168437227153096, 0.9086089361875866, 0.9193682200488689, 0.9219483781508909, 0.9232884137034315, 0.9263873028435753, 0.9261386863147845, 0.9261279216210954, 0.9257350691892638, 0.9262253613356699, 0.9265582110036997, 0.9265887305984258, 0.9266955295506938, 0.9266927186387021, 0.9266957101400117, 0.9267395383822965, 0.9267272818638075, 0.9267357774134585], "Valid": []}, "eer_val": {"Train": [0.2028822055140167, 0.1966165413533837, 0.22794486215431267, 0.21416040100251174, 0.18395989974961402, 0.16578947368472238, 0.17994987468503776, 0.16741854636591025, 0.16340852130399483, 0.16215538847117994, 0.14812030075090626, 0.16152882205513758, 0.15087719298247426, 0.14636591478696695, 0.1442355889713134, 0.13934837092731814, 0.14160401002496448, 0.13972431077698252, 0.1417293233082707, 0.1412280701754308, 0.14172932330819787, 0.14160401002559286, 0.14135338345790743, 0.1412280701762997, 0.14122807017558078, 0.14122807017471203, 0.1414786967418547, 0.14135338345793969], "Valid": []}, "thres": {"Train": [-0.2119859755039714, -0.11153363436460495, -0.04908096417781627, -0.03637293353676821, -0.02536191046238102, -0.024898726493132725, -0.04924078658215296, -0.07601211220026009, -0.13659024238590373, -0.15627506375312855, -0.20830240845660525, -0.2732842167218526, -0.27914720773697443, -0.29507449269294733, -0.29808071255655166, -0.29644456505775446, -0.30854123830789965, -0.3176582455635655, -0.328278511762619, -0.332677215337751, -0.33494374155993095, -0.3366090655327582, -0.3378460109229987, -0.33833324909249063, -0.33916059136405324, -0.339174807071259, -0.3385812342166901, -0.3384587168691409], "Valid": []}, "acc_val": {"Train": [0.7971804511278195, 0.8033208020050125, 0.7720551378446115, 0.7857769423558897, 0.8161027568922306, 0.8342105263157895, 0.8200501253132833, 0.8326441102756892, 0.8367167919799499, 0.8377819548872181, 0.8518170426065163, 0.8385964912280702, 0.8490601503759398, 0.8536967418546366, 0.855701754385965, 0.8607142857142858, 0.8583959899749374, 0.8602130325814537, 0.8582080200501253, 0.8588345864661654, 0.8583333333333333, 0.8583959899749374, 0.8587092731829574, 0.8587719298245614, 0.8587719298245614, 0.8587719298245614, 0.8584586466165414, 0.8585213032581454], "Valid": []}, "f1_val": {"Train": [0.7971931583234133, 0.8033084779748104, 0.7720265697455821, 0.7857635190174823, 0.8161142785539752, 0.8342105263157894, 0.8200275723774908, 0.8326336236606304, 0.8367372509710563, 0.8377717902124194, 0.8517891834304694, 0.83857626268956, 0.8490506923992732, 0.8536875744094242, 0.8556746255561822, 0.8607055579923554, 0.8583782428875799, 0.8602042734507176, 0.8581991352841657, 0.858825740961213, 0.858324456419575, 0.8583959899749374, 0.8587004198258037, 0.8587719298245614, 0.8587719298245614, 0.8587542298533651, 0.8584497775549846, 0.8584858360491351], "Valid": []}}