{"optimizer_lr": [{"best_val_loss": {"param": 0.005, "value": 0.2329302281141281}, "best_roc_val": {"param": 0.1, "value": 0.9318867011575539}, "best_eer_val": {"param": 0.1, "value": 0.12860705379408627}, "best_thres": {"param": 0.05, "value": -0.9026086926462296}, "best_acc_val": {"param": 0.1, "value": 0.8715531044298167}, "best_f1_val": {"param": 0.1, "value": 0.8713929462059138}}], "optimizer_name": [{"best_val_loss": {"param": "RMSprop", "value": 0.23059679567813873}, "best_roc_val": {"param": "RMSprop", "value": 0.8731507863501973}, "best_eer_val": {"param": "RMSprop", "value": 0.20947630922693358}, "best_thres": {"param": "RMSprop", "value": -0.24286061440341383}, "best_acc_val": {"param": "RMSprop", "value": 0.7906066536203522}, "best_f1_val": {"param": "RMSprop", "value": 0.7903829029385574}}], "batch_size": [{"best_val_loss": {"param": 64, "value": 0.09882840514183044}, "best_roc_val": {"param": 64, "value": 0.9457119208274368}, "best_eer_val": {"param": 64, "value": 0.12148200926255787}, "best_thres": {"param": 64, "value": -0.5540953248318096}, "best_acc_val": {"param": 64, "value": 0.8784913716420566}, "best_f1_val": {"param": 64, "value": 0.8783615316117542}}], "contrastive_loss_margin": [{"best_val_loss": {"param": 0.5, "value": 0.03451932221651077}, "best_roc_val": {"param": 1.4, "value": 0.9348723075041607}, "best_eer_val": {"param": 1.5, "value": 0.14534470504557911}, "best_thres": {"param": 1.1, "value": -0.716259121892656}, "best_acc_val": {"param": 1.5, "value": 0.8548301014054439}, "best_f1_val": {"param": 1.5, "value": 0.8546490915568222}}], "kernels_init_streams": [{"best_val_loss": {"param": "he_uniform", "value": 0.44261565804481506}, "best_roc_val": {"param": "he_uniform", "value": 0.9349643938325385}, "best_eer_val": {"param": "he_uniform", "value": 0.12885480913485584}, "best_thres": {"param": "he_uniform", "value": -0.6014563423888964}, "best_acc_val": {"param": "he_uniform", "value": 0.8710537276134944}, "best_f1_val": {"param": "he_uniform", "value": 0.871}}, {"best_val_loss": {"param": "glorot_uniform", "value": 0.44767606258392334}, "best_roc_val": {"param": "lecun_normal", "value": 0.9181377881994651}, "best_eer_val": {"param": "lecun_normal", "value": 0.1506826506821406}, "best_thres": {"param": "glorot_uniform", "value": -0.6524690942908018}, "best_acc_val": {"param": "lecun_normal", "value": 0.8493960849645981}, "best_f1_val": {"param": "lecun_normal", "value": 0.8493082180363393}}, {"best_val_loss": {"param": "lecun_uniform", "value": 0.43709859251976013}, "best_roc_val": {"param": "lecun_uniform", "value": 0.9289664050457516}, "best_eer_val": {"param": "lecun_uniform", "value": 0.14668664668724918}, "best_thres": {"param": "truncated_normal", "value": -0.6194541454315494}, "best_acc_val": {"param": "lecun_uniform", "value": 0.8533111203665139}, "best_f1_val": {"param": "lecun_uniform", "value": 0.8532377698141511}}], "dense_kernel_inits": [{"best_val_loss": {"param": "uniform", "value": 0.41033223271369934}, "best_roc_val": {"param": "glorot_normal", "value": 0.923695282880147}, "best_eer_val": {"param": "glorot_normal", "value": 0.1470245040840146}, "best_thres": {"param": "uniform", "value": -0.6940865930485415}, "best_acc_val": {"param": "glorot_normal", "value": 0.8529779258642233}, "best_f1_val": {"param": "glorot_normal", "value": 0.8529044087007251}}], "filters_streams": [{"best_val_loss": {"param": 16, "value": 0.4346468150615692}, "best_roc_val": {"param": 256, "value": 0.9401571091019332}, "best_eer_val": {"param": 256, "value": 0.13485580930154684}, "best_thres": {"param": 32, "value": -0.6934452056876874}, "best_acc_val": {"param": 256, "value": 0.8652228238234069}, "best_f1_val": {"param": 256, "value": 0.8651441906984497}}, {"best_val_loss": {"param": 8, "value": 0.4278118908405304}, "best_roc_val": {"param": 16, "value": 0.9313919674813157}, "best_eer_val": {"param": 16, "value": 0.1408568094682453}, "best_thres": {"param": 16, "value": -0.7397301143150486}, "best_acc_val": {"param": 16, "value": 0.8591420241566015}, "best_f1_val": {"param": 16, "value": 0.8590715892991082}}, {"best_val_loss": {"param": 16, "value": 0.44283172488212585}, "best_roc_val": {"param": 8, "value": 0.9344283126996912}, "best_eer_val": {"param": 16, "value": 0.1453575595929544}, "best_thres": {"param": 128, "value": -0.694720149039988}, "best_acc_val": {"param": 16, "value": 0.8546438983756768}, "best_f1_val": {"param": 16, "value": 0.8545712142678555}}], "kernels_streams": [{"best_val_loss": {"param": 9, "value": 0.45145028829574585}, "best_roc_val": {"param": 9, "value": 0.9299058723129403}, "best_eer_val": {"param": 7, "value": 0.1491841491850937}, "best_thres": {"param": 5, "value": -0.6719819903371779}, "best_acc_val": {"param": 7, "value": 0.8508121615993336}, "best_f1_val": {"param": 7, "value": 0.8507375614634552}}, {"best_val_loss": {"param": 3, "value": 0.4089389443397522}, "best_roc_val": {"param": 3, "value": 0.9300409403343225}, "best_eer_val": {"param": 3, "value": 0.13635605934331768}, "best_thres": {"param": 7, "value": -0.7151280588697522}, "best_acc_val": {"param": 3, "value": 0.8637234485630987}, "best_f1_val": {"param": 3, "value": 0.8636439406567761}}, {"best_val_loss": {"param": 3, "value": 0.4477398693561554}, "best_roc_val": {"param": 3, "value": 0.913478739408061}, "best_eer_val": {"param": 3, "value": 0.16633366633323202}, "best_thres": {"param": 5, "value": -0.6063431052093307}, "best_acc_val": {"param": 3, "value": 0.8334860474802166}, "best_f1_val": {"param": 3, "value": 0.8333472280116716}}], "dense_layers": [{"best_val_loss": {"param": 32, "value": 0.4323909282684326}, "best_roc_val": {"param": 8, "value": 0.913035206167395}, "best_eer_val": {"param": 8, "value": 0.1515151515156246}, "best_thres": {"param": 32, "value": -0.6277769207964649}, "best_acc_val": {"param": 8, "value": 0.8484798000832986}, "best_f1_val": {"param": 8, "value": 0.8484040336694725}}], "input_dropout_streams": [{"best_val_loss": {"param": 0.2, "value": 0.4382374882698059}, "best_roc_val": {"param": 0.2, "value": 0.9342053179359395}, "best_eer_val": {"param": 0.5, "value": 0.12652108684779526}, "best_thres": {"param": 0.2, "value": -0.6458687186242991}, "best_acc_val": {"param": 0.5, "value": 0.8735526863806747}, "best_f1_val": {"param": 0.5, "value": 0.8734789131521921}}], "kernels_Max_Norm_constraint_streams": [{"best_val_loss": {"param": 4, "value": 0.24062234163284302}, "best_roc_val": {"param": 4, "value": 0.9360884265121541}, "best_eer_val": {"param": 4, "value": 0.12540078375492641}, "best_thres": {"param": 3, "value": -0.7502688765511735}, "best_acc_val": {"param": 4, "value": 0.8747553816046967}, "best_f1_val": {"param": 4, "value": 0.8745992162451015}}, {"best_val_loss": {"param": 4, "value": 0.23922808468341827}, "best_roc_val": {"param": 5, "value": 0.9340047181265032}, "best_eer_val": {"param": 5, "value": 0.12183826148913479}, "best_thres": {"param": 3, "value": -0.6236155794643898}, "best_acc_val": {"param": 5, "value": 0.8783134673545633}, "best_f1_val": {"param": 5, "value": 0.8781617385108657}}, {"best_val_loss": {"param": 5, "value": 0.20008277893066406}, "best_roc_val": {"param": 5, "value": 0.9512005345555797}, "best_eer_val": {"param": 5, "value": 0.11194029850859455}, "best_thres": {"param": 3, "value": -0.7959351787837358}, "best_acc_val": {"param": 5, "value": 0.887920298879203}, "best_f1_val": {"param": 5, "value": 0.8877805486284289}}], "strides_streams": [{"best_val_loss": {"param": 4, "value": 0.21736598014831543}, "best_roc_val": {"param": 4, "value": 0.9405406931447906}, "best_eer_val": {"param": 4, "value": 0.1293532338305222}, "best_thres": {"param": 2, "value": -1.0788180828075706}, "best_acc_val": {"param": 4, "value": 0.8706635829923501}, "best_f1_val": {"param": 4, "value": 0.8704792446107251}}, {"best_val_loss": {"param": 4, "value": 0.2807803452014923}, "best_roc_val": {"param": 3, "value": 0.9092765851641583}, "best_eer_val": {"param": 4, "value": 0.16702203269344623},