{"roc_val": {"Train": [0.942065242994705, 0.9450403734901163, 0.9456137053159214, 0.944648502521969, 0.9415168010879329, 0.9392821260544847, 0.9401762237674386, 0.9328348440022363, 0.9304653865239539, 0.9276075448646679, 0.9300436712080954, 0.9279669097555919, 0.9271288889517026, 0.9300906872444268, 0.9274717338458929, 0.9238864156004045, 0.9272845333886094, 0.9277374671013373, 0.9274370214383074, 0.9268512446529859, 0.9278520235425658, 0.9275296637583934, 0.927625595944749, 0.9271412082838676, 0.927394637910566, 0.9274876100024498, 0.9274910411994899, 0.9274008643161789, 0.9273454626541291, 0.9273961532904944], "Valid": []}, "eer_val": {"Train": [0.1165413533834192, 0.1121553884711779, 0.10839598997492737, 0.10877192982457587, 0.1117794486215536, 0.11879699248175667, 0.12506265663961186, 0.1383458646618352, 0.1443609022556391, 0.14799498746794304, 0.14060150375872962, 0.14686716791979731, 0.14711779448685255, 0.14110275689243856, 0.14598997493740162, 0.15501253132832188, 0.1452380952385712, 0.1459899749373434, 0.14799498746867193, 0.14812030075187965, 0.1457393483709273, 0.14711779448712337, 0.14761904761808003, 0.14812030075187957, 0.1474937343358522, 0.14749373433719845, 0.1473684210526264, 0.14761904761818773, 0.14774436090182091, 0.14749373433578866], "Valid": []}, "thres": {"Train": [-0.3978544473647519, -0.31972636282444, -0.27041935920714594, -0.2276449948549303, -0.18101200461387626, -0.12654061615484288, -0.07960071414399453, -0.13268041610721204, -0.164723239839077, -0.18215009570121357, -0.18587180972097786, -0.20000538229942202, -0.18874731659894356, -0.1981313079595889, -0.21177300810814773, -0.21211906522512478, -0.20216573774834765, -0.2090879281361898, -0.2256594200929007, -0.21426591277122495, -0.2094098925590515, -0.21017475426281998, -0.21212482452360915, -0.21124890446662897, -0.21161156892776678, -0.20913636684468576, -0.2099383175373068, -0.21020253002624034, -0.21092292666407414, -0.209599927067748], "Valid": []}, "acc_val": {"Train": [0.8835213032581454, 0.8879072681704261, 0.8916666666666667, 0.8911654135338346, 0.8882832080200501, 0.881203007518797, 0.875, 0.8616541353383459, 0.8556390977443609, 0.8520050125313283, 0.8593984962406015, 0.8531954887218045, 0.8528822055137845, 0.8588972431077694, 0.8540726817042607, 0.8450501253132832, 0.8547619047619047, 0.8540726817042607, 0.8520676691729323, 0.8519423558897243, 0.8543233082706767, 0.8529448621553885, 0.8523809523809524, 0.8519423558897243, 0.8524436090225563, 0.8524436090225563, 0.8526942355889724, 0.8523809523809524, 0.8520676691729323, 0.8524436090225563], "Valid": []}, "f1_val": {"Train": [0.883514004636882, 0.8879002443762141, 0.8916598784384986, 0.8911585938968607, 0.8882762077824425, 0.881203007518797, 0.874992167429037, 0.8616541353383459, 0.8556390977443609, 0.8519864644692318, 0.8593808747963404, 0.8531862898677862, 0.8528822055137845, 0.8588972431077694, 0.8540818244470898, 0.8450404160661695, 0.8547619047619046, 0.8540635378156526, 0.8520583996491009, 0.8519330785136913, 0.8543141800864716, 0.8529540755591755, 0.8523624514350169, 0.8519330785136913, 0.8524343630553293, 0.8524343630553293, 0.8526850053261483, 0.8523624514350169, 0.8520213099341899, 0.8524158676442939], "Valid": []}}