{"roc_val": {"Train": [0.7344039374752672, 0.7763969761496472, 0.7949950063127744, 0.8315926407497439, 0.8271905484262032, 0.8356049035496008, 0.8397528595925905, 0.8587800484921577, 0.8748262024107888, 0.8688352538614708, 0.8602909450945659, 0.886681011739876, 0.8883419388069169, 0.8931457324388665, 0.9021973087480606, 0.9101628523062042, 0.9360760061180521, 0.9433213830315136, 0.9468667596309068, 0.9501642185036525, 0.951121758029158, 0.950980364444947, 0.9508698594858074, 0.9508799253773531, 0.9509222225362907, 0.9509136327661258, 0.9507741549990264, 0.9507774998272625, 0.9509232354068127, 0.9510125014918247], "Valid": []}, "eer_val": {"Train": [0.34624060150394415, 0.3038847117794482, 0.2892230576423071, 0.24674185463659704, 0.2547619047619047, 0.23947368421063855, 0.2357142857145665, 0.21679197995137028, 0.19949874686718413, 0.2042606516295366, 0.21779448621487058, 0.177192982456191, 0.1716791979946275, 0.16654135338412113, 0.15275689223057615, 0.1662907268175074, 0.13057644110313002, 0.11804511278196624, 0.11140350877192981, 0.1076441102757227, 0.10739348370943817, 0.10714285714344039, 0.10751879699243799, 0.1071428571428571, 0.10726817042606529, 0.10714285714316801, 0.10764411027488296, 0.10664160401009806, 0.1070175438587461, 0.106766917293234], "Valid": []}, "thres": {"Train": [-0.07239776104692451, -0.01612085103988646, -0.009831324219676215, -0.00748164113610989, -0.005314059206284582, -0.009053003974259805, -0.013355933129791539, -0.02440951950848974, -0.04611746966838989, -0.05799992010000563, -0.054528571665254696, -0.06644311547279844, -0.10629276931264825, -0.07029341161291885, -0.13246858119964577, -0.1866010278463497, -0.1646797358993107, -0.1668737828731571, -0.19765891879796982, -0.24667325615883307, -0.2558149397374461, -0.2648330330848755, -0.2707389295100816, -0.27548915147781367, -0.27898788452148454, -0.28213009238280884, -0.2828891277308787, -0.2797558307648519, -0.28044873475934634, -0.28063511848449724], "Valid": []}, "acc_val": {"Train": [0.6536967418546366, 0.6961779448621553, 0.7108395989974937, 0.7531954887218045, 0.7453007518796992, 0.7605889724310777, 0.7643483709273183, 0.7831453634085213, 0.8004385964912281, 0.7956766917293233, 0.7821428571428571, 0.8228696741854636, 0.8283208020050126, 0.8334586466165413, 0.8473057644110276, 0.8337092731829574, 0.8693609022556391, 0.8818922305764411, 0.8886591478696741, 0.8922932330827068, 0.8926065162907268, 0.8928571428571429, 0.8925438596491229, 0.8929197994987469, 0.8927944862155388, 0.8927944862155388, 0.8924185463659148, 0.8934210526315789, 0.8929197994987469, 0.893170426065163], "Valid": []}, "f1_val": {"Train": [0.6536750422958832, 0.6961589071996992, 0.7108214800426091, 0.7531800238110157, 0.7452847922802182, 0.7606039721821941, 0.7643631351419083, 0.7831317751738832, 0.8004260918603923, 0.7956638887148317, 0.7821018988531679, 0.8228585750986903, 0.828299285624765, 0.8334586466165413, 0.8472961965035403, 0.8337092731829573, 0.86935271633561, 0.8818848298765587, 0.8886521711886709, 0.892286484115546, 0.8926065162907268, 0.8928571428571429, 0.8925371263863651, 0.8929130897925937, 0.8927877686571841, 0.8927877686571841, 0.8924118052509556, 0.8934277300920995, 0.8928996678573667, 0.8931637320634125], "Valid": []}}