{"roc_val": {"Train": [0.9176718503652617], "Valid": []}, "eer_val": {"Train": [0.14987468671790272], "Valid": []}, "thres": {"Train": [-0.0673642978073366], "Valid": []}, "acc_val": {"Train": [0.8501253132832081], "Valid": []}, "f1_val": {"Train": [0.8501253132832082], "Valid": []}}