{"roc_val": {"Train": [0.8538776609443408, 0.8650386539657414, 0.8744933056325024, 0.887407373383333, 0.9249380264571203, 0.9380341125369817, 0.9705339476510828, 0.9686320123617314, 0.9746832934466493, 0.9786008881853758, 0.981857557427403, 0.9836269715642489, 0.9843783644575098, 0.9873076959315581, 0.9868367032870397, 0.9875117147505355, 0.9880822199609299, 0.9885844624091558, 0.9887560850748426, 0.9885686961765316, 0.9890714411341639, 0.9891830139257919, 0.9892869548558112, 0.9893278936690098, 0.9893513545769185, 0.9893625982248856, 0.9893633441372855, 0.989387064151607, 0.9893960936175022, 0.9894030109735492], "Valid": []}, "eer_val": {"Train": [0.2360902255644309, 0.22167919799500582, 0.2117794486223009, 0.19736842105263144, 0.15350877192977216, 0.14085213032581126, 0.08471177944860274, 0.08822055137844559, 0.07844611528821703, 0.06441102756824355, 0.06077694235671596, 0.057769423559770626, 0.05451127819509256, 0.047744360902259086, 0.04837092731874505, 0.046616541352786936, 0.04674185463616613, 0.04360902255504244, 0.04461152882205418, 0.04461152882205512, 0.043859649123276806, 0.0428571428576218, 0.04223057644158932, 0.04197994987468686, 0.04235588972431088, 0.042105263157902154, 0.04210526315789732, 0.04197994987468667, 0.041979949874686714, 0.04197994987512358], "Valid": []}, "thres": {"Train": [-0.08106072247030423, -0.04576242715120388, -0.026624498888870588, -0.012919375672936438, -0.0071249054744835436, -0.008617534302175002, -0.012293785810470389, -0.04250407963991163, -0.06490692496299727, -0.15213920176008455, -0.18796317279389946, -0.21189546585156144, -0.2711045742032353, -0.2802329659462016, -0.34144669771234143, -0.36065900325743266, -0.37980693578684516, -0.39244735240903567, -0.39380961656570235, -0.4110328108072281, -0.40311497449876244, -0.41157668828986477, -0.41268265247363567, -0.41302542388439195, -0.4123851954936982, -0.41387319564820557, -0.4144811332225819, -0.41527895629405964, -0.41453519463539124, -0.4140763282787], "Valid": []}, "acc_val": {"Train": [0.7639097744360902, 0.7782581453634085, 0.7881578947368421, 0.8026942355889725, 0.8464912280701754, 0.8592105263157894, 0.9153508771929825, 0.9118421052631579, 0.9216165413533834, 0.9354636591478697, 0.9392857142857143, 0.9421679197994988, 0.9455513784461153, 0.9522556390977444, 0.9516917293233083, 0.9533208020050126, 0.9532581453634085, 0.956390977443609, 0.9554511278195489, 0.9553884711779449, 0.956140350877193, 0.9571428571428572, 0.9577694235588973, 0.9580200501253133, 0.9575814536340852, 0.9578320802005013, 0.9578320802005013, 0.9580200501253133, 0.9580200501253133, 0.9579573934837092], "Valid": []}, "f1_val": {"Train": [0.7639097744360903, 0.778244250892913, 0.7881446205902626, 0.802681872297763, 0.8464912280701754, 0.8592017043674415, 0.9153455730308917, 0.9118365812394261, 0.9216116298013659, 0.9354474805715718, 0.9392895182006139, 0.9421642960085219, 0.9455479666645779, 0.9522556390977444, 0.9516947559676712, 0.9533120260700633, 0.9532522872540419, 0.9563855119689184, 0.9554483363619275, 0.9553884711779449, 0.956140350877193, 0.9571428571428572, 0.9577694235588973, 0.9580200501253132, 0.9575787956638888, 0.9578294379347078, 0.9578294379347078, 0.9580200501253132, 0.9580147888206543, 0.9579547590701172], "Valid": []}}