{"roc_val": {"Train": [0.6841495028297561, 0.6345698126896188, 0.6523390635109075, 0.7214344131004202, 0.7209184144571956, 0.8223149980213692, 0.8659060558664833, 0.8166131965251475, 0.857854661716949, 0.902421514312096, 0.9045436822004886, 0.8838833612854191, 0.9050807155733946, 0.8991064597584186, 0.9091286015791358, 0.9313393524538163, 0.9435877758305538, 0.9457734640485927, 0.9459048231480959, 0.9491181509538258, 0.9514973759586938, 0.953068542283026, 0.9537376571127065, 0.9540689364388414, 0.9542627872940496, 0.9544894504431506, 0.9544874639606534, 0.954666451529827, 0.9546637740968964, 0.9545934698902645], "Valid": []}, "eer_val": {"Train": [0.3805764411028402, 0.4205513784459702, 0.40451127819548865, 0.3447368421060185, 0.3636591478704753, 0.24844611528815452, 0.217293233082711, 0.25751879699110425, 0.22005012531262086, 0.17243107769423605, 0.17368421052557545, 0.1952380952380971, 0.17017543859633105, 0.17807017544055814, 0.166290726816691, 0.13972431077697342, 0.12192982456200499, 0.11929824561403517, 0.12042606516315615, 0.11441102757001448, 0.11152882205513175, 0.1083959899749448, 0.10601503759542565, 0.10601503759398495, 0.10588972431077563, 0.1050125313281067, 0.1052631578956995, 0.10476190476336553, 0.10463659147972981, 0.10501253132832075], "Valid": []}, "thres": {"Train": [-0.20551981031895025, -0.006399334874003347, -0.00014713318766249964, -1.560913551660526e-05, -3.0469868761447732e-06, -2.1523149371205353e-05, -0.0016103727975860422, -0.009987987577874422, -0.015446111559822107, -0.03707254678010942, -0.05283874273291612, -0.05222951993346248, -0.06108498573302793, -0.07363593578351417, -0.10865276306846697, -0.14839605987072832, -0.16817706823372927, -0.21017582342028618, -0.21328991651557297, -0.2432685494437227, -0.2627295553684232, -0.28007818013429914, -0.2903412282498417, -0.2946624457836151, -0.29776277144749924, -0.3007389605044719, -0.3010376691823059, -0.3033619821081644, -0.30314233899155263, -0.3031325340270996], "Valid": []}, "acc_val": {"Train": [0.6194862155388471, 0.5795112781954888, 0.5955513784461153, 0.6553884711779449, 0.6362781954887218, 0.7514411027568922, 0.7826441102756893, 0.7424812030075187, 0.7799498746867168, 0.8275062656641604, 0.8262531328320802, 0.8046992481203008, 0.8298872180451128, 0.8218671679197995, 0.8337092731829574, 0.8602756892230576, 0.8780701754385964, 0.880764411027569, 0.8795739348370928, 0.8855263157894737, 0.8885338345864662, 0.8916666666666667, 0.893984962406015, 0.8940476190476191, 0.894235588972431, 0.8949874686716792, 0.8947368421052632, 0.8951754385964912, 0.8953634085213033, 0.8950501253132832], "Valid": []}, "f1_val": {"Train": [0.6195100557609172, 0.579484930133467, 0.5955260354658813, 0.6554316501691517, 0.6362554044739646, 0.7513008588803209, 0.7826304906322451, 0.7424489284371475, 0.779922296027071, 0.8274954571088414, 0.8262204675064235, 0.8046870104643148, 0.8298765586816216, 0.8218560060154145, 0.8336884321343527, 0.8602756892230576, 0.8780701754385964, 0.8807569396578733, 0.8795739348370929, 0.8855191428034339, 0.8885268500532616, 0.8916598784384986, 0.893984962406015, 0.8940409800112789, 0.8942223336257678, 0.894974307557338, 0.8947368421052632, 0.8951688702299643, 0.8953634085213033, 0.8950435490945549], "Valid": []}}