{"roc_val": {"Train": [0.8158611597917098, 0.7382918449004717, 0.7537231235984698, 0.918657373383333, 0.9412788000703513, 0.9674001105520694, 0.9776805422076494, 0.9795234483451737, 0.9781538432547535, 0.9800662370211244, 0.979936118491718, 0.9797353502804631, 0.9807610112373666, 0.9806935414978548, 0.980594821954636, 0.9806113340996603, 0.9806661311800805, 0.9806686829856598, 0.9806861451875302, 0.9806844806251217, 0.9806435575153422, 0.9806725852852684, 0.980645606811515, 0.980672828688262, 0.9806952531705202, 0.9806721691446663, 0.9806716273767124, 0.9806708657608934, 0.9806390035238471, 0.980702665184264], "Valid": []}, "eer_val": {"Train": [0.26842105263157884, 0.3422305764400731, 0.3176691729328647, 0.14812030075186547, 0.12155388471087689, 0.08220551378446113, 0.07092731829573933, 0.06842105263332685, 0.0676691729308774, 0.06428571428571428, 0.06804511278261913, 0.06516290726902818, 0.06365914786967436, 0.06416040100247433, 0.06428571428571433, 0.06441102756892483, 0.06441102757072358, 0.06378446115296026, 0.0636591478696768, 0.06378446115315718, 0.06390977443609004, 0.06416040100117423, 0.06390977443552, 0.06416040100267811, 0.06428571428560859, 0.0637844611534289, 0.06403508771929889, 0.06390977443642908, 0.06390977443609037, 0.06378446115253349], "Valid": []}, "thres": {"Train": [-0.11721565822760262, -0.01771490648378772, -0.0012797225499537512, -0.007573725655674893, -0.05241573974483203, -0.13185827434062958, -0.17661993950605392, -0.22142706811509066, -0.2653354406354444, -0.2878682613372803, -0.2990451455119479, -0.2924032807353333, -0.2968645095825197, -0.30112132430076555, -0.3032238185405732, -0.3034834265708974, -0.3032978177075694, -0.3025231957435844, -0.30264787872632454, -0.3028034567832972, -0.30289101600646956, -0.3035711944103076, -0.3029979765407644, -0.3032209873199849, -0.30313023924824245, -0.30356210470260325, -0.30402809381485035, -0.30403470993068377, -0.30472470323244744, -0.30324819684007664], "Valid": []}, "acc_val": {"Train": [0.731453634085213, 0.6578320802005012, 0.6822681704260651, 0.8519423558897243, 0.8784461152882206, 0.9178571428571428, 0.9291353383458647, 0.9315162907268171, 0.9323308270676691, 0.9357142857142857, 0.9319548872180451, 0.9348997493734336, 0.9362781954887218, 0.9358395989974937, 0.9356516290726817, 0.9355263157894737, 0.9355263157894737, 0.9362155388471178, 0.9364035087719298, 0.9362155388471178, 0.9361528822055137, 0.9359022556390978, 0.9360902255639098, 0.9358395989974937, 0.9356516290726817, 0.9362155388471178, 0.9359022556390978, 0.9361528822055137, 0.9362155388471178, 0.9362155388471178], "Valid": []}, "f1_val": {"Train": [0.7314872822954517, 0.6578106397643962, 0.6822482611692462, 0.8519330785136913, 0.8784308810627898, 0.9178519957390813, 0.9291308979259353, 0.9315119994987154, 0.9323223461586664, 0.9357062288507332, 0.9319548872180451, 0.9349038280809472, 0.936274202644276, 0.9358315578393281, 0.9356475969672285, 0.935522275831819, 0.935522275831819, 0.9362155388471178, 0.9363995237796855, 0.9362155388471178, 0.9361488815088664, 0.9358982392380476, 0.9360822158165184, 0.9358395989974937, 0.935639531240208, 0.9362155388471178, 0.9358982392380476, 0.936156882400852, 0.9362075448051135, 0.9362075448051135], "Valid": []}}