{"roc_val": {"Train": [0.9352860142210163], "Valid": []}, "eer_val": {"Train": [0.13107769423408855], "Valid": []}, "thres": {"Train": [-0.5027692913999408], "Valid": []}, "acc_val": {"Train": [0.8689849624060151], "Valid": []}, "f1_val": {"Train": [0.8689767529293815], "Valid": []}}