{"roc_val": {"Train": [0.9352841926244182, 0.944033957073134, 0.9532326037524889, 0.9624249376574268, 0.9677631578947369, 0.9702682929127329, 0.9695745237153034, 0.9654133139867213, 0.9629254762846966, 0.9617483244451983, 0.9571137822626742, 0.9537182319834675, 0.9538760277887701, 0.9533030178830535, 0.9536241763556762, 0.9508005288911501, 0.9537626962142198, 0.9516258534808197, 0.9555808694669004, 0.9554905748079473, 0.9557584437283685, 0.9553343414928298, 0.9561004249345167, 0.955649352076934, 0.9551883625102857, 0.9570048005351725, 0.9559009208484872, 0.9564729021802627, 0.956423828996049, 0.9562136858436819], "Valid": []}, "eer_val": {"Train": [0.13095238095238862, 0.12393483709329316, 0.10964912280733313, 0.09235588972426911, 0.0810776942348677, 0.07744360902255645, 0.0784461152885929, 0.08847117794620837, 0.08721804511278322, 0.09097744360902246, 0.09411027568922364, 0.10175438596484342, 0.10300751879880155, 0.10626566416056266, 0.1016290726817163, 0.1159147869675713, 0.10751879699247678, 0.10839598997555878, 0.10025062656617573, 0.10000000000086685, 0.0989974937348867, 0.10000000000000044, 0.0981203007518799, 0.09611528822051564, 0.10137844611530286, 0.09686716791893818, 0.09899749373436145, 0.09724310776920098, 0.09699248120300463, 0.09761904761831455], "Valid": []}, "thres": {"Train": [-0.5028452873230003, -0.49128538370223884, -0.44555461406723834, -0.42298018932333953, -0.39340212941129893, -0.36974132061004644, -0.34370717406285617, -0.3354283273220248, -0.3118856251239788, -0.3082832992076874, -0.31067368388175987, -0.33295524120328807, -0.31956276297608255, -0.34452000260357796, -0.33167353272439565, -0.35142165422444943, -0.3391538858413696, -0.34587112069154985, -0.35708531737305144, -0.3407690525059007, -0.340351015330926, -0.3446070551872254, -0.3453097343444826, -0.34376803040503356, -0.35030892491340776, -0.343387335537776, -0.3456032276153713, -0.34599214792246014, -0.3487091660499557, -0.3438362777232972], "Valid": []}, "acc_val": {"Train": [0.8689849624060151, 0.8760651629072682, 0.8904135338345864, 0.9075814536340853, 0.918922305764411, 0.9224937343358396, 0.9218671679197995, 0.9114661654135339, 0.912719298245614, 0.9090852130325815, 0.905889724310777, 0.8983082706766917, 0.8969298245614035, 0.893671679197995, 0.8983082706766917, 0.8840225563909775, 0.8925438596491229, 0.8916040100250626, 0.899749373433584, 0.9, 0.9013157894736842, 0.899937343358396, 0.9018170426065163, 0.9039473684210526, 0.8985588972431078, 0.9031328320802005, 0.9009398496240602, 0.9027568922305764, 0.9030701754385965, 0.9022556390977443], "Valid": []}, "f1_val": {"Train": [0.8689767529293815, 0.8760651629072682, 0.890420399724328, 0.9075640784608635, 0.9189121443789948, 0.9224888777492324, 0.9218916379580332, 0.9114606178331975, 0.9127138291872925, 0.9090795162604173, 0.905889724310777, 0.8983018986152014, 0.896923366125697, 0.8936650166050505, 0.8983018986152014, 0.8840152891785199, 0.8925371263863651, 0.8916040100250626, 0.8997368091239504, 0.9, 0.9013466958972753, 0.8999310733755248, 0.9018108904066672, 0.9039413497086283, 0.8985525408860204, 0.9031206918160171, 0.9009336424588007, 0.9027447048502318, 0.903064101760762, 0.9022311356229633], "Valid": []}}