{"roc_val": {"Train": [0.7104833590869404, 0.7379064751477693, 0.7441962362045464, 0.7594375035332692, 0.7999816269998303, 0.8230340026130488, 0.8506976400902004, 0.8540417616723512, 0.8763635985326726, 0.9062959403521335, 0.9056818345990288, 0.9041341998479908, 0.9121827830855335, 0.918669975377039, 0.9309376511454074, 0.9314566962519081, 0.9335952271028448, 0.936439956407309, 0.9403313264363916, 0.940992652370274, 0.941360811175809, 0.9421098407045183, 0.9426859206286392, 0.9433405961645971, 0.9432778688576076, 0.9434609864259647, 0.9435409796420876, 0.9436058347623445, 0.9436168664141558, 0.9436199678393978], "Valid": []}, "eer_val": {"Train": [0.35877192982395195, 0.3349624060150376, 0.3264411027568921, 0.31253132832080205, 0.27769423558897244, 0.25313283208020054, 0.22606516290726816, 0.22556390977475327, 0.19761904761902047, 0.17192982456140354, 0.16604010025123167, 0.17017543859625506, 0.16015037593984974, 0.15288220551431592, 0.1369674185463003, 0.1374686716791951, 0.13659147869814336, 0.1302005012531329, 0.12456140350877212, 0.12393483709272761, 0.12205513784418635, 0.12218045112951162, 0.12055137844728103, 0.11979949874686101, 0.1200501253132766, 0.11917293233082485, 0.11879699248169805, 0.11842105263242071, 0.11879699248120336, 0.11829573934972067], "Valid": []}, "thres": {"Train": [-0.16509900987145726, -0.0712130032479763, -0.036948403343558305, -0.014415466847519081, -0.010224657133221626, -0.012915704399347307, -0.019892390196522076, -0.02924449555575953, -0.0676600560545886, -0.11091584712266922, -0.20097756385840787, -0.2510027438401156, -0.32364666461944586, -0.35341674089433456, -0.34509196877478, -0.36352446675300565, -0.3871429562591563, -0.3981398046016693, -0.39972260594367987, -0.41248760620752767, -0.4062880873678804, -0.42075917124788953, -0.4216056168082412, -0.42224577069282476, -0.4268717169761603, -0.42829308907190805, -0.42775118351002794, -0.4277526736262035, -0.4295667707920075, -0.4287622570999724], "Valid": []}, "acc_val": {"Train": [0.6412280701754386, 0.6650375939849624, 0.6736215538847118, 0.687531328320802, 0.7218671679197995, 0.7468045112781955, 0.7739348370927318, 0.77468671679198, 0.8023809523809524, 0.8281328320802005, 0.8339598997493735, 0.8298245614035088, 0.8398496240601504, 0.8471804511278196, 0.8630952380952381, 0.862593984962406, 0.8633458646616541, 0.8697368421052631, 0.875375939849624, 0.8760651629072682, 0.8778822055137845, 0.8777568922305764, 0.8795739348370928, 0.8802005012531329, 0.8800125313283208, 0.880827067669173, 0.881203007518797, 0.881578947368421, 0.881140350877193, 0.8816416040100251], "Valid": []}, "f1_val": {"Train": [0.6411831056523374, 0.6650375939849624, 0.6736011028259916, 0.6875117488564447, 0.7217102376026582, 0.7467886459051319, 0.7739348370927319, 0.774743172137309, 0.8023561849855873, 0.8281220627858888, 0.8339598997493735, 0.8298245614035088, 0.8398496240601504, 0.8471900256876136, 0.8630866595651356, 0.8625853750234977, 0.8633373018359546, 0.8697286797418384, 0.8753681308352653, 0.8760651629072682, 0.877859246725575, 0.8777492324080456, 0.879589023931838, 0.8801854869031207, 0.8800050128454164, 0.880827067669173, 0.881203007518797, 0.881578947368421, 0.8811329030641017, 0.8816341876057396], "Valid": []}}