{"roc_val": {"Train": [0.9234385854988347, 0.9386135137342103, 0.9659835679424125, 0.9739088871929197, 0.9825573331825804, 0.9853695328546931, 0.9857576585574211, 0.9869790076695498, 0.987082681641447, 0.9880072518388703, 0.9880117116098516, 0.9882206298955409, 0.9880366407874321, 0.9882830195790226, 0.9881746267297316, 0.9881638463326234, 0.988177264904115, 0.9881715724147461, 0.9881579575505178, 0.9881526654983322, 0.9881571252693135, 0.9881587662765938, 0.9881676230048806, 0.9881705359890954, 0.9881667200582911, 0.9881750585737525, 0.9881499016965974, 0.9881838995986206, 0.9882014324658766, 0.9881808217285066], "Valid": []}, "eer_val": {"Train": [0.14962406015038598, 0.12368421052631587, 0.08170426065165962, 0.0657894736839959, 0.05839598997409598, 0.05802005012614485, 0.05538847117801254, 0.0518796992477269, 0.05125313283334748, 0.05075187969859224, 0.05050125313296327, 0.0500000000000001, 0.05012531328323539, 0.049749373433580935, 0.05012531328302357, 0.050125313283259504, 0.050250626566536324, 0.05037593984962224, 0.05025062656640346, 0.05025062656758103, 0.050250626566053704, 0.05037593984913827, 0.05037593984957267, 0.05025062656641694, 0.05025062656643382, 0.050375939847930803, 0.05037593984901493, 0.05037593984949949, 0.05012531328480589, 0.05025062656651589], "Valid": []}, "thres": {"Train": [-0.05636271408626095, -0.03721950873732567, -0.03530644252896759, -0.08804375678297453, -0.18054835498324823, -0.26130869984641625, -0.31118488311772946, -0.3243298232552417, -0.34345462918314346, -0.3429379463178381, -0.3470579832794349, -0.3465009629726411, -0.3488307595253518, -0.3484155833721152, -0.3491306900975119, -0.35002344846728406, -0.3502490520477694, -0.35003012418746726, -0.3501595705747425, -0.3501248955726873, -0.35027655959110104, -0.34995776414827684, -0.35023328661917774, -0.3502044379711153, -0.35040506720543735, -0.3504172563539288, -0.3498236834997215, -0.3503440618514378, -0.35146078467432296, -0.34983092546476857], "Valid": []}, "acc_val": {"Train": [0.8505012531328321, 0.8763784461152883, 0.9183583959899749, 0.9342105263157895, 0.9416040100250627, 0.9419799498746867, 0.9445488721804511, 0.9481203007518797, 0.9487468671679198, 0.9491854636591479, 0.949498746867168, 0.949937343358396, 0.949812030075188, 0.95031328320802, 0.949874686716792, 0.949812030075188, 0.9496867167919799, 0.9496867167919799, 0.949749373433584, 0.9496867167919799, 0.949749373433584, 0.9495614035087719, 0.9496867167919799, 0.9496867167919799, 0.9496867167919799, 0.9496240601503759, 0.9496240601503759, 0.9496240601503759, 0.949812030075188, 0.949749373433584], "Valid": []}, "f1_val": {"Train": [0.8504825166060909, 0.8763706999185411, 0.9183635110582042, 0.9342022809875924, 0.941596691314701, 0.9419799498746867, 0.9445453975813022, 0.9481137987216443, 0.9487468671679198, 0.9491759102588205, 0.949498746867168, 0.94993420640391, 0.9498088852685006, 0.9503101698101385, 0.9498684045619752, 0.9498088852685006, 0.9496835641330911, 0.9496835641330911, 0.949749373433584, 0.9496835641330911, 0.94974307557338, 0.9495519207871155, 0.9496835641330911, 0.9496835641330911, 0.9496835641330911, 0.9496177465847851, 0.9496177465847851, 0.9496177465847851, 0.9498088852685006, 0.949749373433584], "Valid": []}}