{"roc_val": {"Train": [0.7853023693318509, 0.7004746358377146, 0.6701179876382687, 0.9134780638940709, 0.9297541158661062, 0.9362466002097977, 0.9550818226644306, 0.9677540499117468, 0.9687472126431367, 0.9781052411731082, 0.9793745720818338, 0.9784288886376342, 0.9793547465154114, 0.9799547584500098, 0.9799009349815643, 0.9800477305418935, 0.9800286273327428, 0.9799481159037945, 0.9799148403590429, 0.979905700969215, 0.9799327108498062, 0.9799402170840635, 0.9800587464902858, 0.9799809831596534, 0.9800400908285753, 0.9800617144364673, 0.9800098695988091, 0.980039886684129, 0.9800157505292054, 0.9799920069597552], "Valid": []}, "eer_val": {"Train": [0.2988721804506809, 0.35513784461038733, 0.38408521303258125, 0.15939849624060096, 0.13696741854680722, 0.12744360902255109, 0.11390977443715289, 0.08634085213032572, 0.09160401002506234, 0.07330827067757525, 0.07092731829575503, 0.07167919799494107, 0.07017543859649128, 0.06954887218045115, 0.06892230576427581, 0.06904761904761897, 0.06904761904779316, 0.06954887217942302, 0.06942355889726248, 0.06967418546446429, 0.06942355889723834, 0.06929824561403505, 0.06879699248148376, 0.06917293233091219, 0.06892230576504664, 0.0687969924812028, 0.06917293233076689, 0.0690476190472827, 0.06917293233141598, 0.0694235588965558], "Valid": []}, "thres": {"Train": [-0.09436036646354402, -0.009941648691883097, -0.0002546960604377091, -0.009499195031821714, -0.046228114515546405, -0.14749445021152388, -0.17042206227802817, -0.2264056503772735, -0.2765107154846191, -0.2728821635252534, -0.28480166196823686, -0.31142386794088467, -0.3002354800701142, -0.3141420384248098, -0.31576237082477576, -0.31672328710556025, -0.31844124197962465, -0.3176937103269091, -0.3177986517548696, -0.317508429289428, -0.31712433695793096, -0.31783163547515864, -0.3170706331734188, -0.3181357681751289, -0.3173849284653069, -0.31812092661857594, -0.317883804440402, -0.3181512653825329, -0.31894466280942085, -0.31826451420750707], "Valid": []}, "acc_val": {"Train": [0.7011904761904761, 0.6445488721804511, 0.6159774436090225, 0.8406641604010026, 0.8630952380952381, 0.8725563909774436, 0.8861528822055138, 0.9137218045112782, 0.9084586466165413, 0.9267543859649123, 0.9291353383458647, 0.9282581453634086, 0.9297619047619048, 0.9303884711779449, 0.9311403508771929, 0.931015037593985, 0.930952380952381, 0.9303258145363409, 0.9305137844611528, 0.9302631578947368, 0.9306390977443609, 0.9307017543859649, 0.931265664160401, 0.931015037593985, 0.9311403508771929, 0.931265664160401, 0.9308270676691729, 0.930952380952381, 0.9307644110275689, 0.9305137844611528], "Valid": []}, "f1_val": {"Train": [0.7011717526160787, 0.6443929041559582, 0.6159533805376277, 0.8406541763268375, 0.8631038155504042, 0.8725563909774436, 0.8861600150366518, 0.9137163982705684, 0.9084529105833699, 0.9267589750015663, 0.9291397782093854, 0.9282446575170771, 0.9297575036029827, 0.9303928325292902, 0.931136036092487, 0.9310107149570774, 0.930952380952381, 0.9303083479568814, 0.9305181379612807, 0.9302587881446206, 0.9306347515508492, 0.9307017543859649, 0.9312699705532236, 0.9310280022552151, 0.9311446651212331, 0.9312613572278965, 0.9308270676691729, 0.9309437272841208, 0.9307600726862585, 0.9305007206868459], "Valid": []}}