{"roc_val": {"Train": [0.8995246339533043, 0.9044287096186582, 0.911034360651001, 0.9036458470738249, 0.9119087348697559, 0.9546833327051967, 0.9616471787237517, 0.9602561934284332, 0.9701056447509753, 0.9749981312931453, 0.9773767517163837, 0.9763226989780215, 0.9770605162656014, 0.9781382262046093, 0.980253971394652, 0.9839234678174132, 0.9823722134283077, 0.9854914384959893, 0.986970268716905, 0.987182775233824, 0.9883308207863016, 0.9888344922456516], "Valid": []}, "eer_val": {"Train": [0.1815789473684211, 0.17431077694235653, 0.1645363408521291, 0.17293233082706466, 0.15927318295634435, 0.10451127819559783, 0.09862155388468305, 0.10112781954740636, 0.08458646616514522, 0.07794486215546588, 0.07343358396005217, 0.07318295739344734, 0.06766917293233159, 0.0644110275689222, 0.06879699248119621, 0.05714285714283479, 0.05889724310779542, 0.05288220551378439, 0.04849624060150375, 0.04862155388465178, 0.045363408521281005, 0.043859649122936044], "Valid": []}, "thres": {"Train": [-0.07590039819478989, -0.0425143788258235, -0.025424567982554394, -0.014527837000787216, -0.007222742773588979, -0.006194146350027769, -0.015503374394028439, -0.03853595256780177, -0.060501124709804524, -0.12861888110638472, -0.20915775001058362, -0.2546625733375451, -0.29034119844436673, -0.3244645893573761, -0.3540647923946371, -0.32768589258190844, -0.3150566816329994, -0.3646304011344909, -0.38270480930805206, -0.39040145277974003, -0.42302411794659794, -0.4355819970370773], "Valid": []}, "acc_val": {"Train": [0.818358395989975, 0.8257518796992481, 0.8355263157894737, 0.8270050125313283, 0.8407894736842105, 0.8954260651629072, 0.9014411027568923, 0.8989348370927318, 0.9154761904761904, 0.9219924812030075, 0.9265664160401003, 0.9268170426065163, 0.9322681704260651, 0.9356516290726817, 0.931265664160401, 0.9428571428571428, 0.9410401002506266, 0.9471804511278196, 0.9515037593984963, 0.9514411027568922, 0.9546992481203007, 0.9562030075187969], "Valid": []}, "f1_val": {"Train": [0.8183470142239488, 0.8257409612131086, 0.8355160097750486, 0.8270158511371469, 0.840779497462247, 0.8954195125007832, 0.9014349270004386, 0.8989285042922489, 0.9154708941663011, 0.9219875932075944, 0.9265664160401003, 0.9268078706604838, 0.9322639263111724, 0.9356475969672285, 0.9312613572278965, 0.9428499812006518, 0.9410364057898365, 0.9471771414249013, 0.9515037593984963, 0.9514380600288238, 0.9546964095494704, 0.9562002631743843], "Valid": []}}