{"roc_val": {"Train": [0.8058476077411574, 0.7797418514959078, 0.8063370204961025, 0.9117299278899003, 0.9318977581799109, 0.9334913332830824, 0.9389411969774057, 0.9401161424865421, 0.9414127031237242, 0.950218999880654, 0.9563809272554822, 0.9576635039980905, 0.9618979780277763, 0.9629008376203667, 0.9646231179452389, 0.9661469384614418, 0.9658610498677771, 0.9655823141814436, 0.9653796223013673, 0.9654453960716326, 0.9654563806131871, 0.9654629524940169, 0.9656121035671887, 0.9656399378772746, 0.9656156368364521, 0.9656036551277946, 0.9655559167341912, 0.965648488388892, 0.9656225620442083, 0.9657743041815063], "Valid": []}, "eer_val": {"Train": [0.2716791979949875, 0.2924812030075492, 0.2755639097744361, 0.1662907268182429, 0.13333333333264025, 0.13283208020189685, 0.11766917293292548, 0.11854636591478951, 0.11917293233082692, 0.10827067669172982, 0.10137844611489756, 0.09799498746853653, 0.09147869674320078, 0.09010025062655695, 0.08884711779509538, 0.08546365914739297, 0.08609022556390986, 0.08659147869554981, 0.08721804511278633, 0.08709273182915042, 0.08684210526406214, 0.08709273182957386, 0.08659147869674196, 0.08671679197994991, 0.0872180451125755, 0.08684210526252775, 0.08684210526170108, 0.0869674185459875, 0.08709273182945171, 0.08709273182920747], "Valid": []}, "thres": {"Train": [-0.05982200615108015, -0.004762978060171285, -0.0005301628261804581, -0.011196754872828577, -0.057256948202782564, -0.16653178632645127, -0.17719554901163168, -0.25853309035301225, -0.2725835144519806, -0.2789609432220462, -0.2808448374270869, -0.32543575763693877, -0.31343591213269234, -0.33168086409568687, -0.32759657502178813, -0.33433750271766693, -0.34252117574214946, -0.3421146571630113, -0.34285095334053495, -0.34358817338917474, -0.344879120589983, -0.34504536787668855, -0.34297734498977667, -0.3435184359550476, -0.3437930047510989, -0.3446623086921527, -0.34245282411448474, -0.3431191146371117, -0.34413793683045646, -0.34442794322900205], "Valid": []}, "acc_val": {"Train": [0.7283834586466166, 0.7075187969924812, 0.7243734335839599, 0.8337092731829574, 0.8664160401002506, 0.8671679197994987, 0.8822681704260652, 0.8813909774436091, 0.880889724310777, 0.8916666666666667, 0.8986215538847118, 0.9020676691729324, 0.9085213032581454, 0.9099624060150376, 0.9111528822055138, 0.9145363408521303, 0.9140350877192982, 0.9134085213032581, 0.912719298245614, 0.912844611528822, 0.9131578947368421, 0.9129699248120301, 0.9133458646616541, 0.9132205513784462, 0.912781954887218, 0.9131578947368421, 0.9130952380952381, 0.9130952380952381, 0.912844611528822, 0.9129072681704261], "Valid": []}, "f1_val": {"Train": [0.7283664389999374, 0.7075187969924812, 0.7243561626668338, 0.8337092731829573, 0.8663658016798295, 0.8671679197994987, 0.8822607932827871, 0.8813835453349207, 0.8808822607932828, 0.8916598784384986, 0.8986088482265949, 0.9020615326774861, 0.9085213032581454, 0.9099567642082838, 0.9111528822055138, 0.9145363408521303, 0.9140243138237875, 0.9133976688808122, 0.9127138291872925, 0.9128282258569907, 0.9131578947368421, 0.9129644714581114, 0.9133404348643398, 0.9132151137289305, 0.9127710239378368, 0.913147010903622, 0.9130788995425205, 0.9130897925935209, 0.9128282258569907, 0.9128963529264319], "Valid": []}}