{"roc_val": {"Train": [0.8881716116732935, 0.820806967292919, 0.8470075329300696, 0.8702173196148264, 0.9862564776603161, 0.9856814184584267, 0.9852042700736804, 0.9854640752884718, 0.9825226757369615, 0.9854797394488728, 0.9887717413835341, 0.9893644983385783, 0.9906881395217366, 0.9932698130036872, 0.9928794417120496, 0.9935554581943582, 0.9935969623306388, 0.9948383175985076, 0.9931377472503314, 0.9944048875321135, 0.9946044151732716, 0.9946690347422441, 0.9948693475543495, 0.9947478816087838, 0.9949966080615071, 0.9949170231342769, 0.994813207831609, 0.99499238384181, 0.99498238076394, 0.9948962710661363], "Valid": []}, "eer_val": {"Train": [0.20187969924811547, 0.2657894736843755, 0.2235588972431077, 0.19649122807017722, 0.05250626566416629, 0.05363408521289956, 0.04912280701754392, 0.04749373433599077, 0.05501253132832075, 0.045864661654126344, 0.03634085213032578, 0.04022556390977489, 0.03546365914786872, 0.03020050125370323, 0.02844611528822044, 0.030827067669170483, 0.02781954887242646, 0.025062656641603922, 0.03182957393483698, 0.02631578947359872, 0.024686716791676683, 0.024686716791998433, 0.024310776942219198, 0.0249373433593637, 0.024310776942358593, 0.024185463659147942, 0.024436090225136854, 0.02456140350854578, 0.024185463659148223, 0.02406015037594081], "Valid": []}, "thres": {"Train": [-0.19854223728179768, -0.10524953156719642, -0.20127021521329877, -0.2989821732044225, -0.3458133935928373, -0.3497554659841827, -0.3518755435943604, -0.3637913763524516, -0.33460925519466395, -0.31704011559484274, -0.3326833446820577, -0.3289594948291783, -0.34537142515182395, -0.38539844751431335, -0.35475581884384133, -0.3736706078052497, -0.3389162719253775, -0.34350504875183097, -0.3162755370140075, -0.3313192129131882, -0.32706728577588834, -0.3457544595004333, -0.3403029739855367, -0.33658581972453, -0.33935779333114796, -0.33909949660301214, -0.3374564051626737, -0.33723688125547846, -0.33996078372001654, -0.3364607989788081], "Valid": []}, "acc_val": {"Train": [0.7981829573934837, 0.7341478696741854, 0.7764411027568923, 0.8034461152882205, 0.9474310776942356, 0.9464285714285714, 0.9508771929824561, 0.9525062656641604, 0.9449874686716792, 0.9541979949874687, 0.9636591478696742, 0.9597117794486215, 0.9645989974937343, 0.9697994987468672, 0.9716165413533835, 0.9692355889724311, 0.9721804511278196, 0.975, 0.9682330827067669, 0.9737468671679198, 0.975375939849624, 0.975375939849624, 0.9757518796992481, 0.975062656641604, 0.9756892230576442, 0.9757518796992481, 0.9756265664160401, 0.9755012531328321, 0.9757518796992481, 0.9758771929824561], "Valid": []}, "f1_val": {"Train": [0.7981703114230214, 0.7341312112287737, 0.7764411027568922, 0.8034337991102201, 0.9474277836957202, 0.9464252146124444, 0.9508771929824561, 0.9525062656641604, 0.9449874686716792, 0.9541951250078325, 0.9636591478696742, 0.9597092549658501, 0.96459677924682, 0.9697994987468672, 0.9716147628297512, 0.969233661256971, 0.9721804511278196, 0.9749984334858074, 0.9682310921736951, 0.9737452221317126, 0.9753743968920358, 0.9753743968920358, 0.9757503602982645, 0.975062656641604, 0.9756892230576442, 0.9757503602982645, 0.9756250391628548, 0.9754997180274454, 0.9757503602982645, 0.9758756814336738], "Valid": []}}