{"roc_val": {"Train": [0.6776221080409183, 0.6647875240175068, 0.7078909409767806, 0.889165144307441, 0.8952152136118631, 0.8973662147222693, 0.898945037335751, 0.898988392730643, 0.8980232161090558, 0.8984822191932071, 0.9007383224142227, 0.8983851354227953, 0.9024145114596573, 0.9030244401033215, 0.9046892930250996, 0.9048989415197699, 0.9040746071179062, 0.9040035761919419, 0.9043802322919523, 0.9046398080623447, 0.9046148309020952, 0.904643175573297, 0.9047064254551722, 0.9047305842928122, 0.904778470124071, 0.9047085907821629, 0.9047896814927879, 0.9047845717747445], "Valid": []}, "eer_val": {"Train": [0.3864661654146401, 0.3899331662489559, 0.360150375940474, 0.17694235588963866, 0.16616541353388206, 0.16395154553048116, 0.1617376775281757, 0.16294903926482876, 0.16407685881371023, 0.16278195488721808, 0.15994152046791202, 0.16587301587179612, 0.15910609857999913, 0.1598579782802108, 0.15588972431031248, 0.15463659147869696, 0.15522138680039782, 0.156516290728545, 0.15584795321637424, 0.1552631578947299, 0.1556390977443609, 0.15576441102754904, 0.15526315789471118, 0.155304928988025, 0.15509607351707794, 0.15513784461075852, 0.15488721804476502, 0.15497076023346096], "Valid": []}, "thres": {"Train": [-0.7260952591905513, -0.4756938219070435, -0.113421946764052, -0.1469476968049874, -0.18952676653868097, -0.16718421876430448, -0.16759958863269253, -0.17518459260463717, -0.18991759791970292, -0.16092221438884735, -0.19027728587390777, -0.16972421109660632, -0.18150463700300037, -0.17249773442772398, -0.1833085268734426, -0.184866949915886, -0.17698967953524672, -0.184962838888434, -0.18728181719779968, -0.18598871678113776, -0.1870309958855311, -0.186800874769684, -0.1869415342807714, -0.18657015264013332, -0.18658508360382017, -0.18508671224111398, -0.18577425181859997, -0.1865978986021218], "Valid": []}, "acc_val": {"Train": [0.6135338345864662, 0.610045948203843, 0.6398496240601503, 0.8230785296574771, 0.8339598997493735, 0.8360275689223058, 0.8382623224728488, 0.8370300751879699, 0.8359440267335004, 0.8371971595655806, 0.8400584795321637, 0.8341060985797828, 0.8408939014202172, 0.8401420217209691, 0.844110275689223, 0.845342522974102, 0.8447786131996659, 0.8434628237259816, 0.844172932330827, 0.8447577276524645, 0.8443609022556391, 0.8442355889724311, 0.8447577276524645, 0.8446741854636591, 0.8449248120300752, 0.8448621553884712, 0.8451336675020885, 0.8450292397660819], "Valid": []}, "f1_val": {"Train": [0.6135338345864662, 0.6100378036299839, 0.6398496240601503, 0.8230748344785814, 0.8339807041724094, 0.8360172943166865, 0.8382623224728488, 0.8370266714008228, 0.8359406002631634, 0.8371937592681551, 0.8400584795321637, 0.8340957035737411, 0.8408939014202172, 0.8401420217209691, 0.8441037637328208, 0.8453392928006015, 0.8447786131996659, 0.8434595542931139, 0.844169677729276, 0.8447544852649387, 0.8443609022556391, 0.844235588972431, 0.8447544852649387, 0.8446644526599411, 0.844921573132271, 0.8448556748402188, 0.8451304329664363, 0.8450227661974185], "Valid": []}}