{"window_size":{"0":125,"1":250,"2":500,"3":750,"4":1000,"5":1250,"6":1500,"7":1750,"8":2000},"step_width":{"0":62,"1":125,"2":250,"3":375,"4":500,"5":625,"6":750,"7":875,"8":1000},"Mean_EER":{"0":0.2741015496,"1":0.2299733866,"2":0.1967871486,"3":0.1935555556,"4":0.1897289973,"5":0.1970833333,"6":0.1673662551,"7":0.1673429952,"8":0.1637777778},"median_n_estimators":{"0":100,"1":100,"2":100,"3":100,"4":100,"5":100,"6":200,"7":150,"8":200},"median_max_samples":{"0":0.8,"1":0.8,"2":0.8,"3":0.9,"4":0.9,"5":0.8,"6":0.8,"7":0.8,"8":0.7},"median_contamination":{"0":0.0490306122,"1":0.0551469388,"2":0.0531081633,"3":0.05005,"4":0.0531081633,"5":0.0571857143,"6":0.0531081633,"7":0.0490306122,"8":0.0571857143},"median_max_features":{"0":0.7,"1":0.7,"2":0.7,"3":0.7,"4":0.7,"5":0.7,"6":0.8,"7":0.7,"8":0.8},"cut_off_freq":{"0":37,"1":37,"2":37,"3":37,"4":37,"5":37,"6":37,"7":37,"8":37}}