{"('', 'cut_off_freq')":{"0":49},"('Window Size', 125)":{"0":0.2707451368},"('Window Size', 250)":{"0":0.2314703925},"('Window Size', 500)":{"0":0.2054082999},"('Window Size', 750)":{"0":0.1852727273},"('Window Size', 1000)":{"0":0.181598916},"('Window Size', 1250)":{"0":0.1841319444},"('Window Size', 1500)":{"0":0.1693004115},"('Window Size', 1750)":{"0":0.1789371981},"('Window Size', 2000)":{"0":0.1489444444},"('', 'mean')":{"0":0.1950899412},"('', 'var')":{"0":0.0013259494}}