{"('', 'EMA_span')":{"0":9},"('Window Size', 125)":{"0":0.2841015496},"('Window Size', 250)":{"0":0.2297272122},"('Window Size', 500)":{"0":0.204497992},"('Window Size', 750)":{"0":0.193030303},"('Window Size', 1000)":{"0":0.182601626},"('Window Size', 1250)":{"0":0.2120833333},"('Window Size', 1500)":{"0":0.1753909465},"('Window Size', 1750)":{"0":0.1780193237},"('Window Size', 2000)":{"0":0.1856666667},"('', 'mean')":{"0":0.205013217},"('', 'var')":{"0":0.0011927882}}