{"roc_val": {"Train": [0.765161211298924, 0.7599762171720028, 0.7473450229583984, 0.898473282203001, 0.7855830915006815, 0.8289232872280953, 0.9076656867733244, 0.9423232344646075, 0.9477566252724543, 0.9456711170155966, 0.9402344441931898, 0.9506853207580355, 0.9549073419764951, 0.9559997895741861, 0.9592594738726514, 0.9606983702991816, 0.9611103259401637, 0.9614084553488986, 0.9665639506033255, 0.966446347698821, 0.9640159688067286, 0.9668299979271486, 0.9665201066576216, 0.9672546026720937, 0.9673601532025553, 0.9675084170325564, 0.9674955088221808], "Valid": []}, "eer_val": {"Train": [0.31453634085195686, 0.32192982456044567, 0.3233082706767448, 0.17731829573934368, 0.2645363408533251, 0.2611528822055182, 0.16654135338345868, 0.12669172932330824, 0.11779448621554314, 0.12293233082706798, 0.12631578947297123, 0.11177944862155463, 0.10563909774436073, 0.09999999999987967, 0.10025062656639772, 0.09235588972486282, 0.09548872180451132, 0.08997493734340337, 0.08771929824534097, 0.08609022556326455, 0.0877192982457867, 0.08458646616576289, 0.08521303258146118, 0.08395989975069112, 0.08408521303258029, 0.08345864661672808, 0.08345864661654101], "Valid": []}, "thres": {"Train": [-0.05626944638787423, -0.0013796408893522456, -0.0003971344267483926, -4.450142296263931e-05, -2.7815322028119087e-06, -0.00047667356557213003, -0.004925659578293562, -0.015297321602702139, -0.03938260488212132, -0.1173994541168213, -0.1115771159528207, -0.15911391377449058, -0.24757534265518183, -0.21326334774492223, -0.213985830545418, -0.2500996589664196, -0.253573089838028, -0.30460615952813186, -0.3237567543982454, -0.32080498337719665, -0.34014943242081586, -0.3381496965887118, -0.35190817713738254, -0.3499609828002063, -0.35170453041791805, -0.3516783714295986, -0.35257960110902753], "Valid": []}, "acc_val": {"Train": [0.6854636591478697, 0.6780075187969925, 0.6766290726817042, 0.8227443609022557, 0.7354010025062656, 0.7387844611528822, 0.8335213032581453, 0.8733709273182957, 0.8822055137844611, 0.8770050125313283, 0.8736842105263158, 0.8882205513784461, 0.8944235588972431, 0.9, 0.89968671679198, 0.9076441102756893, 0.9044486215538847, 0.9100250626566416, 0.91234335839599, 0.9139097744360902, 0.9122807017543859, 0.9155388471177945, 0.9147243107769424, 0.9160401002506265, 0.9159147869674186, 0.9166040100250626, 0.9164786967418547], "Valid": []}, "f1_val": {"Train": [0.6854636591478697, 0.6779469825155104, 0.6766088100758193, 0.822733253963281, 0.7353844225828686, 0.7387680932389249, 0.8335108716084968, 0.8733629926687136, 0.8822055137844611, 0.8769973055955889, 0.8736683794961775, 0.8882205513784461, 0.8944169434175074, 0.8999874671011405, 0.8996678573666729, 0.9076441102756893, 0.9044426342502664, 0.9100250626566416, 0.9123378657810639, 0.9138989848351925, 0.9122807017543859, 0.9155282616869282, 0.9147189673538443, 0.9160401002506265, 0.9159147869674186, 0.9166092350103378, 0.9164839295783471], "Valid": []}}