{"roc_val": {"Train": [0.7644065128359747], "Valid": []}, "eer_val": {"Train": [0.3263157894736629], "Valid": []}, "thres": {"Train": [-0.11650400981306853], "Valid": []}, "acc_val": {"Train": [0.6736842105263158], "Valid": []}, "f1_val": {"Train": [0.6736842105263158], "Valid": []}}