{"roc_val": {"Train": [0.6884958558677396, 0.6829882742570713, 0.6723147075081186, 0.681265067430481, 0.6763487666534758, 0.6678117128661253, 0.6767028237887954, 0.7689033203309025, 0.8043116641855264, 0.8225578513954059, 0.843148504092311, 0.857563449664261, 0.8597124861024742, 0.8529821420719719, 0.8712901771973793, 0.8778654499657665, 0.8706907227341537, 0.8611256524770573, 0.8811013985464916, 0.8833307187140784, 0.8828086585511398, 0.8839982632018643, 0.8832660912933963, 0.8884001278258302, 0.8888856147260381, 0.8891200981777754, 0.8891671770277825, 0.8893244153617127, 0.8894559864573713, 0.8894595511334727], "Valid": []}, "eer_val": {"Train": [0.3686716791986068, 0.373308270676595, 0.38295739348235636, 0.3759398496240603, 0.37994987468674163, 0.387343358395989, 0.3778195488711136, 0.29987468671681444, 0.27368421052570435, 0.2505012531328322, 0.23220551378446133, 0.21566416039997732, 0.21779448621553898, 0.2244360902255639, 0.20463659147703242, 0.1991228070175437, 0.20325814536305514, 0.22117794486215545, 0.1941102756901347, 0.19185463659141389, 0.19335839598997495, 0.190476190476201, 0.19135338345921848, 0.18609022556468832, 0.1845864661653616, 0.1842105263149158, 0.18446115288200976, 0.18433583959884983, 0.18421052631577725, 0.184461152882881], "Valid": []}, "thres": {"Train": [-0.363601058721611, -0.21558915078637717, -0.10463453084230061, -0.04512544721364976, -0.020379082299769327, -0.007180631160736079, -0.012496542185539859, -0.021690366789699142, -0.040750440210094246, -0.05690429359674454, -0.0795935019850731, -0.11754415929308393, -0.1397043913602829, -0.18206611275672913, -0.22783115506113322, -0.22817488014698026, -0.2321653068063337, -0.28509968519210815, -0.26195177435924455, -0.2510712146758917, -0.26254165172576904, -0.26107123494148377, -0.2848868668082495, -0.2852404415607606, -0.2916966378688614, -0.29856330156317545, -0.3031182885169539, -0.30584463477122886, -0.3073763191699906, -0.30795040726675144], "Valid": []}, "acc_val": {"Train": [0.631453634085213, 0.6266917293233083, 0.6171052631578947, 0.6239974937343359, 0.6200501253132832, 0.612719298245614, 0.6221177944862155, 0.700062656641604, 0.7261904761904762, 0.7494360902255639, 0.7677318295739348, 0.7843984962406015, 0.7821428571428571, 0.7756265664160401, 0.7953634085213033, 0.8008771929824562, 0.7968045112781955, 0.7787593984962407, 0.805889724310777, 0.8080827067669173, 0.8065789473684211, 0.8094611528822055, 0.8086466165413534, 0.8141604010025063, 0.8154761904761905, 0.8154761904761905, 0.8155388471177945, 0.8157268170426065, 0.8158521303258145, 0.8155388471177945], "Valid": []}, "f1_val": {"Train": [0.6314998120536274, 0.6266449429753101, 0.617081270756313, 0.6239739332038349, 0.6200501253132832, 0.612695031016981, 0.6220467506423514, 0.7000438623973932, 0.7261218350463776, 0.7494203897487312, 0.7677172755185162, 0.784384986527978, 0.7821292060906072, 0.7756125070493137, 0.7953377616242637, 0.8008771929824562, 0.7967917789335172, 0.7787455354345512, 0.805889724310777, 0.8080466253055086, 0.8065668274954572, 0.8094492136098753, 0.8086466165413534, 0.8142069656727637, 0.8154646281095306, 0.8153952234689401, 0.8155157287880687, 0.8157152703803496, 0.8158405915157592, 0.8155388471177946], "Valid": []}}