{"roc_val": {"Train": [0.8745891200432159, 0.8264847504098594, 0.8138687178472498, 0.8575289414011218, 0.9833465242052499, 0.9826390537747879, 0.9835420788814141, 0.9849372020276255, 0.9868823374225035, 0.9869394507572188, 0.9862301430267396, 0.9876281477503281, 0.9872625957123385, 0.988037151148548, 0.9884100288314772, 0.989078005163284, 0.9891658186820435, 0.9908861596346757, 0.9911412459720729, 0.9909957223886783, 0.9916433470895283, 0.9913087543419953, 0.9917083513922652, 0.9916091450430589, 0.9914216776276532, 0.9914310682721842, 0.9914256034823902, 0.991418065841295, 0.9914180030276193, 0.9914553300544595], "Valid": []}, "eer_val": {"Train": [0.2225563909774436, 0.2684210526315776, 0.24699248120300754, 0.2081453634085139, 0.05338345864658364, 0.05488721804586205, 0.05338345864510332, 0.05025062656577797, 0.051754385963806306, 0.048997493734642864, 0.04849624060155629, 0.0474937343358394, 0.04824561403573839, 0.04411027568907999, 0.04498746867166109, 0.04260651629072624, 0.044235588972038054, 0.04072681704203701, 0.03746867167919783, 0.03909774436145388, 0.036215538847188124, 0.0377192982465513, 0.03684210526315804, 0.03659147869665841, 0.03721804511256293, 0.037092731830471674, 0.03771929824561261, 0.03684210526313729, 0.0370927318290849, 0.03696741854636644], "Valid": []}, "thres": {"Train": [-0.19089789417656985, -0.08670726791024194, -0.22615186444350652, -0.3750962913036002, -0.37606158852573013, -0.3198578357697171, -0.30374076962308344, -0.338883101939755, -0.3359710276107853, -0.3541279733181232, -0.3511868715286436, -0.333723211288452, -0.3176118731502853, -0.37840729951812413, -0.3365544378757189, -0.35665029287338196, -0.3596270680419167, -0.33681169152155815, -0.34193840622901894, -0.3426647186285497, -0.3385590314866014, -0.34773817658667566, -0.3410569429397584, -0.340123981237226, -0.3377562562623967, -0.3416940569881017, -0.3385939896106683, -0.3365527391433358, -0.34083503484688055, -0.33763642609119465], "Valid": []}, "acc_val": {"Train": [0.7773809523809524, 0.7316416040100251, 0.7529448621553885, 0.7919172932330827, 0.9464912280701754, 0.9451127819548872, 0.9466165413533835, 0.9496867167919799, 0.9481203007518797, 0.9509398496240602, 0.9515664160401003, 0.9524436090225564, 0.9518796992481203, 0.9558270676691729, 0.9548245614035088, 0.9574561403508772, 0.9557644110275689, 0.9592731829573935, 0.962593984962406, 0.9609649122807018, 0.9637844611528822, 0.962280701754386, 0.9630952380952381, 0.9634085213032582, 0.9627819548872181, 0.9628446115288221, 0.96234335839599, 0.9632205513784461, 0.96296992481203, 0.9630952380952381], "Valid": []}, "f1_val": {"Train": [0.7773949000689181, 0.7316247885205841, 0.7529603408307749, 0.7919042546525472, 0.9464778139884683, 0.9451127819548872, 0.9466098508585036, 0.9496772576298803, 0.948107295061419, 0.950936775487186, 0.9515694505356808, 0.9524465885596141, 0.951885728605438, 0.9558187629253618, 0.9548104042619868, 0.9574534745284793, 0.9557588670259431, 0.9592680787066048, 0.9625916410802683, 0.9609673579349665, 0.9637844611528822, 0.962280701754386, 0.9630929256219062, 0.9634039353302419, 0.9627819548872181, 0.9628422833510871, 0.9623409988094492, 0.9632182467573156, 0.9629676044864965, 0.9630929256219062], "Valid": []}}