{"roc_val": {"Train": [0.8871419463445581], "Valid": []}, "eer_val": {"Train": [0.20313283208030572], "Valid": []}, "thres": {"Train": [-0.1941854953766134], "Valid": []}, "acc_val": {"Train": [0.7968045112781955], "Valid": []}, "f1_val": {"Train": [0.7967917789335172], "Valid": []}}