{"roc_val": {"Train": [0.7755345365292932, 0.8699157668607609, 0.9001337774260213, 0.9409604760648487, 0.9413206496818487, 0.9415430022424482, 0.9500608428967157, 0.9626068696176532, 0.9664597191600555, 0.9690246135388596, 0.9675362434909328, 0.9700699116211582, 0.971133197969862, 0.971560385927224, 0.9708186349331976, 0.9724067530982846, 0.9721353666120188, 0.972312030075188, 0.9722650925559513, 0.9723216955295508, 0.9723185469940515, 0.9724029921294464, 0.972331235356562, 0.9724243566309257, 0.9725221418207171, 0.9724076167863267, 0.9722690027072695, 0.9724138510436491, 0.9723901781395845, 0.9724859611434601], "Valid": []}, "eer_val": {"Train": [0.30501253132724504, 0.2036340852126958, 0.17844611528850043, 0.12932330827026228, 0.12318295739504231, 0.12556390977443596, 0.11328320801983321, 0.09724310776919572, 0.08558897243180716, 0.08383458646611662, 0.08784461152882256, 0.08258145363457481, 0.08195488721805202, 0.08032581453755916, 0.08195488721812264, 0.07919799498794054, 0.0795739348358935, 0.08007518796992547, 0.07957393483709238, 0.07957393483709253, 0.07969924811957196, 0.07944862155468607, 0.07907268170523098, 0.07907268170426103, 0.07944862155351062, 0.07932330827237813, 0.07969924811999249, 0.07907268170552095, 0.07919799498644356, 0.07932330827067438], "Valid": []}, "thres": {"Train": [-0.002131075598296831, -5.726001472786825e-05, -0.0017954496433969947, -0.01786288432774935, -0.10379930585666526, -0.18602353334426872, -0.19126100838178442, -0.26843160390850235, -0.31742697954246485, -0.3312834501266001, -0.33256817460060145, -0.3273299932483686, -0.33376529812813305, -0.3293071687225998, -0.34435186783476307, -0.33566200733191265, -0.33834215998523653, -0.33751314878463773, -0.33626320958137507, -0.3387130200862884, -0.3384856581686687, -0.3369386792186412, -0.3378170430663856, -0.3373903036117557, -0.33650231361357474, -0.33770418167226424, -0.3361612856386723, -0.335760205984653, -0.3368689417827187, -0.3351880908012379], "Valid": []}, "acc_val": {"Train": [0.6949874686716792, 0.7964285714285714, 0.8215538847117795, 0.8706766917293233, 0.8767543859649123, 0.8744987468671679, 0.8864661654135338, 0.9027568922305764, 0.9144110275689223, 0.9162280701754386, 0.9122180451127819, 0.9174185463659148, 0.9179824561403509, 0.9196115288220551, 0.9181704260651629, 0.9208020050125313, 0.9204260651629073, 0.9198621553884712, 0.9204887218045112, 0.9204887218045112, 0.9203634085213033, 0.9205513784461153, 0.9210526315789473, 0.9208646616541354, 0.9204887218045112, 0.9206766917293233, 0.9203007518796993, 0.9208646616541354, 0.9208020050125313, 0.9207393483709273], "Valid": []}, "f1_val": {"Train": [0.6949492417596189, 0.7964158155272887, 0.8215538847117795, 0.870660483769896, 0.8767466633247697, 0.874490882887399, 0.8864234674689734, 0.9027447048502318, 0.9144110275689223, 0.9162228209787582, 0.9122125446456544, 0.9174185463659148, 0.9179773168744909, 0.9196064916348141, 0.9181601704474245, 0.9208020050125313, 0.9204160922421356, 0.9198571339056332, 0.9204837395826807, 0.9204837395826807, 0.9203584184472712, 0.9205513784461153, 0.9210625234932966, 0.9208597029889091, 0.9204737732656514, 0.9206766917293233, 0.9202907632535404, 0.9208597029889091, 0.9207920792079208, 0.9207343818534997], "Valid": []}}