{"roc_val": {"Train": [0.7653327161889687, 0.7435044456379042, 0.7534924482258276, 0.7606289140771729, 0.7679046535511711, 0.806197856797382, 0.8287995678419106, 0.8396356414218503, 0.8401689295293371, 0.8503586739404903, 0.8486345641673106, 0.8419662721967827, 0.8621061504010652, 0.8515620897481799, 0.8562060932406204, 0.853097570052952, 0.8716667530354708, 0.871309939950126, 0.8802338082047223, 0.8731800915195256, 0.8869235196386959, 0.8921985414664481, 0.8917153943756633, 0.8952182068579972, 0.8978786329859738, 0.89848569575568, 0.8987397221122985, 0.8988622244835147, 0.8987823254879053, 0.898899684989416], "Valid": []}, "eer_val": {"Train": [0.3106516290730309, 0.3253132832089701, 0.31716791979868486, 0.3115288220551557, 0.29937343358482893, 0.26052631578947355, 0.2444862155407178, 0.23558897243154645, 0.23358395989974937, 0.22531328320799854, 0.2296992481199135, 0.2347117794486233, 0.21729323308366774, 0.22506265664144195, 0.22167919799353963, 0.22543859649129833, 0.20501253132802505, 0.20563909774436043, 0.19761904761904517, 0.20250626566416047, 0.19135338345864658, 0.18558897243107775, 0.18195488721768047, 0.17932330827077664, 0.17581453634070704, 0.17493734335980374, 0.17506265664329942, 0.1748120300753582, 0.17481203007518484, 0.17443609022556403], "Valid": []}, "thres": {"Train": [-0.2309558689594805, -0.0749376490712598, -0.029808109626143414, -0.021288728341460342, -0.014468370936822043, -0.012547248043119906, -0.015348459594016838, -0.023858536034836803, -0.04005466774106026, -0.05232495814561821, -0.09748401492825871, -0.13663920760154732, -0.1524944901466901, -0.21604731678962505, -0.2790575027463305, -0.27241566777231574, -0.30645456910124247, -0.27107426524162276, -0.29206238190332984, -0.28859925270080566, -0.32737974325815833, -0.32030653953552246, -0.3499255776404855, -0.33765873312956135, -0.3583006262778763, -0.3704828619962702, -0.37614202499483596, -0.3809773027897417, -0.38258963823318437, -0.38449311256408697], "Valid": []}, "acc_val": {"Train": [0.6892857142857143, 0.674749373433584, 0.6827694235588972, 0.6884085213032581, 0.700563909774436, 0.7395363408521304, 0.7555764411027569, 0.7643483709273183, 0.7661654135338346, 0.774749373433584, 0.7703634085213033, 0.7652255639097745, 0.7826441102756893, 0.775, 0.7783208020050125, 0.7744987468671679, 0.7949874686716792, 0.7944235588972431, 0.8024436090225564, 0.7974310776942356, 0.8087092731829574, 0.8144110275689223, 0.8179824561403509, 0.8206140350877194, 0.8241854636591479, 0.825187969924812, 0.825062656641604, 0.825125313283208, 0.825250626566416, 0.8255012531328321], "Valid": []}, "f1_val": {"Train": [0.6892662447521775, 0.6747697512687176, 0.6827097825405778, 0.688388996804311, 0.7005451469390314, 0.7395200200513817, 0.755591754902575, 0.76433360486246, 0.7660774727341105, 0.7747352591014475, 0.7703490193621154, 0.7652108528103264, 0.7826304906322451, 0.7749859013722665, 0.7782930191753353, 0.7744846168306285, 0.7949617746584785, 0.7944106773607368, 0.8024312300269439, 0.7974183846105646, 0.8086972867974184, 0.8144110275689223, 0.817948235883938, 0.8206027946613196, 0.824163429001128, 0.8252098734494424, 0.8250845758676858, 0.8251143555360612, 0.8252396766714707, 0.8254903189422895], "Valid": []}}