{"roc_val": {"Train": [0.8652953891621284, 0.8745730397422126, 0.8552403800855521, 0.874449571610731, 0.9376790189760115, 0.9497314165740165, 0.9523032989742526, 0.9588879466837521, 0.9594496893863731, 0.9659563146588274, 0.9656936514217875, 0.9659460367711259, 0.9679720604770072, 0.9704397663959399, 0.9703493382579256, 0.971683508583489, 0.9718472638362825, 0.9717533966495183, 0.9720859165457505, 0.9720680853135345, 0.9720906118680159, 0.9722085445443183, 0.9721897632552559, 0.9721721754260337, 0.9721899831031211, 0.9721994836715848, 0.972161018146871, 0.9721638840208291, 0.9721787394551542, 0.9721720340952633], "Valid": []}, "eer_val": {"Train": [0.21779448621551734, 0.20914786967418572, 0.23120300751879694, 0.20789473684210544, 0.12355889724308922, 0.10852130325823686, 0.09987468671525472, 0.09147869674183612, 0.09122807017543792, 0.08646616541288216, 0.08408521303274505, 0.08847117794417941, 0.0824561403507884, 0.07844611528824491, 0.07719298245614037, 0.07644110275689538, 0.07556390977364906, 0.0755639097744403, 0.0740601503766242, 0.07380952380953056, 0.07368421052693647, 0.07406015037553303, 0.07418546365914554, 0.07406015037593981, 0.07406015037592899, 0.07393483709239293, 0.07418546365911712, 0.07418546366098437, 0.07431077694231299, 0.0743107769426029], "Valid": []}, "thres": {"Train": [-0.13296873867511422, -0.06713546067476275, -0.047636446853478745, -0.03599211946129799, -0.024126267060637207, -0.03324407339096589, -0.055086288600926285, -0.09496651589870386, -0.1425098478794097, -0.19641691446301718, -0.260852545499893, -0.29355794191317675, -0.3238360881805292, -0.3339588269591472, -0.33654990792274475, -0.34475648403168063, -0.3556168377390505, -0.35765591859817913, -0.3602795898919119, -0.36226609349250816, -0.3645570874216886, -0.36514919996237627, -0.3659060597419732, -0.3660620152950287, -0.3664208948612102, -0.36692801117888896, -0.36684581637380315, -0.3672534227374531, -0.36742997169491065, -0.3669338673354145], "Valid": []}, "acc_val": {"Train": [0.7822055137844611, 0.7907894736842105, 0.768796992481203, 0.7920426065162908, 0.8765037593984962, 0.8914160401002507, 0.900125313283208, 0.9085839598997494, 0.9088345864661654, 0.9135338345864662, 0.9158521303258146, 0.9114035087719298, 0.9175438596491228, 0.9215538847117795, 0.9227443609022556, 0.9234962406015037, 0.9244987468671679, 0.924436090225564, 0.9259398496240602, 0.9261278195488721, 0.9263157894736842, 0.9259398496240602, 0.9258771929824562, 0.9260025062656642, 0.9260025062656642, 0.9260025062656642, 0.9258771929824562, 0.9258145363408521, 0.9257518796992481, 0.9256892230576441], "Valid": []}, "f1_val": {"Train": [0.7821782178217823, 0.7907763644338618, 0.768796992481203, 0.7920295757879566, 0.8764960210539507, 0.8914092361676798, 0.9001127960897356, 0.9085782317187794, 0.9088288739895983, 0.9135229978694072, 0.9158468575725295, 0.9113812985710704, 0.9175335255044492, 0.9215538847117795, 0.9227395200200514, 0.9234914468325083, 0.9244940159157842, 0.924436090225564, 0.9259398496240602, 0.9261231906761075, 0.9263157894736842, 0.9259305677403183, 0.9258725484052885, 0.925997869540698, 0.925997869540698, 0.9259885943473083, 0.9258725484052885, 0.9258145363408521, 0.9257472272698791, 0.9256892230576441], "Valid": []}}