{"roc_val": {"Train": [0.9350512952179949], "Valid": []}, "eer_val": {"Train": [0.13170426065167948], "Valid": []}, "thres": {"Train": [-0.5002088695764771], "Valid": []}, "acc_val": {"Train": [0.8683583959899749], "Valid": []}, "f1_val": {"Train": [0.8683501472523342], "Valid": []}}