{"roc_val": {"Train": [0.9772430135489099, 0.9852074578677269, 0.9830159672363868, 0.988152178692345, 0.9860186493803432, 0.9872663488294673, 0.9909769253961974, 0.9930276191732463, 0.9934130752947531, 0.995139571987613, 0.9948998592973662, 0.9954054308704092, 0.9955289225570192, 0.9952796464846327, 0.9957981262680511, 0.9955652445650466, 0.995675262718199, 0.9957196719869849, 0.9957314024409395, 0.9957692947908618, 0.995794467371436, 0.9957405889410242, 0.9957689650190639, 0.9958354218880534, 0.9957700485549714, 0.9957533558206293, 0.9956977657175521, 0.9957610976061708, 0.9958124477861319, 0.995780507031991], "Valid": []}, "eer_val": {"Train": [0.07092731829528519, 0.04849624060157062, 0.052255639097735326, 0.043609022557778404, 0.04385964912267366, 0.03972431077689385, 0.03809523809601017, 0.02543859649056295, 0.02481203007520035, 0.02230576441109842, 0.025062656642100663, 0.021929824561400454, 0.021177944863032698, 0.020175438596809595, 0.021428571428980997, 0.02067669172756318, 0.020676691729361856, 0.020551378446688695, 0.021052631578947344, 0.020676691729323512, 0.02080200501253133, 0.020676691729325382, 0.021052631578947274, 0.02055137844611534, 0.02080200501335515, 0.020927318296172927, 0.02105263157890941, 0.02055137844606959, 0.021052631578957075, 0.021052631578170066], "Valid": []}, "thres": {"Train": [-0.043964091688340465, -0.3181284070015109, -0.36378064751624667, -0.2809987664260514, -0.27481514215450464, -0.391586929559682, -0.3107241094121926, -0.34490689635269267, -0.3327358663082171, -0.3560141623020646, -0.35861074328556763, -0.35857874155043934, -0.36059755087011525, -0.3547812849284079, -0.3775150477896556, -0.37211018799962703, -0.37119336426276084, -0.37253758311334845, -0.3703867197036743, -0.3715287744998933, -0.37256814042727154, -0.372679919004441, -0.3714399933815002, -0.37131999929746007, -0.37091255187998373, -0.3718114197261485, -0.37004280090323893, -0.37129321694368994, -0.37290009856224543, -0.37237563729186646], "Valid": []}, "acc_val": {"Train": [0.9290100250626566, 0.9514411027568922, 0.9478070175438597, 0.956390977443609, 0.956140350877193, 0.9602756892230576, 0.9618421052631579, 0.974561403508772, 0.9751253132832081, 0.9776315789473684, 0.974937343358396, 0.9780701754385965, 0.9787593984962406, 0.9798245614035088, 0.9785087719298246, 0.9793859649122807, 0.9793859649122807, 0.9794486215538847, 0.9790100250626567, 0.9792606516290727, 0.9792606516290727, 0.9792606516290727, 0.9790100250626567, 0.9795112781954888, 0.9791979949874686, 0.9790100250626567, 0.9790100250626567, 0.9794486215538847, 0.9788847117794486, 0.9789473684210527], "Valid": []}, "f1_val": {"Train": [0.9289966785736667, 0.9514380600288238, 0.9478037471019487, 0.956390977443609, 0.9561348539917284, 0.9602756892230576, 0.9618397142678112, 0.9745582153152025, 0.9751237546212168, 0.9776301773294066, 0.974937343358396, 0.9780701754385965, 0.9787580675480919, 0.9798245614035088, 0.9785074252772731, 0.9793846732251396, 0.9793846732251396, 0.9794486215538847, 0.9790087098189109, 0.97925935208973, 0.97925935208973, 0.97925935208973, 0.9790087098189109, 0.9795099943605489, 0.9791979949874686, 0.9790113401415952, 0.9790087098189109, 0.9794460458704098, 0.9788833886835014, 0.9789447299160295], "Valid": []}}