{"roc_val": {"Train": [0.8620786851213247], "Valid": []}, "eer_val": {"Train": [0.23771929824583726], "Valid": []}, "thres": {"Train": [-0.15931021670503595], "Valid": []}, "acc_val": {"Train": [0.76234335839599], "Valid": []}, "f1_val": {"Train": [0.7623284666959084], "Valid": []}}