{"roc_val": {"Train": [0.9266017408810245, 0.9256285764536656, 0.9155785846194433, 0.8928038297498131, 0.8729511513746773, 0.8659500489946671, 0.8833768789140772, 0.8919265896571001, 0.9037856781678508, 0.9115978307297065, 0.9112972594393252, 0.9097536840220853, 0.9069339859674248, 0.9111531962738928, 0.9100934117876144, 0.9115314523778116, 0.9134172602559029, 0.9133891903945327, 0.9115086902720462, 0.9108631462742067, 0.9115383775855679, 0.9117899149502829, 0.9118656839467089, 0.911856395374401, 0.9118428590272674, 0.9118434714606064, 0.9118862240186931, 0.911878851263497, 0.9118791496284571, 0.9118026818298879], "Valid": []}, "eer_val": {"Train": [0.1429824561400928, 0.14761904761906025, 0.16704260651650873, 0.18997493734332493, 0.20375939849664745, 0.21741854636591462, 0.1934837092731849, 0.1832080200501239, 0.16766917293273115, 0.15463659147869682, 0.15551378446113298, 0.16027568922389093, 0.1580200501242564, 0.15526315789473652, 0.1566416040092972, 0.15551378446173178, 0.15338345864529113, 0.15162907268169643, 0.15588972431077697, 0.15526315789477285, 0.15451127819612195, 0.15438596491119835, 0.15451127819516075, 0.15463659147739328, 0.15438596491228077, 0.15426065162907274, 0.1542606516290679, 0.1542606516290726, 0.1545112781954863, 0.15451127819384342], "Valid": []}, "thres": {"Train": [-0.15767657756792924, -0.11247470974922331, -0.0626970529556686, -0.020136941224335337, -0.0029627839103354334, -0.005247907713055611, -0.009579276898875859, -0.02434114553034294, -0.04742138087751947, -0.062315009534358985, -0.0959295108914326, -0.1272816807031665, -0.15845006704324952, -0.1895204186439514, -0.1924492120741957, -0.19091880321524252, -0.199673801660333, -0.21062272787094105, -0.2000832756360372, -0.2088131159544038, -0.2116708010435721, -0.21319940686209746, -0.2138741612432315, -0.21393486857361593, -0.2142116278409958, -0.21416725218296054, -0.2141612321138349, -0.21415950357913968, -0.21457017958164168, -0.21393652260231394], "Valid": []}, "acc_val": {"Train": [0.8570175438596491, 0.8523182957393484, 0.8329573934837092, 0.8100877192982456, 0.7962406015037594, 0.7826441102756893, 0.8065162907268171, 0.8168546365914787, 0.8323308270676691, 0.8453007518796992, 0.8444862155388471, 0.8397243107769423, 0.8419799498746867, 0.8447994987468672, 0.843421052631579, 0.8446115288220551, 0.8466165413533835, 0.8484335839598998, 0.844172932330827, 0.8446741854636591, 0.8454260651629073, 0.8454887218045113, 0.8454260651629073, 0.8453634085213032, 0.8455513784461153, 0.8456766917293234, 0.8458020050125313, 0.8457393483709273, 0.8455513784461153, 0.8455513784461153], "Valid": []}, "f1_val": {"Train": [0.8569996240130341, 0.8523090419199197, 0.8329573934837091, 0.8100758192869228, 0.7962406015037595, 0.7826304906322451, 0.8065162907268171, 0.8168431605990351, 0.832330827067669, 0.8452910583369886, 0.8444667251535279, 0.8397243107769423, 0.8419601453816268, 0.8447897737953506, 0.8434112413058463, 0.8446309986217265, 0.846597317959644, 0.8484240867222257, 0.8441631681183033, 0.8446644526599411, 0.845416379472398, 0.8454499874655302, 0.845397004449458, 0.8453440280736934, 0.8455417006078075, 0.845667021743217, 0.8457923428786265, 0.8457393483709273, 0.8455417006078075, 0.8455417006078075], "Valid": []}}