{"roc_val": {"Train": [0.9152231455832565], "Valid": []}, "eer_val": {"Train": [0.15576441102764657], "Valid": []}, "thres": {"Train": [-0.07264475524427441], "Valid": []}, "acc_val": {"Train": [0.8442355889724311], "Valid": []}, "f1_val": {"Train": [0.844235588972431], "Valid": []}}