{"roc_val": {"Train": [0.9440470851313748, 0.9587732803185909, 0.9696670090011997, 0.9765718337196374, 0.981381421913179, 0.9848996708563389, 0.985988098378779, 0.9821486045941922, 0.981335057568734, 0.9830529566397196, 0.9847587876332436, 0.9859318722872342, 0.987196735573269, 0.9872601616824014, 0.9874927764272838, 0.9877123259276009, 0.9875124606629356, 0.9876685604989918, 0.9877014591616887, 0.9878706006871816, 0.987897579160935, 0.9878934334583327, 0.9878727834624155, 0.9879075351285482, 0.9878689832350298, 0.9879158893474287, 0.9878822997342982, 0.9879242278628901, 0.9879552264118945, 0.9878931350933726], "Valid": []}, "eer_val": {"Train": [0.1197994987468366, 0.10175438596463791, 0.08496240601503798, 0.06591478696741836, 0.056015037592124985, 0.052005012530890474, 0.05463659148063484, 0.061278195489741324, 0.06052631578931956, 0.05714285714097791, 0.05588972431232321, 0.055513784461119445, 0.053132832080299015, 0.05175438596517486, 0.05025062656576827, 0.051629072681839416, 0.0523809523809522, 0.05137844611531375, 0.051629072681684804, 0.051629072681282286, 0.051253132832621964, 0.05125313283208027, 0.05137844611550809, 0.051253132832092416, 0.051378446115317306, 0.051253132832065056, 0.05125313283218118, 0.051127819548916216, 0.051127819548874846, 0.0511278195488664], "Valid": []}, "thres": {"Train": [-0.5714082916577373, -0.6420930027960948, -0.5613179206848148, -0.5044311881065368, -0.44907796382852033, -0.38784530758795877, -0.3362031877057042, -0.3228529095673534, -0.31568929553026853, -0.3234766125621801, -0.3286268115045876, -0.3373171091079551, -0.3375810980797144, -0.34317922592197364, -0.3467118442054304, -0.34120464324957767, -0.341268390417099, -0.3439705073833801, -0.3421643972396702, -0.34452238678924957, -0.34279653429985574, -0.3421915918588639, -0.34347453713441256, -0.34247404336930326, -0.34266337752347303, -0.34235048294065995, -0.34070539474498485, -0.3422949910164299, -0.3445414801438659, -0.340364724397651], "Valid": []}, "acc_val": {"Train": [0.8803258145363408, 0.8983082706766917, 0.9149749373433584, 0.9341478696741855, 0.944047619047619, 0.9480576441102757, 0.9453007518796992, 0.9387844611528822, 0.9394110275689223, 0.9429197994987468, 0.9441729323308271, 0.9445488721804511, 0.9468045112781955, 0.9483082706766918, 0.9496867167919799, 0.9483709273182958, 0.9476817042606517, 0.9487468671679198, 0.9484335839598997, 0.9482456140350877, 0.9488095238095238, 0.9487468671679198, 0.9486215538847118, 0.9486842105263158, 0.9486215538847118, 0.9488095238095238, 0.9486842105263158, 0.9488095238095238, 0.9489348370927319, 0.9489348370927319], "Valid": []}, "f1_val": {"Train": [0.8803108158917158, 0.8983018986152014, 0.9149696096246631, 0.9341437433423146, 0.9440441130396641, 0.9480543893727678, 0.945297324393759, 0.938788296472652, 0.939399636523156, 0.9429162228209788, 0.9441764300482427, 0.9445453975813022, 0.9468011780186728, 0.9483115093039284, 0.9496772576298803, 0.9483709273182958, 0.9476784259665393, 0.9487404436646197, 0.9484303527789961, 0.9482326397593381, 0.9488127310318903, 0.9487468671679198, 0.9486215538847118, 0.9486809950498152, 0.9486215538847118, 0.9488063161852247, 0.9486809950498152, 0.9488063161852247, 0.9489316373206341, 0.9489316373206341], "Valid": []}}