{"roc_val": {"Train": [0.6971461862676741, 0.7192087282743198, 0.7513188830472171, 0.7228441247228347, 0.7717368452459469, 0.7747568718161317, 0.8309882711163875, 0.8259697175269001, 0.8150621462804881, 0.8379503347968921, 0.8509480939190079, 0.8554660303641309, 0.8555670661616448, 0.8721157765968807, 0.8953490555963843, 0.8891283660278516, 0.8991831159980149, 0.911206964780372, 0.9218779640203266], "Valid": []}, "eer_val": {"Train": [0.37080200501200933, 0.35438596491224017, 0.3234335839598998, 0.34411027568922303, 0.3013784461152854, 0.2989974937343378, 0.24060150376001313, 0.24624060150462992, 0.25463659147974566, 0.2344611528822061, 0.2201754385966097, 0.21729323308144655, 0.22380952380885366, 0.20789473684158818, 0.17857142857138422, 0.18609022556310373, 0.1771929824563875, 0.15776942355895138, 0.14711779448519227], "Valid": []}, "thres": {"Train": [-0.08497291803353474, -0.02507296763360405, -0.009306494146585464, -0.006421922938898206, -0.00800946075469253, -0.013379485035936058, -0.016226265579476984, -0.02556489035489697, -0.0420850813389822, -0.04410212673246863, -0.06452209502459945, -0.07787498086687764, -0.0587873458862129, -0.06993792206038194, -0.09485693275928066, -0.16323891282054523, -0.15853910148147374, -0.19156496226787828, -0.21933099627476682], "Valid": []}, "acc_val": {"Train": [0.6291979949874686, 0.6456766917293233, 0.6765037593984963, 0.655889724310777, 0.6986842105263158, 0.7010025062656642, 0.7594611528822055, 0.7536967418546366, 0.7456140350877193, 0.7656015037593985, 0.7797619047619048, 0.7827067669172932, 0.7762531328320802, 0.7921052631578948, 0.8214285714285714, 0.8139097744360902, 0.8228070175438597, 0.8421679197994988, 0.8528822055137845], "Valid": []}, "f1_val": {"Train": [0.6291515227472114, 0.6456544896296761, 0.6764834889404098, 0.655889724310777, 0.698665329907889, 0.7010025062656642, 0.7594762232942798, 0.7536813083526537, 0.7456777749937358, 0.7655868162165549, 0.7797481045178271, 0.7826795337761625, 0.7762391127263613, 0.7920792079207921, 0.8214061912520366, 0.8138864519363329, 0.8228070175438597, 0.8421580299517513, 0.8528637673893973], "Valid": []}}