{"roc_val": {"Train": [0.8718762366442422, 0.8793129204590422, 0.888007047694424, 0.9021420562684909, 0.9277643513545769, 0.9583822102248101, 0.9726302048982105, 0.9732260004648212, 0.9849396360575625, 0.9834839134176292, 0.9843805943430003, 0.988770799178397, 0.9894211798292725, 0.985634873524664, 0.9885510612370525, 0.9926965911018147, 0.9934190425939534, 0.9946846439406788, 0.9948397780164698, 0.9953570329332102, 0.9953072373917249, 0.9953915961583156, 0.9954653237102783, 0.995504299596108, 0.9955254992116884, 0.9955271951809347, 0.995526488527082, 0.9955403546460136, 0.9955399777639586, 0.9955478922871087], "Valid": []}, "eer_val": {"Train": [0.2140350877192022, 0.20576441102758375, 0.19436090225563907, 0.17769423558897227, 0.14135338345865892, 0.10438596491206643, 0.0735588972431078, 0.08258145363473754, 0.05087719298245305, 0.06140350877192951, 0.05501253132826999, 0.04423558897245207, 0.04097744360902253, 0.05313283208125677, 0.04937343358386218, 0.035964912280645654, 0.0332080200501239, 0.028070175438837826, 0.027192982455450137, 0.025438596492377105, 0.02543859649097869, 0.025563909774433444, 0.02518796992481659, 0.025187969924806868, 0.02506265664183473, 0.02518796992481013, 0.0250626566417034, 0.02518796992486463, 0.025187969924137254, 0.02531328320802003], "Valid": []}, "thres": {"Train": [-0.07098121196030731, -0.042612865567208065, -0.027360377325253052, -0.01585201546549797, -0.009041490964591597, -0.00824803207069412, -0.013197711668908596, -0.026926018297678458, -0.040220938622951334, -0.10812356323003768, -0.1792649626731611, -0.2272623479366595, -0.27832886576652527, -0.34979104995761123, -0.33241838216778485, -0.34421744942655325, -0.34617981314658813, -0.3675181567671539, -0.3876579105839809, -0.39053261280078505, -0.39503374695733706, -0.3974154740571945, -0.3970143397649221, -0.39613682031631, -0.3961155116560227, -0.395664840936658, -0.39540880918519156, -0.39617362618457896, -0.39600071310799095, -0.39549583196640015], "Valid": []}, "acc_val": {"Train": [0.7860275689223057, 0.7942355889724311, 0.805576441102757, 0.8223684210526315, 0.8586466165413534, 0.8956766917293233, 0.9263784461152882, 0.9174185463659148, 0.9491854636591479, 0.9386591478696742, 0.9450501253132833, 0.9557017543859649, 0.9590852130325814, 0.9468045112781955, 0.9506892230576441, 0.9640977443609022, 0.9668546365914787, 0.9718671679197995, 0.9728070175438597, 0.974561403508772, 0.974624060150376, 0.9744987468671679, 0.974874686716792, 0.974874686716792, 0.974874686716792, 0.974874686716792, 0.974937343358396, 0.974874686716792, 0.974812030075188, 0.9747493734335839], "Valid": []}, "f1_val": {"Train": [0.7860141612883014, 0.7942355889724311, 0.8055886222667753, 0.8223572905570524, 0.8586466165413535, 0.8956701547716023, 0.9263738329469264, 0.9174185463659148, 0.9491822795914531, 0.9386553042170562, 0.9450466821229401, 0.9556989786327464, 0.9590826492888025, 0.9468011780186728, 0.9506861332163669, 0.9640954947051822, 0.9668525596841907, 0.9718654051005703, 0.9728036094748715, 0.974561403508772, 0.9746224700795788, 0.9744971489441694, 0.9748731123503979, 0.9748731123503979, 0.9748731123503979, 0.9748731123503979, 0.974937343358396, 0.9748731123503979, 0.9748088732923925, 0.9747477912149883], "Valid": []}}