{"roc_val": {"Train": [0.7769118441467077, 0.7587481548482735, 0.7312398477396498, 0.7060200783914674, 0.6911575147141036, 0.7247103818443352, 0.7943127398697244, 0.8447614179559174, 0.9101196757558055, 0.9282739272994515, 0.9236239565078108, 0.9438833691371286, 0.9550312026934504, 0.9516316637458309, 0.9568039695102417, 0.9622473476925397, 0.962199122492949, 0.9625997167103223, 0.9656033410594154, 0.9661540442585159, 0.9659220105401349, 0.9667631013624287, 0.9669494852419268, 0.9672000175878293, 0.9675558727646182, 0.9675136462710661, 0.9674889683481888, 0.9675168026582747, 0.9675064698086067, 0.9675039886684128], "Valid": []}, "eer_val": {"Train": [0.30350877192983516, 0.31604010025083284, 0.3442355889724133, 0.36102756892173227, 0.3690476190481035, 0.34097744360902255, 0.2818295739348594, 0.24172932330798652, 0.16466165413533945, 0.1436090225562497, 0.14461152882076228, 0.12155388471178041, 0.10939849624083307, 0.10651629072681708, 0.09999999999848173, 0.09461152882225894, 0.09310776942355896, 0.0927318295739421, 0.0858395989974937, 0.08659147869674189, 0.0858395989981322, 0.08621553884892046, 0.08546365914945205, 0.08496240601508684, 0.08433583959899754, 0.08496240601554243, 0.0847117794486242, 0.08483709273182508, 0.08483709273182892, 0.08496240601503705], "Valid": []}, "thres": {"Train": [-0.2443865239620227, -0.1490044891834293, -0.062270883470772295, -0.022175980731836024, -0.004336871206761573, -0.001215722062624991, -0.005205666646361491, -0.011338675394649448, -0.02170906402170665, -0.04027466848491828, -0.10180352628212311, -0.14898689091205647, -0.1778861284255988, -0.24555082619190222, -0.23400624096247194, -0.2575858277935189, -0.2643032371997834, -0.2845212519168947, -0.30029407143592834, -0.30319440364837646, -0.3113847076900247, -0.31049090624005, -0.31826671958097313, -0.317056775093106, -0.3222236931324005, -0.32371154427714355, -0.32394307851791604, -0.3245170116424502, -0.3254456222057342, -0.3249346166849129], "Valid": []}, "acc_val": {"Train": [0.6964285714285714, 0.6838972431077694, 0.655827067669173, 0.6389097744360902, 0.6309523809523809, 0.6590225563909774, 0.7181704260651629, 0.7582706766917293, 0.8353383458646616, 0.856453634085213, 0.8553258145363408, 0.8783834586466165, 0.8906015037593985, 0.8934210526315789, 0.8998746867167919, 0.9053884711779449, 0.9068295739348371, 0.9072055137844611, 0.9142230576441103, 0.9133458646616541, 0.9141604010025063, 0.9137218045112782, 0.9144736842105263, 0.9151002506265664, 0.9156015037593985, 0.9151002506265664, 0.9153508771929825, 0.9151629072681704, 0.9152255639097744, 0.9151002506265664], "Valid": []}, "f1_val": {"Train": [0.6964095494705181, 0.6838774359295696, 0.6558055015978445, 0.638841887572852, 0.6309523809523809, 0.6589798220328361, 0.7181704260651629, 0.7582403810001253, 0.8353383458646616, 0.8564446393884328, 0.8552986150278875, 0.878375838085093, 0.8906015037593985, 0.8934143743342315, 0.899849586362497, 0.9053884711779449, 0.9068237358230465, 0.907199699229275, 0.9142176828122063, 0.9133404348643398, 0.9141604010025063, 0.9137163982705684, 0.9144683250830253, 0.915105569826452, 0.9155962153017106, 0.915105569826452, 0.9153455730308917, 0.9151629072681704, 0.9152202518954822, 0.9150949307600726], "Valid": []}}