{"roc_val": {"Train": [0.6940521076082018, 0.6893852853032052, 0.6867075086421148, 0.875749456138257, 0.9145578650050354, 0.9103358786830625, 0.9087663184695239, 0.8677665332573986, 0.907254401144884, 0.9212319916681148, 0.9092024486515649, 0.9000434661912369, 0.922780852158243, 0.9245442579925168, 0.9242337944206103, 0.9239920149859471, 0.9237999892169857, 0.9236184995697263, 0.9237410350926049, 0.9236665825661341, 0.9237615655680554, 0.9240619981449028, 0.9240350528228116, 0.9239519939503451, 0.9239798736258635, 0.9238903423275537, 0.9239336497397768], "Valid": []}, "eer_val": {"Train": [0.3688387635756021, 0.37477025898116617, 0.3652046783625731, 0.19561403508771935, 0.15275689223057412, 0.16169590643270276, 0.15756056808642618, 0.20563909774331685, 0.16307435254810357, 0.1362990810359232, 0.1591060985800551, 0.1643274853791242, 0.13379281537281218, 0.1294486215538848, 0.13124477861397474, 0.13166248955680374, 0.1308688387646717, 0.1319131161236424, 0.13345864661653897, 0.13191311612393825, 0.13095238095171197, 0.1306599832922571, 0.13045112781809648, 0.13061821219657266, 0.13028404344250233, 0.13040935672535986, 0.13040935672514312], "Valid": []}, "thres": {"Train": [-0.2728621363639818, -0.4696654975416797, -0.2521297037601471, -0.09376125782728195, -0.17828853428363706, -0.1445498168468355, -0.17421495914456533, -0.1529536545273452, -0.22243760526184123, -0.15583538512388867, -0.14207351207736368, -0.16033267974823784, -0.1461532413959608, -0.15487647801637652, -0.1558154821396951, -0.1546044349669492, -0.14861367642896012, -0.158615380525589, -0.15779531002044672, -0.15487159788614882, -0.15328861773001767, -0.1550451964140449, -0.15436135232398063, -0.15356521308410231, -0.153797522187557, -0.15220929682257314, -0.15198607742786394], "Valid": []}, "acc_val": {"Train": [0.6311821219715956, 0.6252297410192147, 0.6347953216374269, 0.8043650793650794, 0.8472639933166249, 0.8382832080200501, 0.8424394319131161, 0.7943817878028404, 0.8369047619047619, 0.8637218045112782, 0.8408939014202172, 0.835672514619883, 0.8662071846282373, 0.8705722639933167, 0.8687552213868003, 0.8682539682539683, 0.8692147034252298, 0.8681077694235589, 0.86656223893066, 0.8680868838763576, 0.8690476190476191, 0.8693609022556391, 0.8695071010860485, 0.8693817878028405, 0.8697159565580618, 0.8695697577276524, 0.8696115288220552], "Valid": []}, "f1_val": {"Train": [0.6311744188475115, 0.6252297410192147, 0.6347800660010862, 0.8043609933373713, 0.8472608032749221, 0.8382730747540573, 0.8424328501608254, 0.7943774932642704, 0.8369013555003237, 0.8637189582071472, 0.8408939014202172, 0.8356656501942437, 0.8662071846282373, 0.8705695607677688, 0.8687552213868003, 0.8682374566570581, 0.8692256286024559, 0.8681050147246183, 0.8665594519517951, 0.8680868838763576, 0.8690421487948536, 0.8693636306676971, 0.8694961985128249, 0.8693763315092526, 0.8697159565580618, 0.8695670335637754, 0.8696088055306084], "Valid": []}}