{"roc_val": {"Train": [0.7990629220293843, 0.7504366178604406, 0.7592952227058876, 0.8563952723286914, 0.8650392663990805, 0.9259682021469715, 0.9167459453772274, 0.9500711364878361, 0.957255120884919, 0.9456026029987248, 0.9515780915320883, 0.9570691374426041, 0.95724211845403, 0.9676364077486952, 0.9690811301436548, 0.9667799040207034, 0.9675839975879548, 0.9643232768638386, 0.9632011890628828, 0.9689645479613822, 0.9690881260167964, 0.9684496956677409, 0.9686691352441252, 0.968671679197995, 0.9687225425719688, 0.9686036676905295, 0.9685289351197544, 0.9685445600216078, 0.9685438455160458, 0.9686240821351625], "Valid": []}, "eer_val": {"Train": [0.28997493734335844, 0.3412280701756023, 0.3098997493734273, 0.22769423558964969, 0.21842105263157854, 0.1419799498742413, 0.15639097744408822, 0.11616541353423472, 0.10513784461152914, 0.12105263157776594, 0.1114035087719409, 0.1015037593990486, 0.10463659147780366, 0.08746867167919804, 0.0830827067669173, 0.08796992481148747, 0.08558897243110417, 0.08859649122802306, 0.08809523809588073, 0.08233082706877476, 0.08358395989972668, 0.08182957393467064, 0.08157894736842089, 0.08195488721802346, 0.08120300751879736, 0.08120300751879574, 0.08082706766890474, 0.08120300751881293, 0.08107769423546735, 0.08132832080195283], "Valid": []}, "thres": {"Train": [-0.061572097241878516, -0.001999736530706563, -0.00014853765605948765, -2.785736069200396e-05, -0.0002995898539666085, -0.001275371760129488, -0.0034015511628264234, -0.016556734219198194, -0.040517583489418044, -0.09238587319811122, -0.11321646720171198, -0.19476483762296065, -0.23540295660464441, -0.23796394467353824, -0.24658995866775513, -0.26732125878330354, -0.2713335454464202, -0.26618060469617516, -0.3648226559163636, -0.29466477036634525, -0.31819775700567576, -0.3069977387783602, -0.3150580823421476, -0.31823694705962663, -0.3198545475800835, -0.3200401365756986, -0.3201773464678353, -0.3206254243850823, -0.32156559824935177, -0.3205994665621176], "Valid": []}, "acc_val": {"Train": [0.7099624060150376, 0.6587092731829574, 0.6901629072681704, 0.7723057644110276, 0.781578947368421, 0.8579573934837093, 0.843609022556391, 0.8837719298245614, 0.8948621553884711, 0.8790100250626567, 0.8886591478696741, 0.8984962406015038, 0.8952380952380953, 0.912468671679198, 0.9169172932330827, 0.9119674185463659, 0.9144110275689223, 0.9114661654135339, 0.9119047619047619, 0.9176691729323309, 0.9164786967418547, 0.918233082706767, 0.9184837092731829, 0.9181077694235589, 0.918859649122807, 0.918859649122807, 0.9191729323308271, 0.918734335839599, 0.918859649122807, 0.918734335839599], "Valid": []}, "f1_val": {"Train": [0.7099442320947428, 0.6586878877122627, 0.6901434927000439, 0.7723057644110276, 0.781578947368421, 0.857930688725951, 0.843609022556391, 0.8837646469077011, 0.8948621553884711, 0.8790024437621404, 0.8886521711886709, 0.8984962406015037, 0.8952118325394837, 0.9124631869164735, 0.9169172932330827, 0.9119508679576361, 0.9144110275689223, 0.9114606178331975, 0.9119047619047619, 0.9176691729323309, 0.916473463249577, 0.9182279591453099, 0.9184786014161289, 0.9181026380099003, 0.9188545648223573, 0.9188545648223573, 0.9191628023561849, 0.9187292436869477, 0.9188443943097074, 0.9187292436869477], "Valid": []}}