{"roc_val": {"Train": [0.9427404900094848, 0.9574677294740611, 0.9561176594368127, 0.9588422340311934, 0.9666886985634513, 0.9766311769398432, 0.9849252124672584, 0.9820980709920163, 0.9847563457515969, 0.988322285978103, 0.9882650548677457, 0.9869838600260048, 0.990871492641378, 0.9912061010923299, 0.9921731961482654, 0.9929653237102782, 0.9932087267039781, 0.9943358710058354, 0.9958146933750417, 0.9952107398822871, 0.9956621974736338, 0.9961530549431222, 0.9969562691189126, 0.9967391222416945, 0.996832651804951, 0.9970150627194553, 0.9974114013102933, 0.9973714832193266, 0.9974868562383403, 0.9973698971740126], "Valid": []}, "eer_val": {"Train": [0.1151629072680086, 0.09398496240560324, 0.09185463659114247, 0.08822055137844607, 0.07443609022556275, 0.05401002506265661, 0.04598997493734552, 0.06629072681704119, 0.0531328320802005, 0.04573934837067691, 0.043107769422797426, 0.04749373433539936, 0.03345864661738183, 0.03646616541368995, 0.03245614035087719, 0.030827067669182674, 0.028947368421223807, 0.02706766917293056, 0.020927318295739374, 0.026065162907268107, 0.021804511277875784, 0.021679197995838624, 0.017669172932666385, 0.019799498746817384, 0.018045112782304938, 0.016791979949815718, 0.01629072681704228, 0.015914786967418586, 0.016416040099410306, 0.015914786967500483], "Valid": []}, "thres": {"Train": [-0.44799272219336983, -0.5413031578059371, -0.5080114934177875, -0.5140221834182739, -0.4759916663169859, -0.4100032672286033, -0.3589553534984642, -0.4345059096813194, -0.35531821846961975, -0.3677645027626911, -0.36728179454286947, -0.38265025615628145, -0.3254707753664853, -0.40938311815288914, -0.36906805634498596, -0.39366692304615225, -0.3986093401911812, -0.38880720734595187, -0.3813430666923523, -0.37957948446273787, -0.36213745673461223, -0.4157186150557174, -0.4366171360023189, -0.3818307518957526, -0.41128489375168925, -0.3947201371191497, -0.4062208831310252, -0.4063675999641421, -0.41543239355077416, -0.40592737495926806], "Valid": []}, "acc_val": {"Train": [0.8848370927318295, 0.9060150375939849, 0.9082080200501254, 0.9118421052631579, 0.9256265664160401, 0.9460526315789474, 0.9539473684210527, 0.9337719298245614, 0.9469298245614035, 0.9543233082706767, 0.9567042606516291, 0.9525062656641604, 0.9667293233082707, 0.9635338345864661, 0.9675438596491228, 0.969110275689223, 0.9709899749373434, 0.9729949874686716, 0.9790100250626567, 0.9739974937343359, 0.9782581453634085, 0.9782581453634085, 0.9823308270676692, 0.9800125313283208, 0.9818922305764411, 0.9832706766917293, 0.9837719298245614, 0.9840225563909775, 0.9835839598997493, 0.9840852130325815], "Valid": []}, "f1_val": {"Train": [0.8848370927318295, 0.9060032585537036, 0.9082022683125509, 0.9118365812394261, 0.9256219061344696, 0.946049251206216, 0.9539444827370136, 0.9337677799360862, 0.9469264991540824, 0.9543204461432421, 0.9566906925728611, 0.9525003133224715, 0.9667355760195453, 0.9635338345864661, 0.9675438596491228, 0.9691083401215616, 0.9709881571527038, 0.9729932953192556, 0.9790087098189109, 0.9739958644025315, 0.9782567830064539, 0.9782567830064539, 0.9823308270676692, 0.9800062676277029, 0.9818910959333291, 0.9832696284228334, 0.9837709129644715, 0.9840215552352904, 0.9835819024940469, 0.9840852130325815], "Valid": []}}