{"roc_val": {"Train": [0.8038881115696509, 0.8096440270475688, 0.8192906373075546, 0.8240635815729801, 0.8378375214351669, 0.8753968096934065, 0.8861594854931816, 0.8578913134967746, 0.8764083611283848, 0.8715146732746654, 0.8662956419871736, 0.8873624223465932, 0.8886129876696754, 0.8816333047531109, 0.8866856678035943, 0.8814653566874578, 0.8977387312265627, 0.9035586773952426, 0.9056340962054259, 0.9038996614342876, 0.9067058781037809, 0.9077548350826942, 0.9078574726289406, 0.9096217360443715, 0.9096322808901954, 0.9099077816722256, 0.9096583093071023, 0.9101126877343736, 0.9100324118567095, 0.9099351841382907], "Valid": []}, "eer_val": {"Train": [0.2721804511279726, 0.26629072681704186, 0.2571428571429197, 0.2537593984962559, 0.23984962406014787, 0.19573934837092738, 0.1809523809517943, 0.2233082706767011, 0.1952380952380962, 0.20551378446172905, 0.2087719298245614, 0.18345864661649444, 0.18446115288147777, 0.19273182957393473, 0.18959899749293893, 0.19323308270594086, 0.1743107769420975, 0.16365914787000682, 0.16290726817042586, 0.16553884711788167, 0.16052631578996485, 0.16002506265635094, 0.1588972431077495, 0.15701754385964958, 0.15726817042560182, 0.15639097744505454, 0.15664160401002694, 0.15614035087660003, 0.15576441102886365, 0.15601503759398488], "Valid": []}, "thres": {"Train": [-0.13482123985888453, -0.06894210726022718, -0.03472579270601318, -0.013531189411878813, -0.007678197696804997, -0.010533950291574001, -0.016025047749267763, -0.022173073142767317, -0.04818161576986314, -0.10935036838055924, -0.1635330319404602, -0.2201850116252875, -0.25270161032638205, -0.34523513913154596, -0.28247538208956513, -0.280007719992998, -0.2952014505862861, -0.3469299674035189, -0.31543844938278187, -0.30014231801039915, -0.31287851929694804, -0.31974202394481716, -0.3271282613277256, -0.32988998293876676, -0.3315385282037439, -0.33333560824454733, -0.334646537899973, -0.3363655805584397, -0.33698409795956147, -0.33712396025657654], "Valid": []}, "acc_val": {"Train": [0.7278822055137845, 0.7337719298245614, 0.7427944862155389, 0.7461779448621554, 0.7602130325814537, 0.8041979949874687, 0.819047619047619, 0.7766290726817042, 0.8046992481203008, 0.7944235588972431, 0.7913533834586466, 0.8165413533834587, 0.8155388471177945, 0.8073308270676691, 0.8104636591478697, 0.8067669172932331, 0.8256892230576441, 0.8362781954887218, 0.837155388471178, 0.8344611528822055, 0.8394736842105263, 0.8400375939849624, 0.8411654135338346, 0.8429197994987468, 0.8427318295739349, 0.8435463659147869, 0.843358395989975, 0.843734335839599, 0.844172932330827, 0.844047619047619], "Valid": []}, "f1_val": {"Train": [0.7278651544582995, 0.7337552478225453, 0.7427783695720283, 0.7461620402280846, 0.7601980073939469, 0.804185725922677, 0.8190249404687304, 0.7766150761325898, 0.8046870104643148, 0.7944106773607368, 0.7913272339892218, 0.816518360696829, 0.8155157287880687, 0.807318754307914, 0.8104517826931511, 0.8067426995864144, 0.8256673768642688, 0.8362679365875055, 0.8371451845353718, 0.8344611528822055, 0.8394736842105263, 0.8400275706497901, 0.8411554608684755, 0.8429099567642082, 0.8427121193131971, 0.8435365624412557, 0.843358395989975, 0.8436951616946603, 0.8441631681183033, 0.8440378469828936], "Valid": []}}