{"roc_val": {"Train": [0.9469091902689054], "Valid": []}, "eer_val": {"Train": [0.11040100250766202], "Valid": []}, "thres": {"Train": [-0.5694456100476825], "Valid": []}, "acc_val": {"Train": [0.8895989974937344], "Valid": []}, "f1_val": {"Train": [0.8895989974937344], "Valid": []}}