{"roc_val": {"Train": [0.9471309775064226], "Valid": []}, "eer_val": {"Train": [0.11228070175433363], "Valid": []}, "thres": {"Train": [-0.43405690789215795], "Valid": []}, "acc_val": {"Train": [0.887719298245614], "Valid": []}, "f1_val": {"Train": [0.8877052262188244], "Valid": []}}