{"roc_val": {"Train": [0.9435750403577865], "Valid": []}, "eer_val": {"Train": [0.11416040100250616], "Valid": []}, "thres": {"Train": [-0.40010607242584195], "Valid": []}, "acc_val": {"Train": [0.8859022556390977], "Valid": []}, "f1_val": {"Train": [0.8858951062096623], "Valid": []}}