{"roc_val": {"Train": [0.7637147065659136, 0.7752947767287894, 0.8136088341153636, 0.8089688192913362, 0.8679337990967394, 0.8926119575253925, 0.873568091594902, 0.8957773820516202, 0.8948215934573276, 0.9142737247253473, 0.9208128011130583, 0.8740124433891747, 0.9275697702903876, 0.9361753066877723, 0.9165212530072048, 0.950996907996809, 0.9562609374312975, 0.9608268478213076], "Valid": []}, "eer_val": {"Train": [0.32030075187971413, 0.30526315789583547, 0.265914786967562, 0.27280701754288517, 0.21441102756893643, 0.1699248120312372, 0.19686716791979972, 0.15852130325814537, 0.17431077694264144, 0.13320802005012572, 0.13583959899708467, 0.19674185463672667, 0.1340852130325809, 0.1241854636584967, 0.1363408521305538, 0.10751879699313795, 0.09573934837092729, 0.08834586466165419], "Valid": []}, "thres": {"Train": [-0.07246366143227012, -0.01377561129631547, -0.006554372143000553, -0.004149885382490774, -0.0036172014661133393, -0.0042320517823105875, -0.008626326297720279, -0.017652057111263275, -0.02295508515090681, -0.02931650142584529, -0.05921824648973936, -0.112462699413311, -0.15423205494880668, -0.17730557918509457, -0.11058081686499475, -0.21859185397678121, -0.20251353085041043, -0.17245370894670492], "Valid": []}, "acc_val": {"Train": [0.6796365914786967, 0.6946741854636591, 0.7340852130325815, 0.7271929824561404, 0.7855263157894737, 0.8301378446115288, 0.8031328320802005, 0.8414786967418546, 0.8257518796992481, 0.8667919799498747, 0.8642230576441102, 0.8032581453634086, 0.8659774436090225, 0.8758145363408522, 0.8636591478696742, 0.8925438596491229, 0.9043233082706766, 0.9117167919799499], "Valid": []}, "f1_val": {"Train": [0.679616517325647, 0.6946550535747854, 0.7340852130325815, 0.7271587918285499, 0.7855128767466634, 0.8301484869369087, 0.8031328320802005, 0.8414588294272465, 0.8257409612131086, 0.8667919799498747, 0.8642145497838211, 0.8032581453634084, 0.8659690456795539, 0.8757989723022936, 0.8636591478696742, 0.8925505920681661, 0.9043173131148569, 0.9117112601040166], "Valid": []}}