{"roc_val": {"Train": [0.8274720950245287, 0.8812545304363665, 0.8678499271361361, 0.8746381068586253, 0.8738195347391033, 0.8966982462421718, 0.8961992701050873, 0.9014202564682382, 0.9189495354928675, 0.915169275004554, 0.9105477038460814, 0.9206551309351072, 0.9433463043573846, 0.9545819592841753, 0.9446194119383672, 0.9684104528237887, 0.9663976356932431, 0.965395443495958, 0.9646441448232108, 0.9645318889328585, 0.9641081164691176, 0.9642097489965515, 0.9642218720359796, 0.9642582411542641, 0.9643288908361128, 0.9644469020295098, 0.9643657546120941, 0.9644731110357346, 0.9643805158259054, 0.9643788120049497], "Valid": []}, "eer_val": {"Train": [0.2575187969922528, 0.1924812030075188, 0.2030075187969925, 0.19674185463609, 0.19523809523788502, 0.1689223057647286, 0.17907268170426066, 0.15889724310776907, 0.1498746867166788, 0.15764411027456643, 0.16278195488721814, 0.15200501252994114, 0.11403508771969527, 0.10664160401002593, 0.11766917293232813, 0.07368421052652417, 0.07819548872233711, 0.0800751879687953, 0.07932330827111861, 0.0791979949876125, 0.0796992481205182, 0.07932330827017747, 0.07907268170425834, 0.07882205513721188, 0.07894736842049008, 0.0786967418546367, 0.07894736842103162, 0.07869674185600647, 0.07857142857142908, 0.0786967418548715], "Valid": []}, "thres": {"Train": [-0.05367468595501069, -0.02131155924871564, -0.01050140499137342, -0.005898243281983815, -0.005050655454395405, -0.0055999620817646836, -0.01016293466091156, -0.020884392783045762, -0.017007201910016218, -0.0230812728404734, -0.03501276671886444, -0.04656274244185947, -0.06222181394699306, -0.1569496095180513, -0.2792122960090589, -0.1499849110844301, -0.23967212438617966, -0.30708131193758936, -0.34729912877307245, -0.3850681185723962, -0.41022229194651755, -0.4193390309790225, -0.425264805555343, -0.42636165022836015, -0.4269611835470014, -0.427453875541687, -0.4282740354537287, -0.427625626326629, -0.42539194226264954, -0.42859119176898336], "Valid": []}, "acc_val": {"Train": [0.7425438596491228, 0.8076441102756893, 0.7969924812030075, 0.8031328320802005, 0.8047619047619048, 0.831015037593985, 0.8209273182957394, 0.8411654135338346, 0.8501253132832081, 0.8424185463659147, 0.837218045112782, 0.8479323308270676, 0.8860902255639098, 0.8932957393483709, 0.8823934837092732, 0.9263157894736842, 0.9220551378446116, 0.9196741854636592, 0.9206140350877193, 0.9206766917293233, 0.9202380952380952, 0.9205513784461153, 0.9209899749373434, 0.9210526315789473, 0.9209899749373434, 0.9212406015037594, 0.9209273182957394, 0.9216791979949874, 0.9213659147869674, 0.9213659147869674], "Valid": []}, "f1_val": {"Train": [0.7425277273012093, 0.8076200025065798, 0.7969924812030075, 0.8030834795688142, 0.8047374357688933, 0.831004448900307, 0.8209048752976563, 0.8411554608684755, 0.8501065296403059, 0.8424086722225703, 0.837218045112782, 0.8479037413047567, 0.8861044981831849, 0.893289053198822, 0.8823861144181966, 0.9263157894736842, 0.9220746680030067, 0.9196439764322427, 0.9206090607180901, 0.9206667502193258, 0.9202330973118616, 0.9205314615191778, 0.9209850241243186, 0.9210328403108548, 0.920975120636711, 0.9212356663951377, 0.9209074956129355, 0.9217086308405362, 0.9213609875305471, 0.9213708414259758], "Valid": []}}