{"roc_val": {"Train": [0.798609752765372, 0.75266634631692, 0.7549400050879077, 0.8660106641918078, 0.833629225004868, 0.915345373144641, 0.9177987418420738, 0.9526831803820327, 0.9648206669556095, 0.9756271003322844, 0.9680552885974333, 0.979972314872394, 0.9746818958423629, 0.9815745347076966, 0.982655927098448, 0.981621715629927, 0.9851395719876131, 0.982637452026055, 0.9831911388747558, 0.984690674053555, 0.9855004051482089, 0.98514753362102, 0.9856480643965805, 0.9856021633029943, 0.9856576434821391, 0.9856454576290351, 0.9856653146022951, 0.9856613651924296, 0.9856438401768833, 0.9856246977091853], "Valid": []}, "eer_val": {"Train": [0.29010025062635514, 0.33709273182957394, 0.3095238095251789, 0.2117794486215596, 0.2380952380952376, 0.15814536341001295, 0.15513784461127195, 0.11165413533779343, 0.0913533834588354, 0.07418546365966747, 0.08458646616646927, 0.06378446115302686, 0.07368421052631433, 0.05802005012542485, 0.054887218045514906, 0.05576441102747257, 0.052130325814536325, 0.05889724310742401, 0.054511278195488816, 0.05225563909639913, 0.05050125313303669, 0.05125313283180451, 0.04949874686716785, 0.05025062656641626, 0.04974937343359055, 0.050250626566416025, 0.050125313282164845, 0.05012531328149377, 0.04999999999816929, 0.04999999999921127], "Valid": []}, "thres": {"Train": [-0.06248905882239082, -0.001985772280022502, -0.00012270123988876436, -2.0565394152072265e-05, -0.0002174116452806626, -0.0018077862914753428, -0.0035259048454442843, -0.018056401982897315, -0.0236101411283021, -0.07892982661726149, -0.129504829645393, -0.1851550936699537, -0.2461795061826705, -0.24771516025078003, -0.2682988941669898, -0.28282144665709763, -0.31216660141944885, -0.31742072105380575, -0.3607953786849976, -0.32817995548210666, -0.32586887478848814, -0.32720327377304276, -0.33425736427307123, -0.3331509331862135, -0.33450776338577926, -0.33375340700149536, -0.334386557339831, -0.3350237607934782, -0.33568224310705924, -0.33551371097526844], "Valid": []}, "acc_val": {"Train": [0.7099624060150376, 0.6629072681704261, 0.6904761904761905, 0.7881578947368421, 0.761967418546366, 0.8417919799498746, 0.8449248120300752, 0.8884085213032581, 0.9086466165413534, 0.9258145363408521, 0.9155388471177945, 0.9362155388471178, 0.9263784461152882, 0.9419172932330827, 0.9451127819548872, 0.9442982456140351, 0.9479323308270676, 0.9411654135338345, 0.9454260651629073, 0.9477443609022557, 0.9495614035087719, 0.9487468671679198, 0.950563909774436, 0.949749373433584, 0.950187969924812, 0.949812030075188, 0.9496867167919799, 0.949874686716792, 0.950062656641604, 0.95], "Valid": []}, "f1_val": {"Train": [0.7099442320947428, 0.6629072681704261, 0.6904761904761905, 0.7881446205902626, 0.7619525032896799, 0.8417820665455229, 0.8449150949307601, 0.8884015289178521, 0.9086466165413534, 0.9258145363408521, 0.9155494298960031, 0.9362155388471178, 0.9263738329469264, 0.9419136537377029, 0.9451127819548872, 0.9442947553104831, 0.9479290682373582, 0.9411617269252459, 0.9454226455291685, 0.9477378117558591, 0.949564563623833, 0.9487404436646197, 0.9505608120809573, 0.949749373433584, 0.950184848674729, 0.9498088852685006, 0.949670949545597, 0.9498684045619752, 0.9500595275393195, 0.9499937335505703], "Valid": []}}