{"roc_val": {"Train": [0.7556326986011395, 0.6735850591390757, 0.6329346941916194, 0.7487222049484613, 0.7307361605768807, 0.8219410132474042, 0.8971066764656, 0.866049200381907, 0.8437493483081137, 0.9305588375701159, 0.9152355983944824, 0.9480075659072495, 0.950987996306556, 0.9579874498275766, 0.9633187605605492, 0.9623444105250596, 0.9657083184150854, 0.9675181374488854, 0.9694716113592252, 0.9599956815597892, 0.9699062505888782, 0.9699231631710856, 0.9703831634223403, 0.9709989494412724, 0.9711063451234605, 0.971565913530694, 0.9717334533074541, 0.9718811361109541, 0.9719472239495984, 0.9719770604456003], "Valid": []}, "eer_val": {"Train": [0.3179197994989135, 0.38859649122807016, 0.4393483709269062, 0.31879699248109733, 0.35388471177951886, 0.268922305764411, 0.1800751879698738, 0.2172932330827038, 0.2315789473687554, 0.14661654135324245, 0.16328320802100507, 0.11942355889724121, 0.11365914786972629, 0.10150375939799185, 0.09498746867127988, 0.09486215538991508, 0.09010025062514604, 0.08659147869596388, 0.08408521303258157, 0.09749373433565825, 0.08233082706766855, 0.08370927318328025, 0.08208020050125316, 0.08020050125420948, 0.07957393483709695, 0.079573934837093, 0.07819548872378028, 0.07769423558875403, 0.07769423558896113, 0.07731829573845572], "Valid": []}, "thres": {"Train": [-0.08708627894522666, -0.008031672798097134, -0.00016473050345645464, -4.764551704283765e-06, -2.1774058041055513e-06, -0.0005028561223298311, -0.0029503396557020284, -0.004788099788129316, -0.006634353194392438, -0.02985657937823967, -0.03902942687278206, -0.06780657172203042, -0.09373728185892614, -0.13907609879964722, -0.2175586670635229, -0.2540669441258428, -0.26398235559421984, -0.24780926108339846, -0.32786852121353155, -0.33360204100608765, -0.32227103412151226, -0.31269985437396974, -0.2927508354187012, -0.3234239816666607, -0.3274877071380618, -0.336185783147812, -0.34206068515945526, -0.3452242612836387, -0.3479940593242644, -0.34784188866596827], "Valid": []}, "acc_val": {"Train": [0.6820802005012532, 0.6113408521303259, 0.5606516290726817, 0.681265664160401, 0.6460526315789473, 0.731015037593985, 0.8200501253132833, 0.7827694235588972, 0.7684210526315789, 0.8533834586466166, 0.8367794486215538, 0.8806390977443609, 0.8863408521303258, 0.8984962406015038, 0.9050125313283208, 0.9051378446115288, 0.9099624060150376, 0.9134085213032581, 0.9158521303258146, 0.9024436090225564, 0.9176691729323309, 0.9164786967418547, 0.9178571428571428, 0.9197368421052632, 0.9203634085213033, 0.9203634085213033, 0.9217418546365915, 0.9223684210526316, 0.9223684210526316, 0.9226817042606517], "Valid": []}, "f1_val": {"Train": [0.6820802005012532, 0.6112677821645673, 0.5605965659857125, 0.6812057404273987, 0.6460304530359046, 0.7310318902324415, 0.8200275723774908, 0.7827558117676545, 0.7684210526315788, 0.8533650833437774, 0.8367896748324039, 0.8806316185224637, 0.8863408521303258, 0.8984835192379997, 0.9050006266449429, 0.9051378446115288, 0.9099567642082838, 0.9133976688808122, 0.9158468575725295, 0.9024252679075014, 0.9176691729323309, 0.9164943932844704, 0.9178519957390813, 0.9197318127702238, 0.9203584184472712, 0.9203584184472712, 0.9217369509367754, 0.9223635566138229, 0.9223635566138229, 0.9226720140368467], "Valid": []}}