{"roc_val": {"Train": [0.7703251392893261, 0.747866368615775, 0.7439579760805523, 0.841784897707929, 0.7976934975282818, 0.9074796483690429, 0.9475922732897406, 0.9454890829831472, 0.9497003238044986, 0.9605820943335783, 0.9707684468062386, 0.9702978781540317, 0.9604588381982525, 0.9747427701459161, 0.9773328528087135, 0.9761214282573604, 0.9776230912494267, 0.9754278082424105, 0.9784846593300294, 0.9780027920678891, 0.9781399849875315, 0.978049352705071, 0.9776811232341505, 0.9777151525430116, 0.9777477371373295, 0.9777543718318352, 0.9777864931752941, 0.9778288845547451, 0.9777643749097054, 0.9777699260683037], "Valid": []}, "eer_val": {"Train": [0.32117794486201295, 0.3388471177946536, 0.3235588972433144, 0.2338345864645137, 0.2769423558897242, 0.17781954887217982, 0.11741854636591481, 0.120300751879308, 0.11679197994918016, 0.106015037593985, 0.08032581453634474, 0.0812030075171116, 0.09899749373433582, 0.07192982456206982, 0.06641604010025062, 0.0700501253132832, 0.06616541353293776, 0.06942355889787027, 0.06503759398482795, 0.06403508771884824, 0.06403508771927367, 0.06378446115318806, 0.06403508771958494, 0.06416040100278442, 0.06403508771929978, 0.06403508772011353, 0.06390977443609021, 0.06353383458604443, 0.06441102756865336, 0.06416040100249837], "Valid": []}, "thres": {"Train": [-0.06501892954110014, -0.0016967708943415934, -0.00020516489166771972, -1.3343621503723639e-05, -6.956316792638971e-05, -0.0022924018558114754, -0.00476227723993361, -0.016130452975619224, -0.05079752951852051, -0.08565623313188553, -0.11849125474691495, -0.192742660640205, -0.24668346345424652, -0.26712149381639777, -0.2951439619064331, -0.2765688896179199, -0.29297631978874655, -0.35426065325756556, -0.36433875560749523, -0.3137798607346217, -0.32661592960354935, -0.3297211527824998, -0.33213230967534896, -0.3369610905648465, -0.3386556208133702, -0.3392877280716725, -0.34043851494789124, -0.34166935086170896, -0.3421285152434442, -0.34189295768736755], "Valid": []}, "acc_val": {"Train": [0.6788847117794486, 0.6610902255639097, 0.6765664160401003, 0.7661654135338346, 0.7231203007518797, 0.8222431077694236, 0.8826441102756892, 0.8796365914786968, 0.8830827067669172, 0.893922305764411, 0.9196741854636592, 0.9187969924812031, 0.9010651629072681, 0.9282581453634086, 0.9334586466165413, 0.9300125313283208, 0.9338345864661655, 0.9307017543859649, 0.9350250626566416, 0.9360275689223058, 0.9360275689223058, 0.9364661654135338, 0.9360902255639098, 0.9358395989974937, 0.9359022556390978, 0.9359649122807018, 0.9361528822055137, 0.9364661654135338, 0.9355889724310777, 0.9359022556390978], "Valid": []}, "f1_val": {"Train": [0.67886459051319, 0.661068989285043, 0.6766069414860294, 0.7661361072816143, 0.7231029513127388, 0.822231969421643, 0.8826367566890156, 0.879613962524284, 0.8830533968413137, 0.8939156588758693, 0.9196741854636592, 0.9187868153903997, 0.9010589635942101, 0.9282716281400739, 0.9334419654048633, 0.9300081458738015, 0.9338262940218073, 0.9307104372885603, 0.9350209912901811, 0.936023560373457, 0.936023560373457, 0.9364820846905537, 0.9360982333040972, 0.9358395989974937, 0.9358982392380476, 0.9359649122807018, 0.9361488815088664, 0.9364582027823035, 0.9355808998621381, 0.9358982392380476], "Valid": []}}