{"roc_val": {"Train": [0.6728530913750542, 0.6857112078441718, 0.6789601195972386, 0.6841060514695261, 0.7126368945546825, 0.6865523693318508, 0.7506654794881942, 0.7177462296091104, 0.7862346106494306, 0.6987110476692986, 0.7544726948951326, 0.7562933021777501, 0.8392495336084572, 0.8382435411837865, 0.8217354240865322, 0.8501708060879015, 0.8524528661880264, 0.8563322545084515, 0.8735790290261995, 0.8760401630643022, 0.8770124559519099, 0.879689928141155, 0.8789370120162563, 0.8802359831282466, 0.880349793657075, 0.880349196927155, 0.8802757441850239, 0.8801225259263447, 0.8800374919127393, 0.8798787539022995], "Valid": []}, "eer_val": {"Train": [0.38659147869689636, 0.3754385964910261, 0.3805764411027444, 0.37305764411027453, 0.34611528822061655, 0.38132832080200624, 0.33609022556288587, 0.350000000000048, 0.29273182957393445, 0.3645363408510673, 0.3221804511279154, 0.32167919799500583, 0.23659147869555303, 0.2398496240601501, 0.25388471177945016, 0.22669172932348425, 0.22493734335920496, 0.2218045112781955, 0.20087719298245604, 0.19661654135319223, 0.19624060150528808, 0.19448621553901463, 0.19523809523809568, 0.19411027568918032, 0.19436090225477154, 0.19436090225534958, 0.19385964912280787, 0.19436090225698666, 0.19436090225563912, 0.19448621553884252], "Valid": []}, "thres": {"Train": [-0.08836012333632132, -0.003623794298617158, -0.00022621320385951118, -5.249922469374717e-05, -1.7039736121662714e-05, -6.369726906996246e-05, -0.0012436740798869202, -0.00393629423342679, -0.02057670243084429, -0.010847988538428617, -0.016085315495732326, -0.03423422202468086, -0.062115795910149776, -0.09426839649677274, -0.0844562128186227, -0.10279046744108364, -0.13010045886082713, -0.1643001288175583, -0.18965765833854673, -0.19878506660457268, -0.2190645635137619, -0.22806391119958075, -0.24481935799121865, -0.24013283848760886, -0.25096598267541803, -0.2508255541323059, -0.25212368369102495, -0.2541922926903431, -0.2546987235546112, -0.2547117670377085], "Valid": []}, "acc_val": {"Train": [0.6134711779448622, 0.624624060150376, 0.6194862155388471, 0.6270050125313283, 0.6538220551378446, 0.6186090225563909, 0.6639097744360902, 0.65, 0.7073308270676691, 0.6355263157894737, 0.6778195488721804, 0.6782581453634086, 0.7633458646616541, 0.7602130325814537, 0.7461152882205514, 0.7733709273182957, 0.775062656641604, 0.7781328320802005, 0.7991854636591479, 0.8033834586466165, 0.8037593984962406, 0.805576441102757, 0.8046992481203008, 0.805952380952381, 0.8055137844611528, 0.8055137844611528, 0.806077694235589, 0.8057644110275689, 0.805576441102757, 0.805576441102757], "Valid": []}, "f1_val": {"Train": [0.6134469578294379, 0.6246005388808823, 0.6194623723290933, 0.6269816404536626, 0.6538003634312928, 0.6185851243812268, 0.6638676525880436, 0.65, 0.7073124882511436, 0.6355034776615076, 0.6778195488721804, 0.6782379848361426, 0.7633013724384283, 0.7601980073939469, 0.7461152882205514, 0.7733851262452228, 0.7750626566416039, 0.7781189297575036, 0.7991728805062974, 0.8033588168943477, 0.8037593984962407, 0.8055886222667753, 0.8046870104643148, 0.8059402218184096, 0.8054650288292805, 0.8054650288292805, 0.806065542953819, 0.8057887482771584, 0.8055642584121813, 0.8055642584121813], "Valid": []}}