{"roc_val": {"Train": [0.7598738230287498], "Valid": []}, "eer_val": {"Train": [0.32769423558898675], "Valid": []}, "thres": {"Train": [-0.08789167553186665], "Valid": []}, "acc_val": {"Train": [0.6722431077694235], "Valid": []}, "f1_val": {"Train": [0.6722225703364872], "Valid": []}}