{"roc_val": {"Train": [0.9095784024597835], "Valid": []}, "eer_val": {"Train": [0.163408521303255], "Valid": []}, "thres": {"Train": [-0.09439862892031614], "Valid": []}, "acc_val": {"Train": [0.8365914786967419], "Valid": []}, "f1_val": {"Train": [0.8365914786967419], "Valid": []}}