{"roc_val": {"Train": [0.9112706578476266], "Valid": []}, "eer_val": {"Train": [0.15877192982411406], "Valid": []}, "thres": {"Train": [-0.09875159710642925], "Valid": []}, "acc_val": {"Train": [0.8412907268170426], "Valid": []}, "f1_val": {"Train": [0.8412807820038849], "Valid": []}}