{"roc_val": {"Train": [0.7787354586340538, 0.7696913885591172, 0.7794993985590541, 0.8888729656220753, 0.9149380892707961, 0.8975610705962902, 0.9114541365946194, 0.9454985835516108, 0.9611774894630059, 0.9617085162781641, 0.9618961250243402, 0.9724106318427649, 0.9736320908788262, 0.975855812777558, 0.971945033322655, 0.974663020332787, 0.9772538332045653, 0.976248924315802, 0.9766146726465287, 0.9761996548388515, 0.9761495844875345, 0.9761359382164685, 0.9761912456580046, 0.9761691195407064, 0.9760829313258083], "Valid": []}, "eer_val": {"Train": [0.3078947368423344, 0.31754385964989, 0.3017543859649121, 0.1868421052613754, 0.13834586466165827, 0.1823308270677956, 0.16190476190497935, 0.12744360902271065, 0.10363408521303827, 0.09899749373389702, 0.0979949874686716, 0.08320802004962771, 0.07919799498746864, 0.07192982456140527, 0.07794486215531556, 0.07543859649132477, 0.07005012531374895, 0.07205513784461158, 0.07117794486020279, 0.07117794486242499, 0.07117794486215508, 0.07105263157906555, 0.07080200501255399, 0.07067669172918922, 0.07092731829572864], "Valid": []}, "thres": {"Train": [-0.049177803099161546, -0.001374604878950473, -0.00019356193661224092, -1.3391924767299871e-05, -2.772127118078068e-05, -0.0002734847948886698, -0.003884090343490961, -0.014330266043552036, -0.041186206042766925, -0.077761851251099, -0.13732680678367612, -0.18253181874725963, -0.18299762904644012, -0.21601320803165455, -0.2618198096751991, -0.2845551371575028, -0.28430917859137067, -0.30937945842742925, -0.3035351932048254, -0.3093818724156095, -0.31523975729942283, -0.31599758068727035, -0.31658971309669814, -0.3167167901991763, -0.31635534763336015], "Valid": []}, "acc_val": {"Train": [0.6921052631578948, 0.6824561403508772, 0.6983082706766918, 0.8132205513784461, 0.8615914786967419, 0.8176065162907268, 0.8382205513784461, 0.8725563909774436, 0.8963032581453634, 0.9010025062656641, 0.9020050125313284, 0.9167293233082707, 0.9208646616541354, 0.9280075187969925, 0.9221177944862156, 0.9246240601503759, 0.9300125313283208, 0.9279448621553885, 0.9288847117794486, 0.9287593984962406, 0.9288847117794486, 0.9290100250626566, 0.9291979949874687, 0.9293233082706767, 0.9291353383458647], "Valid": []}, "f1_val": {"Train": [0.6921052631578948, 0.6824561403508772, 0.6982893665016605, 0.8132088476721598, 0.8615828059402219, 0.8175950874114918, 0.8382408219521363, 0.8725563909774436, 0.8962967604486497, 0.9009900990099009, 0.9020050125313284, 0.9167136679827035, 0.9208597029889091, 0.9280030077072497, 0.922112914343004, 0.9246193370511937, 0.9300169162333188, 0.9279448621553885, 0.9288802556551162, 0.9287549345197067, 0.9288802556551162, 0.9290055767905258, 0.9291979949874687, 0.929314450432385, 0.9291308979259353], "Valid": []}}