{"roc_val": {"Train": [0.9120064493941622, 0.9184950000314069, 0.913188013894385, 0.9308841024867934, 0.9438814611717264, 0.9376868785371951, 0.9364047179351889, 0.9405153862098856, 0.9438083382013931, 0.952046453853933, 0.9549295858694354, 0.9576688745673707, 0.9604379055407944, 0.9608550747168674, 0.9609228428213391, 0.9606490929705217, 0.9614644380374494, 0.9615470772796653, 0.9621000810296417, 0.9620173789737502, 0.9621558124634895, 0.962199750629707, 0.9622634201418332, 0.9622712639995981, 0.9622547282994452, 0.9622531422541316, 0.9622972296028292, 0.9623184292184095, 0.9623504013793883, 0.9623156418615461], "Valid": []}, "eer_val": {"Train": [0.166917293233036, 0.1614035087717534, 0.1630325814540181, 0.1404761904761891, 0.11390977443609024, 0.13020050125180202, 0.13095238095236775, 0.12130325814536333, 0.11403508771939919, 0.10714285714291852, 0.09862155388474145, 0.09699248120300913, 0.08972431077693653, 0.09185463659147888, 0.0916040100250612, 0.09235588972379666, 0.0912280701750968, 0.0917293233082891, 0.09060150375941342, 0.09010025062657316, 0.09022556390982107, 0.09035087719282127, 0.09035087719281755, 0.09047619047613928, 0.09047619047523053, 0.09035087719293168, 0.0902255639103655, 0.0902255639097745, 0.09010025062640281, 0.0902255639097742], "Valid": []}, "thres": {"Train": [-0.15129005908965307, -0.07132762918868472, -0.039852838963308254, -0.02957674022763965, -0.023205462843179703, -0.03837622329590865, -0.060209676623344165, -0.09839539229869841, -0.1464262157678977, -0.19601559638981336, -0.22410342097282857, -0.28048080205917464, -0.28668808937072265, -0.3162750601768494, -0.33127692341804466, -0.3369684517381299, -0.34430572390533615, -0.3459764942526904, -0.35026633739471524, -0.3526116311550178, -0.35538017004736566, -0.357000797986792, -0.35747611522648465, -0.3572334647178479, -0.35700032114896263, -0.3573270142077439, -0.3569423854351771, -0.3568682372570039, -0.3579595685002949, -0.3566884398460387], "Valid": []}, "acc_val": {"Train": [0.8331453634085213, 0.8385964912280702, 0.8369674185463659, 0.8595864661654136, 0.8860275689223057, 0.8698621553884712, 0.869110275689223, 0.8787593984962406, 0.8859022556390977, 0.8927944862155388, 0.9013784461152882, 0.9029448621553885, 0.9103383458646617, 0.9080827067669173, 0.9084586466165413, 0.9077067669172932, 0.9088345864661654, 0.9083333333333333, 0.9093358395989974, 0.9098370927318296, 0.9098370927318296, 0.9097117794486216, 0.9095864661654135, 0.9095864661654135, 0.9095238095238095, 0.9097117794486216, 0.9097744360902256, 0.9097117794486216, 0.9099624060150376, 0.9098370927318296], "Valid": []}, "f1_val": {"Train": [0.8331349082022683, 0.8385964912280702, 0.8369674185463658, 0.8595776677736701, 0.8860204273450717, 0.8698540008772478, 0.869102074064791, 0.8787518014913215, 0.8858951062096623, 0.8927877686571841, 0.9013784461152882, 0.9029387806253525, 0.9103327276145122, 0.9080769471771415, 0.9084529105833699, 0.9077009837709129, 0.9088288739895983, 0.9083275894479604, 0.9093301585312363, 0.9098314430728742, 0.9098314430728742, 0.9097061219374649, 0.9095694679451025, 0.9095808008020553, 0.9095124702343653, 0.9097061219374649, 0.9097744360902256, 0.9097061219374649, 0.9099567642082838, 0.9098314430728742], "Valid": []}}