{"roc_val": {"Train": [0.879742204822834, 0.8893690915886207, 0.8979820164446203, 0.9017781530894906, 0.918375073020898, 0.9461314941489061, 0.9708906822193326, 0.9687379711810855, 0.9708224037537454, 0.9789175790353076, 0.9805213849159239, 0.9808165463784775, 0.9829805403232391, 0.984469177329288, 0.9810127448948185, 0.9855670190513879, 0.9858605630617898, 0.9873577584311656, 0.9884004654493377, 0.9886801747476462, 0.9892461102631264, 0.9894409425820191, 0.9895311901307152, 0.989570228830221, 0.9895929673808582, 0.9896172762733902, 0.989622850987117, 0.9896326813273786, 0.9896393238735937, 0.9896318019359175], "Valid": []}, "eer_val": {"Train": [0.20651629072681704, 0.19335839598999655, 0.18070175438489114, 0.17706766917266234, 0.1526315789473684, 0.12431077694235594, 0.08496240601600615, 0.08370927318343112, 0.08107769423558904, 0.06416040100287645, 0.05776942355889729, 0.06516290726817045, 0.05839598997431236, 0.05250626566373772, 0.05839598997469876, 0.051378446115562526, 0.05175438596470319, 0.04636591478748542, 0.043483709272277585, 0.04122807017577969, 0.03922305764478145, 0.039097744361423534, 0.03872180451064154, 0.039097744360199034, 0.038847117795279724, 0.03884711779339595, 0.03884711779587638, 0.03859649122862838, 0.03872180451154196, 0.03859649122813481], "Valid": []}, "thres": {"Train": [-0.07441705358879906, -0.043671470135452896, -0.027731489390080712, -0.015773613005866355, -0.009764787120123703, -0.008745548315346243, -0.014239922165891008, -0.03223916515710952, -0.06322830915451051, -0.09700132906439458, -0.20341686904430395, -0.21160995960235596, -0.23388662934246973, -0.3221749961374998, -0.3866159319873983, -0.3483887314797029, -0.3359081447122724, -0.3846037089826119, -0.391666442154382, -0.42109307646766825, -0.4179696738733878, -0.42284137010617423, -0.42317155003239726, -0.4238989353177336, -0.4238950610161926, -0.42369088530459864, -0.424685746433588, -0.42524042725612804, -0.42533463239671654, -0.4246293008327775], "Valid": []}, "acc_val": {"Train": [0.7934837092731829, 0.8065789473684211, 0.8193609022556391, 0.8229323308270676, 0.8473684210526315, 0.8757518796992482, 0.9150375939849624, 0.9162907268170426, 0.918859649122807, 0.9359022556390978, 0.9421679197994988, 0.9348370927318296, 0.9416040100250627, 0.9474937343358396, 0.9416040100250627, 0.9486215538847118, 0.9483082706766918, 0.9536340852130326, 0.9565162907268171, 0.9587719298245614, 0.9607769423558897, 0.9609022556390977, 0.9612781954887218, 0.9609649122807018, 0.9611528822055138, 0.9611528822055138, 0.9614035087719298, 0.9615914786967419, 0.9614661654135338, 0.9614035087719298], "Valid": []}, "f1_val": {"Train": [0.7934837092731829, 0.8065668274954572, 0.8193495833072247, 0.8229101391151773, 0.8473684210526315, 0.8757440942414938, 0.9150375939849624, 0.9162907268170425, 0.9188545648223573, 0.9359062715368712, 0.9421642960085219, 0.9348370927318296, 0.941596691314701, 0.947487153778669, 0.941596691314701, 0.9486215538847118, 0.9483050316435866, 0.9536340852130326, 0.9565108409575135, 0.9587719298245614, 0.9607769423558897, 0.9609022556390977, 0.9612733425241259, 0.9609624663199449, 0.9611528822055138, 0.9611480135355308, 0.961413179654222, 0.9615986969867819, 0.9614734072542754, 0.9614035087719298], "Valid": []}}