{"roc_val": {"Train": [0.7772284643312543, 0.7583821788179721, 0.7297137973379564, 0.7028087056613965, 0.690609410430839, 0.7214123262416693, 0.7977903562163553, 0.8625782736917482, 0.9022813848531103, 0.9324926429482225, 0.9230920660046106, 0.9417095291486863, 0.9540658193101802, 0.9502746370939881, 0.9592869391523922, 0.9662383088045929, 0.9676220626754857, 0.9657235664348844, 0.9688909146299333, 0.9703534525536899, 0.9700704847959497, 0.9711098626893048, 0.9708236914340991, 0.971087100583539, 0.9716529889887628, 0.9715166833122907, 0.9714368628337762, 0.971411077819863, 0.9713702803374352, 0.9713335814473527], "Valid": []}, "eer_val": {"Train": [0.30388471177943277, 0.31629072681695847, 0.34461152882205626, 0.36365914786962944, 0.368546365914787, 0.34223057644110283, 0.2794486215538915, 0.21854636591411314, 0.1724310776944706, 0.13822055137844608, 0.14636591478697, 0.12343358395855471, 0.10902255639097751, 0.10513784461212944, 0.10062656641527887, 0.0873433583959791, 0.08583959899826588, 0.09097744360902014, 0.08408521303202054, 0.08082706766952037, 0.0803258145363294, 0.07844611528822053, 0.07844611528822441, 0.07731829574023903, 0.07593984962407256, 0.07656641603947162, 0.07656641603942899, 0.0764411027568364, 0.07644110275689839, 0.07656641604010074], "Valid": []}, "thres": {"Train": [-0.24379148582617194, -0.14815663918849345, -0.062255948781967295, -0.022272983565922343, -0.004323172150179744, -0.0011640573502518237, -0.005361635703593498, -0.010306307114644121, -0.02221836708486326, -0.03717423975467681, -0.08357778439919206, -0.15487165749055676, -0.16262333840131762, -0.2537780404095896, -0.2563268542287238, -0.26679453253745933, -0.2699830830101702, -0.28039395809173473, -0.31130534410476524, -0.31023296713840665, -0.32318219542503035, -0.33246049284935, -0.3310737311840074, -0.3366471827065179, -0.34066310524940924, -0.34351825714107903, -0.34387424588062404, -0.3440735936164784, -0.3448696434497924, -0.3442045748233797], "Valid": []}, "acc_val": {"Train": [0.6961779448621553, 0.6837719298245614, 0.6553258145363409, 0.6364035087719299, 0.631516290726817, 0.6577694235588972, 0.7204887218045113, 0.7814536340852131, 0.8275062656641604, 0.8618421052631579, 0.8536340852130326, 0.8764411027568922, 0.8910401002506265, 0.8950501253132832, 0.8992481203007519, 0.912719298245614, 0.9141604010025063, 0.9090852130325815, 0.9159147869674186, 0.9191102756892231, 0.9197368421052632, 0.9216165413533834, 0.9214912280701755, 0.9226817042606517, 0.9239974937343358, 0.9234335839598997, 0.9234962406015037, 0.9236215538847118, 0.9234962406015037, 0.9233709273182957], "Valid": []}, "f1_val": {"Train": [0.6961589071996992, 0.6837521147941601, 0.6553042170562066, 0.636380725609374, 0.631493201328404, 0.6577694235588972, 0.7204712074691397, 0.7814262438902118, 0.8274954571088414, 0.8618334482110408, 0.8536340852130326, 0.8764101278515919, 0.8910332727614512, 0.8950698490258724, 0.8992228628729004, 0.9127138291872925, 0.9141604010025063, 0.9090795162604173, 0.9159042486527134, 0.9191052070931762, 0.9197318127702238, 0.9216116298013659, 0.9214863086659564, 0.9226817042606518, 0.9239927313741463, 0.9234239879684171, 0.9234914468325083, 0.9236167679679178, 0.9234914468325083, 0.9233661256970989], "Valid": []}}