{"roc_val": {"Train": [0.899565941796848, 0.9110501111802063, 0.9217855022895585, 0.9292159518470363, 0.9006222872343765, 0.8690213472277184, 0.8788626955860829, 0.88748208239898, 0.8945676770246417, 0.8962616048266028, 0.9069448213264992, 0.9096680375751409, 0.9173814862971967, 0.9152513803305256, 0.91557594644506, 0.9166485606246192, 0.9176512474796011, 0.9172102719204025, 0.9191211110482975, 0.9199646830107849, 0.9201013655693118, 0.91964550316895, 0.9196098956664844, 0.9195553655441863, 0.9194841191324175, 0.9193507971055459, 0.9194395214226041, 0.9194815594751289, 0.9194898037700768, 0.9194646468929216], "Valid": []}, "eer_val": {"Train": [0.1810776942355887, 0.16729323308270666, 0.15676691729304876, 0.14523809523809533, 0.1799498746882566, 0.2134085213032582, 0.20426065162824739, 0.19310776942355273, 0.18471177944695044, 0.180200501253133, 0.16917293233073177, 0.1680451127819441, 0.15501253132831988, 0.15852130325814542, 0.1591478696745932, 0.16090225563958055, 0.15952380952380849, 0.15939849624053198, 0.1555137844604065, 0.15538847117906618, 0.15538847117794494, 0.1562656641594657, 0.15626566416040102, 0.15639097744287225, 0.1567669172923744, 0.1570175438587188, 0.15676691729475195, 0.1566416040100259, 0.15664160401002397, 0.156766917293084], "Valid": []}, "thres": {"Train": [-0.12702947854995722, -0.10673848539590834, -0.06710394471883296, -0.024468146264553074, -0.005454154685161886, -0.009909662418067455, -0.012295229360451599, -0.02731401473283767, -0.05123442038883481, -0.07602249830961229, -0.10641123354431678, -0.13641585409640902, -0.1619132310152053, -0.19875013828277588, -0.20824737846852856, -0.19113765656974022, -0.19933906197547874, -0.20665705204005663, -0.20921127498141237, -0.20778092741973175, -0.20859724283218387, -0.20967851579166635, -0.21000562608242035, -0.2094974964856274, -0.20993424952013096, -0.21013091504546225, -0.20994147658365134, -0.21001322567462935, -0.2102678939700124, -0.21006387472146562], "Valid": []}, "acc_val": {"Train": [0.818984962406015, 0.8327067669172933, 0.8432957393483709, 0.8546992481203007, 0.8199874686716792, 0.7865288220551379, 0.7958020050125313, 0.8069548872180451, 0.8153508771929825, 0.8197368421052632, 0.8307644110275689, 0.8320175438596491, 0.8450501253132832, 0.8414160401002506, 0.8407894736842105, 0.8391604010025062, 0.8405388471177945, 0.8406015037593985, 0.8445488721804512, 0.8446741854636591, 0.8445488721804512, 0.843734335839599, 0.843671679197995, 0.843483709273183, 0.8432330827067669, 0.8429824561403508, 0.8432330827067669, 0.8432957393483709, 0.843358395989975, 0.8431704260651629], "Valid": []}, "f1_val": {"Train": [0.8189736199009963, 0.8327067669172933, 0.8432859201704368, 0.8546901434927, 0.8199761889842723, 0.7865154458299392, 0.7957892098502413, 0.8069427909016856, 0.815339306974121, 0.8197255467134531, 0.830732593845961, 0.832007017983583, 0.8450404160661695, 0.8414061031392945, 0.840779497462247, 0.839170478040223, 0.8405288551914281, 0.8405815265070812, 0.8445391315245315, 0.8446839170478041, 0.8445391315245315, 0.8437147512219575, 0.8436618835766652, 0.8434444722988218, 0.8432134352675773, 0.8429627772903872, 0.8432330827067669, 0.8432859201704368, 0.843358395989975, 0.8431409412796893], "Valid": []}}