{"roc_val": {"Train": [0.9049438759806785, 0.9088045458257172, 0.9112891329200195, 0.9040206405738657, 0.9101346725209012, 0.950076962456266, 0.9664178459934296, 0.9599719301386298, 0.9635365120193967, 0.9747587012644392, 0.9632462892821025, 0.9691318364834393, 0.9670356499016967, 0.9747749700064698, 0.9707340406153226, 0.980679549751572, 0.9780958112700298, 0.9809933433207078, 0.9830491485606245, 0.9849517748004094, 0.9860859306788274, 0.9864826697068486, 0.9867567100709165, 0.9869544004120576, 0.9870174103805881, 0.9869791175934823, 0.9869005062782268, 0.987018187699826, 0.9870691609977323, 0.9870494532069523], "Valid": []}, "eer_val": {"Train": [0.17255639097718795, 0.1670426065168401, 0.16278195488721786, 0.17368421052631575, 0.16441102756890505, 0.11090225563986014, 0.09736842105405641, 0.1006265664152677, 0.09335839598997503, 0.0779448621553958, 0.09385964912266613, 0.0793233082718448, 0.0916040100250626, 0.07944862155387915, 0.0770676691729325, 0.06604010025063153, 0.06842105263157884, 0.06378446115294817, 0.05814536340852133, 0.05576441102719305, 0.052506265663242194, 0.05200501253139369, 0.05213032581453634, 0.05213032581470154, 0.052005012531357156, 0.05213032581453829, 0.051754385964912296, 0.0522556390984563, 0.052255639096913505, 0.052380952380254864], "Valid": []}, "thres": {"Train": [-0.0753281190991203, -0.041586961597222485, -0.024132180958986282, -0.013940210454165934, -0.006632974836975308, -0.004959012847395069, -0.010155908763449895, -0.03280811384318994, -0.07306640595197678, -0.11090933531522852, -0.1390126347541789, -0.2578878402713664, -0.16282664239406586, -0.2620116770267478, -0.20949962735176095, -0.26542252302170044, -0.3093792498111725, -0.33724391460423003, -0.3511252701282501, -0.36361205577817646, -0.39880234002917614, -0.40688154101373847, -0.4101952612400055, -0.4142628014091474, -0.41706314682968487, -0.41743957996368664, -0.41766586899757385, -0.4187408387667922, -0.41806435584853047, -0.41773700714030776], "Valid": []}, "acc_val": {"Train": [0.8275062656641604, 0.8328947368421052, 0.837280701754386, 0.8263784461152882, 0.8356516290726818, 0.8890350877192983, 0.9028195488721804, 0.8993734335839599, 0.906578947368421, 0.9219924812030075, 0.906203007518797, 0.9206140350877193, 0.9084586466165413, 0.9206140350877193, 0.9228696741854636, 0.9340225563909774, 0.931641604010025, 0.9361528822055137, 0.9417919799498747, 0.9442355889724311, 0.9475563909774436, 0.9479949874686717, 0.9479323308270676, 0.9478070175438597, 0.9479323308270676, 0.9478070175438597, 0.9481829573934837, 0.9479323308270676, 0.9478070175438597, 0.9476190476190476], "Valid": []}, "f1_val": {"Train": [0.8274954571088414, 0.8328842659314493, 0.8372705056707813, 0.826367566890156, 0.835641330910458, 0.8890281345948994, 0.9028378124412705, 0.8993608221581653, 0.9065730935522276, 0.9219875932075944, 0.9061971301459991, 0.9206090607180901, 0.9084529105833699, 0.9206090607180901, 0.9228648411554609, 0.9340184222069052, 0.931637320634125, 0.9361488815088664, 0.9417883326022933, 0.9442286000751973, 0.9475531048311298, 0.9479949874686717, 0.9479290682373582, 0.9478037471019487, 0.9479290682373582, 0.9478037471019487, 0.9481797105081772, 0.947942116143582, 0.9478037471019487, 0.9476124827672641], "Valid": []}}