{"roc_val": {"Train": [0.9391742357145998], "Valid": []}, "eer_val": {"Train": [0.12506265664166552], "Valid": []}, "thres": {"Train": [-0.4945567399263746], "Valid": []}, "acc_val": {"Train": [0.875062656641604], "Valid": []}, "f1_val": {"Train": [0.8750469983707232], "Valid": []}}