{"optimizer_name": [{"best_val_loss": {"param": "Adamax", "value": 0.08245853334665298}, "best_roc_val": {"param": "Adamax", "value": 0.9554116491007344}, "best_eer_val": {"param": "Adamax", "value": 0.1035525321224763}, "best_thres": {"param": "Nadam", "value": -0.37778385699112726}, "best_acc_val": {"param": "Adamax", "value": 0.8965842611813549}, "best_f1_val": {"param": "Adamax", "value": 0.8966817496229261}}], "optimizer_lr": [{"best_val_loss": {"param": 0.001, "value": 0.08181538432836533}, "best_roc_val": {"param": 0.01, "value": 0.9660663109319616}, "best_eer_val": {"param": 0.01, "value": 0.08730158730149816}, "best_thres": {"param": 0.05, "value": -0.4833070933836972}, "best_acc_val": {"param": 0.01, "value": 0.9128137384412153}, "best_f1_val": {"param": 0.01, "value": 0.9128959276018099}}], "batch_size": [{"best_val_loss": {"param": 256, "value": 0.08538565784692764}, "best_roc_val": {"param": 256, "value": 0.9532041907519803}, "best_eer_val": {"param": 256, "value": 0.09637188208507683}, "best_thres": {"param": 64, "value": -0.49956017732587704}, "best_acc_val": {"param": 256, "value": 0.903755425551991}, "best_f1_val": {"param": 256, "value": 0.9038461538461539}}], "contrastive_loss_margin": [{"best_val_loss": {"param": 0.5, "value": 0.01939120516180992}, "best_roc_val": {"param": 0.5, "value": 0.9603525038612002}, "best_eer_val": {"param": 0.5, "value": 0.08541194255396953}, "best_thres": {"param": 1.5, "value": -0.5618170400722675}, "best_acc_val": {"param": 0.5, "value": 0.9143234572560861}, "best_f1_val": {"param": 0.5, "value": 0.9143719351188231}}], "filters_streams": [{"best_val_loss": {"param": 128, "value": 0.02028482034802437}, "best_roc_val": {"param": 128, "value": 0.9503978581841916}, "best_eer_val": {"param": 128, "value": 0.10430839002323773}, "best_thres": {"param": 16, "value": -0.2035329937923783}, "best_acc_val": {"param": 128, "value": 0.8956406869220608}, "best_f1_val": {"param": 128, "value": 0.8957587181903864}}, {"best_val_loss": {"param": 256, "value": 0.01991405338048935}, "best_roc_val": {"param": 256, "value": 0.9564293364034897}, "best_eer_val": {"param": 256, "value": 0.10317460317529778}, "best_thres": {"param": 64, "value": -0.19213180243977745}, "best_acc_val": {"param": 256, "value": 0.8969616908850726}, "best_f1_val": {"param": 256, "value": 0.8970976253298153}}, {"best_val_loss": {"param": 128, "value": 0.019855886697769165}, "best_roc_val": {"param": 128, "value": 0.9491042385878421}, "best_eer_val": {"param": 128, "value": 0.11186696900914361}, "best_thres": {"param": 128, "value": -0.19843798875801155}, "best_acc_val": {"param": 128, "value": 0.8880920928477071}, "best_f1_val": {"param": 128, "value": 0.8881765038657364}}], "kernels_streams": [{"best_val_loss": {"param": 5, "value": 0.02103232406079769}, "best_roc_val": {"param": 5, "value": 0.9541891137658732}, "best_eer_val": {"param": 7, "value": 0.10582010582189984}, "best_thres": {"param": 7, "value": -0.21753707528180796}, "best_acc_val": {"param": 7, "value": 0.8950745423664842}, "best_f1_val": {"param": 7, "value": 0.8952919020715631}}, {"best_val_loss": {"param": 7, "value": 0.01954016089439392}, "best_roc_val": {"param": 7, "value": 0.9511619071551225}, "best_eer_val": {"param": 7, "value": 0.10128495842849497}, "best_thres": {"param": 3, "value": -0.20782364674877124}, "best_acc_val": {"param": 7, "value": 0.8986601245518022}, "best_f1_val": {"param": 7, "value": 0.8987747408105562}}, {"best_val_loss": {"param": 9, "value": 0.020084409043192863}, "best_roc_val": {"param": 3, "value": 0.9496204898175713}, "best_eer_val": {"param": 9, "value": 0.10317460317469863}, "best_thres": {"param": 7, "value": -0.1904481649398659}, "best_acc_val": {"param": 9, "value": 0.8975278354406492}, "best_f1_val": {"param": 9, "value": 0.8977208513844416}}], "dense_layers": [{"best_val_loss": {"param": 8, "value": 0.01892302744090557}, "best_roc_val": {"param": 8, "value": 0.9598409535946555}, "best_eer_val": {"param": 8, "value": 0.08125472411282336}, "best_thres": {"param": 8, "value": -0.22661067545466723}, "best_acc_val": {"param": 8, "value": 0.9186638988488394}, "best_f1_val": {"param": 8, "value": 0.9187558906691801}}], "input_dropout_streams": [{"best_val_loss": {"param": 0.3, "value": 0.01749161072075367}, "best_roc_val": {"param": 0.1, "value": 0.9663312743114586}, "best_eer_val": {"param": 0.1, "value": 0.08578987150461226}, "best_thres": {"param": 0.1, "value": -0.20804658532160544}, "best_acc_val": {"param": 0.1, "value": 0.9141347424042272}, "best_f1_val": {"param": 0.1, "value": 0.9142318567389256}}], "kernels_init_streams": [{"best_val_loss": {"param": "orthogonal", "value": 0.0139470798894763}, "best_roc_val": {"param": "orthogonal", "value": 0.9714614496801778}, "best_eer_val": {"param": "glorot_uniform", "value": 0.07651715039577832}, "best_thres": {"param": "lecun_uniform", "value": -0.23491518199435835}, "best_acc_val": {"param": "glorot_uniform", "value": 0.9235704849971693}, "best_f1_val": {"param": "glorot_uniform", "value": 0.9236569274269557}}, {"best_val_loss": {"param": "he_normal", "value": 0.017769845202565193}, "best_roc_val": {"param": "he_uniform", "value": 0.9674553743263022}, "best_eer_val": {"param": "orthogonal", "value": 0.08238851095911463}, "best_thres": {"param": "uniform", "value": -0.24424155656064567}, "best_acc_val": {"param": "orthogonal", "value": 0.9175316097376863}, "best_f1_val": {"param": "orthogonal", "value": 0.9175938148217989}}, {"best_val_loss": {"param": "he_uniform", "value": 0.016610581427812576}, "best_roc_val": {"param": "glorot_normal", "value": 0.9675374275018882}, "best_eer_val": {"param": "glorot_normal", "value": 0.0797430083143832}, "best_thres": {"param": "normal", "value": -0.24412058293837227}, "best_acc_val": {"param": "glorot_normal", "value": 0.9194187582562747}, "best_f1_val": {"param": "glorot_normal", "value": 0.9194187582562746}}], "kernels_Max_Norm_constraint_streams": [{"best_val_loss": {"param": 4, "value": 0.018462849780917168}, "best_roc_val": {"param": 5, "value": 0.965213157340668}, "best_eer_val": {"param": 3, "value": 0.09121748963429002}, "best_thres": {"param": 3, "value": -0.21849784958801874}, "best_acc_val": {"param": 3, "value": 0.9088507265521797}, "best_f1_val": {"param": 3, "value": 0.9089538171536287}}, {"best_val_loss": {"param": 4, "value": 0.015697307884693146}, "best_roc_val": {"param": 3, "value": 0.9605754434788952}, "best_eer_val": {"param": 4, "value": 0.08049886621419285}, "best_thres": {"param": 5, "value": -0.19580406412521578}, "best_acc_val": {"param": 4, "value": 0.9194187582562747}, "best_f1_val": {"param": 4, "value": 0.9195098963242224}}, {"best_val_loss": {"param": 4, "value": 0.01687789335846901}, "best_roc_val": {"param": 5, "value": 0.970364558270433}, "best_eer_val": {"param": 5, "value": 0.07500942329438358}, "best_thres": {"param": 5, "value": -0.22403988159583546}, "best_acc_val": {"param": 5, "value": 0.92508020381204}, "best_f1_val": {"param": 5, "value": 0.9251649387370405}}], "strides_streams": [{"best_val_loss": {"param": 2, "value": 0.01792275719344616}, "best_roc_val": {"param": 2, "value": 0.9680207719893251}, "best_eer_val": {"param": 2, "value": 0.07953260459861398}, "best_thres": {"param": 3, "value": -0.22304444015196875}, "best_acc_val": {"param": 2, "value": 0.9205510473674278}, "best_f1_val": {"param": 2, "value": 0.9206409048067861}}, {"best_val_loss": {"param": 2, "value": 0.017275769263505936}, "best_roc_val": {"param": 2, "value": 0.9713632992670201}, "best_eer_val": {"param": 2, "value": 0.08692365835043893}, "best_thres": {"param": 4, "value": -0.24601982533923217}, "best_acc_val": {"param": 2, "value": 0.913191168144933}, "best_f1_val": {"param": 2, "value": 0.9132730015082957}}, {"best_val_loss": {"param": 2, "value": 0.014547738246619701}, "best_roc_val": {"param": 3, "value": 0.9693900343569182}, "best_eer_val": {"param": 2, "value": 0.0759637188201241}, "best_thres": {"param": 3, "value": -0.20060135423961686},