{"roc_val": {"Train": [0.960921947726459, 0.9671399991206084, 0.9638145174967495, 0.9795132882331139, 0.9762704537031802, 0.9735633570140891, 0.9753570800434669, 0.9874038322623603, 0.9859358452522282, 0.987717971306713, 0.987350330714003, 0.9879458122122349, 0.9872863235783694, 0.9893925446448201, 0.9891432842758525, 0.9893747997814083, 0.989926696440349, 0.9897916941476498, 0.9898295550907343, 0.9899171801684663, 0.9899694882569834, 0.9898596585448584, 0.9901247950703828, 0.9899728173818003, 0.9899801194716115, 0.9900954139735303, 0.9898878147750328, 0.9901296003165809, 0.9902005797702276, 0.9901495907689021], "Valid": []}, "eer_val": {"Train": [0.09674185463658369, 0.08145363408522911, 0.09298245614035082, 0.06578947368421036, 0.07067669172932223, 0.07506265664119122, 0.07543859649073467, 0.046616541353380336, 0.05087719298338486, 0.05100250626566555, 0.049749373433583065, 0.046867167918578354, 0.04761904761904842, 0.04235588972433255, 0.04498746867168088, 0.04448621553862851, 0.04298245614063542, 0.043859649122806994, 0.043609022556391, 0.043609022556179024, 0.04323308270739923, 0.04360902255752637, 0.042481203007415466, 0.043107769425137395, 0.04323308270641084, 0.042606516291141656, 0.042982456140351746, 0.042606516290726405, 0.04260651629072741, 0.04285714285729583], "Valid": []}, "thres": {"Train": [-0.0685773342847822, -0.3781420588493552, -0.2920551002025604, -0.39002749323844904, -0.429596662521361, -0.39131972193714454, -0.3503977656362174, -0.4501916170120201, -0.46096146106804453, -0.48950409889221386, -0.47486698627471785, -0.4614888727664059, -0.45089602470397966, -0.4728526771069016, -0.4784920513629924, -0.4606348872174924, -0.472937643527988, -0.47077974677085876, -0.4693607389926911, -0.4754806756973147, -0.4707809388638334, -0.47035911680013304, -0.4692544937133614, -0.476824343206796, -0.47250860929452965, -0.4722921550276787, -0.46790658434232224, -0.4721984565258012, -0.4723608195781714, -0.4684803187849849], "Valid": []}, "acc_val": {"Train": [0.9033208020050125, 0.9184837092731829, 0.9070802005012532, 0.9342731829573935, 0.9293859649122806, 0.924874686716792, 0.9245614035087719, 0.9534461152882205, 0.9491228070175438, 0.9489348370927319, 0.95031328320802, 0.9531328320802005, 0.9523182957393483, 0.9575814536340852, 0.9549498746867168, 0.9555137844611529, 0.9570175438596491, 0.956140350877193, 0.956390977443609, 0.956453634085213, 0.956766917293233, 0.956328320802005, 0.9574561403508772, 0.9569548872180451, 0.956766917293233, 0.9573934837092731, 0.9570802005012531, 0.9574561403508772, 0.9573308270676691, 0.9571428571428572], "Valid": []}, "f1_val": {"Train": [0.903314744031581, 0.9184786014161289, 0.9070743780938655, 0.9342690644777242, 0.9293815401967541, 0.9248605627624241, 0.9245519488657726, 0.9534431981953757, 0.9491228070175438, 0.9489316373206341, 0.9503101698101385, 0.9531269582654468, 0.9523153079766903, 0.9575787956638888, 0.9549470518202895, 0.9555082090487529, 0.9570175438596491, 0.956140350877193, 0.956390977443609, 0.9564509054452033, 0.956766917293233, 0.9563255843097939, 0.957448141881306, 0.9569575841112712, 0.9567614989347036, 0.9573934837092731, 0.9570775111222507, 0.9574534745284793, 0.9573281533930698, 0.9571428571428572], "Valid": []}}