{"roc_val": {"Train": [0.8708331056337586], "Valid": []}, "eer_val": {"Train": [0.21779448621553885], "Valid": []}, "thres": {"Train": [-0.38599148392677307], "Valid": []}, "acc_val": {"Train": [0.7822055137844611], "Valid": []}, "f1_val": {"Train": [0.7821782178217823], "Valid": []}}