{"roc_val": {"Train": [0.8626946595812841], "Valid": []}, "eer_val": {"Train": [0.22919799498746854], "Valid": []}, "thres": {"Train": [-0.1436288952827453], "Valid": []}, "acc_val": {"Train": [0.7708646616541354], "Valid": []}, "f1_val": {"Train": [0.7708503039037534], "Valid": []}}