{"roc_val": {"Train": [0.861760227636761, 0.8480881715567113, 0.8451637081425367, 0.8687050489632604, 0.9462380339947614, 0.9581362475738219, 0.9499247178095614, 0.9641922789429715, 0.9714864385273961, 0.9745218937066977, 0.9656855013473534, 0.9810253076299773, 0.9838136695121261, 0.9843711330330841, 0.9867620178265213, 0.9863761063058649, 0.9889446909881219, 0.9893471617640591, 0.9897762105765667, 0.9899186170313002, 0.9899827105357378, 0.9899797347378471, 0.9899786354985208, 0.9899662847595179, 0.989988772055452, 0.9899802608023819, 0.9899686559757792, 0.9899684204244948, 0.9899753927425079, 0.9899703048347687], "Valid": []}, "eer_val": {"Train": [0.22192982456146712, 0.23822055137845194, 0.23897243107760857, 0.21416040100263037, 0.12330827067668985, 0.1047619047622502, 0.12092731829713882, 0.09598997493734342, 0.08383458646616532, 0.07857142857111567, 0.09160401002511225, 0.06654135338350779, 0.059398496241220886, 0.05701754385964911, 0.051754385964929574, 0.05288220551378244, 0.048120300751625385, 0.045614035086904946, 0.04461152882205419, 0.04411027568988746, 0.044360902256680546, 0.04411027568934647, 0.04411027569002848, 0.04436090225563787, 0.04411027568801869, 0.04411027568924853, 0.04398496240601507, 0.0441102756892223, 0.04398496240612963, 0.043984962406542566], "Valid": []}, "thres": {"Train": [-0.0542146638035817, -0.02699625119566921, -0.011761154048141717, -0.0026804208755495038, -0.0015198629116639343, -0.005614694673571865, -0.018894905224499145, -0.04783778637647629, -0.08437150716781615, -0.1422324329610884, -0.20373706519603835, -0.25479325652125034, -0.2852409183983851, -0.34207414587338764, -0.37520274519921715, -0.3651014566421504, -0.37121924757951996, -0.3903841674318779, -0.40093970298766884, -0.40645655989913565, -0.40909406543502796, -0.4108578264714434, -0.411090016366314, -0.4112460613250732, -0.4121068119961793, -0.4118969440460636, -0.4116862118244171, -0.41243052482604864, -0.41277015209203294, -0.41251778602610273], "Valid": []}, "acc_val": {"Train": [0.7780075187969925, 0.7618421052631579, 0.7610902255639098, 0.7857769423558897, 0.8767543859649123, 0.8952380952380953, 0.8790726817042607, 0.9039473684210526, 0.9162280701754386, 0.9214285714285714, 0.9084586466165413, 0.9334586466165413, 0.9406015037593985, 0.9430451127819549, 0.9481829573934837, 0.9471804511278196, 0.9519423558897243, 0.9543859649122807, 0.9554511278195489, 0.955952380952381, 0.9555764411027569, 0.955952380952381, 0.9558897243107769, 0.9557017543859649, 0.9558897243107769, 0.9558270676691729, 0.955952380952381, 0.9558897243107769, 0.956015037593985, 0.955952380952381], "Valid": []}, "f1_val": {"Train": [0.7779936086220942, 0.7618271821542704, 0.7610752553418133, 0.7857635190174823, 0.8767466633247697, 0.8952380952380953, 0.8790726817042607, 0.9039413497086283, 0.9162228209787582, 0.9214187241508962, 0.9084529105833699, 0.9334586466165413, 0.9406015037593985, 0.9430415439563883, 0.9481797105081772, 0.9471771414249013, 0.9519393445704618, 0.9543802481513973, 0.9554483363619275, 0.9559551406553474, 0.955573657497337, 0.9559551406553474, 0.9558897243107769, 0.9556989786327464, 0.9558841960145381, 0.9558242997681559, 0.9559496209035654, 0.9558897243107769, 0.956015037593985, 0.9559496209035654], "Valid": []}}