{"roc_val": {"Train": [0.9357979535304426], "Valid": []}, "eer_val": {"Train": [0.12832080200396037], "Valid": []}, "thres": {"Train": [-0.4953968524924843], "Valid": []}, "acc_val": {"Train": [0.8717418546365915], "Valid": []}, "f1_val": {"Train": [0.8717338179083903], "Valid": []}}