{"('', 'scnn_archi_name')":{"0":"SCNN_3_123_conv_1_dense_arg_dict_default","1":"SCNN_3_1_conv_1_dense_arg_dict_default","2":"SCNN_3_2_conv_1_dense_arg_dict_default","3":"SCNN_1_3_conv_1_dense_arg_dict_default"},"('', 'cut_off_freq')":{"0":33,"1":33,"2":33,"3":33},"('', 'SMA_winsize')":{"0":20,"1":20,"2":20,"3":20},"('Window Size', 125)":{"0":0.116534784,"1":0.1135509397,"2":0.1022749753,"3":0.1039070227},"('Window Size', 250)":{"0":0.072920825,"1":0.0755156354,"2":0.0738522954,"3":0.0796739854},"('Window Size', 500)":{"0":0.06291834,"1":0.0512048193,"2":0.0593708166,"3":0.0584337349},"('Window Size', 750)":{"0":0.0415151515,"1":0.0427272727,"2":0.0547474747,"3":0.0826262626},"('Window Size', 1000)":{"0":0.0340108401,"1":0.0510840108,"2":0.0470189702,"3":0.0433604336},"('', 'mean')":{"0":0.0655799881,"1":0.0668165356,"2":0.0674529064,"3":0.0736002879},"('', 'var')":{"0":0.0010582727,"1":0.0008328274,"2":0.0004744556,"3":0.0005453323}}