{"roc_val": {"Train": [0.8327365170444909, 0.7878397905792048, 0.8094826116041984, 0.9172906577219992, 0.956906238026143, 0.9636456272259598, 0.970654879680404, 0.9743537729034365, 0.9723082455512215, 0.9789929397428406, 0.9772937355921132, 0.9774763977613204, 0.9818164144697583, 0.9793384463665428, 0.979301637552528, 0.9802201305268183, 0.9803559179904648, 0.9803022986664658, 0.9802391787740027, 0.9802191098045866, 0.9803010659480783, 0.9802694863725729, 0.980269666961891, 0.980298380663438, 0.9803902064057386, 0.9804108721050746, 0.9803488985621949, 0.9803462289809737, 0.9803475323647464, 0.9803457264715673], "Valid": []}, "eer_val": {"Train": [0.2497493734348404, 0.291604010024774, 0.2651629072681995, 0.16253132832144102, 0.10601503759211438, 0.09273182957501744, 0.08295739348372119, 0.07255639097799019, 0.07794486215538886, 0.06240601503806088, 0.0674185463659147, 0.06503759398467426, 0.05776942355820694, 0.062406015036978305, 0.06328320802034348, 0.06027568922218736, 0.0598997493736462, 0.060025062656643105, 0.06027568922222775, 0.06065162907268174, 0.060401002505024726, 0.06027568922305758, 0.060401002506259745, 0.06040100250655693, 0.06027568922421707, 0.060275689224084175, 0.06052631578942551, 0.06077694235588876, 0.06065162907086279, 0.06065162907119945], "Valid": []}, "thres": {"Train": [-0.11725643277173779, -0.014948915690176088, -0.0015639710860948575, -0.01969191059474024, -0.06356945633861909, -0.1284491419792568, -0.1660909503698366, -0.27563536167173286, -0.27823746204376226, -0.27820277214066935, -0.30067530274391174, -0.3093908429141792, -0.32137745618813346, -0.3230800628661162, -0.31555810570741905, -0.3175097703928053, -0.32206177711514616, -0.3224278688430805, -0.3222804665545719, -0.3234767466783524, -0.32241600751829186, -0.32226081192493417, -0.32068246603010686, -0.32096567750038074, -0.32126030326302507, -0.32103794813245884, -0.32021489739417147, -0.320463478565215, -0.32087922096143473, -0.3214011490343662], "Valid": []}, "acc_val": {"Train": [0.7502506265664161, 0.7083959899749374, 0.7348370927318296, 0.837468671679198, 0.8940476190476191, 0.9072681704260651, 0.9172305764411027, 0.9273809523809524, 0.9219924812030075, 0.9376566416040101, 0.9326441102756893, 0.9349624060150376, 0.9422305764411028, 0.9376566416040101, 0.9368421052631579, 0.9397243107769424, 0.9401629072681704, 0.9399122807017544, 0.9396616541353383, 0.9394736842105263, 0.9395989974937343, 0.9397243107769424, 0.9396616541353383, 0.9395989974937343, 0.9396616541353383, 0.9398496240601504, 0.9395363408521303, 0.9392857142857143, 0.9392230576441103, 0.9393483709273183], "Valid": []}, "f1_val": {"Train": [0.7502506265664161, 0.7083594435392906, 0.7348370927318297, 0.837468671679198, 0.8940409800112789, 0.9072681704260651, 0.9172461316795089, 0.9273764020302023, 0.9219875932075944, 0.9376605475847377, 0.9326398897174009, 0.9349542549191628, 0.9422233362576764, 0.9376527351337802, 0.9368500187946373, 0.9397167564857752, 0.9401666562245473, 0.9399085155711511, 0.9396503102086858, 0.939466098508585, 0.9395914274971802, 0.9397243107769424, 0.939657873300332, 0.9395989974937343, 0.939657873300332, 0.9398571607567974, 0.9395325521649226, 0.9392819098941037, 0.9392078215091502, 0.9393407695199899], "Valid": []}}