{"roc_val": {"Train": [0.8565340434419382, 0.8707696167109504, 0.8820986991287744, 0.8898847918668853, 0.9083978429783732, 0.9444957632175677, 0.9644498071620153, 0.9621371882086169, 0.9770574619506158, 0.9812942600863059, 0.9817231832714619, 0.9831011268773439, 0.9842157084440426, 0.9837090062248351, 0.9862653029817653, 0.9866049836370373, 0.9866114220388063, 0.9871480392711102, 0.9869382651490884, 0.9875837149264138, 0.9872692539619726, 0.9873024823964673, 0.9873740899868719, 0.9874363226361643, 0.9874690014509959, 0.9874397145746572, 0.9874406567797941, 0.987441598984931, 0.9874605530116016, 0.987454428678212], "Valid": []}, "eer_val": {"Train": [0.23157894736842083, 0.2159147869673557, 0.20213032581370438, 0.19185463659148788, 0.16729323308378435, 0.12719298245605187, 0.09436090225631505, 0.09749373433585415, 0.07080200501252988, 0.05952380952384095, 0.0575187969924814, 0.05576441102862913, 0.05187969924785915, 0.058395989974237, 0.04912280701623466, 0.04774436090179403, 0.04849624060097187, 0.047744360901862404, 0.04761904761797751, 0.045363408522366255, 0.04674185463659101, 0.04661654135339447, 0.046741854636649656, 0.046491228070752295, 0.04636591478837902, 0.04624060150396097, 0.04636591478696735, 0.04624060150404822, 0.04611528822120986, 0.0463659147862916], "Valid": []}, "thres": {"Train": [-0.08292559534311295, -0.046117463459570025, -0.026228176429866377, -0.012551079504191912, -0.006983306258917744, -0.006737798452377049, -0.01222003623844794, -0.03720796667039463, -0.06848762184381477, -0.12433432787658642, -0.16889813542366028, -0.21328777074843544, -0.2597130835055428, -0.3105993270868701, -0.33246567845047165, -0.35588842630381007, -0.376697301864233, -0.38160774111727047, -0.38001462817085113, -0.38503658771537647, -0.38890467286109903, -0.3944814205169833, -0.3922069072724677, -0.3922829926014727, -0.39148917794278126, -0.39249411225351666, -0.39320132136344904, -0.39269039034869785, -0.39390310645118737, -0.39268934726678895], "Valid": []}, "acc_val": {"Train": [0.768483709273183, 0.7842105263157895, 0.7978696741854636, 0.8080827067669173, 0.8327067669172933, 0.8728070175438597, 0.9056390977443609, 0.9025689223057645, 0.9292606516290727, 0.9404761904761905, 0.9424185463659148, 0.9441729323308271, 0.9481203007518797, 0.9415413533834587, 0.9509398496240602, 0.9522556390977444, 0.9515037593984963, 0.9522556390977444, 0.9524436090225564, 0.9546992481203007, 0.9533208020050126, 0.9533208020050126, 0.9531954887218045, 0.9535087719298245, 0.9536967418546366, 0.9540100250626566, 0.9536967418546366, 0.9536967418546366, 0.9538847117794487, 0.9536340852130326], "Valid": []}, "f1_val": {"Train": [0.768469202330973, 0.7841834816393033, 0.797844341396165, 0.808070681120371, 0.8327067669172933, 0.8727910765760121, 0.9056390977443609, 0.9025628172191239, 0.9292562190613448, 0.9404761904761905, 0.9424149382793409, 0.9441694341750736, 0.9481137987216443, 0.9415303628501599, 0.950936775487186, 0.9522496553452815, 0.951497681413711, 0.9522496553452815, 0.9524406291120998, 0.9547020863354426, 0.9533178770599661, 0.9533178770599661, 0.9531925559245567, 0.9535087719298245, 0.9536996428795188, 0.9540215484840892, 0.9536938404661945, 0.9536938404661945, 0.9538847117794487, 0.953628274219827], "Valid": []}}