{"roc_val": {"Train": [0.9154378191719901], "Valid": []}, "eer_val": {"Train": [0.16240601503751703], "Valid": []}, "thres": {"Train": [-0.2059177607297765], "Valid": []}, "acc_val": {"Train": [0.83765664160401], "Valid": []}, "f1_val": {"Train": [0.8376464690770099], "Valid": []}}