{"roc_val": {"Train": [0.7503917139339576, 0.8254598667721936, 0.916561029767401, 0.9707039136060704, 0.9826304954114611, 0.9812807708494293, 0.9863623030006092, 0.9878689204213541, 0.9870589851822539, 0.9890851816257434, 0.9885726534381065, 0.9883902739304401, 0.9883837413081576, 0.9885328295676534, 0.9883017223509903, 0.9884888285877602, 0.9885097298383805, 0.9885057568733865, 0.9885719310808349, 0.988591984346832, 0.988596522634908, 0.9885283305381248, 0.9885797670868903, 0.9885657596371881, 0.9885537151148548, 0.9885796100527008, 0.9885309765642176, 0.9885441831395532, 0.9885529770541642, 0.988599914573401], "Valid": []}, "eer_val": {"Train": [0.33984962406054414, 0.2530075187978018, 0.15426065162907265, 0.08784461152824427, 0.051378446115288155, 0.06190476190508511, 0.049248120300316646, 0.04448621553885953, 0.04473684210526356, 0.04197994987524011, 0.04411027568922407, 0.04335839598997485, 0.04147869674185487, 0.04185463659138098, 0.04323308270677979, 0.0427318295739181, 0.04235588972420826, 0.04235588972510798, 0.042105263157545224, 0.04248120300755365, 0.04223057644112554, 0.04223057644111074, 0.042105263157895874, 0.042481203007498636, 0.04210526315789477, 0.042355889724310765, 0.04235588972431095, 0.042355889724480414, 0.04248120300650821, 0.04248120300764647], "Valid": []}, "thres": {"Train": [-0.0024610947584751347, -0.0001021968273562587, -0.0011566855246201158, -0.014231357723455849, -0.06809735298156737, -0.21619004011162435, -0.20444722473619795, -0.23969171941280948, -0.2827052474021917, -0.28275403380424186, -0.2784852981567401, -0.303870916366577, -0.29266327619552635, -0.3055285811423404, -0.30438274145126354, -0.30736494064329895, -0.3082030415534813, -0.3076597750203614, -0.3066073358037938, -0.30779605110488634, -0.3097788095474445, -0.30918455123902294, -0.3086262643337268, -0.3079090118407539, -0.3095533847808839, -0.31050705909729004, -0.31005939841270486, -0.3089177608492372, -0.30956250428804105, -0.3104672133923421], "Valid": []}, "acc_val": {"Train": [0.6601503759398496, 0.7469298245614036, 0.8458020050125313, 0.9121553884711779, 0.9486842105263158, 0.9380952380952381, 0.9508145363408521, 0.9554511278195489, 0.9552005012531328, 0.9580200501253133, 0.9558270676691729, 0.9567042606516291, 0.9584586466165413, 0.9582080200501253, 0.9567042606516291, 0.9573308270676691, 0.9576441102756892, 0.9577067669172933, 0.9578320802005013, 0.9575187969924812, 0.9577067669172933, 0.9577067669172933, 0.9578320802005013, 0.9575814536340852, 0.9578320802005013, 0.9577067669172933, 0.9577067669172933, 0.9575814536340852, 0.9573934837092731, 0.9575187969924812], "Valid": []}, "f1_val": {"Train": [0.6601503759398496, 0.7469139670405414, 0.8457923428786265, 0.9121443789948614, 0.9486809950498152, 0.9380952380952381, 0.9508114543517764, 0.9554483363619275, 0.9551976940911084, 0.9580200501253132, 0.9558242997681559, 0.9567015477160222, 0.9584560436117551, 0.9582054013409361, 0.9567015477160222, 0.9573281533930698, 0.957638801854869, 0.9577094167032141, 0.9578241524096008, 0.9575187969924812, 0.9577041167992982, 0.9577041167992982, 0.9578294379347078, 0.9575787956638888, 0.9578294379347078, 0.9577041167992982, 0.9577041167992982, 0.9575787956638888, 0.9573828027074456, 0.9575187969924812], "Valid": []}}