{"roc_val": {"Train": [0.712133615680806, 0.705230871665379, 0.6886147228974693, 0.7272948662382774, 0.7561220014321518, 0.6279216917607302, 0.7118289065395318, 0.8504137850892897, 0.8680670347548068, 0.869459786684757, 0.8711084650850184, 0.8790658899755655, 0.8907592210476064, 0.888827410003706, 0.897399788631981, 0.902531925050722, 0.9051753286725586, 0.9047000568463767, 0.9045311979824247, 0.9050705240544972, 0.9044250821288811, 0.9048734618501142, 0.9050435455807438, 0.9052235695755679, 0.9050107018800132, 0.9052916438967091, 0.9054003586660889, 0.9049751728946426, 0.9047993809712249, 0.9050067053598909], "Valid": []}, "eer_val": {"Train": [0.3545112781954886, 0.35764411027568954, 0.36541353383458625, 0.3395989974924443, 0.3043859649122513, 0.41403508771857306, 0.35037593984999876, 0.22543859649250464, 0.2107769423555361, 0.2057644110268717, 0.2109022556400679, 0.19323308270676684, 0.18308270676692953, 0.18809523809523315, 0.17518796992585173, 0.17218045112781424, 0.16829573934837724, 0.16892230576412226, 0.16867167919794002, 0.16791979949874491, 0.16979949874671232, 0.168546365914787, 0.1682957393480287, 0.16804511278199247, 0.16892230576252262, 0.16829573934703118, 0.16817042606511748, 0.16854636591465166, 0.16867167919802456, 0.16854636591526034], "Valid": []}, "thres": {"Train": [-0.07080467790365216, -0.004979982040822509, -0.0006083336775191125, -8.050325413914755e-05, -1.8539103621150658e-05, -0.00014383155212242314, -0.0006438972195612285, -0.009986637160186022, -0.03414358571171524, -0.07188185304399411, -0.12735277414325163, -0.22863446176052094, -0.18473240733147464, -0.21469628810882535, -0.24886947870276147, -0.255704700946807, -0.2691951692104378, -0.2812762558459803, -0.29173457622525806, -0.2964696884155268, -0.30119240283959564, -0.3030535876750946, -0.30590787529940855, -0.3072614669799891, -0.30826565623259, -0.3075532615184249, -0.3070132732391159, -0.3089853972196455, -0.3092493116855692, -0.3082286119462905], "Valid": []}, "acc_val": {"Train": [0.6455513784461153, 0.6422932330827068, 0.6346491228070176, 0.6604636591478696, 0.6956766917293233, 0.5859649122807018, 0.649624060150376, 0.77468671679198, 0.7892857142857143, 0.7941729323308271, 0.7890977443609023, 0.8067669172932331, 0.8168546365914787, 0.8119674185463659, 0.824749373433584, 0.8278822055137844, 0.8316416040100251, 0.831015037593985, 0.831390977443609, 0.8321428571428572, 0.8302005012531328, 0.831390977443609, 0.8317042606516291, 0.8318922305764411, 0.831140350877193, 0.831766917293233, 0.8318922305764411, 0.8315162907268171, 0.831265664160401, 0.831390977443609], "Valid": []}, "f1_val": {"Train": [0.6455291684942666, 0.6422708189736198, 0.6346262297136412, 0.6604423836079955, 0.6956576226580613, 0.585913021681915, 0.649624060150376, 0.7747149480015035, 0.7892725108089479, 0.7941342357586013, 0.7890977443609023, 0.8067669172932331, 0.8168431605990351, 0.811955636318065, 0.8247383921298327, 0.8278714205150698, 0.8316310545773545, 0.8309832675314909, 0.8313804123065355, 0.8321323391189924, 0.830179220453691, 0.8313804123065355, 0.8316831683168316, 0.8318816968481735, 0.8311297700357165, 0.831756375712764, 0.8318816968481735, 0.8315057334419449, 0.8312550911711261, 0.8313804123065355], "Valid": []}}