{"roc_val": {"Train": [0.9488255491485605], "Valid": []}, "eer_val": {"Train": [0.10839598997368145], "Valid": []}, "thres": {"Train": [-0.5810204744334121], "Valid": []}, "acc_val": {"Train": [0.8916666666666667], "Valid": []}, "f1_val": {"Train": [0.8916598784384986], "Valid": []}}