{"roc_val": {"Train": [0.9474101764436154, 0.9619851162995208, 0.9722190815384326, 0.9793435656811201, 0.9844142153629688, 0.9867544330751692, 0.987350778261443, 0.9842620963436158, 0.9822122976614468, 0.983963338798123, 0.9832894422773726, 0.9848524192687232, 0.9867901426498576, 0.9860922670083729, 0.9873760529142406, 0.9880341832023668, 0.9883293132580826, 0.9891749894787093, 0.9886790441014818, 0.989475615731057, 0.9895887274577421, 0.9897158387824196, 0.9897841565065545, 0.9899139766710009, 0.9899973147153599, 0.9901438354658578, 0.9899669443031137, 0.9900942676239473, 0.9901281163434903, 0.9900921790692271], "Valid": []}, "eer_val": {"Train": [0.11177944862055936, 0.09573934837065506, 0.0817042606516291, 0.060651629072731625, 0.05025062656641569, 0.04736842105206099, 0.05075187969917173, 0.05375939849624051, 0.05526315789412657, 0.05200501253094461, 0.05200501253081884, 0.05175438596491345, 0.04937343358462561, 0.04962406014972763, 0.04674185463674529, 0.04761904761906784, 0.045864661654033724, 0.04598997493736087, 0.046992481203007856, 0.04436090225674243, 0.04411027568933307, 0.043734335839598515, 0.04348370927317849, 0.0433583959899736, 0.0431077694250996, 0.042857142857153634, 0.043609022556319044, 0.04348370927306771, 0.04348370927219853, 0.04360902255637059], "Valid": []}, "thres": {"Train": [-0.5659480094895549, -0.6438126564023309, -0.5623471736907959, -0.5046170055866491, -0.4475714564323422, -0.38510406017259363, -0.33466021716581323, -0.3234035670757292, -0.30676504969558666, -0.3139662146567357, -0.31878051161726456, -0.3306271433830267, -0.3252917826175759, -0.33782747387864015, -0.3352072536945661, -0.33336707949638883, -0.3346610367297628, -0.3359668105840832, -0.34737128019332913, -0.33966094255517265, -0.3357718288899895, -0.33672764897346447, -0.336766183376306, -0.33528247475624035, -0.339652448895073, -0.3368978202343078, -0.3369157910346549, -0.33844110369671404, -0.34163349866727344, -0.3380002677440201], "Valid": []}, "acc_val": {"Train": [0.8882832080200501, 0.9043233082706766, 0.918233082706767, 0.9393483709273183, 0.949812030075188, 0.9525689223057644, 0.9493734335839599, 0.9463032581453634, 0.9444862155388472, 0.9479323308270676, 0.9479323308270676, 0.9481829573934837, 0.9506265664160402, 0.950062656641604, 0.9531954887218045, 0.9523182957393483, 0.9541979949874687, 0.9539473684210527, 0.9529448621553884, 0.955639097744361, 0.9558270676691729, 0.956328320802005, 0.9565789473684211, 0.9566416040100251, 0.9569548872180451, 0.9570802005012531, 0.956390977443609, 0.9565789473684211, 0.956453634085213, 0.956453634085213], "Valid": []}, "f1_val": {"Train": [0.8882762077824425, 0.9043173131148569, 0.9182279591453099, 0.9393483709273183, 0.9498088852685006, 0.9525600050134737, 0.949367088607595, 0.9462998934770348, 0.9444653378463082, 0.9479225418311712, 0.9479225418311712, 0.9481797105081772, 0.9506265664160402, 0.9500407446875196, 0.9531925559245567, 0.9523153079766903, 0.9541951250078325, 0.9539502537434997, 0.9529419136537377, 0.955639097744361, 0.9558242997681559, 0.9563255843097939, 0.9565762265806128, 0.9566416040100251, 0.9569575841112712, 0.9570775111222507, 0.9563855119689184, 0.9565762265806128, 0.9564454471391866, 0.9564509054452033], "Valid": []}}