{"roc_val": {"Train": [0.9205095916482937, 0.9357780887054731, 0.9025709637502276, 0.8961316197762577, 0.9046550744027989, 0.9162060068718163, 0.9125530854077549, 0.9227338396115603, 0.925495073837476, 0.9269029795667113, 0.9259451887865024, 0.9258795170884605, 0.9270240764819316, 0.9266553209464765, 0.9266350478326141, 0.9265890132599669, 0.9266104327234124, 0.9265603388169673, 0.9264882993825415, 0.9264581252630324, 0.9264951696283316, 0.9264688192913361, 0.9265495741232781, 0.9264723761157277, 0.9264526526215285, 0.9264534613476045, 0.9264906863022218, 0.9264828817030044, 0.926468285375092, 0.926438880723111], "Valid": []}, "eer_val": {"Train": [0.15513784461143654, 0.136591478696741, 0.17694235588972426, 0.1825814536340851, 0.16892230576441652, 0.153258145362951, 0.1634085213032576, 0.15037593984799857, 0.14548872180567798, 0.14649122807017523, 0.14724310776942356, 0.14812030075188506, 0.14812030075097296, 0.1483709273176817, 0.14849624060112113, 0.14874686716791718, 0.1487468671664696, 0.14862155388480378, 0.14874686716774124, 0.14874686716892094, 0.14887218045112774, 0.14887218045077957, 0.1487468671691004, 0.14887218045132605, 0.14899749373433135, 0.14899749373365567, 0.14887218045148187, 0.14887218045011524, 0.1488721804510175, 0.1488721804511585], "Valid": []}, "thres": {"Train": [-0.11107657849787418, -0.034336671233177164, -0.008696524426341057, -0.02722464874386787, -0.07330843806266882, -0.1242864578961086, -0.1742362976074218, -0.20041017234262493, -0.21214187145248678, -0.1926483511924743, -0.20588824152946472, -0.20821428298950867, -0.20959429442854785, -0.20937478542304216, -0.20931835472578597, -0.20955927670001923, -0.20968262851236924, -0.20986820757391556, -0.20972234010693452, -0.20997196436005583, -0.20976911485195157, -0.20957300066932433, -0.20972822606575559, -0.20965003967289308, -0.20970870554447096, -0.20981238782377537, -0.20966079831135076, -0.20983479917040113, -0.21015011519188911, -0.20933218300343365], "Valid": []}, "acc_val": {"Train": [0.8449248120300752, 0.8634711779448622, 0.8231203007518797, 0.8174812030075188, 0.831015037593985, 0.8468045112781954, 0.8366541353383459, 0.849624060150376, 0.8544486215538847, 0.8535714285714285, 0.8523809523809524, 0.8518170426065163, 0.8519423558897243, 0.8516917293233083, 0.8514411027568922, 0.8513157894736842, 0.8512531328320802, 0.8513157894736842, 0.8511904761904762, 0.8513784461152882, 0.8511904761904762, 0.8510025062656642, 0.8512531328320802, 0.8511278195488722, 0.8510651629072682, 0.8510025062656642, 0.8512531328320802, 0.8511278195488722, 0.8511904761904762, 0.8510651629072682], "Valid": []}, "f1_val": {"Train": [0.8449150949307601, 0.863462622971364, 0.8231092173695095, 0.8174697662760825, 0.831004448900307, 0.8467949119619024, 0.836643899993734, 0.8496052136859255, 0.8544395012218811, 0.8535622532740147, 0.8523069207622869, 0.8518077573782818, 0.8519330785136913, 0.8516824362428724, 0.8514131729021744, 0.851306472836644, 0.8512344905376614, 0.851306472836644, 0.8511624992166448, 0.8513970680365868, 0.8511811517012344, 0.8509651541739786, 0.8512531328320802, 0.8511278195488723, 0.851055830565825, 0.8509838325604713, 0.8512717704548303, 0.8511091615490662, 0.8511811517012344, 0.851055830565825], "Valid": []}}