{"roc_val": {"Train": [0.8535468527207744, 0.8643316310827194, 0.8746144967682363, 0.8856541965816797, 0.9300102700359923, 0.9306492028944542, 0.9619820462811164, 0.9653376706176467, 0.9671587804096708, 0.9691163058020993, 0.9757409030094033, 0.9811647147316913, 0.9838090841137933, 0.9861913241750995, 0.9866682213051426, 0.986964207197191, 0.9875321448985873, 0.9879031852814997, 0.9881101092329823, 0.9881338842092701, 0.9884838034936966, 0.9883348408615522, 0.9884309614889354, 0.9884979208673311, 0.9884987531485355, 0.9884898179031539, 0.9884924246706993, 0.9885103187165909, 0.9885179584299094, 0.9885279143975226], "Valid": []}, "eer_val": {"Train": [0.2363408521302985, 0.22243107769423562, 0.21177944862120957, 0.19962406014959097, 0.14398496240623967, 0.1488721804511247, 0.09812030075187994, 0.09448621553888302, 0.08872180451217443, 0.0852130325814569, 0.0758145363412934, 0.06253132832023008, 0.054636591478689094, 0.050250626565923766, 0.047994987468671584, 0.0469924812040172, 0.04523809523703531, 0.04448621553836392, 0.043358395989902404, 0.04285714285859284, 0.04273182957401356, 0.04348370927264275, 0.043358395988691845, 0.04298245614028238, 0.042857142857143364, 0.04285714285639523, 0.04285714285780952, 0.042731829573228144, 0.042731829573453145, 0.04285714285632144], "Valid": []}, "thres": {"Train": [-0.0804800465702997, -0.04571390151977539, -0.026333102956410972, -0.01288994122294929, -0.00750290928408742, -0.009812363423407073, -0.015106280334293846, -0.0364429093897347, -0.06035209074631603, -0.11134376376867298, -0.15245518088342258, -0.20847682654817326, -0.2640803158283197, -0.29434186220166536, -0.341393232345581, -0.3539724051968166, -0.37353971600470687, -0.3813353776925604, -0.38458818197246425, -0.3909558951884489, -0.390741437673672, -0.3953764736646264, -0.3940787911398262, -0.3941689431666814, -0.39513090252876293, -0.3950490355490783, -0.39704146981334837, -0.3963038325305948, -0.39635887741825915, -0.39549881219619915], "Valid": []}, "acc_val": {"Train": [0.7637218045112782, 0.7775062656641604, 0.7881578947368421, 0.8003759398496241, 0.8559523809523809, 0.8511904761904762, 0.9018170426065163, 0.9054511278195488, 0.9112781954887218, 0.9147243107769424, 0.9241854636591479, 0.937468671679198, 0.9454260651629073, 0.9496867167919799, 0.9520676691729323, 0.9530075187969925, 0.9547619047619048, 0.9555137844611529, 0.9567042606516291, 0.9570802005012531, 0.9572055137844612, 0.9565162907268171, 0.9566416040100251, 0.9568922305764411, 0.9570802005012531, 0.9570802005012531, 0.9572055137844612, 0.9572681704260652, 0.9572681704260652, 0.9571428571428572], "Valid": []}, "f1_val": {"Train": [0.7637069991854125, 0.7774923240804562, 0.7881180673058846, 0.8003509211680662, 0.8559433548467948, 0.8511811517012344, 0.9018108904066672, 0.9054452033335422, 0.9112781954887218, 0.9147189673538443, 0.9241854636591479, 0.9374608346910641, 0.9454226455291685, 0.9496772576298803, 0.9520646657058712, 0.9530075187969925, 0.9547562351171827, 0.9555082090487529, 0.9567015477160222, 0.9570775111222507, 0.9572028322576601, 0.9565108409575135, 0.9566361699461087, 0.9568814239157684, 0.9570775111222507, 0.9570721313530112, 0.9572081949752522, 0.9572628148890838, 0.9572628148890838, 0.9571374859004887], "Valid": []}}