{"roc_val": {"Train": [0.9522973002682144, 0.9614997079164076, 0.9619937845867802, 0.9762559908543288, 0.9863392974918499, 0.9909588507609877, 0.9929447522314558, 0.9937474481944208, 0.9947056080049749, 0.9963252900421481, 0.9958854372774041, 0.9954551086362522, 0.9977283120080904, 0.9968456228290022, 0.9977725485392679, 0.9967649857727024, 0.9972847375330557, 0.9981162021595342, 0.9989321832149296, 0.9987730604707257, 0.9986343443194452, 0.9985967267793544, 0.9989427359124629, 0.9989370198679657, 0.9989949654838851, 0.9989417308936501, 0.9989203899472994, 0.9989506033253559, 0.9989674845007254, 0.9989453897902651], "Valid": []}, "eer_val": {"Train": [0.1022556390972099, 0.08746867167902711, 0.08583959899751309, 0.062406015037558465, 0.04812030075223951, 0.03220551378438864, 0.02907268170387459, 0.0325814536340852, 0.025814536341004047, 0.023809523809134953, 0.027694235587948555, 0.02481203007599912, 0.01854636591356358, 0.021929824560690425, 0.019674185464809237, 0.022055137844611532, 0.0226817042592123, 0.01754385964930517, 0.013408521302993404, 0.013659147868353918, 0.014411027568842272, 0.015162907268170368, 0.012280701754379583, 0.011779448622112958, 0.01165413533837378, 0.011278195490518566, 0.011779448621505687, 0.011403508771716938, 0.01127819548864618, 0.011654135338129343], "Valid": []}, "thres": {"Train": [-0.473536342382382, -0.51799792051297, -0.4582538306713261, -0.4389865845441533, -0.43298447132187695, -0.36314839124651893, -0.34467524290076484, -0.35610157251358027, -0.362410902977057, -0.37741729617002656, -0.4122866988170986, -0.3904587924484096, -0.37144029140452833, -0.41885149478844164, -0.3870494365702954, -0.4526825249195099, -0.36770570277809356, -0.4149727821352418, -0.40712860226592457, -0.4025360643841438, -0.399053573608081, -0.42487282554308553, -0.40821212530134293, -0.4069424271585183, -0.41046071052554983, -0.40611362457787736, -0.4055894911288457, -0.4039989411827256, -0.40445649623819263, -0.40030980110159253], "Valid": []}, "acc_val": {"Train": [0.8977443609022556, 0.912531328320802, 0.9140977443609023, 0.937593984962406, 0.9518796992481203, 0.9678571428571429, 0.9709273182957393, 0.9674812030075188, 0.9741228070175438, 0.9761904761904762, 0.9723684210526315, 0.975187969924812, 0.981453634085213, 0.9779448621553885, 0.9802631578947368, 0.9778822055137845, 0.9773809523809524, 0.9824561403508771, 0.9865914786967419, 0.9862155388471178, 0.9856516290726817, 0.9848997493734336, 0.9877819548872181, 0.9882205513784461, 0.9882832080200501, 0.9887218045112782, 0.9882832080200501, 0.9885338345864662, 0.9887844611528822, 0.9882832080200501], "Valid": []}, "f1_val": {"Train": [0.8977315453064295, 0.912531328320802, 0.9140923616767969, 0.937593984962406, 0.9518796992481203, 0.9678551287674666, 0.9709236746459455, 0.9674791653612381, 0.974121185537941, 0.9761874921669381, 0.9723666896422081, 0.975187969924812, 0.9814513096879307, 0.9779393331662071, 0.9802619211730058, 0.9778808196002257, 0.9773795350585877, 0.9824561403508771, 0.9865897982203283, 0.9862120832288793, 0.9856507299956138, 0.9848988031831568, 0.987781189297575, 0.9882205513784461, 0.988282473839213, 0.9887218045112782, 0.988282473839213, 0.9885316788870087, 0.988783758380851, 0.988281005201479], "Valid": []}}