{"roc_val": {"Train": [0.764369295733067], "Valid": []}, "eer_val": {"Train": [0.32656641604012987], "Valid": []}, "thres": {"Train": [-0.11650328338147625], "Valid": []}, "acc_val": {"Train": [0.6733709273182957], "Valid": []}, "f1_val": {"Train": [0.6733504605551727], "Valid": []}}