{"roc_val": {"Train": [0.956485888907733, 0.9564094917745491, 0.959813254941866, 0.9709037788707358, 0.9590920440198241, 0.9593739046865283, 0.9743056968863261, 0.976552157335695, 0.9807148981476247, 0.9799679650253454, 0.9839111327818293, 0.9830232850296167, 0.9845940195099278, 0.9842964554242748, 0.9849387566661014, 0.9850597279539702, 0.9855162813047657, 0.9855136117235445, 0.9853332422535035, 0.985152056205677, 0.9853608410123051, 0.9853237573884586, 0.9854374894001923, 0.985453216374269, 0.9855242272347536, 0.9857009456598891, 0.9855220444595195, 0.9856194370638375, 0.98568405663281, 0.9856538118479155], "Valid": []}, "eer_val": {"Train": [0.09862155388439095, 0.10175438596481204, 0.09749373433622509, 0.08370927318398667, 0.09937343358395997, 0.10538847117894644, 0.07468671679037685, 0.06666666666553947, 0.060776942355889686, 0.06203007518908993, 0.05363408521449017, 0.05689223057670867, 0.05388471177851682, 0.05213032581453636, 0.052882205512811774, 0.05213032581451782, 0.05100250626454965, 0.05100250626478868, 0.051754385963709605, 0.05162907268170425, 0.051253132832080564, 0.05175438596368519, 0.051127819547879226, 0.051253132832292075, 0.050877192982456264, 0.050751879699248006, 0.050877192982219856, 0.0508771929824562, 0.05075187969924819, 0.050626566417647095], "Valid": []}, "thres": {"Train": [-0.03965396806597146, -0.2754343152045687, -0.31204864382745456, -0.32982718944621037, -0.39980115493138635, -0.46047651767767467, -0.3202463090416385, -0.3995683491222459, -0.4320864826440811, -0.42945224046775554, -0.451807051897692, -0.4275087416172636, -0.43489354848790046, -0.4584875702857971, -0.45864504575592263, -0.4498633891343987, -0.455619484185109, -0.45392510294878113, -0.45661422610059815, -0.45757871866226196, -0.45521393418312084, -0.4550237953648675, -0.4551822841157185, -0.4551663100719484, -0.45520690083503723, -0.45603518486022937, -0.4511792659752115, -0.4522320330142975, -0.45727658271789556, -0.4562632143510931], "Valid": []}, "acc_val": {"Train": [0.9013157894736842, 0.8982456140350877, 0.9025062656641604, 0.9164160401002506, 0.9006265664160401, 0.8945488721804511, 0.925125313283208, 0.9332706766917294, 0.9392857142857143, 0.9379699248120301, 0.9464912280701754, 0.9431077694235589, 0.9460526315789474, 0.9478070175438597, 0.9471804511278196, 0.9478696741854636, 0.9489348370927319, 0.9489974937343358, 0.9482456140350877, 0.9484335839598997, 0.9486842105263158, 0.9483082706766918, 0.9488721804511279, 0.9487468671679198, 0.9490601503759398, 0.9492481203007519, 0.9491228070175438, 0.9490601503759398, 0.9493107769423559, 0.9493734335839599], "Valid": []}, "f1_val": {"Train": [0.901297236322617, 0.8982328612608096, 0.9025062656641604, 0.9164265129682998, 0.9006265664160401, 0.8945422645529169, 0.9251018489501724, 0.9332581312276744, 0.9392819098941037, 0.93796992481203, 0.946497932589901, 0.9431077694235589, 0.9460424891896974, 0.9478037471019487, 0.9471771414249013, 0.9478696741854636, 0.9489252365732908, 0.9489911016418097, 0.9482391277102393, 0.9484303527789961, 0.9486809950498152, 0.9483050316435866, 0.9488657726532147, 0.9487468671679198, 0.9490569584560437, 0.9492481203007519, 0.9491164306304047, 0.9490569584560437, 0.9493076007268626, 0.9493734335839599], "Valid": []}}