{"roc_val": {"Train": [0.9521479136437585], "Valid": []}, "eer_val": {"Train": [0.10438596491228082], "Valid": []}, "thres": {"Train": [-0.4000712931156159], "Valid": []}, "acc_val": {"Train": [0.8955513784461153], "Valid": []}, "f1_val": {"Train": [0.8955448336361927], "Valid": []}}