{"roc_val": {"Train": [0.9200575687338648, 0.9317518106042048, 0.9374181773355695, 0.9413023473470644, 0.9461970637747249, 0.9500250940634796, 0.948655551786735, 0.9452052986476216, 0.9296393552804317, 0.9198118494858701, 0.9185251662992068, 0.91655372767759, 0.9159729759863318, 0.9164893750667396, 0.9173717030671917, 0.9215957814335337, 0.9198944808763764, 0.9204743217693356, 0.9232404790170917, 0.9226277316097261, 0.9218895688469293, 0.922437476837457, 0.9227769454965734, 0.9223628541906144, 0.9223873515241737, 0.9226727454601414, 0.922808116783186, 0.9227665576849393, 0.922659059930528, 0.9224670542270463], "Valid": []}, "eer_val": {"Train": [0.15438596491224205, 0.13771929824570914, 0.12944862155388073, 0.12443609022556386, 0.11967418546367599, 0.11228070175483472, 0.11691729323308248, 0.12230576441105238, 0.14235588972238145, 0.15488721804486236, 0.15187969924811864, 0.1545112781956637, 0.15764411027538325, 0.15401002506263653, 0.15463659147869951, 0.15025062656548155, 0.15200501253124038, 0.15263157894738055, 0.14761904761899552, 0.14912280701752942, 0.14912280701808658, 0.14837092731875942, 0.14799498746757753, 0.14862155388471174, 0.14874686716791988, 0.148496240600056, 0.14812030075251376, 0.14786967418546376, 0.14812030075142402, 0.14837092731829582], "Valid": []}, "thres": {"Train": [-0.4950510263442665, -0.4108799695968909, -0.3479836583137501, -0.2971718609333038, -0.24107232391835207, -0.15936800837526635, -0.10204274952411647, -0.12521964311599748, -0.16248352825585416, -0.17464187741276563, -0.19591834843158687, -0.20328743755821613, -0.19451564550391076, -0.20643581449984608, -0.20875938236713557, -0.20156563818439646, -0.19960056245325264, -0.19943030178547366, -0.2124217003583757, -0.2034020572900696, -0.20377531647683778, -0.20326215028774558, -0.20401294529415953, -0.20402766764163968, -0.2035230025649071, -0.20323023199996998, -0.20275774598129515, -0.20363363623619085, -0.20424106220395805, -0.20210009813308716], "Valid": []}, "acc_val": {"Train": [0.8456766917293234, 0.862218045112782, 0.8706140350877193, 0.8756265664160401, 0.8804511278195488, 0.887719298245614, 0.8831453634085213, 0.8776315789473684, 0.8575814536340852, 0.8451127819548873, 0.8482456140350877, 0.8454260651629073, 0.8423558897243107, 0.8460526315789474, 0.8453007518796992, 0.8497493734335839, 0.8480576441102757, 0.8473684210526315, 0.8524436090225563, 0.8509398496240601, 0.8509398496240601, 0.8516290726817043, 0.8518796992481203, 0.8514411027568922, 0.8513784461152882, 0.8515664160401003, 0.8518796992481203, 0.8520676691729323, 0.8518796992481203, 0.8516917293233083], "Valid": []}, "f1_val": {"Train": [0.845667021743217, 0.8622094116172693, 0.8706059276897049, 0.8756187731060843, 0.8804361448803109, 0.887719298245614, 0.8831380412306535, 0.8776239112726362, 0.8575546781976562, 0.8450933700965033, 0.8482265948113799, 0.845416379472398, 0.842336132347412, 0.8460429851494454, 0.8452910583369886, 0.8497305426745206, 0.8480481233159972, 0.8473684210526315, 0.8524343630553293, 0.8509305094304155, 0.8509491886473279, 0.8516290726817043, 0.8518425670594134, 0.8514317939720535, 0.8513598195262564, 0.8515571151074628, 0.8518796992481203, 0.8520583996491009, 0.8518796992481203, 0.8516824362428724], "Valid": []}}