{"roc_val": {"Train": [0.8954445480870094, 0.8955647106488024, 0.891186628852834, 0.8769402045213284, 0.8553584854994629, 0.8461137885440417, 0.8515149794913348, 0.8536299159553019, 0.8691694697269489, 0.8688994337347127, 0.8807530103454125, 0.8717614289483107, 0.8818285689160245, 0.8853063815553923, 0.8859308044547459, 0.8928868772809216, 0.8945179364451228, 0.8913743396712333, 0.8901968030979703, 0.890506780736302, 0.8912403659524751, 0.8911406806489908, 0.8911153981444841, 0.8910909950314382, 0.8910438062574983, 0.8910801596723636, 0.8912026070816136, 0.8912158529154968, 0.891231140193843, 0.8911744194446014], "Valid": []}, "eer_val": {"Train": [0.17318295739348363, 0.17055137844689017, 0.17192982456139838, 0.18583959899740674, 0.21065162907268112, 0.23157894736831885, 0.21979949874686575, 0.2159147869670053, 0.19949874686807478, 0.2042606516290763, 0.18546365914787036, 0.20075187970014147, 0.18734335839598878, 0.18671679198064775, 0.1897243107769424, 0.1820802005012527, 0.17882205513621, 0.18120300751685753, 0.18233082706811787, 0.18245614035079927, 0.18045112781954975, 0.180325814536168, 0.1804511278196767, 0.18032581453634094, 0.18070175438596484, 0.180451127819732, 0.18032581453531693, 0.18020050125314757, 0.18045112781887263, 0.18032581453648724], "Valid": []}, "thres": {"Train": [-0.21866118907928467, -0.160080790519798, -0.10390945523977162, -0.04978035390376438, -0.009553207550197833, -0.007778130471704284, -0.011582957270244727, -0.019811439460928663, -0.03752078115943289, -0.05193252302706282, -0.09452013671398164, -0.12154072523140048, -0.1733340248465533, -0.18050445616322372, -0.234066978096962, -0.20060458779335008, -0.20564824342657873, -0.21732854843080418, -0.21806147694596442, -0.22219876945014733, -0.22573474688189402, -0.228573791682662, -0.23019981384278135, -0.23067153990268713, -0.2316930592060089, -0.23186062276371353, -0.2316728085277865, -0.23171271383762898, -0.23173356056211425, -0.23201496899132995], "Valid": []}, "acc_val": {"Train": [0.8268796992481203, 0.8294486215538847, 0.8281328320802005, 0.8142230576441103, 0.7893483709273182, 0.768483709273183, 0.7802631578947369, 0.7841478696741855, 0.800501253132832, 0.7957393483709273, 0.8144736842105263, 0.7992481203007519, 0.8126566416040101, 0.8132832080200502, 0.8102756892230576, 0.8179824561403509, 0.8212406015037594, 0.8188596491228071, 0.8176065162907268, 0.8176065162907268, 0.8195488721804511, 0.8196741854636591, 0.8194862155388472, 0.8196115288220551, 0.8193609022556391, 0.8195488721804511, 0.8196115288220551, 0.8197368421052632, 0.8192982456140351, 0.8196115288220551], "Valid": []}, "f1_val": {"Train": [0.8268688514317941, 0.8294486215538847, 0.8281220627858888, 0.8142114167554357, 0.7893483709273182, 0.768469202330973, 0.7802493890594647, 0.784134344257159, 0.800501253132832, 0.7957393483709273, 0.8144620590262547, 0.7992481203007519, 0.8126566416040101, 0.8132832080200502, 0.8102756892230576, 0.8179710508177204, 0.821229400338367, 0.8188482987655868, 0.8175950874114918, 0.8175950874114918, 0.8195488721804511, 0.819674185463659, 0.8194749044426343, 0.8196002255780438, 0.8193495833072247, 0.8195488721804511, 0.8195776148398821, 0.8197255467134531, 0.8192302870753415, 0.8196002255780438], "Valid": []}}