{"roc_val": {"Train": [0.7089815940226506, 0.6247385380745096, 0.6614886919680152, 0.7249886621315192, 0.8432441222102875, 0.8326068146556868, 0.8642331549424941, 0.8433720187059127, 0.8973227476586202, 0.8530023837789964, 0.9248609462252121, 0.9273107816533815, 0.9341078966212523, 0.9380866169182354, 0.9429408891903945, 0.9463301031400556, 0.9598160187436009, 0.9621246725837148, 0.9584928722181393, 0.9612017119867339, 0.9638645956997759, 0.9642422158152273, 0.9653305098586062], "Valid": []}, "eer_val": {"Train": [0.3508771929824553, 0.42030075187966953, 0.39523809523811776, 0.34235588972466957, 0.227318295739002, 0.24598997493734334, 0.21002506265705848, 0.24147869674185504, 0.17543859648970717, 0.22330827067661824, 0.14486215538847125, 0.14310776942301434, 0.13433583959899761, 0.12807017543919375, 0.12130325814536394, 0.11729323308215442, 0.09411027568975809, 0.09536340852130361, 0.10150375939849629, 0.097117794486236, 0.09235588972433928, 0.0924812030075191, 0.0901002506265265], "Valid": []}, "thres": {"Train": [-0.2030117623507975, -0.009605292230844486, -0.00018197516328655964, -4.806198194276172e-05, -1.2362361303524077e-05, -9.313053305959329e-05, -0.0008064295398073066, -0.0023664438631385573, -0.010694386437501462, -0.027251994237303727, -0.05894338339567186, -0.08569976687421736, -0.10986081510782243, -0.15250417590156723, -0.19909314811229714, -0.1968440115450834, -0.22131584584721917, -0.2452927380800253, -0.24453835189342507, -0.24534049630166194, -0.2741250991821331, -0.27575585246086154, -0.2886010110377999], "Valid": []}, "acc_val": {"Train": [0.6491854636591479, 0.5797619047619048, 0.6047619047619047, 0.6575814536340853, 0.7726190476190476, 0.7540726817042607, 0.7899749373433584, 0.7584586466165414, 0.8246240601503759, 0.7766917293233083, 0.8550751879699248, 0.8567669172932331, 0.8656015037593985, 0.8719924812030075, 0.8786340852130325, 0.8827067669172932, 0.905952380952381, 0.9045739348370927, 0.8984335839598997, 0.9028822055137845, 0.9075814536340853, 0.9074561403508772, 0.9099624060150376], "Valid": []}, "f1_val": {"Train": [0.6491634814211417, 0.5797355724042859, 0.6047619047619047, 0.6575599974935773, 0.7725762988030331, 0.7540572717588823, 0.7899749373433584, 0.7584435114982142, 0.8246130709944233, 0.7766637423235994, 0.8550661068989286, 0.8567310102782653, 0.8655930822733253, 0.8720005012217279, 0.878626480355912, 0.8826920666750219, 0.9059582732911472, 0.9045679553856758, 0.898427219750611, 0.9028822055137845, 0.9075756626355035, 0.9074503415000941, 0.9099567642082838], "Valid": []}}