{"roc_val": {"Train": [0.7818946489029592, 0.7686008881853756, 0.7710598237448256, 0.9044216509318408, 0.8604132197662075, 0.904864157574387, 0.9192287972437359, 0.9379602279508295, 0.9270113096023266, 0.959329919410054, 0.9521396222385538, 0.9532252938109687, 0.9611606318427648, 0.9567184251355205, 0.9629310902569708, 0.9640631575806684, 0.9685194031444526, 0.9680071890251947, 0.9667118139961433, 0.9667580605649462, 0.9668736220249873, 0.9668801624989791, 0.9668043385405871, 0.9666108724191431, 0.9665558868976952], "Valid": []}, "eer_val": {"Train": [0.3017543859649124, 0.3129072681712481, 0.3040100250623431, 0.17443609022510811, 0.218170426066215, 0.15776942355905924, 0.1474937343362415, 0.1273182957399436, 0.14398496240604047, 0.09899749373433593, 0.10939849623974103, 0.11378446115288707, 0.09548872180455238, 0.10563909774452929, 0.09486215538816846, 0.09436090225487814, 0.08721804511278287, 0.08671679198004263, 0.08771929824606174, 0.08721804511277743, 0.08721804511313262, 0.08746867167919808, 0.08809523809523803, 0.08884711779448619, 0.08909774436090219], "Valid": []}, "thres": {"Train": [-0.04761871322989466, -0.0016511111753072555, -0.00019233221246384125, -2.0455130652396687e-05, -1.4844278666750832e-05, -0.0007006234372966536, -0.004663156811148257, -0.017802817747003614, -0.03685403987765489, -0.08008430898189547, -0.12188819795839485, -0.14318159222603033, -0.1714144796133094, -0.19695556163793723, -0.2402657270427963, -0.24114322662294382, -0.24322533607482955, -0.24924230575573697, -0.25475367903738083, -0.2593615651130673, -0.26383841037757, -0.2658465504646302, -0.2659803628921508, -0.2668812572956085, -0.265495498975118], "Valid": []}, "acc_val": {"Train": [0.6981829573934837, 0.6870300751879699, 0.6960526315789474, 0.8256265664160402, 0.7817669172932331, 0.8421679197994988, 0.8525689223057644, 0.8726190476190476, 0.8559523809523809, 0.9009398496240602, 0.8905388471177945, 0.8861528822055138, 0.9044486215538847, 0.894298245614035, 0.9051378446115288, 0.9055764411027569, 0.912719298245614, 0.9133458646616541, 0.9122180451127819, 0.912844611528822, 0.912781954887218, 0.912468671679198, 0.9119674185463659, 0.9112155388471178, 0.9109022556390978], "Valid": []}, "f1_val": {"Train": [0.6981640453662511, 0.6870104643148067, 0.6960335860642898, 0.825615640077699, 0.7817532426843787, 0.8421580299517513, 0.852578159263204, 0.8726110658562567, 0.8559433548467948, 0.9009336424588007, 0.890518267844833, 0.8861457484804812, 0.9044426342502664, 0.8942916222820979, 0.905125955633538, 0.9055586889766246, 0.9127138291872925, 0.9133512937785854, 0.9122125446456544, 0.9128391503227018, 0.912781954887218, 0.9124631869164735, 0.9119619023748355, 0.9112099755623785, 0.9109022556390979], "Valid": []}}