{"roc_val": {"Train": [0.8630372139622239, 0.8519194524531879, 0.837912120526881, 0.8405935107191538, 0.8495180620724744, 0.9062375707439023, 0.9228348440022361, 0.9407460144722709, 0.9408932575800402, 0.9427135115357315, 0.9535436178164711, 0.9531446724580875, 0.9658831288748185, 0.967957817476021, 0.9667541347102092, 0.9780542364683638, 0.9802321593457328, 0.9799969692401429, 0.9797607976708689, 0.9805350940006659, 0.9798726845308761, 0.9799718202146972, 0.9803174995760078, 0.9807629349061877, 0.9804867274703049, 0.9798588498187825, 0.9801764593187228, 0.9807778845610267, 0.9808612540122236, 0.9800526928222811], "Valid": []}, "eer_val": {"Train": [0.22518796992484758, 0.23233082706768352, 0.24235588972431077, 0.24172932330847102, 0.22719298245617273, 0.1617794486218516, 0.15664160400981025, 0.12481203007663177, 0.12681704260651624, 0.12180451127819543, 0.1090225563909613, 0.10338345864543688, 0.08709273182989244, 0.08345864661654133, 0.08095238095203554, 0.054636591478711964, 0.05350877192855959, 0.054010025061937715, 0.054010025062632236, 0.05225563909774438, 0.05388471178018722, 0.054511278195487095, 0.054010025063034046, 0.053258145362061984, 0.05476190476215379, 0.054010025063993924, 0.05513784461175699, 0.054761904761920555, 0.05325814536410077, 0.055889724311848535], "Valid": []}, "thres": {"Train": [-0.1686661988496905, -0.08209534436464436, -0.053452201187610626, -0.03802993893623763, -0.039192188531162714, -0.09365157037987872, -0.23030917346471017, -0.2095758914954772, -0.24074614048004148, -0.27274927496910095, -0.19628529250620266, -0.17802448570642834, -0.21610425412675227, -0.19260254129767418, -0.17782355099894104, -0.16835099458694883, -0.18263016641123136, -0.18006360530748888, -0.18635083734987865, -0.16731947660446167, -0.1831534951936197, -0.18745829164981787, -0.18258447945198877, -0.1797899454794659, -0.19020089507125817, -0.18706710636725613, -0.18345254659657378, -0.19249862432484874, -0.1801463067584591, -0.19591666758197768], "Valid": []}, "acc_val": {"Train": [0.774749373433584, 0.7676691729323308, 0.7575187969924813, 0.7582706766917293, 0.7727443609022556, 0.8382205513784461, 0.843358395989975, 0.8752506265664161, 0.8732456140350877, 0.8782581453634085, 0.8909774436090225, 0.8964912280701754, 0.9129699248120301, 0.9165413533834587, 0.9191102756892231, 0.9453007518796992, 0.9463032581453634, 0.9459899749373434, 0.9460526315789474, 0.9476817042606517, 0.9464285714285714, 0.9456140350877194, 0.9463659147869674, 0.9464912280701754, 0.9454887218045113, 0.9461779448621553, 0.9449874686716792, 0.9451754385964912, 0.9468671679197995, 0.9441729323308271], "Valid": []}, "f1_val": {"Train": [0.7747352591014475, 0.7676691729323308, 0.7574580095261969, 0.7582706766917292, 0.7727301209348957, 0.8382205513784461, 0.8433387642561725, 0.8752584424534804, 0.8732376715333042, 0.8782505169496837, 0.890963779922296, 0.8964652795186763, 0.9129753774826139, 0.9165413533834587, 0.9191052070931762, 0.945297324393759, 0.9462864305860231, 0.9459832059155282, 0.946049251206216, 0.9476784259665393, 0.946445349201378, 0.9456072189497431, 0.9463860703995991, 0.9464711044252224, 0.9455023803558006, 0.9461880598884922, 0.944994361608821, 0.9451720032583496, 0.9468738253351711, 0.9441764300482427], "Valid": []}}