{"roc_val": {"Train": [0.9367828641151752, 0.9517594895760705, 0.953306072198039, 0.9586705956620876, 0.9633991149553081, 0.9756222872343768, 0.9814355280431655, 0.9870000973611973, 0.984139531158724, 0.9841344118441467, 0.9871491856206933, 0.9862841470845033, 0.9915764191179703, 0.9916306430235992, 0.991819555153548, 0.9909041479010812, 0.9922754882192952, 0.9931082405261272, 0.9932146311895027, 0.9931013074666618, 0.993206622445839, 0.9934648808738639, 0.9933658394105566, 0.9932322347221436, 0.9936850742143579, 0.9937418263704373, 0.9937760598237447, 0.9936903034528677, 0.9937762168579343, 0.9937662059283547], "Valid": []}, "eer_val": {"Train": [0.1302005012529734, 0.10488721804501133, 0.10150375939821552, 0.09310776942356384, 0.08521303258306243, 0.06729323308356838, 0.05889724310774554, 0.05100250626566546, 0.059774436090225466, 0.06127819548872181, 0.05388471177944845, 0.05275689223093511, 0.04248120300784498, 0.041102756891871706, 0.041228070174015696, 0.03759398496298002, 0.035964912282270084, 0.033458646616540404, 0.03333333333333327, 0.032706766917605004, 0.03208020049968699, 0.030576441103993095, 0.02894736842051946, 0.03057644110361591, 0.030075187969923197, 0.028947368420910554, 0.02994987468671688, 0.02944862155395575, 0.02944862155482795, 0.02894736842103085], "Valid": []}, "thres": {"Train": [-0.4653285741805936, -0.5360513499803649, -0.5059365630146706, -0.5021796226501477, -0.4667755365393579, -0.4084266126172016, -0.38723975419989826, -0.38650459051132396, -0.3582426458597183, -0.4179462492465973, -0.4228327572345733, -0.3525920510296835, -0.3986664950851525, -0.41472238302044206, -0.4002700448027196, -0.3921563029291001, -0.39427444339235157, -0.3943575024604781, -0.4184325635433195, -0.4106777906418852, -0.41785135865006406, -0.4154572188881209, -0.42650741338657006, -0.4160053730013013, -0.4110663235187501, -0.4182963371275254, -0.4077530304590862, -0.412620931864031, -0.41304391622716646, -0.4108353853225607], "Valid": []}, "acc_val": {"Train": [0.8698621553884712, 0.8952380952380953, 0.8984962406015038, 0.9068295739348371, 0.9147243107769424, 0.9326441102756893, 0.9411654135338345, 0.9489348370927319, 0.9402882205513784, 0.9384711779448621, 0.9461779448621553, 0.9473057644110275, 0.9574561403508772, 0.9588972431077695, 0.9588345864661654, 0.96234335839599, 0.9645363408521304, 0.9666040100250627, 0.9667293233082707, 0.9672932330827068, 0.9679824561403508, 0.9694235588972431, 0.9708646616541353, 0.9694235588972431, 0.9699874686716792, 0.9711152882205514, 0.9701127819548873, 0.9704887218045113, 0.9705513784461153, 0.9710526315789474], "Valid": []}, "f1_val": {"Train": [0.8698540008772478, 0.8952249655345281, 0.8984835192379997, 0.9068237358230465, 0.9147189673538443, 0.9326398897174009, 0.9411617269252459, 0.9489316373206341, 0.9402844789773795, 0.9384480381095649, 0.9461745723416253, 0.9473090658480045, 0.9574588058392332, 0.9588920917408197, 0.9588320070179837, 0.9623409988094492, 0.9645541082164327, 0.9666019174133719, 0.9667272385487812, 0.9672932330827068, 0.9679804499028761, 0.9694235588972431, 0.9708555311814479, 0.9694235588972431, 0.9699855880694278, 0.9711134782881132, 0.9701109092048372, 0.9704868726110658, 0.9705513784461153, 0.9710490036345407], "Valid": []}}