{"roc_val": {"Train": [0.762751388182235], "Valid": []}, "eer_val": {"Train": [0.3325814536340884], "Valid": []}, "thres": {"Train": [-0.073631145060063], "Valid": []}, "acc_val": {"Train": [0.6672932330827067], "Valid": []}, "f1_val": {"Train": [0.6672515352801103], "Valid": []}}