{"roc_val": {"Train": [0.8505618526265537, 0.882489800629393, 0.8725159468219421, 0.8722465154113355, 0.868075812965999, 0.8904077235695756, 0.8685210048931853, 0.8923704703488043, 0.9152538457673005, 0.9121279860051129, 0.9307906985508885, 0.9449916693362479, 0.940985797827903, 0.9448683739423747, 0.9377357946872193, 0.9647294300915196, 0.9673665916043239, 0.9682439337692603], "Valid": []}, "eer_val": {"Train": [0.23295739348408112, 0.18759398496127272, 0.198746867167918, 0.19761904761858265, 0.20313283207997432, 0.177443609023138, 0.20639097744360896, 0.17593984962406062, 0.15350877192982912, 0.16528822055318826, 0.13533834586467058, 0.10977443609018762, 0.12130325814399501, 0.122681704261029, 0.12456140350877194, 0.08258145363408494, 0.07606516290787439, 0.07619047619041719], "Valid": []}, "thres": {"Train": [-0.05307951197029252, -0.02406840771436043, -0.011063776910304954, -0.0068915984593314675, -0.0056202909909179545, -0.00747173652053532, -0.013413495384156702, -0.021264888346195245, -0.02018568851053732, -0.02190311066810911, -0.015522049739957019, -0.04763753712176986, -0.1121620535849256, -0.25252285599717633, -0.2695162395636241, -0.2573154270648955, -0.30037456750929625, -0.3415835797786067], "Valid": []}, "acc_val": {"Train": [0.7670426065162907, 0.812406015037594, 0.8013157894736842, 0.8023809523809524, 0.7968671679197995, 0.8228696741854636, 0.793671679197995, 0.8239974937343358, 0.8464285714285714, 0.8346491228070175, 0.8645989974937344, 0.8902882205513785, 0.8786967418546366, 0.8773182957393484, 0.8755012531328321, 0.9174812030075188, 0.9239974937343358, 0.9238721804511278], "Valid": []}, "f1_val": {"Train": [0.7670426065162907, 0.812382504073192, 0.8013033398082586, 0.8023561849855873, 0.7968417094874045, 0.8229251487629188, 0.7936587505482798, 0.8239864653173757, 0.846418948555674, 0.8346387618271821, 0.8645905131900495, 0.8902813459489943, 0.87868153903998, 0.8773182957393484, 0.8754934519706749, 0.917476032332853, 0.9240022554977758, 0.9238674102387368], "Valid": []}}