{"roc_val": {"Train": [0.8419511733594638, 0.7794875503294578, 0.7468821175746384, 0.8779539858417975, 0.8756927563269076, 0.8787869736999139, 0.8957238019861685, 0.968575542867193, 0.9704801163309276, 0.958674309520669, 0.9782367730102197, 0.9853240557534186, 0.9853586817921999, 0.987288765460016, 0.9882389557854535, 0.9883841338936312, 0.9877909372428564, 0.9887049076324897, 0.9888475417867979, 0.9887520807030107, 0.9887792790246291, 0.9888448957607049, 0.9888493633833958, 0.9888476517107303, 0.9888681446724581, 0.9889434033077683, 0.9888484211782589, 0.9888206104233014, 0.9888124289420294, 0.9888466938021746], "Valid": []}, "eer_val": {"Train": [0.25175438596296884, 0.3071428571427184, 0.3271929824561387, 0.19486215538795842, 0.18947368421041985, 0.1944862155390829, 0.1726817042606516, 0.09097744360902445, 0.08383458646618094, 0.1032581453632794, 0.06817042606476673, 0.049874686717113266, 0.05025062656641593, 0.043609022556413544, 0.04398496240601497, 0.04210526315789418, 0.0424812030069393, 0.0411027568934694, 0.04010025062656656, 0.040476190476193594, 0.04060150375920646, 0.04047619047602978, 0.04035087719230837, 0.04072681704260127, 0.04047619047643221, 0.040350877192263504, 0.04035087719317555, 0.040476190476025214, 0.04035087719244107, 0.04035087719298243], "Valid": []}, "thres": {"Train": [-0.051437940448400776, -0.0017713195411483773, -0.000159504528190674, -7.031002314757087e-05, -0.00036416822695162226, -0.002401675796137401, -0.0032309950329363346, -0.01561914011836053, -0.03823309019208068, -0.08086274564265193, -0.11009138077483775, -0.143163099885195, -0.1728100627660751, -0.2690321505070425, -0.28691777586936945, -0.2858681082725521, -0.29994010925179365, -0.32267248630779855, -0.331106334924698, -0.33533096313476585, -0.3370116651056357, -0.34112879633887777, -0.34205934405311583, -0.3415871560573561, -0.34289631247528574, -0.34547179937358446, -0.3443805873395205, -0.3428613245486829, -0.34322810172991214, -0.34324677288532257], "Valid": []}, "acc_val": {"Train": [0.7483082706766917, 0.6928571428571428, 0.6728070175438596, 0.8050751879699248, 0.8105889724310777, 0.8055137844611528, 0.8273809523809523, 0.9089598997493734, 0.9162280701754386, 0.8967418546365915, 0.9318922305764411, 0.950187969924812, 0.949812030075188, 0.956328320802005, 0.956077694235589, 0.9579573934837092, 0.9573934837092731, 0.9588972431077695, 0.9598370927318296, 0.9594611528822055, 0.9594611528822055, 0.9595864661654135, 0.9596491228070175, 0.9593358395989975, 0.9594611528822055, 0.9597117794486215, 0.9597744360902256, 0.9593984962406015, 0.9596491228070175, 0.9597117794486215], "Valid": []}, "f1_val": {"Train": [0.7482924995300458, 0.692818648953503, 0.6728070175438596, 0.8050385410791502, 0.8105771038285606, 0.8055137844611528, 0.8273701359734319, 0.9089541951250079, 0.9162228209787582, 0.8967289133976689, 0.9318879629049438, 0.9501910907837855, 0.9498088852685006, 0.9563255843097939, 0.9560749420389749, 0.9579547590701172, 0.9573828027074456, 0.9588972431077695, 0.9598345761012596, 0.959458612695031, 0.959458612695031, 0.9595839338304405, 0.9596440656723901, 0.9593332915596214, 0.959458612695031, 0.9597092549658501, 0.9597794762561082, 0.9593883178741539, 0.9596440656723901, 0.9597092549658501], "Valid": []}}