{"optimizer_lr": [{"best_val_loss": {"param": 0.005, "value": 0.2329302281141281}, "best_roc_val": {"param": 0.1, "value": 0.9318867011575539}, "best_eer_val": {"param": 0.1, "value": 0.12860705379408627}, "best_thres": {"param": 0.05, "value": -0.9026086926462296}, "best_acc_val": {"param": 0.1, "value": 0.8715531044298167}, "best_f1_val": {"param": 0.1, "value": 0.8713929462059138}}], "optimizer_name": [{"best_val_loss": {"param": "RMSprop", "value": 0.23059679567813873}, "best_roc_val": {"param": "RMSprop", "value": 0.8731507863501973}, "best_eer_val": {"param": "RMSprop", "value": 0.20947630922693358}, "best_thres": {"param": "RMSprop", "value": -0.24286061440341383}, "best_acc_val": {"param": "RMSprop", "value": 0.7906066536203522}, "best_f1_val": {"param": "RMSprop", "value": 0.7903829029385574}}], "batch_size": [{"best_val_loss": {"param": 64, "value": 0.09882840514183044}, "best_roc_val": {"param": 64, "value": 0.9457119208274368}, "best_eer_val": {"param": 64, "value": 0.12148200926255787}, "best_thres": {"param": 64, "value": -0.5540953248318096}, "best_acc_val": {"param": 64, "value": 0.8784913716420566}, "best_f1_val": {"param": 64, "value": 0.8783615316117542}}], "contrastive_loss_margin": [{"best_val_loss": {"param": 0.5, "value": 0.03451932221651077}, "best_roc_val": {"param": 1.4, "value": 0.9348723075041607}, "best_eer_val": {"param": 1.5, "value": 0.14534470504557911}, "best_thres": {"param": 1.1, "value": -0.716259121892656}, "best_acc_val": {"param": 1.5, "value": 0.8548301014054439}, "best_f1_val": {"param": 1.5, "value": 0.8546490915568222}}], "kernels_init_streams": [{"best_val_loss": {"param": "glorot_normal", "value": 0.22932268679141998}, "best_roc_val": {"param": "glorot_normal", "value": 0.9387858913990281}, "best_eer_val": {"param": "lecun_normal", "value": 0.12437810945192836}, "best_thres": {"param": "he_normal", "value": -0.941086828710101}, "best_acc_val": {"param": "lecun_normal", "value": 0.8754669987546699}, "best_f1_val": {"param": "lecun_normal", "value": 0.8752672843905915}}, {"best_val_loss": {"param": "uniform", "value": 0.24283750355243683}, "best_roc_val": {"param": "uniform", "value": 0.9491517677529193}, "best_eer_val": {"param": "uniform", "value": 0.10518834399512134}, "best_thres": {"param": "uniform", "value": -0.8702274560939981}, "best_acc_val": {"param": "uniform", "value": 0.8946806618039495}, "best_f1_val": {"param": "uniform", "value": 0.8945493409333808}}, {"best_val_loss": {"param": "orthogonal", "value": 0.2245912253856659}, "best_roc_val": {"param": "lecun_normal", "value": 0.9432606928206947}, "best_eer_val": {"param": "lecun_normal", "value": 0.10874200426576583}, "best_thres": {"param": "he_normal", "value": -0.7964049020308381}, "best_acc_val": {"param": "lecun_normal", "value": 0.8911225760540828}, "best_f1_val": {"param": "lecun_normal", "value": 0.8909868186676166}}], "dense_kernel_inits": [{"best_val_loss": {"param": "uniform", "value": 0.22434158623218536}, "best_roc_val": {"param": "uniform", "value": 0.9376924477313165}, "best_eer_val": {"param": "glorot_uniform", "value": 0.1346633416458853}, "best_thres": {"param": "glorot_uniform", "value": -0.8562659832802992}, "best_acc_val": {"param": "glorot_uniform", "value": 0.8655043586550436}, "best_f1_val": {"param": "glorot_uniform", "value": 0.8653366583541147}}], "filters_streams": [{"best_val_loss": {"param": 128, "value": 0.24296711385250092}, "best_roc_val": {"param": 128, "value": 0.9296406283509422}, "best_eer_val": {"param": 128, "value": 0.14108031272130198}, "best_thres": {"param": 16, "value": -0.834228217602288}, "best_acc_val": {"param": 128, "value": 0.8589219000177905}, "best_f1_val": {"param": 128, "value": 0.858720826652414}}, {"best_val_loss": {"param": 8, "value": 0.289348304271698}, "best_roc_val": {"param": 8, "value": 0.9006301891732239}, "best_eer_val": {"param": 8, "value": 0.16737739872042046}, "best_thres": {"param": 16, "value": -0.8488746285432411}, "best_acc_val": {"param": 8, "value": 0.8327699697562712}, "best_f1_val": {"param": 8, "value": 0.8325614535090843}}, {"best_val_loss": {"param": 8, "value": 0.22915077209472656}, "best_roc_val": {"param": 8, "value": 0.9388143763851616}, "best_eer_val": {"param": 8, "value": 0.13184079602083215}, "best_thres": {"param": 32, "value": -0.7863945815331314}, "best_acc_val": {"param": 8, "value": 0.8679950186799502}, "best_f1_val": {"param": 8, "value": 0.8678304239401496}}], "kernels_streams": [{"best_val_loss": {"param": 5, "value": 0.274186372756958}, "best_roc_val": {"param": 7, "value": 0.9162711684591951}, "best_eer_val": {"param": 7, "value": 0.15960099750626336}, "best_thres": {"param": 7, "value": -0.9081927702909466}, "best_acc_val": {"param": 7, "value": 0.8404198541184843}, "best_f1_val": {"param": 7, "value": 0.8402493321460374}}, {"best_val_loss": {"param": 7, "value": 0.21460925042629242}, "best_roc_val": {"param": 7, "value": 0.9467121869405073}, "best_eer_val": {"param": 7, "value": 0.11364446027787674}, "best_thres": {"param": 5, "value": -0.697638993177033}, "best_acc_val": {"param": 7, "value": 0.8864970645792564}, "best_f1_val": {"param": 7, "value": 0.8863555397221232}}, {"best_val_loss": {"param": 5, "value": 0.21402743458747864}, "best_roc_val": {"param": 5, "value": 0.9411658436404674}, "best_eer_val": {"param": 5, "value": 0.11940298507317573}, "best_thres": {"param": 3, "value": -0.6406651139261852}, "best_acc_val": {"param": 5, "value": 0.8804483188044832}, "best_f1_val": {"param": 5, "value": 0.880256593014968}}], "dense_layers": [{"best_val_loss": {"param": 32, "value": 0.25609833002090454}, "best_roc_val": {"param": 84, "value": 0.9398949068591592}, "best_eer_val": {"param": 84, "value": 0.12793176972261866}, "best_thres": {"param": 16, "value": -0.8807415211587177}, "best_acc_val": {"param": 84, "value": 0.8720868172922968}, "best_f1_val": {"param": 84, "value": 0.8719045073935506}}], "input_dropout_streams": [{"best_val_loss": {"param": 0.3, "value": 0.2738434672355652}, "best_roc_val": {"param": 0.3, "value": 0.9183502559470953}, "best_eer_val": {"param": 0.3, "value": 0.15351812366792225}, "best_thres": {"param": 0.3, "value": -0.8488698005686833}, "best_acc_val": {"param": 0.3, "value": 0.8464685998932574}, "best_f1_val": {"param": 0.3, "value": 0.8463045414069456}}]}