{"roc_val": {"Train": [0.8577041287429099, 0.8355493762601993, 0.8357426853474539, 0.8565016865471949, 0.8560774665360142, 0.9074148168039147, 0.916579842463301, 0.9408384290927821, 0.9380078642722092, 0.9380665558005288, 0.9522407993668381, 0.9490380556654796, 0.9613647527339652, 0.9609719395606812, 0.9616354482697973, 0.961826904353616, 0.9618183538419984, 0.9618879042845209, 0.962216160702508, 0.9613848688136382, 0.9617533887978089, 0.9618119075885202, 0.9622072882708023, 0.962250731779323, 0.9619248936878538, 0.9621391275808568, 0.9617937779913444, 0.9620010945283008, 0.9622717351021663, 0.9623151236487208], "Valid": []}, "eer_val": {"Train": [0.22869674185512343, 0.2458646616548617, 0.24360902255639091, 0.22706766917234908, 0.2269423558900583, 0.16879699248120442, 0.1651629072685337, 0.13032581453633854, 0.13684210526254834, 0.13095238095238096, 0.10676691729201944, 0.11766917293233098, 0.0987468671679267, 0.09598997493843103, 0.09473684210504388, 0.09423558897243113, 0.0954887218043119, 0.0948621553884712, 0.0944862155388562, 0.0934837092744212, 0.09335839598968315, 0.09348370927414484, 0.09373433583845908, 0.09285714285781574, 0.09310776942355364, 0.0939849624052776, 0.09448621553782519, 0.09285714285714287, 0.09122807017695465, 0.09177109440267345], "Valid": []}, "thres": {"Train": [-0.15766933560381066, -0.08310910314323071, -0.05518834665417671, -0.042298898100815045, -0.06120588816707027, -0.13298961945942508, -0.20031023025519754, -0.2118490636348717, -0.2617673873901244, -0.2586350440979004, -0.24717648327163194, -0.2454324066638947, -0.20580571889877647, -0.20100885629658288, -0.20537482202027002, -0.21230636537075048, -0.21519275009627048, -0.21860782802104953, -0.21636812388898047, -0.20738878846280842, -0.2091012299052723, -0.21026219427759793, -0.2109261453139389, -0.20693482458596493, -0.2067910805344555, -0.21638731658435592, -0.2115093320604988, -0.21646589040756228, -0.2162675112492608, -0.21158302326997122], "Valid": []}, "acc_val": {"Train": [0.7712406015037594, 0.7541353383458647, 0.756453634085213, 0.7729323308270677, 0.7731203007518797, 0.831265664160401, 0.8348370927318296, 0.8697368421052631, 0.8631578947368421, 0.868922305764411, 0.8932957393483709, 0.8822681704260652, 0.9011904761904762, 0.9040100250626566, 0.9053258145363409, 0.905827067669173, 0.9045739348370927, 0.9050751879699248, 0.9054511278195488, 0.906516290726817, 0.906641604010025, 0.906516290726817, 0.906265664160401, 0.9071428571428571, 0.9069548872180451, 0.906140350877193, 0.9055137844611529, 0.9070802005012532, 0.9087092731829574, 0.9078947368421053], "Valid": []}, "f1_val": {"Train": [0.7712262673099818, 0.7541353383458648, 0.7564383733316624, 0.7729038726657476, 0.7731060843411242, 0.8312550911711261, 0.8348370927318296, 0.8697286797418384, 0.8631407444541923, 0.8688894459764352, 0.893289053198822, 0.8822607932827871, 0.9011842847296196, 0.9040100250626566, 0.9053198821981329, 0.9058211667397706, 0.9045679553856758, 0.9050692399273138, 0.9054452033335422, 0.906516290726817, 0.9066299034966789, 0.906516290726817, 0.9062539165308935, 0.9071428571428571, 0.906949056958456, 0.9061168212584607, 0.9055019425993232, 0.9070743780938655, 0.9087035528541888, 0.9078600977811208], "Valid": []}}