{"roc_val": {"Train": [0.7109252602754449, 0.6997793102569847, 0.7455290682498504, 0.8654548783194411, 0.9196092143125846, 0.9205410743860487, 0.9164440881513167, 0.9172756914913294, 0.9136099569098184, 0.9216119149516788, 0.9174056590934312, 0.8965116076183217, 0.8614498678819019, 0.8802041898117614, 0.8807254342693269, 0.889535668222352, 0.8927271455930275, 0.8943958074663125, 0.8956786773394082, 0.8967449272722323, 0.8973027781441909, 0.8971788266963706, 0.8976080124775878, 0.8978040958355231, 0.8979474663056973], "Valid": []}, "eer_val": {"Train": [0.3491228070175293, 0.3643692564744883, 0.32326649958229164, 0.21253132832112173, 0.15125313283211042, 0.1497076023383952, 0.1567251462005348, 0.14832915622389142, 0.15534670008323914, 0.14670008354218644, 0.154177109440535, 0.18274853801169533, 0.22025898078513148, 0.1977443609017473, 0.1983709273187353, 0.19051796157058035, 0.1871762740183374, 0.18500417710944048, 0.1828738512945829, 0.18178780284052687, 0.18145363408493592, 0.18153717627385607, 0.18074352548036723, 0.18095238095280264, 0.1806182121971716], "Valid": []}, "thres": {"Train": [-0.17642541229724726, -0.2014466226100789, -0.18649007380008722, -0.07606212794783677, -0.15734958648682004, -0.14566758275013938, -0.14170782268081336, -0.14035868644714325, -0.13462650775902743, -0.12360911071300502, -0.16166609525686032, -0.08785691112279881, -0.08396534621714606, -0.13485096395014537, -0.15512208640582104, -0.14453044533729453, -0.1439971923828055, -0.14511303603649142, -0.1487133651970871, -0.14234299957753377, -0.14269997179499194, -0.14318870007985293, -0.14155437052249897, -0.14092978835130204, -0.1412692368030593], "Valid": []}, "acc_val": {"Train": [0.6508980785296575, 0.6356516290726817, 0.6767126148705096, 0.7874895572263994, 0.8487468671679198, 0.8502715121136174, 0.8432539682539683, 0.8516917293233083, 0.8445906432748538, 0.8533208020050125, 0.8458228905597327, 0.8172723475355055, 0.7797410192147034, 0.8022556390977443, 0.8016081871345029, 0.8095029239766082, 0.812844611528822, 0.8149749373433584, 0.8171052631578948, 0.8182121971595656, 0.8185672514619883, 0.8184210526315789, 0.8192773600668337, 0.8190893901420218, 0.8193609022556391], "Valid": []}, "f1_val": {"Train": [0.650890787192715, 0.6356440192986486, 0.676705862695545, 0.7874939955305862, 0.8487468671679197, 0.8502621300415648, 0.8432506944589486, 0.8516886317592264, 0.8445744125326369, 0.8533177384657157, 0.8458228905597327, 0.8172685310887863, 0.7797318183716947, 0.8022473787543339, 0.8016040435263895, 0.8094989452578375, 0.8128407026044822, 0.8149710729129682, 0.817093802869854, 0.8182121971595656, 0.8185634620606111, 0.8184058818614756, 0.8192735854967732, 0.8190969466605406, 0.8193571294304391], "Valid": []}}