{"roc_val": {"Train": [0.8035786521441448, 0.8358468304219194, 0.8835101145721447, 0.8718656917984182, 0.8883903838543729, 0.8929204904491806, 0.9162771826181997, 0.9271327912513112, 0.915497955414853, 0.9364602766314282, 0.964972016507434, 0.9275149339514199, 0.9468030979704901, 0.9687171091890127, 0.9546132090878827, 0.9263827174452421, 0.9577185758883424, 0.9650212153189992, 0.9678318525009266, 0.97246714844756, 0.971334892682835, 0.9609254966991412, 0.9653459306160137, 0.9641680014572772, 0.9639387236889216, 0.9633721129264263, 0.962872610724807, 0.9629416979164703, 0.9636942764178618, 0.9641264188039019], "Valid": []}, "eer_val": {"Train": [0.28934837092731436, 0.2513784461152354, 0.19122807017543897, 0.20488721804511278, 0.18320802005012524, 0.18646616541281943, 0.14761904761793293, 0.143609022556391, 0.13909774436131547, 0.11303258145377867, 0.09573934837091519, 0.1320802005013309, 0.1083959899760222, 0.08308270676821214, 0.11102756892230785, 0.14899749373433446, 0.1007518796986867, 0.0726817042606931, 0.06441102756891785, 0.06027568922305756, 0.061403508771717526, 0.08107769423558893, 0.0721804511278206, 0.07606516290726811, 0.07694235588958988, 0.07832080200505898, 0.07932330827067664, 0.07882205513792598, 0.07807017543859644, 0.07781954887218043], "Valid": []}, "thres": {"Train": [-0.059025909751653456, -0.010023489594458423, -0.007097373716533189, -0.00473372358828783, -0.003530685091391206, -0.008239476010201578, -0.005305517464876075, -0.018278945237398148, -0.025198347866539017, -0.02862603031099185, -0.05809448286890808, -0.12651863694195584, -0.14794090390236653, -0.25887554884062564, -0.32213714718818715, -0.5192497968673687, -0.37611246108951174, -0.28548923134804477, -0.27602681517600547, -0.27394637465476973, -0.29107943177218826, -0.38632733225822447, -0.377235114574433, -0.4085860550403594, -0.42288196086847524, -0.4322356283665477, -0.435723841190338, -0.43719032406818825, -0.4317641928791999, -0.429263691107432], "Valid": []}, "acc_val": {"Train": [0.7107142857142857, 0.7486842105263158, 0.8087092731829574, 0.7951127819548872, 0.8167919799498747, 0.8135338345864662, 0.8524436090225563, 0.856328320802005, 0.8609022556390977, 0.8869047619047619, 0.9043233082706766, 0.8678571428571429, 0.8916040100250626, 0.9171052631578948, 0.8889097744360902, 0.8510651629072682, 0.8992481203007519, 0.9272556390977443, 0.9356516290726817, 0.9397869674185464, 0.9385964912280702, 0.918922305764411, 0.9277568922305764, 0.9240601503759398, 0.9231203007518797, 0.9216165413533834, 0.9206140350877193, 0.9211779448621554, 0.9219298245614035, 0.9222431077694235], "Valid": []}, "f1_val": {"Train": [0.7106961589071997, 0.7486684629362742, 0.8086972867974184, 0.7950871036470735, 0.8167919799498747, 0.8135104649705477, 0.8524343630553293, 0.8563193182530234, 0.8609022556390977, 0.8868976752929381, 0.9043173131148569, 0.8678488627106962, 0.8916040100250626, 0.9171208419470025, 0.8889028134594898, 0.851055830565825, 0.8992354931695702, 0.9272510808947929, 0.9356475969672285, 0.9397831944357415, 0.9385810980195538, 0.918922305764411, 0.9277523654364308, 0.9240506329113923, 0.9231154834262798, 0.9216116298013659, 0.9206190088340329, 0.9211779448621554, 0.9219298245614035, 0.9222382354784133], "Valid": []}}