{"roc_val": {"Train": [0.7862774338729027, 0.8041980185425971, 0.812298799944724, 0.8336030081469337, 0.838076708060879, 0.8899234458326266, 0.9085595567867035, 0.895144919001765, 0.9148901781395845, 0.9323708550825685, 0.9324537298760687, 0.9439538931916256, 0.9436564468816151, 0.9480337042480887, 0.9517305560266582, 0.952755526033128, 0.9550979108171431, 0.9563723845955742, 0.9572396608689643, 0.9574666145313158, 0.9579264341932525, 0.9581837504161406, 0.9582645209515017, 0.9582055860201881, 0.9582836477157807, 0.9583610655711962, 0.9584461781018963, 0.958434698902645, 0.9584667574324283, 0.9583959350129709], "Valid": []}, "eer_val": {"Train": [0.2979949874687241, 0.27969924812039537, 0.27268170426041, 0.24799498746867166, 0.24711779448553406, 0.1848370927318292, 0.16027568922265528, 0.17994987468765686, 0.15200501253132837, 0.13333333333333866, 0.1329573934837132, 0.12142857142857032, 0.12055137844706701, 0.11791979950033715, 0.11315789473684207, 0.11077694235578234, 0.10639097744269957, 0.10526315789474534, 0.10300751879874123, 0.10225563909773422, 0.10150375939775498, 0.10087719298244004, 0.10062656641569732, 0.10112781954802252, 0.10037593984962438, 0.10012531328265992, 0.10012531328321114, 0.10000000000006819, 0.09999999999870832, 0.10062656641532108], "Valid": []}, "thres": {"Train": [-0.11631435900926917, -0.0575942136347338, -0.029089193791147838, -0.014448281377553938, -0.008244836702935599, -0.008586060255765905, -0.015400224365286907, -0.03674982115632286, -0.05359609425067902, -0.10340939462184995, -0.14941886067390506, -0.3294380307197565, -0.28248307108891607, -0.31701561808637113, -0.3409975916147232, -0.33232849836343314, -0.3606464564793768, -0.39814212918282527, -0.39859965443735745, -0.4023192524909962, -0.4036755263794592, -0.40787142515179153, -0.4094972908495638, -0.40910080075224703, -0.40945595502853444, -0.4095455110071244, -0.4089393317699498, -0.40965273976332633, -0.40933620929453124, -0.40955129265744133], "Valid": []}, "acc_val": {"Train": [0.7020050125313283, 0.7202380952380952, 0.7273809523809524, 0.7520676691729323, 0.7529448621553885, 0.8152255639097744, 0.8397869674185464, 0.8200501253132833, 0.8479323308270676, 0.8666040100250627, 0.8669799498746867, 0.8786340852130325, 0.8794486215538847, 0.8820802005012531, 0.8868421052631579, 0.8892857142857142, 0.893671679197995, 0.8946741854636592, 0.8969298245614035, 0.8978070175438596, 0.8984962406015038, 0.8990601503759399, 0.8993107769423558, 0.8988721804511278, 0.8995614035087719, 0.8998746867167919, 0.899812030075188, 0.899937343358396, 0.899937343358396, 0.8993107769423558], "Valid": []}, "f1_val": {"Train": [0.7020050125313283, 0.7202205651983208, 0.7273638699166614, 0.7520521335923303, 0.7529293815401968, 0.8152139858387116, 0.8397769283789711, 0.8200501253132831, 0.8479228021805877, 0.8665956513566013, 0.8669716147628298, 0.878626480355912, 0.8794486215538846, 0.8820802005012531, 0.886842105263158, 0.8892787768657184, 0.8936650166050505, 0.8946675856883264, 0.896923366125697, 0.8978006140735635, 0.8984835192379997, 0.8990411731528483, 0.899291846838378, 0.8988595062037849, 0.8995551099692963, 0.8998621381125453, 0.8998057522401153, 0.8999310733755248, 0.8999185310522028, 0.899291846838378], "Valid": []}}