{"roc_val": {"Train": [0.8620923156889717, 0.8496040618463453, 0.8451886608752457, 0.8947899039578897, 0.9446847381611925, 0.9516486548451328, 0.9357961790441014, 0.954817557678658, 0.9695614270639002, 0.9675317680165325, 0.9610571227567665, 0.9806936514217874, 0.9798236663086287, 0.9827480197988706, 0.9834863317441473, 0.9850580476881425, 0.9870570693651421, 0.9869960615825278, 0.9877267887764525, 0.988015291989372, 0.9880247454475789, 0.9879968561755266, 0.987956576905924, 0.987979959296738, 0.9879460085049717, 0.9879425066425462, 0.9879431504827231, 0.9879480970596919, 0.9879507744926225, 0.9879461419840327], "Valid": []}, "eer_val": {"Train": [0.22192982456164104, 0.23671679197995238, 0.23834586466164415, 0.18659147869721632, 0.1255639097744451, 0.11140350877050922, 0.13421052631577862, 0.11102756892230704, 0.08195488721740199, 0.08947368421048796, 0.09862155388513147, 0.06328320802114643, 0.06453634085210999, 0.060401002505951464, 0.05852130325904836, 0.05451127819624462, 0.050626566416096135, 0.049999999999999385, 0.04812030075181278, 0.04799498746867155, 0.047243107769423504, 0.046741854636592535, 0.04711779448622301, 0.047619047619034016, 0.047619047617389804, 0.04761904761907057, 0.04761904761904774, 0.04761904761904776, 0.04749373433493555, 0.047368421052641184], "Valid": []}, "thres": {"Train": [-0.054502364248060244, -0.02680792659521104, -0.011991141363978145, -0.0024262960068885822, -0.001272173481993381, -0.00669767986980972, -0.01575374230742445, -0.05998218059539828, -0.11555265635221845, -0.1313118636607986, -0.1848660409451554, -0.22053770721002042, -0.2613254189491013, -0.32801610231389866, -0.356419414285379, -0.36984491348304843, -0.36602115035061744, -0.38138263424237473, -0.39650464057921225, -0.4024387300014487, -0.40431317687034607, -0.40543583035469216, -0.4054134190082676, -0.4059700667858104, -0.4058957695948649, -0.4061520695686497, -0.4064609408378602, -0.40649250149726884, -0.4066122472276478, -0.4060450990994855], "Valid": []}, "acc_val": {"Train": [0.7780701754385965, 0.7632832080200501, 0.7617167919799499, 0.8134711779448621, 0.8743734335839599, 0.8885338345864662, 0.8658521303258145, 0.8889097744360902, 0.9180451127819549, 0.9105889724310777, 0.9013784461152882, 0.9367167919799498, 0.9354636591478697, 0.9396616541353383, 0.9415413533834587, 0.9454887218045113, 0.9493107769423559, 0.95, 0.9519423558897243, 0.9520676691729323, 0.9528195488721805, 0.9531954887218045, 0.9528195488721805, 0.9524436090225564, 0.9523809523809523, 0.9524436090225564, 0.9523182957393483, 0.9524436090225564, 0.9524436090225564, 0.9526315789473684], "Valid": []}, "f1_val": {"Train": [0.7780701754385965, 0.7632832080200501, 0.7617018610188607, 0.8134828644821753, 0.8743655617519893, 0.8885128783605941, 0.8658437245441444, 0.8889028134594898, 0.9180348414588294, 0.9105833698853312, 0.9013784461152882, 0.9367167919799498, 0.9354555708735431, 0.939657873300332, 0.9415450159764426, 0.9454887218045114, 0.9493139527598521, 0.9500000000000001, 0.9519393445704618, 0.9520646657058712, 0.9528165925183281, 0.9531925559245567, 0.9528165925183281, 0.9524406291120998, 0.9523749843338765, 0.9524406291120998, 0.9523153079766903, 0.9524406291120998, 0.9524346681707088, 0.9526315789473683], "Valid": []}}