{"optimizer_name": [{"best_val_loss": {"param": "Adam", "value": 0.12097833305597305}, "best_roc_val": {"param": "Adadelta", "value": 0.924387237308293}, "best_eer_val": {"param": "Adadelta", "value": 0.160980810233588}, "best_thres": {"param": "SGD", "value": -0.6377646327012848}, "best_acc_val": {"param": "Adadelta", "value": 0.839174524106031}, "best_f1_val": {"param": "Adadelta", "value": 0.8389739935874599}}], "optimizer_lr": [{"best_val_loss": {"param": 0.0003, "value": 0.15018267929553986}, "best_roc_val": {"param": 0.0003, "value": 0.9224025933744174}, "best_eer_val": {"param": 0.0003, "value": 0.16098081023450478}, "best_thres": {"param": 0.0003, "value": -0.4554122984408857}, "best_acc_val": {"param": 0.0003, "value": 0.839174524106031}, "best_f1_val": {"param": 0.0003, "value": 0.8389739935874599}}], "batch_size": [{"best_val_loss": {"param": 512, "value": 0.11748400330543518}, "best_roc_val": {"param": 512, "value": 0.9372739083350614}, "best_eer_val": {"param": 512, "value": 0.14962593516189338}, "best_thres": {"param": 64, "value": -0.5559622675106234}, "best_acc_val": {"param": 512, "value": 0.8503824942181106}, "best_f1_val": {"param": 512, "value": 0.8502226179875335}}], "contrastive_loss_margin": [{"best_val_loss": {"param": 0.5, "value": 0.03570476546883583}, "best_roc_val": {"param": 1.1, "value": 0.9320068444990681}, "best_eer_val": {"param": 1.1, "value": 0.15316275764063492}, "best_thres": {"param": 1.4, "value": -0.5686525136158335}, "best_acc_val": {"param": 1.1, "value": 0.8470023127557375}, "best_f1_val": {"param": 1.1, "value": 0.8468660968660968}}], "filters_streams": [{"best_val_loss": {"param": 16, "value": 0.13778206706047058}, "best_roc_val": {"param": 128, "value": 0.9368009309653067}, "best_eer_val": {"param": 128, "value": 0.1485429992878264}, "best_thres": {"param": 128, "value": -0.4589726924882052}, "best_acc_val": {"param": 128, "value": 0.8514499199430706}, "best_f1_val": {"param": 128, "value": 0.8512381970425799}}, {"best_val_loss": {"param": 256, "value": 0.14638102054595947}, "best_roc_val": {"param": 256, "value": 0.9324139899008699}, "best_eer_val": {"param": 256, "value": 0.15742714996289414}, "best_thres": {"param": 256, "value": -0.4508228003967824}, "best_acc_val": {"param": 256, "value": 0.8427326098558975}, "best_f1_val": {"param": 256, "value": 0.8425365158532241}}, {"best_val_loss": {"param": 128, "value": 0.14671844244003296}, "best_roc_val": {"param": 128, "value": 0.9329146926571277}, "best_eer_val": {"param": 128, "value": 0.15209665956111224}, "best_thres": {"param": 128, "value": -0.45062047243134695}, "best_acc_val": {"param": 128, "value": 0.847891834193204}, "best_f1_val": {"param": 128, "value": 0.8477292965271594}}], "kernels_streams": [{"best_val_loss": {"param": 9, "value": 0.14914633333683014}, "best_roc_val": {"param": 9, "value": 0.9288666596277101}, "best_eer_val": {"param": 9, "value": 0.16636978981118636}, "best_thres": {"param": 9, "value": -0.4373554028973219}, "best_acc_val": {"param": 9, "value": 0.8334815869062444}, "best_f1_val": {"param": 9, "value": 0.8333333333333334}}, {"best_val_loss": {"param": 9, "value": 0.1552189439535141}, "best_roc_val": {"param": 7, "value": 0.9172590910782745}, "best_eer_val": {"param": 7, "value": 0.1756323477021289}, "best_thres": {"param": 9, "value": -0.44349265061409227}, "best_acc_val": {"param": 7, "value": 0.8242305639565913}, "best_f1_val": {"param": 7, "value": 0.8240740740740741}}, {"best_val_loss": {"param": 7, "value": 0.1519845575094223}, "best_roc_val": {"param": 7, "value": 0.9246093569001651}, "best_eer_val": {"param": 7, "value": 0.16636978981118627}, "best_thres": {"param": 7, "value": -0.4410201208797575}, "best_acc_val": {"param": 7, "value": 0.8338373954812311}, "best_f1_val": {"param": 7, "value": 0.8336302101888137}}], "dense_layers": [{"best_val_loss": {"param": 64, "value": 0.14559181034564972}, "best_roc_val": {"param": 64, "value": 0.9303953538835418}, "best_eer_val": {"param": 64, "value": 0.16316351977246485}, "best_thres": {"param": 84, "value": -0.42771717905995604}, "best_acc_val": {"param": 64, "value": 0.8368617683686177}, "best_f1_val": {"param": 64, "value": 0.836687444345503}}], "kernels_init_streams": [{"best_val_loss": {"param": "uniform", "value": 0.15022839605808258}, "best_roc_val": {"param": "uniform", "value": 0.9212294550455014}, "best_eer_val": {"param": "glorot_uniform", "value": 0.17634485215532952}, "best_thres": {"param": "orthogonal", "value": -0.4656106233596289}, "best_acc_val": {"param": "glorot_uniform", "value": 0.8236968510941114}, "best_f1_val": {"param": "glorot_uniform", "value": 0.8235084594835264}}, {"best_val_loss": {"param": "normal", "value": 0.13886748254299164}, "best_roc_val": {"param": "normal", "value": 0.9369886786739112}, "best_eer_val": {"param": "normal", "value": 0.14214641080466156}, "best_thres": {"param": "normal", "value": -0.4677086174491762}, "best_acc_val": {"param": "normal", "value": 0.8578544742928305}, "best_f1_val": {"param": "normal", "value": 0.8577025823686554}}, {"best_val_loss": {"param": "normal", "value": 0.14646723866462708}, "best_roc_val": {"param": "normal", "value": 0.9286824567173801}, "best_eer_val": {"param": "normal", "value": 0.1606697541859636}, "best_thres": {"param": "normal", "value": -0.4509645756194716}, "best_acc_val": {"param": "normal", "value": 0.8393524283935243}, "best_f1_val": {"param": "normal", "value": 0.8391807658058771}}], "dense_kernel_inits": [{"best_val_loss": {"param": "orthogonal", "value": 0.1487467736005783}, "best_roc_val": {"param": "orthogonal", "value": 0.9237284745289785}, "best_eer_val": {"param": "he_uniform", "value": 0.1673773987201974}, "best_thres": {"param": "he_uniform", "value": -0.46902331709849493}, "best_acc_val": {"param": "he_uniform", "value": 0.8327699697562712}, "best_f1_val": {"param": "he_uniform", "value": 0.8325614535090843}}], "input_dropout_streams": [{"best_val_loss": {"param": 0.1, "value": 0.1504174917936325}, "best_roc_val": {"param": 0.1, "value": 0.9201088556910091}, "best_eer_val": {"param": 0.1, "value": 0.1731385821161382}, "best_thres": {"param": 0.1, "value": -0.47370953906206714}, "best_acc_val": {"param": 0.1, "value": 0.8268991282689913}, "best_f1_val": {"param": 0.1, "value": 0.8267141585040072}}], "kernels_Max_Norm_constraint_streams": [{"best_val_loss": {"param": 5, "value": 0.15280640125274658}, "best_roc_val": {"param": 4, "value": 0.9175854657193954}, "best_eer_val": {"param": 5, "value": 0.17919486996793788}, "best_thres": {"param": 3, "value": -0.44626062127420146}, "best_acc_val": {"param": 5, "value": 0.8208503824942182}, "best_f1_val": {"param": 5, "value": 0.8206589492430988}}, {"best_val_loss": {"param": 3, "value": 0.14565162360668182}, "best_roc_val": {"param": 3, "value": 0.9297753939853381}, "best_eer_val": {"param": 3, "value": 0.15671641790920512}, "best_thres": {"param": 3, "value": -0.46580627560583976}, "best_acc_val": {"param": 3, "value": 0.8432663227183775}, "best_f1_val": {"param": 3, "value": 0.8430429360413327}}, {"best_val_loss": {"param": 5, "value": 0.1477944254875183}, "best_roc_val": {"param": 5, "value": 0.9244932647566786}, "best_eer_val": {"param": 5, "value": 0.178126113288208}, "best_thres": {"param": 3, "value": -0.4373050484177675}, "best_acc_val": {"param": 5, "value": 0.8217399039316847}, "best_f1_val": {"param": 5, "value": 0.8215811965811967}}], "strides_streams": [{"best_val_loss": {"param": 1, "value": 0.15665340423583984}, "best_roc_val": {"param": 1, "value": 0.9110302475104755}, "best_eer_val": {"param": 1, "value": 0.1913074456715354}, "best_thres": {"param": 2, "value": -0.413998872041633}, "best_acc_val": {"param": 1, "value": 0.8085749866571784}, "best_f1_val": {"param": 1, "value": 0.8084045584045583}}, {"best_val_loss": {"param": 4, "value": 0.15020716190338135}, "best_roc_val": {"param": 4, "value": 0.9251344934445287}, "best_eer_val": {"param": 4, "value": 0.16773276474672633}, "best_thres": {"param": 4,