{"roc_val": {"Train": [0.7770637590216142, 0.7589406866162901, 0.7314873650291142, 0.7051961749612126, 0.6905014729806973, 0.7226831803820328, 0.8034456520373616, 0.8535023884900221, 0.9056810258729531, 0.9305397029541271, 0.9234656738965208, 0.935095241235922, 0.9484505593557832, 0.9511948731477818, 0.9604684565423585, 0.9650981620718463, 0.9650229819536309, 0.9655229866646566, 0.96666885729361, 0.9674287064779744, 0.9670257017857927, 0.9680723660655397, 0.9680331703318448], "Valid": []}, "eer_val": {"Train": [0.30363408521244567, 0.3162907268168803, 0.3438596491225526, 0.3616541353392987, 0.36929824561352725, 0.3431077694240756, 0.273308270676694, 0.22994987468683503, 0.17030075188023383, 0.14298245614008406, 0.1422305764411151, 0.13483709273182956, 0.11641604010032437, 0.1046365914786966, 0.09837092731829272, 0.0899749373433584, 0.08897243107753934, 0.09085213032581288, 0.0850877192977139, 0.08295739348370938, 0.08446115288220601, 0.0827067669168815, 0.08270676691729317], "Valid": []}, "thres": {"Train": [-0.2443370372055918, -0.14892248809336034, -0.06227319687604083, -0.022229431197090928, -0.004339742939910392, -0.0012224428355697037, -0.005111290607601425, -0.010274337604646444, -0.0237783528864514, -0.03587676584719914, -0.08719046413898555, -0.1327291801571846, -0.17099057435993417, -0.22934091091155995, -0.27433308959007113, -0.25635039806365967, -0.26619914174079184, -0.28079029917716913, -0.30044752359341914, -0.3080993294715884, -0.3089137673377995, -0.32070067524883633, -0.31863331794738764], "Valid": []}, "acc_val": {"Train": [0.6963659147869674, 0.6835839598997494, 0.656140350877193, 0.6385338345864662, 0.6307017543859649, 0.6568922305764411, 0.7266290726817043, 0.7700501253132832, 0.8296992481203007, 0.8570175438596491, 0.8577067669172932, 0.8651629072681705, 0.8836466165413533, 0.8954260651629072, 0.9016917293233083, 0.9099624060150376, 0.9110902255639097, 0.9092105263157895, 0.9147869674185464, 0.9169799498746867, 0.9154761904761904, 0.9172305764411027, 0.9173558897243108], "Valid": []}, "f1_val": {"Train": [0.6963278606341646, 0.6835046377538231, 0.6560972552951498, 0.6386017665852284, 0.6306554706103522, 0.6568922305764411, 0.7266119431042046, 0.7700501253132832, 0.8296992481203007, 0.8569996240130341, 0.8576978507425277, 0.8651629072681705, 0.8836393257722915, 0.8954195125007832, 0.9016855692712575, 0.9099454784733972, 0.9110846544269691, 0.9092048373958268, 0.914765605414891, 0.9169747477912149, 0.9154708941663011, 0.9172150153537632, 0.9173507111974434], "Valid": []}}