{"roc_val": {"Train": [0.7748155476410323], "Valid": []}, "eer_val": {"Train": [0.3172932330827974], "Valid": []}, "thres": {"Train": [-0.07022218406200895], "Valid": []}, "acc_val": {"Train": [0.6826441102756893], "Valid": []}, "f1_val": {"Train": [0.6826242245754746], "Valid": []}}