{"roc_val": {"Train": [0.7644209599814071, 0.7282987151462617, 0.699388022060163, 0.6888263264677986, 0.6861571299803393, 0.8130893179062947, 0.8303771097543358, 0.8485072486981866, 0.8542360051130332, 0.8761005741169966, 0.8810541155520379, 0.8934894410210992, 0.8994603048975824, 0.8936888587383245, 0.8967723035659324, 0.9059051764750222, 0.8987678312322158, 0.896506271945528, 0.9074774498903901, 0.9106411705956621, 0.9089435524902482, 0.9107445226474709, 0.9102308795170885, 0.9120914598526391, 0.9126003212919518, 0.9108448125325845, 0.9114515533822025, 0.9122677071752062, 0.9126324112285727, 0.9116086425336524], "Valid": []}, "eer_val": {"Train": [0.3260651629067859, 0.3423558897243108, 0.35275689223085543, 0.36278195488732196, 0.3670426065154295, 0.26741854636556883, 0.23295739348372263, 0.22117794486344844, 0.21679197995001162, 0.1972431077689841, 0.19273182957344487, 0.18145363408521142, 0.17368421052781363, 0.17907268170357935, 0.1783208020039582, 0.1656641604005157, 0.17318295739348322, 0.17882205513679608, 0.16353383458524556, 0.16027568922305768, 0.162030075187948, 0.16027568922417723, 0.16190476190476197, 0.15939849624103886, 0.15927318295607656, 0.1604010025062482, 0.1600250626566417, 0.1588972431075473, 0.15964912280720564, 0.1604010025062547], "Valid": []}, "thres": {"Train": [-0.11652967333790111, -0.04181025177240372, -0.028368791565319733, -0.006029891781509392, -0.004691930487749111, -0.07625401765101285, -0.2044376879930516, -0.23088552057810172, -0.2311292141677113, -0.23311099410020972, -0.3189299702643945, -0.2323426902294144, -0.2657240629200445, -0.3644967675195796, -0.2071883380412994, -0.2783995866773997, -0.19626247882843015, -0.17489217221712358, -0.2439897060383791, -0.28178736567497253, -0.24777738749979714, -0.2352799624211619, -0.25766459107398987, -0.246554195881167, -0.25178179144848256, -0.24913313984869864, -0.2461658716201783, -0.2520723938941548, -0.25361061096197546, -0.2484600543975799], "Valid": []}, "acc_val": {"Train": [0.6739348370927318, 0.6577067669172932, 0.6471804511278195, 0.6372180451127819, 0.6329573934837093, 0.7325814536340852, 0.7669799498746868, 0.7787593984962407, 0.7832080200501254, 0.8027568922305764, 0.8073308270676691, 0.818609022556391, 0.8263157894736842, 0.8208646616541353, 0.8216165413533835, 0.8343984962406015, 0.8266917293233083, 0.8212406015037594, 0.8364661654135338, 0.8396616541353383, 0.83796992481203, 0.8398496240601504, 0.8380325814536341, 0.8406015037593985, 0.8407268170426065, 0.8396616541353383, 0.8399122807017544, 0.8409147869674185, 0.8402882205513784, 0.8396616541353383], "Valid": []}, "f1_val": {"Train": [0.6739348370927318, 0.6576853186289867, 0.6471583432545899, 0.6372180451127819, 0.6329113924050633, 0.7325479383381375, 0.7669653487060593, 0.7787455354345512, 0.7832080200501254, 0.8027321719513725, 0.807318754307914, 0.8185976564947679, 0.8263157894736841, 0.8208309832675316, 0.8215830043241211, 0.8343881195563632, 0.8266482827776384, 0.821229400338367, 0.836445669883444, 0.8396516072435617, 0.8379496177465847, 0.839869690514973, 0.8380224324832383, 0.8406015037593985, 0.8407068554956761, 0.8396516072435617, 0.8399022495143806, 0.8408649326230022, 0.840278212920609, 0.8396516072435617], "Valid": []}}