{"roc_val": {"Train": [0.8237941658657923, 0.8422487295934071, 0.8466903474224409, 0.8634665846948197, 0.8872120149999059, 0.9224942682520839, 0.9426858892218014, 0.9585644641051247, 0.9719724436404295, 0.9742421215947137, 0.964464489858732, 0.9754532791879449, 0.9802689289012002, 0.9815820016834066, 0.9820488250701942, 0.9841615473520895, 0.9842565687401461, 0.9842525172580574, 0.9846751276687961], "Valid": []}, "eer_val": {"Train": [0.2596491228070137, 0.24298245614034078, 0.2387218045113749, 0.22092731829573928, 0.1961152882205513, 0.15839598997414195, 0.124812030075188, 0.10238095238059614, 0.07982456140344955, 0.07756892230547313, 0.0913533834586466, 0.07481203007503828, 0.0655388471177947, 0.06303258145373117, 0.06065162907268171, 0.05563909774434641, 0.0556390977449521, 0.05664160401001846, 0.05451127819630493], "Valid": []}, "thres": {"Train": [-0.09042479594548514, -0.04944742470979659, -0.02820137143135469, -0.015371671877801417, -0.009417586028575895, -0.009192489087569405, -0.01538695115596056, -0.024009456858023817, -0.058534849435085225, -0.10238826274869027, -0.16208035747210184, -0.20322310924527154, -0.2383414208889011, -0.2746880054474626, -0.3171465992927551, -0.3601823449134286, -0.3676543533811107, -0.3788456022739191, -0.38433402776793574], "Valid": []}, "acc_val": {"Train": [0.7404135338345864, 0.7570802005012531, 0.7612781954887218, 0.7791353383458647, 0.8039473684210526, 0.8416040100250627, 0.875125313283208, 0.8976190476190476, 0.9202380952380952, 0.9223684210526316, 0.9086466165413534, 0.925125313283208, 0.9343984962406015, 0.9369674185463659, 0.9392857142857143, 0.944423558897243, 0.944423558897243, 0.9434210526315789, 0.9455513784461153], "Valid": []}, "f1_val": {"Train": [0.740397267999248, 0.75706497900871, 0.7612781954887218, 0.7791214988407796, 0.803935083651858, 0.8415841584158416, 0.8751174885644464, 0.8976062163178342, 0.9202330973118616, 0.9223538259071253, 0.9086466165413534, 0.9251112364479538, 0.9343943856131337, 0.9369674185463659, 0.9392819098941037, 0.9444200764458925, 0.9444270409122236, 0.9434175073626166, 0.945554789800138], "Valid": []}}