{"roc_val": {"Train": [0.7924074545176643, 0.8352676455829076, 0.8958263618877325, 0.9563320084882214, 0.962969525247259, 0.9593113405206135, 0.9555247088062679, 0.9609662374747785, 0.9599026056508579, 0.9556148158966059, 0.9515992422925875, 0.9460882068021629, 0.9588063307810043, 0.9401017947960963, 0.958319740279409, 0.96107490862355, 0.9614121631005944, 0.9608937356619061, 0.9612047078501041, 0.9614619080421744, 0.9614375843186356, 0.9616448746832272, 0.9608752143516688, 0.9615293917402807, 0.9617815249625037, 0.9615757962156853, 0.9616234901162681, 0.9615530000858453, 0.9615410454219647, 0.9615399348412802, 0.9615596007562768, 0.96156408146515, 0.9615506489350639, 0.9615553747917552], "Valid": []}, "eer_val": {"Train": [0.3031328320802004, 0.25593149540602494, 0.18721804511278195, 0.09979114452800615, 0.0812447786136523, 0.08947368420966453, 0.09703425229687294, 0.08550543024227265, 0.09126984126920568, 0.09348370927160128, 0.10563909774346529, 0.11595655806132898, 0.09001670843776269, 0.12297410192142524, 0.09260651629117951, 0.08847117794492226, 0.08621553884677585, 0.08675856307435363, 0.08659147869547157, 0.08433583959982366, 0.08822055137736534, 0.08483709273182963, 0.08659147869679643, 0.08650793650792675, 0.08609022556450853, 0.08675856307495214, 0.08650793650783462, 0.08680033416745944, 0.08684210526402383, 0.08646616541320021, 0.08634085213032712, 0.08634085212970055, 0.08629908103591853, 0.08629908103589107], "Valid": []}, "thres": {"Train": [-0.41425992548465723, -0.11240730434657002, -0.11416854709386826, -0.16383603215217993, -0.18915630877043793, -0.1886433064934871, -0.18825522065157294, -0.19710665941238412, -0.21061465144139316, -0.15398098528340137, -0.1773746460669241, -0.18394128978246072, -0.19531819224357663, -0.18750430643557908, -0.19535100460060056, -0.18531985580921184, -0.18900831043718427, -0.19469557702541374, -0.18827506899758456, -0.17765118181726872, -0.1884126961226181, -0.1797674894332886, -0.18957804143430979, -0.19060999155044514, -0.19023104012016945, -0.19096931815153131, -0.18760837614531445, -0.19008240103678767, -0.19170552492149384, -0.1901948750016522, -0.18946290016174447, -0.18960592150643962, -0.18971611559390855, -0.18966956436628316], "Valid": []}, "acc_val": {"Train": [0.6968671679197995, 0.7440476190476191, 0.8127610693400167, 0.900187969924812, 0.9187969924812031, 0.9105263157894737, 0.9029657477025899, 0.9144736842105263, 0.9087092731829574, 0.9065371762740184, 0.8943609022556391, 0.8840643274853801, 0.9099624060150376, 0.8770258980785297, 0.9074143692564746, 0.9115079365079365, 0.9137844611528823, 0.9132205513784462, 0.9134085213032581, 0.9156641604010025, 0.9117585630743525, 0.915142021720969, 0.9136382623224728, 0.9135129490392648, 0.9139306599832916, 0.9132623224728488, 0.9134711779448621, 0.9131996658312448, 0.9131578947368421, 0.9135338345864662, 0.9136382623224728, 0.9136591478696742, 0.9137218045112782, 0.9136800334168755], "Valid": []}, "f1_val": {"Train": [0.6968671679197995, 0.744042273230435, 0.812749336842325, 0.9001858852524071, 0.9188003842780168, 0.9105225782196416, 0.902961694306362, 0.914471897909313, 0.9087035528541888, 0.9065352242110319, 0.8943564894105852, 0.8840619060548466, 0.9099605254913428, 0.877020761101132, 0.9074163029176501, 0.9115060882641659, 0.9137808596850328, 0.9132187389043213, 0.9134049041313338, 0.9156641604010025, 0.9117530338158196, 0.9151402493786419, 0.9136580985989018, 0.9135111426721528, 0.9139324575510118, 0.9132641339988722, 0.9134657559997493, 0.9131960399348343, 0.9131578947368421, 0.9135302226492336, 0.913636458572652, 0.913655541167133, 0.9137200025063181, 0.9136746245587652], "Valid": []}}