{"roc_val": {"Train": [0.898496177787828, 0.8860497578532798, 0.8902652778562947, 0.922385153045521, 0.9717267793544012, 0.9757277906545814, 0.9831394903298345, 0.9841707024453364, 0.9825145963279125, 0.9894505687778343, 0.9887279209929586, 0.9897013994886966, 0.9918082329884863, 0.9929369476322384, 0.9909201418332799, 0.9956118209056475, 0.9958187762639681, 0.9964745667426712, 0.9972070448678086, 0.9972944422459658, 0.99734948272938, 0.9973653274790988, 0.997381062304885, 0.9974292403942187, 0.997439463319954, 0.99747476460575, 0.9974733984083014, 0.9974809360493967, 0.9974772614493628, 0.9974940484042186], "Valid": []}, "eer_val": {"Train": [0.18107769423563724, 0.19887218045112529, 0.19335839599004884, 0.15664160401002472, 0.07957393483709277, 0.079824561403512, 0.0655388471185008, 0.05639097744359834, 0.0561403508779896, 0.04486215538851578, 0.04624060150539898, 0.045989974937343414, 0.039348370927825525, 0.03709273183041882, 0.04260651629165132, 0.025062656641435054, 0.026817042605745276, 0.023809523811122352, 0.02255639097799258, 0.019423558898072207, 0.020050125312995177, 0.019674185463031547, 0.019548872180454153, 0.019423558897243166, 0.019172932330827085, 0.019298245614525714, 0.019047619047619126, 0.01929824561403407, 0.01917293233115419, 0.019423558895876148], "Valid": []}, "thres": {"Train": [-0.0448472350835819, -0.02490342594683167, -0.010911136732571314, -0.002225041855126619, -0.0013791862875223162, -0.006968981586396761, -0.015395971015123563, -0.038111507892607865, -0.09006343036900143, -0.16663661599159918, -0.22061198949844238, -0.3311656415462495, -0.30376973748323854, -0.3615670800225992, -0.41665658354914165, -0.3376225531099084, -0.36241751909191894, -0.3730942904980655, -0.38424605131669554, -0.3847184479285705, -0.3909263163800098, -0.39628994464685047, -0.3982281088829051, -0.39950761198997525, -0.4001462459564209, -0.3996605575089414, -0.40111088752746593, -0.4013772010803172, -0.400614529848928, -0.4002763926950928], "Valid": []}, "acc_val": {"Train": [0.8188596491228071, 0.8011278195488721, 0.806704260651629, 0.843421052631579, 0.9203634085213033, 0.9201127819548872, 0.9344611528822055, 0.943671679197995, 0.943922305764411, 0.9552005012531328, 0.9537593984962406, 0.9539473684210527, 0.9606516290726818, 0.96296992481203, 0.9573934837092731, 0.975, 0.9731829573934837, 0.9761904761904762, 0.9773809523809524, 0.9805764411027569, 0.9799498746867168, 0.9803258145363408, 0.9803884711779448, 0.9805137844611529, 0.980764411027569, 0.980701754385965, 0.9808897243107769, 0.980764411027569, 0.9808897243107769, 0.9806390977443609], "Valid": []}, "f1_val": {"Train": [0.8188482987655868, 0.8011278195488721, 0.8066921486308665, 0.8434112413058463, 0.9203584184472712, 0.9201077761764521, 0.9344611528822055, 0.9436681496334357, 0.9439258191842617, 0.9552033080634046, 0.9537593984962406, 0.9539444827370136, 0.9606516290726819, 0.9629722448468141, 0.9573934837092731, 0.9749984334858074, 0.9731795964406567, 0.9761904761904762, 0.9773795350585877, 0.9805764411027569, 0.9799498746867168, 0.9803233487905754, 0.9803872423084153, 0.9805125634438248, 0.9807632057146438, 0.980701754385965, 0.9808885268500532, 0.9807632057146438, 0.9808909216214523, 0.9806378845792343], "Valid": []}}