{"roc_val": {"Train": [0.861962220714694], "Valid": []}, "eer_val": {"Train": [0.2268170426057088], "Valid": []}, "thres": {"Train": [-0.16973720490914673], "Valid": []}, "acc_val": {"Train": [0.7731829573934837], "Valid": []}, "f1_val": {"Train": [0.7731545306429376], "Valid": []}}