{"roc_val": {"Train": [0.7772320761176124, 0.7583977016476029, 0.7297329398056546, 0.7027958210061493, 0.6904880858160438, 0.7224001812174546, 0.7923060784794065, 0.8450507298949128, 0.9100910484230627, 0.9303031859096363, 0.936658210375563, 0.9476912754945007, 0.9622699763192443, 0.9562589116902532, 0.9620184075476914, 0.9667677181675994, 0.9665626001092957, 0.9672619047619048, 0.9696975835578923, 0.9691740786804103, 0.9692661085671571, 0.9698762413552681, 0.9695899915829674], "Valid": []}, "eer_val": {"Train": [0.3038847117794475, 0.31616541353526395, 0.34461152882121526, 0.3635338345861648, 0.36829573934837095, 0.342105263157895, 0.28421052631641613, 0.24197994987510013, 0.16453634085199556, 0.14060150375939898, 0.13170426065206944, 0.11253132832047184, 0.09611528822055083, 0.1040100250626566, 0.09248120300751887, 0.08721804511252967, 0.08609022556518474, 0.08784461152882228, 0.08182957393491538, 0.08233082706766721, 0.08245614035081261, 0.07982456140350656, 0.08045112781967517], "Valid": []}, "thres": {"Train": [-0.24376551806926702, -0.14819698035719883, -0.06228267401400977, -0.02227450162172159, -0.004317412152886391, -0.0011647992068901673, -0.005288341082637599, -0.01078880857676798, -0.024785179023933925, -0.04749280586838726, -0.09147293120628144, -0.1475145667790528, -0.1714516580104826, -0.2627870440483093, -0.25343987345695496, -0.2650445997713697, -0.2699637413040574, -0.28426012396812445, -0.2977286279201726, -0.3036841154098507, -0.3054593503475059, -0.31141975522041176, -0.3172903656959562], "Valid": []}, "acc_val": {"Train": [0.6961779448621553, 0.6837719298245614, 0.6554511278195488, 0.6365288220551378, 0.6317042606516291, 0.6578320802005012, 0.7157268170426065, 0.7580200501253133, 0.8355263157894737, 0.8593358395989975, 0.8682957393483709, 0.887468671679198, 0.9039473684210526, 0.8960526315789473, 0.9074561403508772, 0.912781954887218, 0.9139724310776942, 0.9121553884711779, 0.9181704260651629, 0.9177318295739348, 0.9176065162907269, 0.9202380952380952, 0.9194862155388471], "Valid": []}, "f1_val": {"Train": [0.6961589071996992, 0.6837521147941601, 0.655429538191616, 0.6365060467447835, 0.6317042606516291, 0.6578106397643962, 0.7157090043235793, 0.7580200501253133, 0.8355160097750486, 0.859327025502851, 0.8682957393483709, 0.8874545682416344, 0.9039413497086283, 0.8960461181778306, 0.9074503415000941, 0.9127710239378368, 0.9139778209385377, 0.9121553884711779, 0.9181704260651629, 0.917726674603672, 0.9176013534682624, 0.9202330973118616, 0.9194811704994047], "Valid": []}}