{"roc_val": {"Train": [0.8817769203711032, 0.8298717972877055, 0.8384063699348623, 0.8599854429306348, 0.9827851583846835, 0.985252479569852, 0.9851342799354275, 0.9847707143799349, 0.9869358075640229, 0.9852740874743249, 0.9853576767733869, 0.9864164954994001, 0.9876576309194038, 0.9892267715026916, 0.9885147078221871, 0.9909667966909756, 0.9910518621114188, 0.9927738048127838, 0.9935691201688432, 0.9923673532201431, 0.9936746000339194, 0.9936087555982689, 0.9937720397484942, 0.9936866916665096, 0.9936116450273553, 0.9936034871012117, 0.9935303798342975, 0.9936444337661196, 0.9935841954510336, 0.993569449940641], "Valid": []}, "eer_val": {"Train": [0.21052631578887548, 0.25877192982456226, 0.23082706766919966, 0.20112781954887224, 0.058521303257102184, 0.051629072682045134, 0.051503759398655743, 0.05187969924811978, 0.04774436090185414, 0.049373433584398226, 0.04786967418701368, 0.04636591478809897, 0.04323308270623265, 0.04160401002471997, 0.044486215538848566, 0.03659147869676879, 0.03759398496247392, 0.03521303258145391, 0.03258145363412007, 0.036340852130145214, 0.03145363408521302, 0.03170426065162953, 0.0320802005017204, 0.032581453632858394, 0.03245614035087647, 0.031829573935226924, 0.03220551378397963, 0.03132832080200501, 0.031704260651489194, 0.03182957393483873], "Valid": []}, "thres": {"Train": [-0.20251901447767431, -0.09550195187330253, -0.2333549261093342, -0.23939242959022525, -0.3609644472581787, -0.3444879353051021, -0.3258689939976857, -0.3270073533058166, -0.33254995942092114, -0.3547999858862749, -0.3281869292292651, -0.31005150079864124, -0.31432101130466855, -0.37070363759965314, -0.3152088820934314, -0.3743239939213031, -0.331997692585131, -0.35101079940795904, -0.367315948009555, -0.3405464589595595, -0.34865185618400574, -0.35586753487587003, -0.3592692911642885, -0.3540984690158239, -0.35526192188262884, -0.35682129859954187, -0.353860020637448, -0.35407794713974, -0.3560831546782776, -0.35396066308021606], "Valid": []}, "acc_val": {"Train": [0.7894736842105263, 0.7411654135338346, 0.7691729323308271, 0.7988095238095239, 0.9412907268170426, 0.9483709273182958, 0.9484335839598997, 0.9481829573934837, 0.9523182957393483, 0.9506265664160402, 0.9520676691729323, 0.9536340852130326, 0.956766917293233, 0.9583333333333334, 0.9554511278195489, 0.9633458646616542, 0.9624060150375939, 0.9647243107769423, 0.9675438596491228, 0.9637218045112782, 0.968609022556391, 0.9682330827067669, 0.9679197994987468, 0.9674812030075188, 0.9676065162907268, 0.9682330827067669, 0.9677944862155389, 0.968859649122807, 0.9682330827067669, 0.9681077694235589], "Valid": []}, "f1_val": {"Train": [0.7894472991602958, 0.741149194811705, 0.7691729323308272, 0.7987969171000688, 0.9412723284236918, 0.9483709273182958, 0.9484303527789961, 0.9481797105081772, 0.9523153079766903, 0.9506265664160402, 0.9520646657058712, 0.9536340852130326, 0.9567614989347036, 0.9583254997806605, 0.9554483363619275, 0.9633435678927252, 0.9624060150375939, 0.9647221003822295, 0.9675479263250218, 0.9637195312989535, 0.9686070555799235, 0.9682310921736951, 0.9679197994987468, 0.9674791653612381, 0.9676044864966477, 0.9682350729904141, 0.9677904499310691, 0.9688537945729147, 0.9682271103590901, 0.9681057710382855], "Valid": []}}