{"optimizer_name": [{"best_val_loss": {"param": "Adam", "value": 0.11853521317243576}, "best_roc_val": {"param": "Adam", "value": 0.9017177685445434}, "best_eer_val": {"param": "Adamax", "value": 0.1751428571428573}, "best_thres": {"param": "RMSprop", "value": -0.38600996136717985}, "best_acc_val": {"param": "Adamax", "value": 0.824746681889539}, "best_f1_val": {"param": "Adamax", "value": 0.8246215367037989}}], "optimizer_lr": [{"best_val_loss": {"param": 0.0003, "value": 0.22944064438343048}, "best_roc_val": {"param": 0.0003, "value": 0.9066408509511589}, "best_eer_val": {"param": 0.0003, "value": 0.17037353863561344}, "best_thres": {"param": 0.0005, "value": -0.561494410038087}, "best_acc_val": {"param": 0.0003, "value": 0.8296703296703297}, "best_f1_val": {"param": 0.0003, "value": 0.8295121777015929}}], "batch_size": [{"best_val_loss": {"param": 256, "value": 0.11600533872842789}, "best_roc_val": {"param": 256, "value": 0.9076499857428003}, "best_eer_val": {"param": 256, "value": 0.16957142857142865}, "best_thres": {"param": 128, "value": -0.38449753928184527}, "best_acc_val": {"param": 256, "value": 0.8304552590266876}, "best_f1_val": {"param": 256, "value": 0.8303099557206113}}], "contrastive_loss_margin": [{"best_val_loss": {"param": 0.5, "value": 0.041231974959373474}, "best_roc_val": {"param": 1.4, "value": 0.909160943419284}, "best_eer_val": {"param": 1.4, "value": 0.16652409466774695}, "best_thres": {"param": 1.5, "value": -0.5790761342048685}, "best_acc_val": {"param": 1.4, "value": 0.8330954759526188}, "best_f1_val": {"param": 1.4, "value": 0.8328688817434797}}], "filters_streams": [{"best_val_loss": {"param": 32, "value": 0.2299652099609375}, "best_roc_val": {"param": 32, "value": 0.9050110493299116}, "best_eer_val": {"param": 32, "value": 0.1716566866255816}, "best_thres": {"param": 256, "value": -0.5624198913575249}, "best_acc_val": {"param": 32, "value": 0.8283858998144712}, "best_f1_val": {"param": 32, "value": 0.8282265552460538}}], "kernels_streams": [{"best_val_loss": {"param": 3, "value": 0.22856993973255157}, "best_roc_val": {"param": 3, "value": 0.9058318668784879}, "best_eer_val": {"param": 3, "value": 0.16985714285720221}, "best_thres": {"param": 9, "value": -0.5541845703124998}, "best_acc_val": {"param": 3, "value": 0.8301698301698301}, "best_f1_val": {"param": 3, "value": 0.8300242822453936}}]}