{"roc_val": {"Train": [0.9207335852161732, 0.9213599396360576, 0.9226835965226348, 0.9315353546774203, 0.9189234678174132, 0.9545258823751108, 0.9438438671867639, 0.9520431482842444, 0.957124193629437, 0.9637055750277951, 0.9614561858907921, 0.961312523162543, 0.9699586921564562, 0.9716615630555084, 0.9725324118567095, 0.9752674449281098, 0.9764745510392523, 0.9771214847896684, 0.9782339620982279, 0.9787579380782785, 0.9793623469701824, 0.979640187561636, 0.9797967506485513, 0.9797725281248234, 0.979852199420858, 0.9800008950948801, 0.9800986802846715, 0.9801439610932092, 0.9801033284966802, 0.9800635124779368], "Valid": []}, "eer_val": {"Train": [0.14511278195516186, 0.14611528822055192, 0.14536340852022323, 0.12957393483657229, 0.1555137844611529, 0.10576441102756845, 0.11829573934777045, 0.11190476190476185, 0.10426065162907404, 0.0883458646619017, 0.09097744360881074, 0.0979949874686716, 0.08270676691729327, 0.08395989974937348, 0.08045112781955244, 0.07205513784461244, 0.07493734335838635, 0.07105263157905926, 0.07155388471320366, 0.0699248120302095, 0.06929824561403113, 0.06892230576440915, 0.06867167919699774, 0.06879699248119886, 0.06842105263292375, 0.06804511278202478, 0.06804511278195519, 0.06817042606504647, 0.06829573934837173, 0.06817042606469566], "Valid": []}, "thres": {"Train": [-0.0620505847037084, -0.027196139097213752, -0.010314560495290174, -0.0019408442312844698, -0.0018862859578803182, -0.011684187687933433, -0.030216084793167775, -0.05947504565119743, -0.11103452742099787, -0.17325460910803728, -0.23168402910232014, -0.3276546001434326, -0.2791937589645386, -0.2828359305858612, -0.33215659856796453, -0.3302502930164345, -0.365486532449719, -0.36875212192541656, -0.3752155005940776, -0.39922523498536205, -0.4105238318443241, -0.4195635914802526, -0.4209030866617197, -0.42409235239028764, -0.42466890812130004, -0.42514958977704365, -0.4250164031982424, -0.4233015477656046, -0.42502352595329296, -0.426606565713826], "Valid": []}, "acc_val": {"Train": [0.8548872180451128, 0.8538220551378446, 0.8546992481203007, 0.8703007518796992, 0.8445488721804512, 0.894298245614035, 0.8817042606516291, 0.8881578947368421, 0.8956766917293233, 0.9115914786967418, 0.9089598997493734, 0.9020676691729324, 0.9172305764411027, 0.9160401002506265, 0.9194862155388471, 0.9278822055137844, 0.925125313283208, 0.9288847117794486, 0.9284461152882205, 0.9300125313283208, 0.9307644110275689, 0.9311403508771929, 0.931328320802005, 0.931265664160401, 0.9315162907268171, 0.9318922305764411, 0.9318922305764411, 0.9318295739348371, 0.931641604010025, 0.9318295739348371], "Valid": []}, "f1_val": {"Train": [0.8548872180451128, 0.8538128955448336, 0.8546901434927, 0.8702682376535472, 0.8445391315245315, 0.8942916222820979, 0.8816894347662615, 0.8881508866470329, 0.8956701547716023, 0.9115859389686071, 0.9089427837312778, 0.9020615326774861, 0.9172253900620339, 0.9160401002506265, 0.9194811704994047, 0.9278776865718403, 0.9251206215928317, 0.9288802556551162, 0.9284461152882205, 0.9300081458738015, 0.9307600726862585, 0.931136036092487, 0.9313197142499059, 0.9312613572278965, 0.9315119994987154, 0.9318879629049438, 0.9318879629049438, 0.9318210302042862, 0.931637320634125, 0.9318210302042862], "Valid": []}}