{"roc_val": {"Train": [0.917914617370494], "Valid": []}, "eer_val": {"Train": [0.15000000000032196], "Valid": []}, "thres": {"Train": [-0.0879947841168509], "Valid": []}, "acc_val": {"Train": [0.849937343358396], "Valid": []}, "f1_val": {"Train": [0.8499279403471396], "Valid": []}}