{"roc_val": {"Train": [0.900248490901439, 0.9080186917795743, 0.9104544883512037, 0.8965516234194508, 0.9058710215388093, 0.9351805736144875, 0.9526662677998254, 0.9565497154540487, 0.9585757627150584, 0.9440978307297065, 0.9574393376926024, 0.9547385223710905, 0.9608663262165439, 0.9663341310670159, 0.9672232429444538, 0.9674057245243435, 0.9676233110972923, 0.9697947955728922, 0.9688895013222277, 0.9710583633268636, 0.9710589286499457, 0.9712312265626474, 0.9718576987581737, 0.9719030188252586, 0.9720083966181117, 0.9721033787476208, 0.9721419306411392, 0.9722555527289403, 0.9722743340180025, 0.9722699920226631], "Valid": []}, "eer_val": {"Train": [0.17418546365891546, 0.16365914787062136, 0.15927318295739312, 0.17694235589003013, 0.1695488721804874, 0.12756892230682815, 0.11102756892214037, 0.10325814536288909, 0.10075187969789771, 0.11741854636591456, 0.10551378446115268, 0.10914786967368739, 0.1006265664160401, 0.0928571428571431, 0.09022556391010078, 0.09022556391010503, 0.08847117794493922, 0.08721804511327283, 0.08759398496239422, 0.08508771929879451, 0.08471177944843261, 0.0854636591473872, 0.08483709273020178, 0.08458646616601123, 0.08433583959899733, 0.08408521303217042, 0.08433583959894465, 0.08433583959898021, 0.08383458646615986, 0.08408521303295141], "Valid": []}, "thres": {"Train": [-0.07902016490697851, -0.040577661246117384, -0.021577380597591376, -0.010015983134511495, -0.00402082735672601, -0.004254367202528189, -0.011546623893077935, -0.03603295981883346, -0.07664061337693225, -0.07572297751903528, -0.15555202960968018, -0.18073096871375557, -0.20852462947368622, -0.2917209963003795, -0.3006522357464374, -0.3042711317540135, -0.3412969410420402, -0.35382446646710697, -0.3592766821384426, -0.38043776154539394, -0.3907123357056821, -0.3779852688309422, -0.3796605467795482, -0.38089421391509437, -0.3821096221605935, -0.381144642829436, -0.3801261335610779, -0.38115063309664104, -0.38201447327931404, -0.381039172411473], "Valid": []}, "acc_val": {"Train": [0.8256265664160402, 0.8363408521303258, 0.8407894736842105, 0.8230576441102757, 0.8303884711779449, 0.8724310776942356, 0.8890350877192983, 0.8967418546365915, 0.8992481203007519, 0.8826441102756892, 0.8945488721804511, 0.8907894736842106, 0.8993734335839599, 0.9072055137844611, 0.9097117794486216, 0.9097744360902256, 0.9114661654135339, 0.9129699248120301, 0.912468671679198, 0.9149122807017543, 0.9153508771929825, 0.9145363408521303, 0.9152255639097744, 0.9154135338345865, 0.9157268170426065, 0.9159774436090226, 0.9156641604010025, 0.9157268170426065, 0.9162280701754386, 0.9158521303258146], "Valid": []}, "f1_val": {"Train": [0.8255719210278909, 0.8363408521303258, 0.840779497462247, 0.8230576441102757, 0.8303778432232595, 0.8724310776942357, 0.8890281345948994, 0.8967289133976689, 0.8992354931695702, 0.8826367566890156, 0.8945422645529169, 0.8907689415303628, 0.8993608221581653, 0.907199699229275, 0.9097061219374649, 0.9097744360902256, 0.9114606178331975, 0.9129862807742904, 0.9124631869164735, 0.9149122807017543, 0.9153455730308917, 0.9145363408521303, 0.9152202518954822, 0.9154135338345863, 0.9157215364371201, 0.9159721787079391, 0.9156641604010025, 0.9157215364371201, 0.9162228209787582, 0.9158468575725295], "Valid": []}}