{"roc_val": {"Train": [0.902270054836339], "Valid": []}, "eer_val": {"Train": [0.18007518796992394], "Valid": []}, "thres": {"Train": [-0.2109233811497686], "Valid": []}, "acc_val": {"Train": [0.8199874686716792], "Valid": []}, "f1_val": {"Train": [0.8199761889842723], "Valid": []}}