{"roc_val": {"Train": [0.8466012697784561], "Valid": []}, "eer_val": {"Train": [0.23345864661654173], "Valid": []}, "thres": {"Train": [-0.03274798393249513], "Valid": []}, "acc_val": {"Train": [0.7664786967418546], "Valid": []}, "f1_val": {"Train": [0.7664640641644215], "Valid": []}}