{"roc_val": {"Train": [0.7661218810392731, 0.7635535519737802, 0.912726679724932, 0.9344800877158086, 0.944926329154828, 0.9478515480779364, 0.9476539475952481, 0.9495586091726114, 0.9379441755670157, 0.9498592659593847, 0.9494353826992992, 0.9489283419841723, 0.9504455112300384, 0.9491986274862874, 0.9493331054592762, 0.9516881969264571, 0.9516963705560197, 0.9505110084456476, 0.951227992530756, 0.9517865675048105, 0.9516364436920762, 0.9520037833025895, 0.9518610488208825, 0.951808833208055, 0.951800647364722, 0.9518214631189501, 0.951812465932305, 0.9518340808160753, 0.9518105632013756], "Valid": []}, "eer_val": {"Train": [0.3202589807852966, 0.3198830409357438, 0.16553884711783018, 0.1339598997493734, 0.1137009189645388, 0.10442773600676579, 0.10827067669108671, 0.10329991645781435, 0.12589807852967483, 0.10066833750899586, 0.10325814536340835, 0.10751879699245619, 0.1014619883054821, 0.10355054302514843, 0.10359231411858201, 0.09949874686716906, 0.09974937343354726, 0.10263157894821841, 0.10066833751042358, 0.09958228905714439, 0.09995822890530373, 0.09979114452714284, 0.10000000000039819, 0.09995822890609948, 0.09991645781049738, 0.09991645781130647, 0.09999999999995428, 0.09987468671683646, 0.09983291562250572], "Valid": []}, "thres": {"Train": [-0.5063517987728119, -0.21489767730236783, -0.059432875365024104, -0.15460886557896933, -0.17760784924050327, -0.16304692626001213, -0.17847713828073283, -0.19319395720958807, -0.18067149817943803, -0.1698371767995056, -0.17151646812756854, -0.20470212399958596, -0.19284817576440186, -0.1867922097445034, -0.19968937337398482, -0.17901095747947746, -0.186136528849596, -0.188215583563307, -0.18946439027785913, -0.18618452548981382, -0.18459546565998491, -0.18671174347389438, -0.18660002946887402, -0.18663321435465963, -0.18709479272341095, -0.18641002476227442, -0.1860607117414452, -0.18596610426904606, -0.1859885305166364], "Valid": []}, "acc_val": {"Train": [0.6797619047619048, 0.6800960735171262, 0.8344402673350042, 0.8660818713450292, 0.8862990810359231, 0.8955722639933166, 0.8917293233082707, 0.8966791979949875, 0.8741019214703425, 0.8993316624895572, 0.8967418546365915, 0.8925020885547201, 0.8985588972431078, 0.8964494569757727, 0.8964285714285715, 0.9004803675856308, 0.9002715121136173, 0.8973684210526316, 0.8993107769423558, 0.9003968253968254, 0.9000208855472014, 0.9002088554720133, 0.9, 0.900062656641604, 0.9000835421888054, 0.9000835421888054, 0.9000208855472014, 0.9001044277360066, 0.9001461988304094], "Valid": []}, "f1_val": {"Train": [0.6797552162743583, 0.6800893920090226, 0.8344368094571732, 0.8660762772045616, 0.8862990810359231, 0.8955722639933166, 0.8917248005346924, 0.8966770400384303, 0.8741019214703425, 0.8993274572872718, 0.8967418546365915, 0.8924998433551243, 0.8985610158517993, 0.8964494569757727, 0.8964264082374318, 0.9004782890202385, 0.9002694291860732, 0.8973684210526317, 0.8993044676984773, 0.9003947450865725, 0.9000146207991311, 0.9002046869125694, 0.9, 0.9000647438441134, 0.9000793683946697, 0.9000835421888054, 0.9000187973850748, 0.9001023413187409, 0.900144113285574], "Valid": []}}