{"roc_val": {"Train": [0.8658766276593739, 0.8753879058548628, 0.8547381611924549, 0.8726448718915082, 0.9384000807155732, 0.9497222065188035, 0.9526148626578979, 0.9593561833782451, 0.9606505298333553, 0.9667084691679073, 0.9656890974302924, 0.9675663626484758, 0.9673071777187329, 0.9698641261675492, 0.9701228007361763, 0.971247432491002, 0.9714626007374325, 0.971462176745121, 0.9717382899604903, 0.9717662891564751, 0.9717718795736208, 0.9718753651044906, 0.9718621114188982, 0.9718511504324723, 0.9718586174081821, 0.9718631478445487, 0.97183386096821, 0.9718392786477472, 0.9718541733406197, 0.9718529877324891], "Valid": []}, "eer_val": {"Train": [0.21766917293181823, 0.20802005012531638, 0.23107769423558897, 0.20989974937371347, 0.12406015037589802, 0.10864661654110884, 0.09862155388338822, 0.09160401002434888, 0.09135338345864659, 0.08646616541305274, 0.08646616541353108, 0.08659147869728656, 0.08458646616544986, 0.08007518796992923, 0.07781954887289332, 0.07844611528822017, 0.07744360902263066, 0.07694235588972462, 0.0765664160398905, 0.07606516290674298, 0.07619047619037672, 0.07568922305764494, 0.07593984962406165, 0.07581453634093444, 0.07581453634087945, 0.07593984962449546, 0.07593984962406015, 0.07606516290687043, 0.07631578947260267, 0.07619047619047746], "Valid": []}, "thres": {"Train": [-0.13409635424610142, -0.06788741052150737, -0.0480538085103035, -0.03651243448258233, -0.02423235960304527, -0.034960899502035965, -0.057607505470463304, -0.09665123373264653, -0.1433693766593933, -0.19245861470698167, -0.2560571968555435, -0.2893979847431855, -0.3257286489010002, -0.3383691708246942, -0.3386442065246516, -0.34572814404964414, -0.3586433529854177, -0.36007732152938854, -0.3628869950770967, -0.3652850091453064, -0.36795192956915435, -0.3683313727378846, -0.36949861049652305, -0.36956140398987514, -0.37001105149587865, -0.3703851302465883, -0.36943498253822327, -0.37006005644766754, -0.37095201015450946, -0.3705479701360077], "Valid": []}, "acc_val": {"Train": [0.7823934837092732, 0.7920426065162908, 0.768922305764411, 0.7901002506265664, 0.8760025062656641, 0.8914160401002507, 0.9014411027568923, 0.9084586466165413, 0.9087092731829574, 0.9134085213032581, 0.9135338345864662, 0.9134085213032581, 0.9153508771929825, 0.9199248120300751, 0.9221804511278195, 0.9215538847117795, 0.9225563909774436, 0.9229949874686717, 0.9234335839598997, 0.9237468671679198, 0.9238095238095239, 0.9242481203007519, 0.9241228070175439, 0.9241854636591479, 0.9241228070175439, 0.9241228070175439, 0.9238721804511278, 0.9239348370927318, 0.9237468671679198, 0.9238095238095239], "Valid": []}, "f1_val": {"Train": [0.7823798483614263, 0.7920295757879566, 0.7688933450307056, 0.7901002506265664, 0.8759947365123129, 0.8914092361676798, 0.9014349270004386, 0.9084529105833699, 0.9087035528541888, 0.9133868137377787, 0.9135338345864662, 0.9134085213032581, 0.9153561806904329, 0.9199248120300751, 0.9221804511278195, 0.9215538847117795, 0.9225563909774436, 0.9229901622908705, 0.9234239879684171, 0.9237229708555311, 0.9237999749342023, 0.9242433736449652, 0.9241180525095558, 0.9241854636591479, 0.9241275609297662, 0.9241180525095558, 0.9238483234095896, 0.9239253039227974, 0.9237420891033272, 0.9238095238095239], "Valid": []}}