{"roc_val": {"Train": [0.8668062386542797], "Valid": []}, "eer_val": {"Train": [0.2248120300755719], "Valid": []}, "thres": {"Train": [-0.12091980874539884], "Valid": []}, "acc_val": {"Train": [0.775187969924812], "Valid": []}, "f1_val": {"Train": [0.7751879699248119], "Valid": []}}