{"roc_val": {"Train": [0.9161018382422221], "Valid": []}, "eer_val": {"Train": [0.15413533834585846], "Valid": []}, "thres": {"Train": [-0.07489848136901797], "Valid": []}, "acc_val": {"Train": [0.8458646616541353], "Valid": []}, "f1_val": {"Train": [0.8458453440280737], "Valid": []}}