{"roc_val": {"Train": [0.9360152495901408], "Valid": []}, "eer_val": {"Train": [0.13032581453634087], "Valid": []}, "thres": {"Train": [-0.4599016457796097], "Valid": []}, "acc_val": {"Train": [0.8697368421052631], "Valid": []}, "f1_val": {"Train": [0.8697286797418384], "Valid": []}}