{"roc_val": {"Train": [0.7777292385098082], "Valid": []}, "eer_val": {"Train": [0.31278195488720106], "Valid": []}, "thres": {"Train": [-0.10888886451721014], "Valid": []}, "acc_val": {"Train": [0.6872807017543859], "Valid": []}, "f1_val": {"Train": [0.6872611065856258], "Valid": []}}