{"roc_val": {"Train": [0.7106113890616265, 0.7381136896125026, 0.7450136933813231, 0.7582222944579494, 0.7685506922067072, 0.7942818198378151, 0.8272259046739656, 0.8633571475681686, 0.8726717404413288, 0.8810435471510858, 0.9074546014158202, 0.9127967475078672, 0.9225314146896062, 0.9061433973404688, 0.9344927324577107, 0.9343106120564569, 0.9372204477358811, 0.9347715231060106, 0.9416707024453363, 0.9414428929466523, 0.9426166921062052, 0.9432366709379966, 0.9435035348396054, 0.9438962066821189, 0.9438624914416368, 0.9440184028366656, 0.9440961504638791, 0.9441797633180695, 0.9442124813914485, 0.9442192731201438], "Valid": []}, "eer_val": {"Train": [0.35877192982325884, 0.3344611528825445, 0.32731829573906984, 0.31541353383458615, 0.3086466165413535, 0.2822055137844611, 0.24812030075182825, 0.21365914786954418, 0.2055137844606944, 0.19774436090181474, 0.1615288220551379, 0.155639097744036, 0.1493734335848549, 0.16904761904772153, 0.13370927318295717, 0.1357142857134001, 0.13045112781947735, 0.13496240601502085, 0.12456140350911073, 0.12631578947391423, 0.12330827067656361, 0.12280701754373494, 0.1215538847117794, 0.12055137844612687, 0.12017543859646022, 0.1192982456146134, 0.11942355889707358, 0.11904761904658513, 0.11854636591509857, 0.11892230576441111], "Valid": []}, "thres": {"Train": [-0.1647668033837696, -0.0712185055017702, -0.03685960173606642, -0.015122928656637663, -0.010128112820287546, -0.01286057848483324, -0.016095718741415844, -0.028220010921355745, -0.06102927774189991, -0.08837960660454253, -0.16677241027355197, -0.24815668165673385, -0.31480345130009285, -0.3538847863674822, -0.3753053247928618, -0.3817008435720487, -0.40773227810854445, -0.39524611830711015, -0.4094373881819817, -0.421127200126721, -0.4230471551418069, -0.43089830875391605, -0.4297894239425659, -0.4323435127735219, -0.4315173625945626, -0.43103677034384996, -0.43203130364417996, -0.43160355090962227, -0.4320350587369257, -0.4316453238328299], "Valid": []}, "acc_val": {"Train": [0.6412907268170426, 0.6655388471177945, 0.6727443609022556, 0.6846491228070175, 0.6914160401002506, 0.7177944862155389, 0.7520676691729323, 0.7863408521303258, 0.7944862155388471, 0.8021303258145364, 0.8384085213032582, 0.8444235588972431, 0.8506265664160401, 0.8308897243107769, 0.8662907268170426, 0.8642857142857143, 0.8696115288220552, 0.8651002506265664, 0.875375939849624, 0.8736842105263158, 0.8767543859649123, 0.8772556390977444, 0.8785087719298246, 0.8793859649122807, 0.8798872180451128, 0.8806390977443609, 0.8805764411027569, 0.880827067669173, 0.8813909774436091, 0.881203007518797], "Valid": []}, "f1_val": {"Train": [0.641268249890344, 0.6655388471177945, 0.6727238548781252, 0.6846293627420263, 0.6913967040541388, 0.7177591176839203, 0.7520210565895845, 0.7863140744454191, 0.7944604587040982, 0.80208072198546, 0.8383983958894667, 0.8444138103891222, 0.8506265664160401, 0.8308791277648975, 0.8662907268170424, 0.8642687053515478, 0.869603358606429, 0.8650917977316874, 0.8753681308352653, 0.8736842105263158, 0.8767466633247697, 0.8772479478664076, 0.8785011592205025, 0.879378407168369, 0.8798796917100069, 0.8806316185224637, 0.8805614738689058, 0.8807971922787666, 0.8813835453349207, 0.8811881188118812], "Valid": []}}