{"('', 'cut_off_freq')":{"0":33},"('Window Size', 125)":{"0":0.2131223211},"('Window Size', 250)":{"0":0.1656021291},"('Window Size', 500)":{"0":0.1457831325},"('Window Size', 750)":{"0":0.1344444444},"('Window Size', 1000)":{"0":0.1356368564},"('Window Size', 1250)":{"0":0.1399305556},"('Window Size', 1500)":{"0":0.1267489712},"('Window Size', 1750)":{"0":0.1321256039},"('Window Size', 2000)":{"0":0.1330555556},"('', 'mean')":{"0":0.1473832855},"('', 'var')":{"0":0.0007351123}}