{"window_size":{"0":125,"1":250,"2":500,"3":750,"4":1000,"5":1250,"6":1500,"7":1750,"8":2000},"step_width":{"0":62,"1":125,"2":250,"3":375,"4":500,"5":625,"6":750,"7":875,"8":1000},"Mean_EER":{"0":0.2122156281,"1":0.1662674651,"2":0.1490629183,"3":0.1323232323,"4":0.1314363144,"5":0.1352430556,"6":0.1251028807,"7":0.1268115942,"8":0.1322222222},"median_n_neighbors":{"0":8,"1":13,"2":14,"3":14,"4":14,"5":13,"6":12,"7":9,"8":10},"median_contamination":{"0":0.0429142857,"1":0.0449530612,"2":0.0490306122,"3":0.0510693878,"4":0.0490306122,"5":0.0531081633,"6":0.0469918367,"7":0.0510693878,"8":0.0531081633},"cut_off_freq":{"0":37,"1":37,"2":37,"3":37,"4":37,"5":37,"6":37,"7":37,"8":37}}