{"('', 'cut_off_freq')":{"0":28},"('', 'SMA_winsize')":{"0":6},"('Window Size', 125)":{"0":0.2151665018},"('Window Size', 250)":{"0":0.1615768463},"('Window Size', 500)":{"0":0.1481258367},"('Window Size', 750)":{"0":0.1335353535},"('Window Size', 1000)":{"0":0.133604336},"('Window Size', 1250)":{"0":0.1317708333},"('Window Size', 1500)":{"0":0.1220164609},"('Window Size', 1750)":{"0":0.1248792271},"('Window Size', 2000)":{"0":0.1383333333},"('', 'mean')":{"0":0.1454454143},"('', 'var')":{"0":0.0008274948}}