{"('', 'cut_off_freq')":{"0":37},"('Window Size', 125)":{"0":0.2122156281},"('Window Size', 250)":{"0":0.1662674651},"('Window Size', 500)":{"0":0.1490629183},"('Window Size', 750)":{"0":0.1323232323},"('Window Size', 1000)":{"0":0.1314363144},"('Window Size', 1250)":{"0":0.1352430556},"('Window Size', 1500)":{"0":0.1251028807},"('Window Size', 1750)":{"0":0.1268115942},"('Window Size', 2000)":{"0":0.1322222222},"('', 'mean')":{"0":0.1456317012},"('', 'var')":{"0":0.0007891273}}