{"('', 'cut_off_freq')":{"0":40},"('', 'EMA_span')":{"0":3},"('Window Size', 125)":{"0":0.2848499835},"('Window Size', 250)":{"0":0.2386892881},"('Window Size', 500)":{"0":0.2107095047},"('Window Size', 750)":{"0":0.198989899},"('Window Size', 1000)":{"0":0.195799458},"('Window Size', 1250)":{"0":0.1876736111},"('Window Size', 1500)":{"0":0.1648148148},"('Window Size', 1750)":{"0":0.1637681159},"('Window Size', 2000)":{"0":0.1869444444},"('', 'mean')":{"0":0.2035821244},"('', 'var')":{"0":0.0014484236}}