{"window_size":{"0":125,"1":250,"2":500,"3":750,"4":1000,"5":1250,"6":1500,"7":1750,"8":2000},"step_width":{"0":62,"1":125,"2":250,"3":375,"4":500,"5":625,"6":750,"7":875,"8":1000},"Mean_EER":{"0":0.2600560501,"1":0.2037258816,"2":0.1830655957,"3":0.1625252525,"4":0.1588075881,"5":0.1661458333,"6":0.1403292181,"7":0.1388888889,"8":0.1527777778},"median_n_neighbors":{"0":10,"1":13,"2":15,"3":12,"4":14,"5":12,"6":12,"7":9,"8":11},"median_contamination":{"0":0.0490306122,"1":0.0510693878,"2":0.0490306122,"3":0.0490306122,"4":0.0469918367,"5":0.0469918367,"6":0.0490306122,"7":0.0449530612,"8":0.0408755102},"cut_off_freq":{"0":20,"1":20,"2":20,"3":20,"4":20,"5":20,"6":20,"7":20,"8":20},"EMA_span":{"0":4,"1":4,"2":4,"3":4,"4":4,"5":4,"6":4,"7":4,"8":4}}