{"window_size":{"0":125,"1":250,"2":500,"3":750,"4":1000,"5":1250,"6":1500,"7":1750,"8":2000},"step_width":{"0":123,"1":247,"2":495,"3":742,"4":990,"5":1237,"6":1485,"7":1732,"8":1980},"Mean_EER":{"0":0.2179738562,"1":0.1992156863,"2":0.1535714286,"3":0.1498015873,"4":0.1526455026,"5":0.1590277778,"6":0.1694444444,"7":0.1810185185,"8":0.2022222222},"median_n_neighbors":{"0":6,"1":7,"2":10,"3":10,"4":7,"5":8,"6":9,"7":5,"8":7},"median_contamination":{"0":0.0531081633,"1":0.0449530612,"2":0.0490306122,"3":0.0520887755,"4":0.0510693878,"5":0.0510693878,"6":0.0490306122,"7":0.0531081633,"8":0.0490306122},"overlap":{"0":0.01,"1":0.01,"2":0.01,"3":0.01,"4":0.01,"5":0.01,"6":0.01,"7":0.01,"8":0.01}}