{"('', 'overlap')":{"0":0.01},"('Window Size', 125)":{"0":0.2179738562},"('Window Size', 250)":{"0":0.1992156863},"('Window Size', 500)":{"0":0.1535714286},"('Window Size', 750)":{"0":0.1498015873},"('Window Size', 1000)":{"0":0.1526455026},"('Window Size', 1250)":{"0":0.1590277778},"('Window Size', 1500)":{"0":0.1694444444},"('Window Size', 1750)":{"0":0.1810185185},"('Window Size', 2000)":{"0":0.2022222222},"('', 'mean')":{"0":0.176102336},"('', 'var')":{"0":0.0006349163}}