{"('', 'overlap')":{"0":0.73},"('Window Size', 125)":{"0":0.2075390556},"('Window Size', 250)":{"0":0.1662365591},"('Window Size', 500)":{"0":0.1389619883},"('Window Size', 750)":{"0":0.1349284928},"('Window Size', 1000)":{"0":0.1451111111},"('Window Size', 1250)":{"0":0.1329566855},"('Window Size', 1500)":{"0":0.1348072562},"('Window Size', 1750)":{"0":0.1237127371},"('Window Size', 2000)":{"0":0.1287037037},"('', 'mean')":{"0":0.1458841766},"('', 'var')":{"0":0.0006825806}}