{"('', 'mean rank')":{"0":5,"1":9,"2":10,"3":4,"4":5,"5":2,"6":7,"7":3,"8":8,"9":1,"10":11},"('', 'cut_off_freq')":{"0":"-","1":37,"2":33,"3":"-","4":"-","5":"-","6":"-","7":41,"8":40,"9":43,"10":26},"('', 'EMA_span')":{"0":"-","1":"-","2":"-","3":49,"4":1,"5":"-","6":"-","7":48,"8":3,"9":"-","10":"-"},"('', 'SMA_winsize')":{"0":"-","1":"-","2":"-","3":"-","4":"-","5":49,"6":1,"7":"-","8":"-","9":34,"10":2},"('', 'type')":{"0":"None","1":"Naive","2":"Real","3":"Naive","4":"Real","5":"Naive","6":"Real","7":"Naive","8":"Real","9":"Naive","10":"Real"},"('Window Size', 125)":{"0":0.0,"1":-1.8384038381,"2":-1.6268664523,"3":-35.3335415812,"4":0.0,"5":-32.1184642863,"6":0.1317785531,"7":-34.512168615,"8":-3.0892208016,"9":-26.9610884856,"10":-4.5756540399},"('Window Size', 250)":{"0":0.0,"1":-3.2722572416,"2":-0.5195178679,"3":-7.9291057901,"4":0.0,"5":-4.9441861643,"6":-0.1369559656,"7":-8.4705534603,"8":-2.3790273513,"9":-4.7986779527,"10":-2.4200846463},"('Window Size', 500)":{"0":0.0,"1":-1.7756155703,"2":3.2530575561,"3":-4.2769480579,"4":0.0,"5":0.4604119307,"6":0.096258919,"7":-4.2313809991,"8":1.5247733352,"9":1.2945943595,"10":-0.5424818155},"('Window Size', 750)":{"0":0.0,"1":-0.7904391612,"2":-4.4731330037,"3":-2.1967159242,"4":0.0,"5":0.2166643537,"6":0.2006784152,"7":-1.5436616809,"8":-3.3982602584,"9":9.9752118532,"10":-6.7063401157},"('Window Size', 1000)":{"0":0.0,"1":-2.2652836938,"2":-0.4186023724,"3":5.7626885352,"4":0.0,"5":14.157263863,"6":0.0,"7":7.0252992458,"8":-2.4310804588,"9":13.8884982093,"10":-0.3499321649},"('Window Size', 1250)":{"0":0.0,"1":-9.6654529918,"2":-8.7438371641,"3":5.11300283,"4":0.0,"5":8.2947498366,"6":0.0,"7":6.4788408606,"8":-5.5939617092,"9":5.9557000484,"10":-8.0892470396},"('Window Size', 1500)":{"0":0.0,"1":-2.9291032221,"2":-5.4883426858,"3":14.3536896476,"4":0.0,"5":19.4991774787,"6":0.0,"7":15.3847070214,"8":-4.59125178,"9":21.2478936144,"10":-3.9621694098},"('Window Size', 1750)":{"0":0.0,"1":-4.8539173963,"2":-6.8082406475,"3":13.6525518749,"4":0.0,"5":20.4827829945,"6":0.0,"7":15.3801698811,"8":-5.8203911669,"9":17.8647174605,"10":-7.6854503847},"('Window Size', 2000)":{"0":0.0,"1":-4.4993452703,"2":-6.5199335478,"3":15.049508523,"4":0.0,"5":16.3917528723,"6":-0.3353768479,"7":13.7385646381,"8":-2.7933280353,"9":16.4571737198,"10":-5.9953182298},"('', 'mean')":{"0":0.0,"1":-3.65518048,"2":-3.7016149677,"3":2.4495764136,"4":0.0,"5":6.7901652416,"6":-0.0123830398,"7":3.0232694134,"8":-3.2467206519,"9":7.9541912084,"10":-4.5511444852},"('', 'variance')":{"0":0.0,"1":-21.5465164564,"2":-37.7619056979,"3":91.1518626033,"4":0.0,"5":91.2880537772,"6":-0.7410124448,"7":91.4454086697,"8":-17.4178832164,"9":90.1329277526,"10":-22.1514942401}}