{"roc_val": {"Train": [0.8801728946426216], "Valid": []}, "eer_val": {"Train": [0.20764411027568916], "Valid": []}, "thres": {"Train": [-0.3764658272266388], "Valid": []}, "acc_val": {"Train": [0.7924185463659148], "Valid": []}, "f1_val": {"Train": [0.7924055391941851], "Valid": []}}