{"roc_val": {"Train": [0.9429175853166751], "Valid": []}, "eer_val": {"Train": [0.118295739348188], "Valid": []}, "thres": {"Train": [-0.3637174020209743], "Valid": []}, "acc_val": {"Train": [0.8817669172932331], "Valid": []}, "f1_val": {"Train": [0.8817595087411492], "Valid": []}}