{"roc_val": {"Train": [0.9354753896018242], "Valid": []}, "eer_val": {"Train": [0.12919799498746923], "Valid": []}, "thres": {"Train": [-0.5092630982398989], "Valid": []}, "acc_val": {"Train": [0.8707393483709274], "Valid": []}, "f1_val": {"Train": [0.8707312488251143], "Valid": []}}