{"roc_val": {"Train": [0.8617364369570542], "Valid": []}, "eer_val": {"Train": [0.22731829574082005], "Valid": []}, "thres": {"Train": [-0.16967712342762423], "Valid": []}, "acc_val": {"Train": [0.7726190476190476], "Valid": []}, "f1_val": {"Train": [0.7726047997994862], "Valid": []}}