{"roc_val": {"Train": [0.8589480750749052, 0.860055503734273, 0.8672827117920114, 0.8696151563118324, 0.8816445012908211, 0.8806897412704693, 0.8920375814222273, 0.9029088934742873, 0.9154177894611215, 0.9193988417158184, 0.9345568259621486, 0.9217939585806623, 0.9293912255576285, 0.924471344401103, 0.9340379378898374, 0.933962098228026, 0.9381192486228102, 0.9397169223183274, 0.9405060976375776, 0.940311673607578, 0.940556042361543, 0.9406245249715769, 0.9405713688984366, 0.940685297202907, 0.9407818575260206, 0.9408574145262907, 0.9406838367849448, 0.940841043712037, 0.9407556171129579, 0.9406574079308547], "Valid": []}, "eer_val": {"Train": [0.22080200501088104, 0.2175438596487908, 0.2096491228068518, 0.20751879699335116, 0.19573934837065796, 0.19498746867116504, 0.18233082706785497, 0.172180451127586, 0.15363408521445993, 0.14812030075186777, 0.1281954887198988, 0.14423558897243122, 0.13245614035087713, 0.13972431077698508, 0.13145363408504737, 0.13258145363408533, 0.12656641603940938, 0.1256892230576436, 0.12355889724310762, 0.12418546365850905, 0.12293233082560492, 0.12167919799498784, 0.12130325814568918, 0.12117794486215396, 0.1206766917293227, 0.12030075187970422, 0.12030075187970286, 0.12092731829588661, 0.12142857142833163, 0.12142857142846573], "Valid": []}, "thres": {"Train": [-0.10323274135572773, -0.05366931483148412, -0.025292113423337585, -0.010641791857787379, -0.005553756374864542, -0.007294380106029906, -0.011297825723888634, -0.03625832125543874, -0.07083833962681481, -0.10065597295761018, -0.23492664098698834, -0.17803937693436944, -0.30310001969337463, -0.2660263776779479, -0.296041339635843, -0.30797030031681066, -0.3218308389179733, -0.31285059452056885, -0.3150171637535095, -0.33182528614975537, -0.339316427706473, -0.3428277671337129, -0.34556829929378785, -0.34663802385330167, -0.3476686179637908, -0.3469893833001468, -0.34743756055831954, -0.34776666760445407, -0.34768965840333144, -0.34839886426921973], "Valid": []}, "acc_val": {"Train": [0.7792606516290727, 0.7824561403508772, 0.7902882205513785, 0.7924812030075188, 0.8042606516290727, 0.8050125313283208, 0.8176065162907268, 0.8277568922305765, 0.8463032581453634, 0.8519423558897243, 0.8718671679197995, 0.8558270676691729, 0.8676065162907268, 0.8602130325814537, 0.868546365914787, 0.8674812030075187, 0.8734962406015038, 0.8743734335839599, 0.8765037593984962, 0.8757518796992482, 0.8770676691729323, 0.8782581453634085, 0.8787593984962406, 0.8788847117794486, 0.8793859649122807, 0.8797619047619047, 0.8796365914786968, 0.8790100250626567, 0.8786340852130325, 0.8786340852130325], "Valid": []}, "f1_val": {"Train": [0.7792468199761889, 0.7824288757989722, 0.7902487936328884, 0.7924812030075188, 0.8042361198145133, 0.8049880937460835, 0.8175950874114918, 0.8277245096196026, 0.8462936274202645, 0.8519330785136913, 0.8718591390437997, 0.8558180337113854, 0.8675982204398771, 0.8602042734507176, 0.8685298909637799, 0.8674728993044677, 0.8734883138041231, 0.8743655617519893, 0.8764960210539507, 0.8757285203985711, 0.8770522621882442, 0.8782505169496837, 0.8787669945492137, 0.878877122626731, 0.879378407168369, 0.8797543705745974, 0.8796290494391878, 0.8790024437621404, 0.878626480355912, 0.878626480355912], "Valid": []}}