{"window_size":{"0":125,"1":250,"2":500,"3":750,"4":1000,"5":125,"6":250,"7":500,"8":750,"9":1000,"10":125,"11":250,"12":500,"13":750,"14":1000,"15":125,"16":250,"17":500,"18":750,"19":1000},"step_width":{"0":62,"1":125,"2":250,"3":375,"4":500,"5":62,"6":125,"7":250,"8":375,"9":500,"10":62,"11":125,"12":250,"13":375,"14":500,"15":62,"16":125,"17":250,"18":375,"19":500},"Mean_EER":{"0":0.1135509397,"1":0.0755156354,"2":0.0512048193,"3":0.0427272727,"4":0.0510840108,"5":0.1022749753,"6":0.0738522954,"7":0.0593708166,"8":0.0547474747,"9":0.0470189702,"10":0.1039070227,"11":0.0796739854,"12":0.0584337349,"13":0.0826262626,"14":0.0433604336,"15":0.116534784,"16":0.072920825,"17":0.06291834,"18":0.0415151515,"19":0.0340108401},"best_n_neighbors":{"0":18,"1":17,"2":7,"3":10,"4":5,"5":19,"6":8,"7":11,"8":11,"9":8,"10":17,"11":10,"12":10,"13":8,"14":3,"15":19,"16":15,"17":7,"18":5,"19":5},"Gini_coef":{"0":0.7010323913,"1":0.8195203133,"2":0.8793464052,"3":0.8914368269,"4":0.8634541704,"5":0.7250483559,"6":0.8094394394,"7":0.8622447701,"8":0.8950389504,"9":0.9020493116,"10":0.7160840517,"11":0.8033820459,"12":0.8746722668,"13":0.8723173051,"14":0.8925,"15":0.6949702142,"16":0.8288828062,"17":0.8466903073,"18":0.8963773993,"19":0.9111553785},"scnn_archi_name":{"0":"SCNN_3_1_conv_1_dense_arg_dict_default","1":"SCNN_3_1_conv_1_dense_arg_dict_default","2":"SCNN_3_1_conv_1_dense_arg_dict_default","3":"SCNN_3_1_conv_1_dense_arg_dict_default","4":"SCNN_3_1_conv_1_dense_arg_dict_default","5":"SCNN_3_2_conv_1_dense_arg_dict_default","6":"SCNN_3_2_conv_1_dense_arg_dict_default","7":"SCNN_3_2_conv_1_dense_arg_dict_default","8":"SCNN_3_2_conv_1_dense_arg_dict_default","9":"SCNN_3_2_conv_1_dense_arg_dict_default","10":"SCNN_1_3_conv_1_dense_arg_dict_default","11":"SCNN_1_3_conv_1_dense_arg_dict_default","12":"SCNN_1_3_conv_1_dense_arg_dict_default","13":"SCNN_1_3_conv_1_dense_arg_dict_default","14":"SCNN_1_3_conv_1_dense_arg_dict_default","15":"SCNN_3_123_conv_1_dense_arg_dict_default","16":"SCNN_3_123_conv_1_dense_arg_dict_default","17":"SCNN_3_123_conv_1_dense_arg_dict_default","18":"SCNN_3_123_conv_1_dense_arg_dict_default","19":"SCNN_3_123_conv_1_dense_arg_dict_default"},"cut_off_freq":{"0":33,"1":33,"2":33,"3":33,"4":33,"5":33,"6":33,"7":33,"8":33,"9":33,"10":33,"11":33,"12":33,"13":33,"14":33,"15":33,"16":33,"17":33,"18":33,"19":33},"SMA_winsize":{"0":20,"1":20,"2":20,"3":20,"4":20,"5":20,"6":20,"7":20,"8":20,"9":20,"10":20,"11":20,"12":20,"13":20,"14":20,"15":20,"16":20,"17":20,"18":20,"19":20}}