{"window_size":{"0":125,"1":250,"2":500,"3":750,"4":1000,"5":125,"6":250,"7":500,"8":750,"9":1000,"10":125,"11":250,"12":500,"13":750,"14":1000,"15":125,"16":250,"17":500,"18":750,"19":1000},"step_width":{"0":62,"1":125,"2":250,"3":375,"4":500,"5":62,"6":125,"7":250,"8":375,"9":500,"10":62,"11":125,"12":250,"13":375,"14":500,"15":62,"16":125,"17":250,"18":375,"19":500},"Mean_EER":{"0":0.1581272667,"1":0.1026280772,"2":0.0741633199,"3":0.0616161616,"4":0.0672086721,"5":0.179195516,"6":0.1354624085,"7":0.0884872825,"8":0.1015151515,"9":0.0945799458,"10":0.1950544016,"11":0.1398536261,"12":0.1577643909,"13":0.0912121212,"14":0.0924119241,"15":0.160402242,"16":0.1076513639,"17":0.0762382865,"18":0.0694949495,"19":0.0708672087},"best_n_neighbors":{"0":6,"1":9,"2":12,"3":10,"4":11,"5":15,"6":6,"7":14,"8":4,"9":3,"10":19,"11":17,"12":9,"13":5,"14":4,"15":3,"16":5,"17":17,"18":9,"19":7},"Gini_coef":{"0":0.5374339728,"1":0.6582279849,"2":0.7818291215,"3":0.8432058288,"4":0.8609318996,"5":0.5103730962,"6":0.5972385942,"7":0.691746512,"8":0.7126257601,"9":0.7779051258,"10":0.4805499211,"11":0.6121207316,"12":0.6311554236,"13":0.7259136213,"14":0.7148256761,"15":0.5298024438,"16":0.682447466,"17":0.7356062823,"18":0.8237403101,"19":0.8329934141},"scnn_archi_name":{"0":"SCNN_3_1_conv_1_dense_arg_dict_default","1":"SCNN_3_1_conv_1_dense_arg_dict_default","2":"SCNN_3_1_conv_1_dense_arg_dict_default","3":"SCNN_3_1_conv_1_dense_arg_dict_default","4":"SCNN_3_1_conv_1_dense_arg_dict_default","5":"SCNN_3_2_conv_1_dense_arg_dict_default","6":"SCNN_3_2_conv_1_dense_arg_dict_default","7":"SCNN_3_2_conv_1_dense_arg_dict_default","8":"SCNN_3_2_conv_1_dense_arg_dict_default","9":"SCNN_3_2_conv_1_dense_arg_dict_default","10":"SCNN_1_3_conv_1_dense_arg_dict_default","11":"SCNN_1_3_conv_1_dense_arg_dict_default","12":"SCNN_1_3_conv_1_dense_arg_dict_default","13":"SCNN_1_3_conv_1_dense_arg_dict_default","14":"SCNN_1_3_conv_1_dense_arg_dict_default","15":"SCNN_3_123_conv_1_dense_arg_dict_default","16":"SCNN_3_123_conv_1_dense_arg_dict_default","17":"SCNN_3_123_conv_1_dense_arg_dict_default","18":"SCNN_3_123_conv_1_dense_arg_dict_default","19":"SCNN_3_123_conv_1_dense_arg_dict_default"},"cut_off_freq":{"0":33,"1":33,"2":33,"3":33,"4":33,"5":33,"6":33,"7":33,"8":33,"9":33,"10":33,"11":33,"12":33,"13":33,"14":33,"15":33,"16":33,"17":33,"18":33,"19":33}}