{"window_size":{"0":125,"1":250,"2":500,"3":750,"4":1000,"5":125,"6":250,"7":500,"8":750,"9":1000,"10":125,"11":250,"12":500,"13":750,"14":1000,"15":125,"16":250,"17":500,"18":750,"19":1000},"step_width":{"0":62,"1":125,"2":250,"3":375,"4":500,"5":62,"6":125,"7":250,"8":375,"9":500,"10":62,"11":125,"12":250,"13":375,"14":500,"15":62,"16":125,"17":250,"18":375,"19":500},"Mean_EER":{"0":0.1496538081,"1":0.1044244844,"2":0.0655287818,"3":0.1044444444,"4":0.0356368564,"5":0.1535773162,"6":0.1836327345,"7":0.1126506024,"8":0.1060606061,"9":0.0719512195,"10":0.216732608,"11":0.1738190286,"12":0.091231593,"13":0.1444444444,"14":0.1062330623,"15":0.1501318826,"16":0.1056886228,"17":0.0633868809,"18":0.0444444444,"19":0.095799458},"best_n_neighbors":{"0":15,"1":5,"2":17,"3":10,"4":10,"5":11,"6":17,"7":5,"8":10,"9":10,"10":18,"11":19,"12":10,"13":8,"14":4,"15":8,"16":10,"17":6,"18":8,"19":5},"Gini_coef":{"0":0.5985655186,"1":0.7176206152,"2":0.7604925661,"3":0.7373952289,"4":0.8961977186,"5":0.5919970421,"6":0.5548832528,"7":0.6636891794,"8":0.7258201058,"9":0.7869638,"10":0.479437641,"11":0.5453545986,"12":0.7016793022,"13":0.6418181818,"14":0.6985544218,"15":0.5761514342,"16":0.6832546427,"17":0.7892643435,"18":0.8583838384,"19":0.760348892},"scnn_archi_name":{"0":"SCNN_3_1_conv_1_dense_arg_dict_default","1":"SCNN_3_1_conv_1_dense_arg_dict_default","2":"SCNN_3_1_conv_1_dense_arg_dict_default","3":"SCNN_3_1_conv_1_dense_arg_dict_default","4":"SCNN_3_1_conv_1_dense_arg_dict_default","5":"SCNN_3_2_conv_1_dense_arg_dict_default","6":"SCNN_3_2_conv_1_dense_arg_dict_default","7":"SCNN_3_2_conv_1_dense_arg_dict_default","8":"SCNN_3_2_conv_1_dense_arg_dict_default","9":"SCNN_3_2_conv_1_dense_arg_dict_default","10":"SCNN_1_3_conv_1_dense_arg_dict_default","11":"SCNN_1_3_conv_1_dense_arg_dict_default","12":"SCNN_1_3_conv_1_dense_arg_dict_default","13":"SCNN_1_3_conv_1_dense_arg_dict_default","14":"SCNN_1_3_conv_1_dense_arg_dict_default","15":"SCNN_3_123_conv_1_dense_arg_dict_default","16":"SCNN_3_123_conv_1_dense_arg_dict_default","17":"SCNN_3_123_conv_1_dense_arg_dict_default","18":"SCNN_3_123_conv_1_dense_arg_dict_default","19":"SCNN_3_123_conv_1_dense_arg_dict_default"},"cut_off_freq":{"0":33,"1":33,"2":33,"3":33,"4":33,"5":33,"6":33,"7":33,"8":33,"9":33,"10":33,"11":33,"12":33,"13":33,"14":33,"15":33,"16":33,"17":33,"18":33,"19":33}}