{"window_size":{"0":125,"1":250,"2":500,"3":750,"4":1000,"5":125,"6":250,"7":500,"8":750,"9":1000,"10":125,"11":250,"12":500,"13":750,"14":1000,"15":125,"16":250,"17":500,"18":750,"19":1000},"step_width":{"0":62,"1":125,"2":250,"3":375,"4":500,"5":62,"6":125,"7":250,"8":375,"9":500,"10":62,"11":125,"12":250,"13":375,"14":500,"15":62,"16":125,"17":250,"18":375,"19":500},"Mean_EER":{"0":0.1212660732,"1":0.0823020625,"2":0.0617135207,"3":0.0442424242,"4":0.0384823848,"5":0.1055720409,"6":0.0659015303,"7":0.06291834,"8":0.0556565657,"9":0.0619241192,"10":0.1124299374,"11":0.0848303393,"12":0.0637884873,"13":0.0609090909,"14":0.0623306233,"15":0.113567425,"16":0.0761477046,"17":0.053145917,"18":0.0439393939,"19":0.0359078591},"best_n_neighbors":{"0":16,"1":14,"2":11,"3":13,"4":10,"5":19,"6":9,"7":14,"8":7,"9":7,"10":19,"11":11,"12":7,"13":5,"14":8,"15":19,"16":9,"17":17,"18":9,"19":9},"Gini_coef":{"0":0.6728294363,"1":0.7798347256,"2":0.8613882863,"3":0.8966007103,"4":0.8970266041,"5":0.7013706711,"6":0.8271636098,"7":0.8604964539,"8":0.885440613,"9":0.8842937029,"10":0.7084490062,"11":0.7837559913,"12":0.8706424158,"13":0.852717892,"14":0.8357487923,"15":0.6832680118,"16":0.8032474152,"17":0.8579904842,"18":0.9054150702,"19":0.9151781971},"scnn_archi_name":{"0":"SCNN_3_1_conv_1_dense_arg_dict_default","1":"SCNN_3_1_conv_1_dense_arg_dict_default","2":"SCNN_3_1_conv_1_dense_arg_dict_default","3":"SCNN_3_1_conv_1_dense_arg_dict_default","4":"SCNN_3_1_conv_1_dense_arg_dict_default","5":"SCNN_3_2_conv_1_dense_arg_dict_default","6":"SCNN_3_2_conv_1_dense_arg_dict_default","7":"SCNN_3_2_conv_1_dense_arg_dict_default","8":"SCNN_3_2_conv_1_dense_arg_dict_default","9":"SCNN_3_2_conv_1_dense_arg_dict_default","10":"SCNN_1_3_conv_1_dense_arg_dict_default","11":"SCNN_1_3_conv_1_dense_arg_dict_default","12":"SCNN_1_3_conv_1_dense_arg_dict_default","13":"SCNN_1_3_conv_1_dense_arg_dict_default","14":"SCNN_1_3_conv_1_dense_arg_dict_default","15":"SCNN_3_123_conv_1_dense_arg_dict_default","16":"SCNN_3_123_conv_1_dense_arg_dict_default","17":"SCNN_3_123_conv_1_dense_arg_dict_default","18":"SCNN_3_123_conv_1_dense_arg_dict_default","19":"SCNN_3_123_conv_1_dense_arg_dict_default"},"cut_off_freq":{"0":33,"1":33,"2":33,"3":33,"4":33,"5":33,"6":33,"7":33,"8":33,"9":33,"10":33,"11":33,"12":33,"13":33,"14":33,"15":33,"16":33,"17":33,"18":33,"19":33},"EMA_span":{"0":20,"1":20,"2":20,"3":20,"4":20,"5":20,"6":20,"7":20,"8":20,"9":20,"10":20,"11":20,"12":20,"13":20,"14":20,"15":20,"16":20,"17":20,"18":20,"19":20}}