{"window_size":{"0":125,"1":250,"2":500,"3":750,"4":1000,"5":125,"6":250,"7":500,"8":750,"9":1000,"10":125,"11":250,"12":500,"13":750,"14":1000,"15":125,"16":250,"17":500,"18":750,"19":1000},"step_width":{"0":62,"1":125,"2":250,"3":375,"4":500,"5":62,"6":125,"7":250,"8":375,"9":500,"10":62,"11":125,"12":250,"13":375,"14":500,"15":62,"16":125,"17":250,"18":375,"19":500},"Mean_EER":{"0":0.1657599736,"1":0.096174318,"2":0.083601071,"3":0.0587878788,"4":0.0611111111,"5":0.1801846357,"6":0.1010312708,"7":0.0908299866,"8":0.0641414141,"9":0.0588075881,"10":0.17914606,"11":0.1139720559,"12":0.0875502008,"13":0.1042424242,"14":0.0987804878,"15":0.1753214639,"16":0.0982368596,"17":0.0742971888,"18":0.0722222222,"19":0.0654471545},"best_n_neighbors":{"0":13,"1":13,"2":11,"3":17,"4":8,"5":17,"6":11,"7":19,"8":11,"9":19,"10":5,"11":5,"12":7,"13":2,"14":12,"15":6,"16":6,"17":11,"18":2,"19":11},"Gini_coef":{"0":0.5169467926,"1":0.6988393097,"2":0.7930344275,"3":0.8680412371,"4":0.8822616408,"5":0.5098322659,"6":0.6901510994,"7":0.779456317,"8":0.8518460192,"9":0.8740399386,"10":0.5202754517,"11":0.6762664591,"12":0.8008154944,"13":0.7510120586,"14":0.7775186709,"15":0.5101760435,"16":0.7132671107,"17":0.7941541542,"18":0.8307536908,"19":0.8548194157},"scnn_archi_name":{"0":"SCNN_3_1_conv_1_dense_arg_dict_default","1":"SCNN_3_1_conv_1_dense_arg_dict_default","2":"SCNN_3_1_conv_1_dense_arg_dict_default","3":"SCNN_3_1_conv_1_dense_arg_dict_default","4":"SCNN_3_1_conv_1_dense_arg_dict_default","5":"SCNN_3_2_conv_1_dense_arg_dict_default","6":"SCNN_3_2_conv_1_dense_arg_dict_default","7":"SCNN_3_2_conv_1_dense_arg_dict_default","8":"SCNN_3_2_conv_1_dense_arg_dict_default","9":"SCNN_3_2_conv_1_dense_arg_dict_default","10":"SCNN_1_3_conv_1_dense_arg_dict_default","11":"SCNN_1_3_conv_1_dense_arg_dict_default","12":"SCNN_1_3_conv_1_dense_arg_dict_default","13":"SCNN_1_3_conv_1_dense_arg_dict_default","14":"SCNN_1_3_conv_1_dense_arg_dict_default","15":"SCNN_3_123_conv_1_dense_arg_dict_default","16":"SCNN_3_123_conv_1_dense_arg_dict_default","17":"SCNN_3_123_conv_1_dense_arg_dict_default","18":"SCNN_3_123_conv_1_dense_arg_dict_default","19":"SCNN_3_123_conv_1_dense_arg_dict_default"},"cut_off_freq":{"0":33,"1":33,"2":33,"3":33,"4":33,"5":33,"6":33,"7":33,"8":33,"9":33,"10":33,"11":33,"12":33,"13":33,"14":33,"15":33,"16":33,"17":33,"18":33,"19":33},"EMA_span":{"0":20,"1":20,"2":20,"3":20,"4":20,"5":20,"6":20,"7":20,"8":20,"9":20,"10":20,"11":20,"12":20,"13":20,"14":20,"15":20,"16":20,"17":20,"18":20,"19":20}}