{"window_size":{"0":125,"1":250,"2":500,"3":750,"4":1000,"5":1250,"6":1500,"7":1750,"8":2000,"9":125,"10":250,"11":500,"12":750,"13":1000,"14":1250,"15":1500,"16":1750,"17":2000,"18":125,"19":250,"20":500,"21":750,"22":1000,"23":1250,"24":1500,"25":1750,"26":2000,"27":125,"28":250,"29":500,"30":750,"31":1000,"32":1250,"33":1500,"34":1750,"35":2000,"36":125,"37":250,"38":500,"39":750,"40":1000,"41":1250,"42":1500,"43":1750,"44":2000,"45":125,"46":250,"47":500,"48":750,"49":1000,"50":1250,"51":1500,"52":1750,"53":2000,"54":125,"55":250,"56":500,"57":750,"58":1000,"59":1250,"60":1500,"61":1750,"62":2000,"63":125,"64":250,"65":500,"66":750,"67":1000,"68":1250,"69":1500,"70":1750,"71":2000},"step_width":{"0":62,"1":125,"2":250,"3":375,"4":500,"5":625,"6":750,"7":875,"8":1000,"9":62,"10":125,"11":250,"12":375,"13":500,"14":625,"15":750,"16":875,"17":1000,"18":62,"19":125,"20":250,"21":375,"22":500,"23":625,"24":750,"25":875,"26":1000,"27":62,"28":125,"29":250,"30":375,"31":500,"32":625,"33":750,"34":875,"35":1000,"36":62,"37":125,"38":250,"39":375,"40":500,"41":625,"42":750,"43":875,"44":1000,"45":62,"46":125,"47":250,"48":375,"49":500,"50":625,"51":750,"52":875,"53":1000,"54":62,"55":125,"56":250,"57":375,"58":500,"59":625,"60":750,"61":875,"62":1000,"63":62,"64":125,"65":250,"66":375,"67":500,"68":625,"69":750,"70":875,"71":1000},"Mean_EER":{"0":0.1643916914,"1":0.0894564034,"2":0.1197648612,"3":0.1333452206,"4":0.1232404377,"5":0.1683690566,"6":0.1095189006,"7":0.1259589632,"8":0.1362317312,"9":0.1035243346,"10":0.1035674666,"11":0.1178423206,"12":0.1551345914,"13":0.1597257505,"14":0.1623216919,"15":0.1327873369,"16":0.1209613527,"17":0.1380963883,"18":0.1576986482,"19":0.0892183948,"20":0.0864345287,"21":0.1011459422,"22":0.0856637007,"23":0.0739634276,"24":0.0877451398,"25":0.090054482,"26":0.1014021164,"27":0.1422234617,"28":0.1216385819,"29":0.1043465408,"30":0.136183606,"31":0.1249397071,"32":0.0866819691,"33":0.1520207683,"34":0.2185624256,"35":0.1503508167,"36":0.1553562753,"37":0.1018606617,"38":0.0795934996,"39":0.0868008771,"40":0.1029816304,"41":0.08125,"42":0.0667229216,"43":0.091884058,"44":0.0861111111,"45":0.145829212,"46":0.1284634235,"47":0.147523427,"48":0.1141645968,"49":0.1537820354,"50":0.1295940171,"51":0.2303266461,"52":0.1918668401,"53":0.1575243216,"54":0.1894823607,"55":0.1202487445,"56":0.1291066797,"57":0.144088512,"58":0.1579344353,"59":0.2060707623,"60":0.1680549948,"61":0.2056711397,"62":0.2494650206,"63":0.1063606214,"64":0.0945866331,"65":0.1101028164,"66":0.1402527245,"67":0.1298632232,"68":0.1255549887,"69":0.1248667113,"70":0.0966327883,"71":0.1378295376},"best_n_neighbors":{"0":2,"1":19,"2":19,"3":19,"4":19,"5":19,"6":19,"7":19,"8":19,"9":2,"10":19,"11":19,"12":19,"13":19,"14":19,"15":19,"16":19,"17":19,"18":2,"19":19,"20":19,"21":19,"22":19,"23":19,"24":19,"25":19,"26":19,"27":2,"28":19,"29":19,"30":19,"31":19,"32":19,"33":19,"34":19,"35":19,"36":2,"37":19,"38":19,"39":19,"40":19,"41":19,"42":19,"43":19,"44":19,"45":2,"46":19,"47":19,"48":19,"49":19,"50":19,"51":19,"52":19,"53":19,"54":2,"55":19,"56":19,"57":19,"58":19,"59":19,"60":19,"61":19,"62":19,"63":2,"64":19,"65":19,"66":19,"67":19,"68":19,"69":19,"70":19,"71":19},"Gini_coef":{"0":0.5592592593,"1":0.7353965939,"2":0.6567821161,"3":0.6560237868,"4":0.6683121258,"5":0.6418634185,"6":0.5719568692,"7":0.6651925326,"8":0.5875297907,"9":0.6403211667,"10":0.6762572551,"11":0.6215851717,"12":0.5742911005,"13":0.5361107147,"14":0.616939126,"15":0.6204380687,"16":0.5906528835,"17":0.5388848632,"18":0.509236416,"19":0.638694031,"20":0.5679428095,"21":0.4651095374,"22":0.4522211523,"23":0.5723827756,"24":0.6774205489,"25":0.702386182,"26":0.6437052497,"27":0.5354704544,"28":0.6925621371,"29":0.6993177622,"30":0.6564204582,"31":0.5726324906,"32":0.6579687229,"33":0.6113914276,"34":0.5405806918,"35":0.7670231675,"36":0.5092326684,"37":0.6040065693,"38":0.6123230872,"39":0.6539372764,"40":0.6065922457,"41":0.6120607787,"42":0.7400170479,"43":0.6578922771,"44":0.7262365591,"45":0.5351445726,"46":0.6061618505,"47":0.5328896955,"48":0.6479042572,"49":0.585384162,"50":0.6812356875,"51":0.5319274306,"52":0.5630403181,"53":0.5654766226,"54":0.4923554318,"55":0.6729592773,"56":0.6336373897,"57":0.6356075642,"58":0.5365028782,"59":0.553659815,"60":0.6132342829,"61":0.4528450343,"62":0.494184171,"63":0.6366351035,"64":0.6803002268,"65":0.6144834321,"66":0.6056524315,"67":0.4876647993,"68":0.651116781,"69":0.6462309205,"70":0.7165278306,"71":0.621867921},"scnn_archi_name":{"0":"SCNN_1_3_conv_1_dense_arg_dict_default","1":"SCNN_1_3_conv_1_dense_arg_dict_default","2":"SCNN_1_3_conv_1_dense_arg_dict_default","3":"SCNN_1_3_conv_1_dense_arg_dict_default","4":"SCNN_1_3_conv_1_dense_arg_dict_default","5":"SCNN_1_3_conv_1_dense_arg_dict_default","6":"SCNN_1_3_conv_1_dense_arg_dict_default","7":"SCNN_1_3_conv_1_dense_arg_dict_default","8":"SCNN_1_3_conv_1_dense_arg_dict_default","9":"SCNN_3_123_conv_1_dense_arg_dict_default","10":"SCNN_3_123_conv_1_dense_arg_dict_default","11":"SCNN_3_123_conv_1_dense_arg_dict_default","12":"SCNN_3_123_conv_1_dense_arg_dict_default","13":"SCNN_3_123_conv_1_dense_arg_dict_default","14":"SCNN_3_123_conv_1_dense_arg_dict_default","15":"SCNN_3_123_conv_1_dense_arg_dict_default","16":"SCNN_3_123_conv_1_dense_arg_dict_default","17":"SCNN_3_123_conv_1_dense_arg_dict_default","18":"SCNN_3_1_conv_1_dense_arg_dict_default","19":"SCNN_3_1_conv_1_dense_arg_dict_default","20":"SCNN_3_1_conv_1_dense_arg_dict_default","21":"SCNN_3_1_conv_1_dense_arg_dict_default","22":"SCNN_3_1_conv_1_dense_arg_dict_default","23":"SCNN_3_1_conv_1_dense_arg_dict_default","24":"SCNN_3_1_conv_1_dense_arg_dict_default","25":"SCNN_3_1_conv_1_dense_arg_dict_default","26":"SCNN_3_1_conv_1_dense_arg_dict_default","27":"SCNN_1_2_conv_1_dense_arg_dict_default","28":"SCNN_1_2_conv_1_dense_arg_dict_default","29":"SCNN_1_2_conv_1_dense_arg_dict_default","30":"SCNN_1_2_conv_1_dense_arg_dict_default","31":"SCNN_1_2_conv_1_dense_arg_dict_default","32":"SCNN_1_2_conv_1_dense_arg_dict_default","33":"SCNN_1_2_conv_1_dense_arg_dict_default","34":"SCNN_1_2_conv_1_dense_arg_dict_default","35":"SCNN_1_2_conv_1_dense_arg_dict_default","36":"SCNN_1_1_conv_1_dense_arg_dict_default","37":"SCNN_1_1_conv_1_dense_arg_dict_default","38":"SCNN_1_1_conv_1_dense_arg_dict_default","39":"SCNN_1_1_conv_1_dense_arg_dict_default","40":"SCNN_1_1_conv_1_dense_arg_dict_default","41":"SCNN_1_1_conv_1_dense_arg_dict_default","42":"SCNN_1_1_conv_1_dense_arg_dict_default","43":"SCNN_1_1_conv_1_dense_arg_dict_default","44":"SCNN_1_1_conv_1_dense_arg_dict_default","45":"SCNN_1_2_conv_2_dense_arg_dict_default","46":"SCNN_1_2_conv_2_dense_arg_dict_default","47":"SCNN_1_2_conv_2_dense_arg_dict_default","48":"SCNN_1_2_conv_2_dense_arg_dict_default","49":"SCNN_1_2_conv_2_dense_arg_dict_default","50":"SCNN_1_2_conv_2_dense_arg_dict_default","51":"SCNN_1_2_conv_2_dense_arg_dict_default","52":"SCNN_1_2_conv_2_dense_arg_dict_default","53":"SCNN_1_2_conv_2_dense_arg_dict_default","54":"SCNN_1_5_conv_1_dense_arg_dict_default","55":"SCNN_1_5_conv_1_dense_arg_dict_default","56":"SCNN_1_5_conv_1_dense_arg_dict_default","57":"SCNN_1_5_conv_1_dense_arg_dict_default","58":"SCNN_1_5_conv_1_dense_arg_dict_default","59":"SCNN_1_5_conv_1_dense_arg_dict_default","60":"SCNN_1_5_conv_1_dense_arg_dict_default","61":"SCNN_1_5_conv_1_dense_arg_dict_default","62":"SCNN_1_5_conv_1_dense_arg_dict_default","63":"SCNN_4_1234_conv_1_dense_arg_dict_default","64":"SCNN_4_1234_conv_1_dense_arg_dict_default","65":"SCNN_4_1234_conv_1_dense_arg_dict_default","66":"SCNN_4_1234_conv_1_dense_arg_dict_default","67":"SCNN_4_1234_conv_1_dense_arg_dict_default","68":"SCNN_4_1234_conv_1_dense_arg_dict_default","69":"SCNN_4_1234_conv_1_dense_arg_dict_default","70":"SCNN_4_1234_conv_1_dense_arg_dict_default","71":"SCNN_4_1234_conv_1_dense_arg_dict_default"}}