{"roc_val": {"Train": [0.6947106802092952, 0.7141966680485675, 0.7538166924202737, 0.7422962795459828, 0.7768587037769863, 0.781220791640756, 0.8253011758720108, 0.8260373128937631, 0.8307381156525399, 0.839528716842231, 0.8546293993128183, 0.8507283559776634, 0.8425463878995736, 0.8599012097913957, 0.8763770092524544, 0.8919216587835503, 0.8870113410091646, 0.8792277843732136, 0.9178112417635568], "Valid": []}, "eer_val": {"Train": [0.3715538847111952, 0.3552631578950446, 0.32130325814536287, 0.3258145363408525, 0.29586466165430586, 0.2878446115290128, 0.2481203007518766, 0.24887218045112783, 0.23771929824387, 0.23082706766917427, 0.2192982456137592, 0.22293233082706726, 0.23045112781954893, 0.21917293232944912, 0.2018796992480703, 0.18270676691729335, 0.18634085212924723, 0.1979949874686728, 0.14837092731822019], "Valid": []}, "thres": {"Train": [-0.09260243177397628, -0.025358024984599697, -0.009812228381633759, -0.006421816302463413, -0.008844898082316506, -0.011292546056211368, -0.016333429142832687, -0.029371904209256172, -0.031118968501656227, -0.05201742053031928, -0.04924201220273518, -0.07127786427736281, -0.046635303646326065, -0.06772052496640421, -0.10986204445361353, -0.11721768975257876, -0.2929223179814524, -0.379800349473954, -0.2367548346519363], "Valid": []}, "acc_val": {"Train": [0.6284461152882206, 0.6447368421052632, 0.6787593984962406, 0.6741854636591479, 0.7040726817042606, 0.7120927318295739, 0.7519423558897244, 0.7511278195488722, 0.762280701754386, 0.7691102756892231, 0.7806390977443609, 0.7770676691729324, 0.7694862155388471, 0.780827067669173, 0.7981203007518797, 0.8172305764411028, 0.8137218045112782, 0.8019423558897243, 0.8516290726817043], "Valid": []}, "f1_val": {"Train": [0.6283995488156411, 0.6447368421052632, 0.6787392693777805, 0.6741854636591479, 0.7040541387304969, 0.712074691396704, 0.7519268124569208, 0.7510966286502068, 0.7622509086351673, 0.7690958080080206, 0.7805978567399887, 0.7770676691729324, 0.769471771414249, 0.7807995989472366, 0.798094999373355, 0.8172191240052635, 0.8137101322137978, 0.801929945485306, 0.8516104775034465], "Valid": []}}