{"roc_val": {"Train": [0.8102114622395586, 0.7636344699467968, 0.7099553394765108, 0.6860775607565279, 0.6724425804486153, 0.7241027537515468, 0.8317882739430028, 0.8717090580461179, 0.9056762677370116, 0.9298474412849166, 0.9518028231606586, 0.9585082694204183, 0.9610608601704762, 0.9591065932374796, 0.9609382400236177, 0.9633514707822187, 0.9711663714423904, 0.970489114389985, 0.9710327824573965, 0.9710998360563061, 0.9740439130407472, 0.97402057776019, 0.9741313967877087, 0.974189970540386, 0.9742436762331896, 0.9743246901715442, 0.9743619072744517, 0.9743467691785854, 0.9743106670184233, 0.974367591912111], "Valid": []}, "eer_val": {"Train": [0.2759398496240602, 0.3219298245620582, 0.3661654135319144, 0.37092731829712655, 0.3833333333333353, 0.35200501253092226, 0.25037593984962403, 0.21203007518829867, 0.1759398496240602, 0.14774436090271553, 0.1129072681704472, 0.10476190476216227, 0.1008771929824561, 0.1035087719292401, 0.09799498746840514, 0.09711779448671101, 0.08270676691734155, 0.08446115288220005, 0.08208020050124655, 0.08345864661654241, 0.07694235588973021, 0.0781954887217381, 0.07769423558872755, 0.07794486215529055, 0.07756892230570821, 0.0773182957393916, 0.07706766917370635, 0.07719298245764716, 0.07744360902083933, 0.07706766917165285], "Valid": []}, "thres": {"Train": [-0.20654538273811343, -0.11388812214137634, -0.04900031164286591, -0.011657722294350938, -0.0015079037984833186, -0.0010759305441745413, -0.00613383436575532, -0.009639379568398776, -0.021675296127796173, -0.04203236848117493, -0.0760578960180288, -0.14748239517219708, -0.17222672700881955, -0.23220409452879628, -0.25123709440213987, -0.28877049684543216, -0.25973477959633345, -0.28001704812049333, -0.3066689968109068, -0.2871240973472606, -0.30831938982009977, -0.312715888023201, -0.3187687695022909, -0.3227519690989981, -0.3243194222449872, -0.3253848453363077, -0.32551938295377725, -0.3258519768723746, -0.32650759816133784, -0.32530578970795343], "Valid": []}, "acc_val": {"Train": [0.7241228070175438, 0.6780701754385965, 0.6338972431077694, 0.6290100250626567, 0.6166040100250627, 0.6479949874686717, 0.74968671679198, 0.7879699248120301, 0.8239974937343358, 0.8522556390977444, 0.8870927318295739, 0.8951754385964912, 0.8991854636591479, 0.8964912280701754, 0.9020676691729324, 0.9028822055137845, 0.9172305764411027, 0.9156015037593985, 0.9179824561403509, 0.9164786967418547, 0.9229949874686717, 0.9216791979949874, 0.9221177944862156, 0.9221177944862156, 0.9224937343358396, 0.9226817042606517, 0.9229323308270677, 0.9228696741854636, 0.9225563909774436, 0.9228696741854636], "Valid": []}, "f1_val": {"Train": [0.7241055203960148, 0.6780701754385965, 0.6338743029011843, 0.6289867786202142, 0.6165799862146751, 0.6479508710364708, 0.7496710320195501, 0.7879699248120301, 0.8239864653173757, 0.8522556390977444, 0.8870927318295739, 0.8951688702299643, 0.8991791465630679, 0.8964782554204788, 0.9020615326774861, 0.9028822055137845, 0.9172253900620339, 0.9155962153017106, 0.9179773168744909, 0.916473463249577, 0.9229901622908705, 0.9216595638004511, 0.9220933876527735, 0.922112914343004, 0.9224888777492324, 0.9226817042606518, 0.9229323308270677, 0.9228745066098616, 0.9225466850482517, 0.9228551732781851], "Valid": []}}