{"roc_val": {"Train": [0.947141545907375, 0.9618934475914095, 0.9722349733984083, 0.9793573925415042, 0.9843421916319621, 0.986599644474595, 0.9870561899736812, 0.9832650234609079, 0.9813562964428617, 0.9839931124804491, 0.98395487465531, 0.9854983165934887, 0.9870065514663854, 0.9864853549914887, 0.9876129389890768, 0.9881212429570166, 0.9887657897877524, 0.9894982208026332, 0.9890747702589807, 0.9897546262272223, 0.9899590376316731, 0.9900248428087765, 0.9899851916759316, 0.9901969758355789, 0.9903725165042933, 0.9904837909309616, 0.9903345691924046, 0.9904482855007193, 0.9904830607219804, 0.9904304778236318], "Valid": []}, "eer_val": {"Train": [0.11215538847117783, 0.09573934837090962, 0.08120300751883584, 0.06040100250631682, 0.050751879699243364, 0.04799498746867171, 0.05150375939807708, 0.05451127819469299, 0.05551378446115295, 0.05187969924844857, 0.049624060150374204, 0.0486215538851342, 0.045989974938784726, 0.046365914787549825, 0.0447368421052632, 0.04573934837259813, 0.04398496240601519, 0.044110275688788544, 0.04423558897360899, 0.042731829572448726, 0.04323308270699983, 0.04210526315784872, 0.04223057644073348, 0.042230576442151516, 0.041478696741731935, 0.04122807017560206, 0.04210526315760634, 0.041478696742006924, 0.04160401002503626, 0.04147869674240699], "Valid": []}, "thres": {"Train": [-0.5638442039489745, -0.6391455829143387, -0.5596265196800673, -0.5033939927816689, -0.445392698049545, -0.3828699171543122, -0.332612782716656, -0.323820620775177, -0.3089813441038132, -0.3140534758572321, -0.32239773869513894, -0.3323471645517846, -0.3269223868857578, -0.3414673805247083, -0.33496233820915233, -0.33381840586998773, -0.335053712129593, -0.3370766639705356, -0.3459113836289825, -0.3390846252434737, -0.3371660411360926, -0.33776646852487663, -0.3387650549402805, -0.3376991450786972, -0.34128901362410535, -0.3390254378319747, -0.3402581512921676, -0.3406645357610467, -0.3441160619258581, -0.34023317694695343], "Valid": []}, "acc_val": {"Train": [0.8878446115288221, 0.9043233082706766, 0.918734335839599, 0.9395989974937343, 0.9493107769423559, 0.9520050125313283, 0.9484962406015037, 0.9455513784461153, 0.9444862155388472, 0.9481829573934837, 0.9504385964912281, 0.9514411027568922, 0.9539473684210527, 0.9536340852130326, 0.9552631578947368, 0.9541979949874687, 0.956077694235589, 0.9558270676691729, 0.9557017543859649, 0.9573308270676691, 0.9567042606516291, 0.9579573934837092, 0.9576441102756892, 0.9578320802005013, 0.9585213032581453, 0.9587092731829574, 0.9579573934837092, 0.9584586466165413, 0.9584586466165413, 0.9585213032581453], "Valid": []}, "f1_val": {"Train": [0.8878446115288221, 0.9043173131148569, 0.9187292436869477, 0.9395989974937343, 0.9493076007268626, 0.9520050125313283, 0.9484897856874295, 0.9455479666645779, 0.9444862155388472, 0.9481862038719379, 0.950435490945548, 0.9514380600288238, 0.9539444827370136, 0.9536340852130326, 0.9552631578947368, 0.9541951250078325, 0.9560749420389749, 0.9558187629253618, 0.9556989786327464, 0.9573281533930698, 0.9567015477160222, 0.9579547590701172, 0.957633492103284, 0.9578347221352046, 0.9585161047750343, 0.958706685882574, 0.9579547590701172, 0.9584560436117551, 0.9584560436117551, 0.9585213032581453], "Valid": []}}