{"roc_val": {"Train": [0.7314911966633375, 0.7443597873128939, 0.7293641607150708, 0.7665396103039553, 0.82860201883154, 0.8216754056193114, 0.7838887632615372, 0.759998194106821, 0.8171292736854667, 0.8315849774812972, 0.896153518193981, 0.8970321951495279, 0.9082893559085685, 0.9091366260262184, 0.9217762843826357, 0.9261936796879419, 0.9283196949139766, 0.9354942337045623, 0.9367230105338535, 0.9374056303038297, 0.9384264074974403, 0.9385571227567666, 0.9386726528099698, 0.9386298766967542, 0.9386622021846596, 0.9386358911062117, 0.9386751496535828], "Valid": []}, "eer_val": {"Train": [0.3404761904761118, 0.32180451127899723, 0.35250626566442084, 0.3012531328315676, 0.23922305764410462, 0.2419799498748497, 0.28684210526332726, 0.3125313283189447, 0.25877192982396574, 0.2501253132832085, 0.17944862155388475, 0.17343358395902833, 0.16616541353383468, 0.1620300751873946, 0.14323308270732374, 0.1379699248120308, 0.13408521303260823, 0.12506265664167612, 0.12368421052630592, 0.12368421052602811, 0.12305764411016167, 0.12280701754450621, 0.12305764411223033, 0.12343358395989561, 0.12330827067669294, 0.12393483709317883, 0.123308270677699], "Valid": []}, "thres": {"Train": [-0.052515927702180526, -0.0015352147165693148, -8.514838555134934e-05, -2.215409222117037e-05, -1.2490871085901718e-05, -1.2722730389218283e-05, -0.0003019747528015124, -0.001546025858253353, -0.018243495374896904, -0.036914199590683004, -0.09398249536752702, -0.08156627416601654, -0.12749093770980835, -0.11644284427154392, -0.15194523334529914, -0.1185993999242783, -0.1407031118869869, -0.16302515566349696, -0.17386361956595653, -0.19514535367478608, -0.21333342790600485, -0.2203731089833152, -0.22399646043867022, -0.2247660458087871, -0.22591976821422607, -0.22670398652575127, -0.22567297518300794], "Valid": []}, "acc_val": {"Train": [0.6595864661654135, 0.6781954887218045, 0.6474937343358396, 0.6987468671679198, 0.7608395989974938, 0.7581453634085213, 0.7132205513784461, 0.687468671679198, 0.7412907268170426, 0.7498120300751879, 0.8204887218045113, 0.8266290726817043, 0.8337719298245614, 0.8380325814536341, 0.8567669172932331, 0.8619674185463659, 0.8659147869674185, 0.875062656641604, 0.8763784461152883, 0.8762531328320802, 0.8770050125313283, 0.8772556390977444, 0.8768796992481203, 0.8766290726817043, 0.8767543859649123, 0.8761278195488722, 0.8767543859649123], "Valid": []}, "f1_val": {"Train": [0.6595651356601292, 0.6781954887218045, 0.6474937343358396, 0.6987091114174709, 0.7608246130709945, 0.7581756672096229, 0.7132025816153895, 0.6874295024439153, 0.7412745159471144, 0.7497963531549595, 0.8204774735259103, 0.826618209160975, 0.8337615138793157, 0.8380224324832383, 0.8567669172932331, 0.8619587693464503, 0.8659147869674185, 0.8750783109885979, 0.8763706999185411, 0.876229867769631, 0.8769973055955889, 0.8772633293653279, 0.8768719844601792, 0.8766213421893603, 0.8767466633247697, 0.8761355804774138, 0.8767621076373661], "Valid": []}}