{"optimizer_name": [{"best_val_loss": {"param": "Adam", "value": 0.10676232725381851}, "best_roc_val": {"param": "Adam", "value": 0.9300812924742706}, "best_eer_val": {"param": "Adam", "value": 0.13230305314738022}, "best_thres": {"param": "Adam", "value": -0.4630840996521129}, "best_acc_val": {"param": "Adam", "value": 0.8677108888469522}, "best_f1_val": {"param": "Adam", "value": 0.8678605089538172}}], "optimizer_lr": [{"best_val_loss": {"param": 0.005, "value": 0.16937053203582764}, "best_roc_val": {"param": 0.005, "value": 0.9393191124923397}, "best_eer_val": {"param": 0.005, "value": 0.12093726379566618}, "best_thres": {"param": 0.01, "value": -0.6306168538602637}, "best_acc_val": {"param": 0.005, "value": 0.8792224948103415}, "best_f1_val": {"param": 0.005, "value": 0.8793818318884282}}], "batch_size": [{"best_val_loss": {"param": 128, "value": 0.10542041063308716}, "best_roc_val": {"param": 32, "value": 0.9324005767654467}, "best_eer_val": {"param": 32, "value": 0.12589521296645334}, "best_thres": {"param": 64, "value": -0.5255975712482496}, "best_acc_val": {"param": 32, "value": 0.8741271938101529}, "best_f1_val": {"param": 32, "value": 0.8742695570216777}}], "contrastive_loss_margin": [{"best_val_loss": {"param": 0.5, "value": 0.026652557775378227}, "best_roc_val": {"param": 0.9, "value": 0.9377202151958491}, "best_eer_val": {"param": 1.3, "value": 0.12244897959203016}, "best_thres": {"param": 1.4, "value": -0.7217715572870501}, "best_acc_val": {"param": 1.3, "value": 0.877524061143612}, "best_f1_val": {"param": 1.3, "value": 0.8776625824693685}}], "filters_streams": [{"best_val_loss": {"param": 256, "value": 0.17294831573963165}, "best_roc_val": {"param": 128, "value": 0.936638566303097}, "best_eer_val": {"param": 128, "value": 0.1183565774595279}, "best_thres": {"param": 16, "value": -0.6700283215039808}, "best_acc_val": {"param": 128, "value": 0.8816757878845065}, "best_f1_val": {"param": 128, "value": 0.8818096135721017}}, {"best_val_loss": {"param": 32, "value": 0.17007741332054138}, "best_roc_val": {"param": 16, "value": 0.9397158452944356}, "best_eer_val": {"param": 32, "value": 0.12551828119087347}, "best_thres": {"param": 64, "value": -0.6518119573606285}, "best_acc_val": {"param": 32, "value": 0.8746933383657294}, "best_f1_val": {"param": 32, "value": 0.8748114630467572}}, {"best_val_loss": {"param": 256, "value": 0.14390656352043152}, "best_roc_val": {"param": 128, "value": 0.9445151013456435}, "best_eer_val": {"param": 256, "value": 0.11345646437994693}, "best_thres": {"param": 32, "value": -0.6551752165943912}, "best_acc_val": {"param": 256, "value": 0.8865823740328364}, "best_f1_val": {"param": 256, "value": 0.8867106503298773}}], "kernels_streams": [{"best_val_loss": {"param": 9, "value": 0.14375558495521545}, "best_roc_val": {"param": 7, "value": 0.9497942830019723}, "best_eer_val": {"param": 7, "value": 0.10430839002347345}, "best_thres": {"param": 5, "value": -0.713397320782604}, "best_acc_val": {"param": 7, "value": 0.8956406869220608}, "best_f1_val": {"param": 7, "value": 0.8957587181903864}}, {"best_val_loss": {"param": 7, "value": 0.14731237292289734}, "best_roc_val": {"param": 5, "value": 0.944301421200888}, "best_eer_val": {"param": 9, "value": 0.11609498680742916}, "best_thres": {"param": 5, "value": -0.775252997875338}, "best_acc_val": {"param": 9, "value": 0.8839403661068126}, "best_f1_val": {"param": 9, "value": 0.8840716305372289}}, {"best_val_loss": {"param": 5, "value": 0.15108054876327515}, "best_roc_val": {"param": 5, "value": 0.9470813998841568}, "best_eer_val": {"param": 5, "value": 0.11148904006029439}, "best_thres": {"param": 9, "value": -0.6968030929562101}, "best_acc_val": {"param": 5, "value": 0.8886582374032836}, "best_f1_val": {"param": 5, "value": 0.888763197586727}}], "dense_layers": [{"best_val_loss": {"param": 64, "value": 0.14553341269493103}, "best_roc_val": {"param": 32, "value": 0.9473281292246345}, "best_eer_val": {"param": 64, "value": 0.10516396532250717}, "best_thres": {"param": 16, "value": -0.8624015450495509}, "best_acc_val": {"param": 64, "value": 0.8948858275146254}, "best_f1_val": {"param": 64, "value": 0.895004712535344}}], "input_dropout_streams": [{"best_val_loss": {"param": 0.3, "value": 0.14525677263736725}, "best_roc_val": {"param": 0.4, "value": 0.9467046105622381}, "best_eer_val": {"param": 0.1, "value": 0.11194873727854775}, "best_thres": {"param": 0.4, "value": -0.7171455025664303}, "best_acc_val": {"param": 0.1, "value": 0.8880920928477071}, "best_f1_val": {"param": 0.1, "value": 0.8882186616399623}}], "kernels_init_streams": [{"best_val_loss": {"param": "lecun_uniform", "value": 0.1339472532272339}, "best_roc_val": {"param": "glorot_normal", "value": 0.9498833163956205}, "best_eer_val": {"param": "normal", "value": 0.10695389267004475}, "best_thres": {"param": "uniform", "value": -0.8329709103837275}, "best_acc_val": {"param": "glorot_normal", "value": 0.8933761086997547}, "best_f1_val": {"param": "glorot_normal", "value": 0.8934565340373374}}, {"best_val_loss": {"param": "he_uniform", "value": 0.14009234309196472}, "best_roc_val": {"param": "lecun_normal", "value": 0.9461365062840481}, "best_eer_val": {"param": "lecun_normal", "value": 0.10808767951712447}, "best_thres": {"param": "lecun_uniform", "value": -0.7879521846796171}, "best_acc_val": {"param": "lecun_normal", "value": 0.8926212492923193}, "best_f1_val": {"param": "lecun_normal", "value": 0.8928235072518366}}, {"best_val_loss": {"param": "uniform", "value": 0.13961893320083618}, "best_roc_val": {"param": "uniform", "value": 0.9498529738150652}, "best_eer_val": {"param": "uniform", "value": 0.1046863189710699}, "best_thres": {"param": "he_uniform", "value": -0.8634572866568737}, "best_acc_val": {"param": "uniform", "value": 0.8954519720702019}, "best_f1_val": {"param": "uniform", "value": 0.8955505279034691}}], "kernels_Max_Norm_constraint_streams": [{"best_val_loss": {"param": 4, "value": 0.1327277421951294}, "best_roc_val": {"param": 4, "value": 0.9512122644425698}, "best_eer_val": {"param": 4, "value": 0.10695389266670564}, "best_thres": {"param": 3, "value": -0.6596388321438694}, "best_acc_val": {"param": 4, "value": 0.8931873938478958}, "best_f1_val": {"param": 4, "value": 0.893288084464555}}, {"best_val_loss": {"param": 5, "value": 0.148955836892128}, "best_roc_val": {"param": 5, "value": 0.9423622026605173}, "best_eer_val": {"param": 5, "value": 0.11270260082939898}, "best_thres": {"param": 4, "value": -0.7052119407302562}, "best_acc_val": {"param": 5, "value": 0.8875259482921306}, "best_f1_val": {"param": 5, "value": 0.88763197586727}}, {"best_val_loss": {"param": 4, "value": 0.14524321258068085}, "best_roc_val": {"param": 5, "value": 0.9424292269992555}, "best_eer_val": {"param": 3, "value": 0.11421032793064488}, "best_thres": {"param": 5, "value": -0.7623479260940825}, "best_acc_val": {"param": 5, "value": 0.8860162294772599}, "best_f1_val": {"param": 5, "value": 0.8861236802413273}}]}