{"roc_val": {"Train": [0.8608321634286216, 0.8779556739593344, 0.8919590957343231, 0.9045676220626755, 0.8677890214257449, 0.848574663475732, 0.8518218164458765, 0.8581011896910196, 0.8728124509268158, 0.8865070257096376, 0.885189163384652, 0.88629195953543, 0.8977384878235689, 0.8899922425110396, 0.8934906266292298, 0.9044008439017341, 0.9039660947481486, 0.9063832199546487, 0.905687746936263, 0.9058344639794976, 0.9056161943078247, 0.9055662888424068, 0.9055477980665951, 0.9054865704361152, 0.9054488194169634, 0.9054254056193115, 0.9054706550210112, 0.9054583278371366, 0.9054494161468835, 0.9054480656528541], "Valid": []}, "eer_val": {"Train": [0.22343358395989937, 0.2058897243107773, 0.18984962406008402, 0.17130325814513553, 0.21466165413479588, 0.23659147869664082, 0.23258145363337684, 0.2263157894736843, 0.20902255639094544, 0.19473684210526307, 0.19711779448561434, 0.19323308270652256, 0.18057644110151275, 0.1894736842105261, 0.1848370927318273, 0.1721804511277462, 0.1735588972431088, 0.17055137844721577, 0.17167919799578757, 0.17180451127820634, 0.17192982456178776, 0.17167919799524445, 0.17192982456140232, 0.1721804511268491, 0.17218045112818742, 0.17218045112900512, 0.17192982456140363, 0.17205513784473686, 0.172180451126086, 0.17205513784490228], "Valid": []}, "thres": {"Train": [-0.14542429149150843, -0.12241143733263024, -0.07809653878211852, -0.030093099921935033, -0.006537378299980007, -0.010671496018762404, -0.014252292923605425, -0.030800361807147663, -0.05247009173035577, -0.07119106749693552, -0.1131927594541421, -0.1374733000993142, -0.1540089696643016, -0.18986684083938596, -0.19696293771266868, -0.17571836709975483, -0.18866023421287548, -0.1944111287596528, -0.1963580101728938, -0.19991783797741533, -0.2013590633871672, -0.20236951112748133, -0.20288363844156224, -0.20287968218302382, -0.20308145880718684, -0.20337408781071387, -0.20316663384437564, -0.20322589576245192, -0.20337650179812203, -0.20338667929184262], "Valid": []}, "acc_val": {"Train": [0.7766290726817042, 0.794047619047619, 0.8101503759398496, 0.8285087719298245, 0.7852756892230577, 0.7634085213032581, 0.7674185463659148, 0.7737468671679198, 0.7909774436090226, 0.8053258145363409, 0.8029448621553885, 0.806704260651629, 0.819423558897243, 0.8105889724310777, 0.8152255639097744, 0.8278822055137844, 0.8263784461152882, 0.8294486215538847, 0.8284461152882205, 0.8281328320802005, 0.8281328320802005, 0.8282581453634085, 0.8281328320802005, 0.8278195488721805, 0.8278195488721805, 0.8278822055137844, 0.8280075187969925, 0.8279448621553884, 0.8277568922305765, 0.8280701754385965], "Valid": []}, "f1_val": {"Train": [0.7766150761325898, 0.7940347139545084, 0.8101265822784811, 0.8284550297712315, 0.785235319922291, 0.7634085213032581, 0.767389397167565, 0.7737326900181716, 0.7909512470234367, 0.8053136161413621, 0.802932514568582, 0.8066679200350942, 0.8194009274345155, 0.8105771038285606, 0.8152139858387116, 0.8278714205150698, 0.826367566890156, 0.8294486215538847, 0.8284676105751159, 0.8281220627858888, 0.8281436000250612, 0.8282473839212983, 0.8281220627858888, 0.8277979696703848, 0.8278195488721805, 0.8278929891610802, 0.8279967416504793, 0.8279448621553884, 0.8277245096196026, 0.8280917178298458], "Valid": []}}