{"roc_val": {"Train": [0.8628597025144314], "Valid": []}, "eer_val": {"Train": [0.23283208019991145], "Valid": []}, "thres": {"Train": [-0.148325264453846], "Valid": []}, "acc_val": {"Train": [0.7671679197994987], "Valid": []}, "f1_val": {"Train": [0.7671387391903747], "Valid": []}}