{"roc_val": {"Train": [0.7197411160524536, 0.737103432837175, 0.9290216900856988, 0.9438188263404264, 0.9417993666636656, 0.9437129408036941, 0.9432924564613986, 0.9412410726063279, 0.9465017702987628, 0.9330375419891974, 0.9248746343720622, 0.9257910937535988, 0.9258137564043778, 0.9265782930592981, 0.9255333212591489, 0.926074659113671, 0.92564775381785, 0.9259431953247084, 0.9259074115949858, 0.925877938022444, 0.9258909099189075, 0.9258584247795763, 0.9258440308512857, 0.9258542214977712, 0.9258781439117147], "Valid": []}, "eer_val": {"Train": [0.34406850459481764, 0.3253550543024223, 0.1395154553049292, 0.11353383458545518, 0.11854636591484737, 0.1140768588139585, 0.11445279866290513, 0.12071846282203866, 0.10893901420216896, 0.1286131996651284, 0.14072681704228504, 0.1416875522146483, 0.13980785296587836, 0.13909774436007086, 0.14051796157059296, 0.13876357560521085, 0.13980785296566894, 0.13913951545545025, 0.1392648287384699, 0.13926482873851778, 0.13955722639920878, 0.13947368421052633, 0.13947368421041248, 0.13943191311612363, 0.13939014202199862], "Valid": []}, "thres": {"Train": [-0.17772787809371932, -0.12659150362014762, -0.140383392572403, -0.17771586775745535, -0.17225824296474596, -0.16010345518589214, -0.17789497971532317, -0.1926535069936377, -0.1820752173662184, -0.15891328454016035, -0.17425353825087125, -0.17787605524070849, -0.17912615835667808, -0.1743260473012767, -0.18109489977359766, -0.17981471121294168, -0.1798289865255279, -0.18128097057343967, -0.1809948384761586, -0.18084695935249417, -0.18095886707301473, -0.18087853491306305, -0.1810622811317323, -0.18068315585454306, -0.18063637614253997], "Valid": []}, "acc_val": {"Train": [0.655952380952381, 0.6746658312447786, 0.8604636591478697, 0.8864243943191311, 0.881453634085213, 0.8859231411862991, 0.885547201336675, 0.879281537176274, 0.8910818713450293, 0.8713868003341687, 0.8592940685045948, 0.858312447786132, 0.8601712614870509, 0.8609231411862991, 0.8594820384294068, 0.8612573099415205, 0.8601921470342523, 0.8608813700918964, 0.8607560568086884, 0.8607142857142858, 0.8604636591478697, 0.8605054302422723, 0.8605472013366751, 0.8605680868838763, 0.8606307435254804], "Valid": []}, "f1_val": {"Train": [0.655945195179515, 0.6746590363207252, 0.8604607447941687, 0.8864149051716935, 0.881453634085213, 0.8859231411862991, 0.885542420318309, 0.879276494423326, 0.8910795964828003, 0.8713814277956473, 0.859291129722843, 0.858312447786132, 0.8601683410263373, 0.8609202364293322, 0.8594820384294068, 0.8612544121639968, 0.8601863068632776, 0.860884275599925, 0.860753148562, 0.8607113765951669, 0.8604607447941687, 0.8605025167610016, 0.8605442887278347, 0.8605680868838763, 0.8606336542678724], "Valid": []}}