{"roc_val": {"Train": [0.8233321241700743, 0.8411308503087291, 0.8461094072901553, 0.8645654000288943, 0.8820955977035321, 0.9199656330676313, 0.9468827771182341, 0.9636409947173699, 0.9727274640234672, 0.9751591698544607, 0.9746476623890554, 0.9665986080489444, 0.9796429906219183, 0.9772757080671605, 0.9795650702570964, 0.9816859190582975, 0.9824172743889799, 0.982691346159886, 0.9834109003712289, 0.9835820362309282, 0.9837731075809825, 0.9838566497697878, 0.9838964500851126, 0.9839097273258335, 0.9839379306662647, 0.9839412597910818, 0.9839596641980893, 0.9839172571152192, 0.9839338006670811, 0.9839361404765046], "Valid": []}, "eer_val": {"Train": [0.260776942356045, 0.2442355889705484, 0.2389724310776783, 0.21954887217966287, 0.20275689223057675, 0.15939849624104782, 0.11879699248123611, 0.09824561403421181, 0.07944862155388466, 0.07330827067662549, 0.07681704260651447, 0.09273182957346437, 0.06491228070161123, 0.07005012531328329, 0.06491228070174324, 0.060651629071377014, 0.05889724310697194, 0.058270676692155327, 0.05576441102778939, 0.05476190476190362, 0.05438596491275062, 0.05413533834517706, 0.05401002506265618, 0.054385964912193066, 0.05401002506265983, 0.054135338345872766, 0.05401002506244891, 0.05401002506359597, 0.054135338344002505, 0.05426065162906215], "Valid": []}, "thres": {"Train": [-0.08969584852457194, -0.049411397427203366, -0.02813136018812589, -0.015096817165599144, -0.008952621370553972, -0.009278285317129046, -0.015658304095268943, -0.029143285006251983, -0.06463831414779027, -0.12007448077200814, -0.18173249065875977, -0.2464313656090255, -0.2674369812010608, -0.31295240670442587, -0.35617008805274764, -0.37071087956350895, -0.3765665590760479, -0.39802023768434774, -0.40021851658855095, -0.40750250220298706, -0.4085791110997245, -0.4096927940838067, -0.41039109230041476, -0.41146267453822033, -0.41138553619385304, -0.41226360201836554, -0.41141438484173776, -0.41226193308984493, -0.412434041498693, -0.4128791093826154], "Valid": []}, "acc_val": {"Train": [0.7391604010025062, 0.755827067669173, 0.7610902255639098, 0.7803884711779449, 0.7971804511278195, 0.8406641604010026, 0.881265664160401, 0.9017543859649123, 0.9206140350877193, 0.9267543859649123, 0.9232456140350878, 0.9072055137844611, 0.9347744360902256, 0.9300125313283208, 0.9351503759398496, 0.9392857142857143, 0.9411027568922306, 0.9417293233082706, 0.9441729323308271, 0.9453007518796992, 0.9455513784461153, 0.9458020050125313, 0.9460526315789474, 0.9457393483709273, 0.9459273182957394, 0.9458020050125313, 0.9459899749373434, 0.9459273182957394, 0.9459273182957394, 0.9458020050125313], "Valid": []}, "f1_val": {"Train": [0.7391440566451533, 0.755811767654615, 0.7610752553418133, 0.7803471830544589, 0.7971677423397456, 0.8406541763268375, 0.8812582241995113, 0.9017420729414714, 0.9206090607180901, 0.9267497963531549, 0.9232408045616893, 0.9071880679325689, 0.9347458158340124, 0.9300081458738015, 0.9351463124255907, 0.9392742996803911, 0.9410953753603208, 0.9417293233082706, 0.9441694341750736, 0.945297324393759, 0.9455479666645779, 0.9457918155041674, 0.946049251206216, 0.9457325479383383, 0.9459239300708064, 0.945798608935397, 0.9459832059155282, 0.9459239300708064, 0.9459239300708064, 0.945798608935397], "Valid": []}}