{"roc_val": {"Train": [0.9423332139873493], "Valid": []}, "eer_val": {"Train": [0.11290726817029458], "Valid": []}, "thres": {"Train": [-0.4452055807296334], "Valid": []}, "acc_val": {"Train": [0.8871553884711779], "Valid": []}, "f1_val": {"Train": [0.8871483175637571], "Valid": []}}