{"roc_val": {"Train": [0.7559593375669751], "Valid": []}, "eer_val": {"Train": [0.33521303258145396], "Valid": []}, "thres": {"Train": [-0.08438161015510562], "Valid": []}, "acc_val": {"Train": [0.6647243107769424], "Valid": []}, "f1_val": {"Train": [0.6647033022119181], "Valid": []}}