{"roc_val": {"Train": [0.8104846624707132, 0.8306104782633275, 0.8481859724499219, 0.8595754659204403, 0.8080928040653012, 0.7958505285770819, 0.8035711302064685, 0.8196365914786967, 0.8325335425028737, 0.8406490144534267, 0.8486131290004459, 0.8587592257586322, 0.8647639462063681, 0.8674236264219446, 0.8716702077876395, 0.8679166666666667, 0.8755142477120119, 0.8730639490329835, 0.8736068476328666, 0.8737297033310092, 0.8739716380550373, 0.873987215846634, 0.8739830622923224, 0.873985904611152, 0.873970986363151, 0.8739834627295056, 0.8740442977745113, 0.8740743227115406, 0.874093865616422, 0.874073498282046], "Valid": []}, "eer_val": {"Train": [0.2786967418546359, 0.2573934837094404, 0.2333333333335004, 0.21879699248120305, 0.27155388471183917, 0.28847117794549126, 0.27857142857158096, 0.2598997493733713, 0.24962406014987681, 0.23947368421052356, 0.23283208019932847, 0.22343358395989976, 0.2131578947357362, 0.21528822055137825, 0.2066416040103028, 0.21115288220681558, 0.2022556390977444, 0.205263157894703, 0.20551378446115234, 0.2047619047619052, 0.20526315789501254, 0.2050125313289813, 0.20463659147897237, 0.20476190476192413, 0.2050125313291189, 0.20501253132832076, 0.20501253132833436, 0.20488721804511376, 0.20476190476211045, 0.20488721804511256], "Valid": []}, "thres": {"Train": [-0.17902438342571253, -0.15174528956414515, -0.09809079021217648, -0.03974679484963417, -0.008596044965088631, -0.012865283526493758, -0.016024082899093912, -0.029164059087632983, -0.05445653647181734, -0.07622663304209695, -0.1129474490880163, -0.12801251086321744, -0.15775328874576178, -0.17913754284381864, -0.19486501812944673, -0.18001085519873528, -0.18453037738800052, -0.19397214055061307, -0.19593176245689387, -0.19813840091228488, -0.2011742889884925, -0.20247434079669857, -0.20312774181373647, -0.20321810618043432, -0.2035615444186271, -0.20371782779693604, -0.20360239595175456, -0.2035983254512157, -0.20374846458442467, -0.20373339951038355], "Valid": []}, "acc_val": {"Train": [0.7213659147869674, 0.7425438596491228, 0.7666040100250626, 0.781140350877193, 0.7284461152882206, 0.7115288220551379, 0.7214912280701754, 0.7401629072681705, 0.7505012531328321, 0.7605263157894737, 0.7672305764411027, 0.7765664160401002, 0.7869047619047619, 0.7847744360902256, 0.7933583959899749, 0.7887844611528823, 0.7978070175438596, 0.7947994987468672, 0.7945488721804511, 0.7953007518796993, 0.7947368421052632, 0.7949874686716792, 0.7953007518796993, 0.7951754385964912, 0.7949248120300751, 0.7950501253132832, 0.7951127819548872, 0.7951754385964912, 0.7953007518796993, 0.7951754385964912], "Valid": []}, "f1_val": {"Train": [0.7213484554170062, 0.7425277273012093, 0.7665893852998309, 0.7811266370073313, 0.7284461152882206, 0.7115288220551379, 0.7215086774011653, 0.7401466257284292, 0.7504699837072315, 0.7605263157894737, 0.7672159909768782, 0.7765664160401002, 0.7868914092361676, 0.7847609499342064, 0.7933583959899749, 0.78877122626731, 0.797794348016793, 0.7947866407669654, 0.7945359984961463, 0.7952879253086034, 0.7947368421052632, 0.7949874686716792, 0.7952879253086034, 0.7951882714115657, 0.7949119619023748, 0.7950372830377843, 0.7950871036470735, 0.7951626041731937, 0.7952879253086034, 0.7951626041731937], "Valid": []}}