{"roc_val": {"Train": [0.92457173635844, 0.9349583702363679, 0.8933052163617063, 0.9034231019277517, 0.9106705752476429, 0.9262302686540913, 0.9194880449871546, 0.9256515112970394, 0.9324654210714755, 0.9304261829385494, 0.9300919749247807, 0.9302899793343007, 0.9304656770372044, 0.9303336426906866, 0.9303139584550348, 0.9303609666396568, 0.9303902456642862, 0.9303378276518364, 0.9302595382566692, 0.9302584233139237, 0.9302820648111506, 0.9303040810045163, 0.9303774944880999, 0.9303386913398785, 0.9303465901596095, 0.9303452475172895, 0.930383257642854, 0.9303600558413577, 0.9303184574845635, 0.9303000295224277], "Valid": []}, "eer_val": {"Train": [0.15087719298245747, 0.1374686716791868, 0.19298245614108644, 0.1730576441096312, 0.16165413533834722, 0.1446115288206025, 0.1533834586465716, 0.14210526315790273, 0.13809523809522845, 0.1419799498738873, 0.14273182957393488, 0.1428571428571422, 0.14223057644110276, 0.1427318295737798, 0.14260651629072674, 0.14235588972437868, 0.14248120300746828, 0.14248120300751893, 0.14248120300754405, 0.14260651629072676, 0.1426065162907262, 0.14235588972507693, 0.1423558897243406, 0.14235588972431076, 0.14235588972431165, 0.14248120300751813, 0.1423558897247549, 0.14235588972431834, 0.1424812030079613, 0.14248120300925565], "Valid": []}, "thres": {"Train": [-0.11090874671936049, -0.03117086924612407, -0.007394564803691263, -0.02519756928085644, -0.07910726219415684, -0.12495454400751659, -0.1732668876647803, -0.22292256355285858, -0.24119323492049174, -0.20886546373360476, -0.22315926849842074, -0.22393783926963795, -0.22746528685092926, -0.2267367988824663, -0.22657687962055206, -0.2267999202013322, -0.22670859098432852, -0.22673963010311135, -0.2268536388874181, -0.22665925323963165, -0.2268346399068828, -0.2268846482043304, -0.22676168382169043, -0.22672154009342194, -0.22680228948593148, -0.22673499584197923, -0.2265193909410511, -0.22674077749252886, -0.2270371019844198, -0.2261471748362175], "Valid": []}, "acc_val": {"Train": [0.8490601503759398, 0.862593984962406, 0.8070175438596491, 0.8268796992481203, 0.8382832080200501, 0.8553884711779448, 0.8466791979949875, 0.8578320802005013, 0.8619674185463659, 0.8579573934837093, 0.8572055137844612, 0.8572055137844612, 0.8577067669172932, 0.8573308270676692, 0.8574561403508771, 0.8576441102756892, 0.8576441102756892, 0.8574561403508771, 0.8575187969924812, 0.8574561403508771, 0.8574561403508771, 0.8576441102756892, 0.8575814536340852, 0.8576441102756892, 0.8575814536340852, 0.8575814536340852, 0.8575814536340852, 0.8575814536340852, 0.8575187969924812, 0.8574561403508771], "Valid": []}, "f1_val": {"Train": [0.8490506923992732, 0.8625853750234977, 0.8070175438596491, 0.8268471517202481, 0.8382730747540573, 0.8553703471612984, 0.846669590826493, 0.8578231718779372, 0.8619587693464503, 0.857930688725951, 0.8571965662008898, 0.8571965662008898, 0.8576800150404212, 0.8573218873362993, 0.8574472084717089, 0.8576441102756892, 0.8576262689560095, 0.8574472084717089, 0.8575187969924812, 0.8574472084717089, 0.8574472084717089, 0.8576441102756892, 0.8575903765428231, 0.8576441102756892, 0.8575725296071183, 0.8575725296071183, 0.8575725296071183, 0.8575725296071183, 0.8575187969924812, 0.8574472084717089], "Valid": []}}