{"roc_val": {"Train": [0.8479747693167756], "Valid": []}, "eer_val": {"Train": [0.23696741854636588], "Valid": []}, "thres": {"Train": [-0.030519961689909298], "Valid": []}, "acc_val": {"Train": [0.7630325814536341], "Valid": []}, "f1_val": {"Train": [0.7630325814536341], "Valid": []}}