{"optimizer_name": [{"best_val_loss": {"param": "Adamax", "value": 0.11178062111139297}, "best_roc_val": {"param": "Adam", "value": 0.9157214652327997}, "best_eer_val": {"param": "Adam", "value": 0.15882520672842015}, "best_thres": {"param": "Adamax", "value": -0.3662410974495159}, "best_acc_val": {"param": "Adam", "value": 0.8412301983730556}, "best_f1_val": {"param": "Adam", "value": 0.8410827798014427}}], "optimizer_lr": [{"best_val_loss": {"param": 0.01, "value": 0.0987018272280693}, "best_roc_val": {"param": 0.01, "value": 0.9391440791885618}, "best_eer_val": {"param": 0.01, "value": 0.12357142857129903}, "best_thres": {"param": 0.005, "value": -0.49043577826023105}, "best_acc_val": {"param": 0.01, "value": 0.8764806621949479}, "best_f1_val": {"param": 0.01, "value": 0.87636597385901}}], "batch_size": [{"best_val_loss": {"param": 256, "value": 0.10689408332109451}, "best_roc_val": {"param": 256, "value": 0.9201066234877185}, "best_eer_val": {"param": 256, "value": 0.14741944682144342}, "best_thres": {"param": 256, "value": -0.42868828773538487}, "best_acc_val": {"param": 256, "value": 0.8528614242899957}, "best_f1_val": {"param": 256, "value": 0.852777381122376}}], "contrastive_loss_margin": [{"best_val_loss": {"param": 0.5, "value": 0.03037910722196102}, "best_roc_val": {"param": 1.0, "value": 0.9271609637867123}, "best_eer_val": {"param": 1.0, "value": 0.14071856287473364}, "best_thres": {"param": 1.5, "value": -0.6954343514441348}, "best_acc_val": {"param": 1.0, "value": 0.8592122163550735}, "best_f1_val": {"param": 1.0, "value": 0.8590814941789873}}]}