{"roc_val": {"Train": [0.8990561538558175, 0.9106888540272988, 0.9214913379941081, 0.9290412827180733, 0.8993873703682767, 0.870094118441467, 0.87661181462428, 0.883663913857325, 0.8898166861389063, 0.8958894259458168, 0.9058825557000271, 0.9057892459846357, 0.9134274988850573, 0.9106277598758801, 0.9133512038240965, 0.9134459504023217, 0.9133216421379262, 0.9131995245004743, 0.9139062176116983, 0.9150379551635982, 0.9153625134264232, 0.9148860559921106, 0.9148635451410481, 0.9147939632916879, 0.9147008812758713, 0.914649146362146, 0.9147991454199408, 0.9148633802551493, 0.9148744747206361], "Valid": []}, "eer_val": {"Train": [0.18145363408606757, 0.1684210526315789, 0.1563909774436089, 0.1451127819560033, 0.18120300751868346, 0.21203007518796974, 0.20488721804569593, 0.19461152882203794, 0.18696741854663407, 0.1784461152883084, 0.16817042606462548, 0.17293233082706938, 0.1607769423558882, 0.16290726817043152, 0.15977443609022562, 0.16240601503759372, 0.1634085213032581, 0.16416040100250606, 0.16077694235588963, 0.159398496241667, 0.1588972431091532, 0.1611528822055138, 0.16090225563988483, 0.16015037594006157, 0.16065162907268182, 0.16115288220551358, 0.16052631578947354, 0.16040100250630465, 0.16052631578992732], "Valid": []}, "thres": {"Train": [-0.1267570108176232, -0.10676504671573638, -0.06705886870622635, -0.02459264546637337, -0.005489395931362398, -0.010062996298074719, -0.01193561870605699, -0.026240076869725428, -0.049806904047728626, -0.07200705260038862, -0.10353452712280098, -0.1320321857929233, -0.15346796065568913, -0.19140146672725974, -0.20032849907875064, -0.18360383808612823, -0.19359576702117917, -0.19979088008403778, -0.20264748483896253, -0.20216757059169313, -0.2031050175428718, -0.2039431631565094, -0.20462022721779552, -0.2045505046844487, -0.2047351896762848, -0.2049014717340468, -0.2044203877449035, -0.20438547432423781, -0.20461830496792174], "Valid": []}, "acc_val": {"Train": [0.818546365914787, 0.8316416040100251, 0.843671679197995, 0.8548245614035088, 0.818796992481203, 0.7880325814536341, 0.7953634085213033, 0.8054511278195489, 0.8130325814536341, 0.8214912280701754, 0.8318295739348371, 0.8270050125313283, 0.8392230576441103, 0.8370300751879699, 0.8401629072681704, 0.83765664160401, 0.8366541353383459, 0.8359022556390977, 0.8392857142857143, 0.8406641604010026, 0.8410401002506266, 0.8388471177944862, 0.8390977443609022, 0.8398496240601504, 0.8392857142857143, 0.8389097744360903, 0.8395363408521304, 0.8395989974937343, 0.8394736842105263], "Valid": []}, "f1_val": {"Train": [0.818546365914787, 0.8316310545773545, 0.8436618835766652, 0.8548154646281094, 0.8187742824915404, 0.788019299454853, 0.7954146830368327, 0.8054389372767717, 0.8130325814536341, 0.8214800426091861, 0.8318084973054267, 0.8269941725672034, 0.8392230576441104, 0.8370198633999624, 0.8401528917851996, 0.8376464690770099, 0.836643899993734, 0.8358919731812771, 0.8392756438373331, 0.8406741432241087, 0.841030139733066, 0.8388471177944862, 0.8390977443609023, 0.8398496240601504, 0.8392756438373331, 0.8388996804311046, 0.839526286108152, 0.8395989974937343, 0.8394736842105263], "Valid": []}}