{"roc_val": {"Train": [0.8652976190476189, 0.8745414366115791, 0.8551405141927501, 0.8738424695824775, 0.9380692096783312, 0.9494802246845182, 0.9528653871520908, 0.9597526004861778, 0.959532705510644, 0.9654156930546919, 0.9648881288434117, 0.9680057521623608, 0.9668570863248347, 0.9701380173491373, 0.9703599694725537, 0.9714177674763349, 0.9713784932255451, 0.9713510122423854, 0.9716487176588087, 0.971618370801691, 0.9716996595498772, 0.9718294954177423, 0.9718251141638559, 0.9718081073611345, 0.9718166343176237, 0.971830995094252, 0.9717916894366242, 0.9717974604430877, 0.9718160061808658, 0.9718054063730756], "Valid": []}, "eer_val": {"Train": [0.21766917293233085, 0.20927318295739353, 0.2314536340852201, 0.20927318295739386, 0.1239348370931282, 0.10889724310776702, 0.09837092731882685, 0.09235588972455916, 0.09135338345864644, 0.08834586466228289, 0.0852130325814538, 0.0859649122807017, 0.0847117794485626, 0.07969924812030117, 0.07832080200536629, 0.07819548872180444, 0.07731829573934837, 0.07756892230575184, 0.0771929824560959, 0.07694235588932531, 0.07669172932330826, 0.0765664160400263, 0.07669172932330785, 0.07644110275703257, 0.0766917293233083, 0.07681704260601065, 0.0768170426065164, 0.07669172932331833, 0.07681704260651624, 0.0766917293234678], "Valid": []}, "thres": {"Train": [-0.13296598196029663, -0.06713505337635677, -0.047645762562751846, -0.03609501197934152, -0.024219569750146677, -0.03410165260235452, -0.055859941989345276, -0.09742746502166777, -0.14310587942600247, -0.20064394176040662, -0.25815852731466304, -0.290937453508377, -0.3227454423903384, -0.33306205272674594, -0.3378947675230351, -0.3451433181762695, -0.35848379135131836, -0.3605623841285669, -0.36367622017858664, -0.3651931285852226, -0.3681125193834305, -0.36958988755938116, -0.3703488111495969, -0.37033906579026105, -0.37043207883834844, -0.37109008431404095, -0.370685774087906, -0.3706892728805598, -0.37119588255882263, -0.37098680436617915], "Valid": []}, "acc_val": {"Train": [0.7822681704260651, 0.7907268170426065, 0.768609022556391, 0.7906641604010025, 0.8760025062656641, 0.8911654135338346, 0.9017543859649123, 0.9076441102756893, 0.9087092731829574, 0.9117167919799499, 0.9147243107769424, 0.9140977443609023, 0.9153508771929825, 0.9203007518796993, 0.9216165413533834, 0.9218671679197995, 0.9224937343358396, 0.9224937343358396, 0.9228070175438596, 0.9231203007518797, 0.9233709273182957, 0.9233709273182957, 0.9233709273182957, 0.9234962406015037, 0.9233709273182957, 0.9232456140350878, 0.9231829573934837, 0.9233082706766917, 0.9232456140350878, 0.9233082706766917], "Valid": []}, "f1_val": {"Train": [0.7822545272260167, 0.7907268170426065, 0.7685945234663827, 0.7906510432984524, 0.8760102750454233, 0.8911585938968607, 0.9017666959027691, 0.9076441102756893, 0.9087035528541888, 0.9117223231627092, 0.9147296535304806, 0.9140923616767969, 0.9153455730308917, 0.9203007518796993, 0.9216214522899567, 0.921862272072185, 0.9224694453149482, 0.9224888777492324, 0.9227973430254419, 0.9231154834262798, 0.9233661256970989, 0.9233757283378233, 0.9233661256970989, 0.9234914468325083, 0.9233661256970989, 0.9232408045616893, 0.9231829573934837, 0.9233082706766917, 0.9232408045616893, 0.9233082706766917], "Valid": []}}