{"roc_val": {"Train": [0.7650902004384394, 0.8508968929215268, 0.9253466215664475, 0.9597826489783355, 0.9809485257630292, 0.982676082436668, 0.9825215922010541, 0.9838797180922231, 0.9833858612697156, 0.9866904102361168, 0.9855407158246494, 0.9850132693890113, 0.9878733801923354, 0.9865766389658356, 0.9867609028837759, 0.9870570222548852, 0.9869015741107153, 0.9869423715931432, 0.9869101167706232, 0.9869516366103227, 0.9869955119628644, 0.9869580279018346, 0.9869511341009164, 0.9870265576221254, 0.9870841577628282, 0.9870742332020528, 0.9870045728355978, 0.9869657068737006, 0.9870103516937708, 0.9869641993454816], "Valid": []}, "eer_val": {"Train": [0.32781954887218817, 0.21065162907268517, 0.13784461152910954, 0.09611528822024319, 0.05413533834465921, 0.053884711778477944, 0.055012531328072954, 0.050626566415629744, 0.047994987468665776, 0.03959899749284185, 0.04085213032580636, 0.042481203007518814, 0.036340852130315036, 0.03759398496241647, 0.037218045114419014, 0.03696741854669812, 0.03721804511277451, 0.03709273182957464, 0.037092731830184265, 0.037092731830023, 0.03709273182959873, 0.036842105264173704, 0.037092731829771027, 0.037218045112779576, 0.03671679198010155, 0.03709273182792284, 0.037218045112776585, 0.03734335839445073, 0.03721804511367044, 0.03721804511408758], "Valid": []}, "thres": {"Train": [-0.0027729088906198887, -2.6783865905599913e-05, -0.0031787115149241774, -0.015073611401012947, -0.0778471752998555, -0.22502700984458154, -0.18634380400166092, -0.2709864377973469, -0.2831569314002829, -0.2954181730731779, -0.30210646986960965, -0.32045841217041016, -0.3120758831500883, -0.3224598169326831, -0.31658521294656883, -0.3218214809909091, -0.3216263651847714, -0.32368293404579285, -0.32253870368122317, -0.3229321837429238, -0.32190299034120096, -0.3225912451744966, -0.3211378455162776, -0.32101535797118796, -0.3227826654919205, -0.3225323557845676, -0.32186928391456343, -0.3203126192040293, -0.32456862926516644, -0.3247615695003695], "Valid": []}, "acc_val": {"Train": [0.6721177944862156, 0.7892857142857143, 0.862218045112782, 0.9039473684210526, 0.9457393483709273, 0.9461152882205514, 0.9448621553884712, 0.9491854636591479, 0.9520676691729323, 0.9602130325814536, 0.9589598997493735, 0.9574561403508772, 0.9637218045112782, 0.96234335839599, 0.9628446115288221, 0.9632205513784461, 0.9627819548872181, 0.9628446115288221, 0.96296992481203, 0.9631578947368421, 0.9628446115288221, 0.9630952380952381, 0.962907268170426, 0.9628446115288221, 0.9632832080200501, 0.9627192982456141, 0.9628446115288221, 0.96234335839599, 0.96296992481203, 0.9628446115288221], "Valid": []}, "f1_val": {"Train": [0.6720972492010778, 0.7892725108089479, 0.8622266775264709, 0.9039413497086283, 0.9457257458009526, 0.9461085349041233, 0.9448483329155177, 0.9491695393293639, 0.9520646657058712, 0.9602005640864932, 0.9589470385459105, 0.9574534745284793, 0.9637195312989535, 0.9623409988094492, 0.9628469394148237, 0.9632274635093654, 0.9627819548872181, 0.9628422833510871, 0.9629722448468141, 0.9631671260335757, 0.9628422833510871, 0.9630929256219062, 0.962907268170426, 0.9628422833510871, 0.9632832080200501, 0.962707615167659, 0.9628422833510871, 0.9623268350780417, 0.9629768840443526, 0.9628469394148237], "Valid": []}}