{"roc_val": {"Train": [0.9429880230023682], "Valid": []}, "eer_val": {"Train": [0.1147869674185268], "Valid": []}, "thres": {"Train": [-0.4492398798465559], "Valid": []}, "acc_val": {"Train": [0.8852756892230577], "Valid": []}, "f1_val": {"Train": [0.8852685005326147], "Valid": []}}