{"roc_val": {"Train": [0.9429914934579557, 0.9575115341612176, 0.9559615046387898, 0.9587788628840271, 0.9666825899334804, 0.9767521089691648, 0.9846299018222248, 0.982879002016319, 0.9861602314055817, 0.9882074390236242, 0.9883387039026137, 0.9865260268465651, 0.9908378716214093, 0.9910814002424608, 0.9925284388917155, 0.9931011582841816, 0.9928915333446398, 0.9942237250394155, 0.995755522892444, 0.9953233490995661, 0.9954764103240556, 0.9960231248547433, 0.9969245796194748, 0.9968746270438, 0.9968189034616617, 0.9969631786232499, 0.997330261744587, 0.9972896527031866, 0.997388631352818, 0.9972754725158762], "Valid": []}, "eer_val": {"Train": [0.11466165413530631, 0.09385964912280724, 0.0916040100250626, 0.08822055137844712, 0.07443609022556383, 0.05375939849677777, 0.04649122807038766, 0.06315789473729419, 0.05012531328369893, 0.0439849624075238, 0.04210526315899209, 0.04761904761908492, 0.03283208020050146, 0.036967418545445, 0.02982456140350807, 0.030200501253673056, 0.031203007518797045, 0.027443609022556357, 0.020802005012734857, 0.025438596491227213, 0.022431077694680196, 0.023809523809523864, 0.018671679197930186, 0.020050125313282503, 0.017794486214591655, 0.016290726818193615, 0.015664160401002644, 0.01654135338345334, 0.01629072681704314, 0.01578947368421125], "Valid": []}, "thres": {"Train": [-0.4492885172367078, -0.5433093309402467, -0.5113921463489532, -0.515807986259461, -0.4750810662905374, -0.4098964631562209, -0.35698029398979797, -0.42385923862520414, -0.3516860008241719, -0.36120355129491466, -0.36312863230806713, -0.3755849599838476, -0.33402162790298495, -0.4028962254521731, -0.36637672781944264, -0.3953504562385039, -0.40760728716850286, -0.3874980807304381, -0.3866533637051852, -0.38015800714492565, -0.3479801714422186, -0.4149125814437869, -0.4492355372222221, -0.39732307195663097, -0.40853118896412266, -0.39540985226647535, -0.40367522835731545, -0.4077979326248055, -0.41598790884018516, -0.40793668627739055], "Valid": []}, "acc_val": {"Train": [0.8853383458646616, 0.9060776942355889, 0.9085213032581454, 0.9117167919799499, 0.9256265664160401, 0.9462406015037594, 0.9534461152882205, 0.9369047619047619, 0.949874686716792, 0.956015037593985, 0.9581453634085213, 0.9525062656641604, 0.9671679197994988, 0.9630325814536341, 0.9702380952380952, 0.9697994987468672, 0.968734335839599, 0.9726190476190476, 0.9791353383458646, 0.974624060150376, 0.9776315789473684, 0.9761278195488722, 0.981516290726817, 0.9800125313283208, 0.9820802005012531, 0.9837719298245614, 0.9842731829573935, 0.9835213032581454, 0.9837719298245614, 0.9842105263157894], "Valid": []}, "f1_val": {"Train": [0.8853383458646616, 0.9060718090105896, 0.9085098383256046, 0.9117112601040166, 0.9256219061344696, 0.9462406015037595, 0.9534431981953757, 0.9369087149927949, 0.949874686716792, 0.956015037593985, 0.958155850663994, 0.9525122165142212, 0.9671679197994988, 0.9630279483644567, 0.9702362303402468, 0.9697994987468672, 0.9687323767153331, 0.9726173319130271, 0.9791340309543204, 0.9746224700795788, 0.9776329803896999, 0.9761263237044927, 0.9815128156921726, 0.980011278902187, 0.9820757081975432, 0.9837729465572332, 0.9842721975061094, 0.9835202706936526, 0.9837709129644715, 0.9842105263157894], "Valid": []}}