{"roc_val": {"Train": [0.9436901464186783], "Valid": []}, "eer_val": {"Train": [0.11215538847124537], "Valid": []}, "thres": {"Train": [-0.4340292513371051], "Valid": []}, "acc_val": {"Train": [0.887781954887218], "Valid": []}, "f1_val": {"Train": [0.8877749232408046], "Valid": []}}