{"roc_val": {"Train": [0.7584931496452074, 0.7080987312335421, 0.8981671806919138, 0.9532791905620358, 0.9507327572970299, 0.9535256784051467, 0.952039061033257, 0.9508995729716941, 0.9463559518400569, 0.9462278372413908, 0.9346279406396805, 0.9400730784773129, 0.9494438363731662, 0.950709903587987, 0.938086992055466, 0.9534148358224998, 0.9549219697112455, 0.9550902580176421, 0.9552307346966693, 0.9554487129826795, 0.9551960755062257, 0.9548937000674896, 0.9552487526250883, 0.9553222306671719, 0.955288628840271, 0.9552964805497453, 0.9552820883662791, 0.9552508481591057, 0.9552611286640438], "Valid": []}, "eer_val": {"Train": [0.319005847953695, 0.36102756892245075, 0.17602339181290277, 0.10480367585740807, 0.10643274853759907, 0.09912280701691507, 0.10083542188809043, 0.10751879699194637, 0.1140350877192982, 0.11086048454473824, 0.1320384294068505, 0.12163742690062977, 0.10906432748586752, 0.10764411027568914, 0.12535505430242275, 0.10112781954907227, 0.09866332497904165, 0.09703425229718098, 0.09782790309257261, 0.0958646616539561, 0.09745196324143757, 0.09828738512868401, 0.09736842105340868, 0.0972848788638521, 0.09736842105326642, 0.09736842105278365, 0.09757727652593781, 0.0974101921463589, 0.097326649958229], "Valid": []}, "thres": {"Train": [-0.2080343117317437, -0.16286958754062722, -0.02621869742870394, -0.1575988978150695, -0.18361428380008787, -0.1600324958561283, -0.1729901880025921, -0.21418619155860494, -0.19549728929996488, -0.13898533582687536, -0.17902842164039612, -0.1572288796305771, -0.1909082084895154, -0.16057908535003662, -0.22322463989257812, -0.17947472631932726, -0.18476234376428174, -0.17910245060896937, -0.19297482073369807, -0.1776385158299311, -0.1816574186086655, -0.18559534847653714, -0.18217059969911825, -0.18342836201191484, -0.18318948149754763, -0.1829429715872133, -0.1817234754565039, -0.18233041465279645, -0.18244281411170962], "Valid": []}, "acc_val": {"Train": [0.6809941520467836, 0.6389724310776942, 0.8239557226399332, 0.8952589807852965, 0.8935672514619883, 0.9008980785296575, 0.8991854636591479, 0.8924812030075188, 0.8859857978279031, 0.8891186299081036, 0.8679824561403509, 0.8783834586466165, 0.8909565580618212, 0.8923767752715122, 0.8746449456975772, 0.8988721804511278, 0.9013366750208855, 0.9029448621553885, 0.9022556390977443, 0.9041353383458647, 0.9025689223057645, 0.9017126148705096, 0.9026315789473685, 0.9027360066833751, 0.9026106934001671, 0.9026524644945697, 0.9024436090225564, 0.9025689223057645, 0.9026524644945697], "Valid": []}, "f1_val": {"Train": [0.6809941520467836, 0.6389724310776942, 0.8239520457820758, 0.8952655430946265, 0.8935628054638873, 0.9008960086885691, 0.8991875691819302, 0.8924767116420903, 0.8859834165291672, 0.8891163140416466, 0.8679796988241191, 0.8783809185655507, 0.8909588354462104, 0.8923745274546252, 0.8746449456975772, 0.8988721804511278, 0.9013325535736663, 0.9029387806253525, 0.9022638041934676, 0.9041313338067589, 0.9025709571646373, 0.9017085091273654, 0.9026315789473685, 0.9027380380526723, 0.9026086593287245, 0.9026544976086548, 0.9024456464986111, 0.9025628172191239, 0.9026504312955577], "Valid": []}}