{"roc_val": {"Train": [0.8283238545751737, 0.8739790910721528, 0.956100106504077, 0.9537931023953646, 0.9521405879988191, 0.9525658313494682, 0.9521824620378572, 0.9548504903654291, 0.9568321789575582, 0.9495558061123291, 0.9562599926089244, 0.9566798104283265, 0.9577386945852517, 0.9572868915186881, 0.9572176821893217, 0.9570946301984423, 0.9569907232924976, 0.956984500376533, 0.9569423349518325, 0.9569279994751568, 0.9569163902864932, 0.9569342049428777, 0.956932516825341], "Valid": []}, "eer_val": {"Train": [0.2487886382623246, 0.20041771094402674, 0.09987468671681003, 0.10329991645782712, 0.10576441102743327, 0.1034252297410188, 0.10534670008409126, 0.10162907268169213, 0.09866332497914013, 0.1103174603164297, 0.1030910609858465, 0.10242272347535743, 0.09958228905591573, 0.10100250626576471, 0.10129490392651089, 0.10150375939848993, 0.10183792815372529, 0.10183792815371545, 0.10192147034243387, 0.10192147034393778, 0.10192147034300351, 0.10204678362577022, 0.10204678362437783], "Valid": []}, "thres": {"Train": [-0.12945608794689192, -0.08104823529720306, -0.12641352415084894, -0.15962308645249154, -0.16719436645506713, -0.16621473431587191, -0.16656285524380735, -0.17453016340732294, -0.1672838628292193, -0.16278240084629908, -0.18356877565385646, -0.17839431762695374, -0.18194052577017497, -0.1833545565605497, -0.183526450395587, -0.18304614722728693, -0.18214213103056182, -0.18172813951969105, -0.18176151812075614, -0.18096370995053743, -0.1816089451315141, -0.18146750330926406, -0.1812808811652774], "Valid": []}, "acc_val": {"Train": [0.7511904761904762, 0.7994987468671679, 0.9001044277360066, 0.8966791979949875, 0.894235588972431, 0.8965956558061822, 0.8946532999164578, 0.8983918128654971, 0.9013366750208855, 0.889703425229741, 0.8969298245614035, 0.8975563909774437, 0.900438596491228, 0.8990810359231411, 0.8987050960735171, 0.898517126148705, 0.8981620718462824, 0.8981829573934837, 0.8980994152046784, 0.8981620718462824, 0.898078529657477, 0.8979323308270677, 0.8979532163742691], "Valid": []}, "f1_val": {"Train": [0.7511852795588881, 0.7994736182479006, 0.9001023413187409, 0.8966770400384303, 0.8942311708926856, 0.8965934961047641, 0.8946532999164578, 0.8983896906785855, 0.9013366750208855, 0.8897011215773093, 0.8969319771934589, 0.8975542513419245, 0.9004365170534054, 0.8990894662100074, 0.8987050960735171, 0.8985150065790849, 0.8981620718462824, 0.8981808308444202, 0.8980972869107542, 0.898170578899006, 0.898078529657477, 0.8979301990434219, 0.8979489535903755], "Valid": []}}