{"roc_val": {"Train": [0.6971819115457817, 0.7202455229552578, 0.7532162015313975, 0.7184218849127832, 0.7755979233798782, 0.7986100589820416, 0.8070638925006753, 0.8290431906834757, 0.8154661638431919, 0.8328865475091235, 0.8356827453973279, 0.837469417591598, 0.8418391530203956, 0.8652033985339288, 0.8825655382189811, 0.880126820811427, 0.8950349087003222, 0.8950507220432031, 0.9174022619204654, 0.9164084867557364, 0.9255151820654393, 0.9255088849944408, 0.925379316084698, 0.9255468401580391, 0.92559954083203, 0.9254949246549958, 0.925810626189534, 0.9258450402321593, 0.925809982349357, 0.9257667508369924], "Valid": []}, "eer_val": {"Train": [0.37080200501260646, 0.3531328320802023, 0.3205513784461581, 0.3481203007518797, 0.2999999999995606, 0.2731829573934826, 0.2659147869674186, 0.24260651628987714, 0.25363408521302944, 0.232957393483807, 0.23859649122804308, 0.23822055137877732, 0.23972431077688486, 0.2105263157894736, 0.19624060150408681, 0.1978696741858608, 0.17932330827013154, 0.18157894736842062, 0.1508771929824564, 0.152882205514624, 0.13859649123000273, 0.13922305764513426, 0.1404761904763675, 0.14047619047678156, 0.14022556390809837, 0.14010025062703785, 0.139223057642948, 0.13959899749373444, 0.13947368420932854, 0.13959899749396748], "Valid": []}, "thres": {"Train": [-0.08469594269991512, -0.024573969654738965, -0.009357951115817383, -0.005959445843473077, -0.008745632134373325, -0.012262275442481029, -0.018576839938759804, -0.023909905925350593, -0.025727398693561478, -0.022695513442160756, -0.06657245755195443, -0.09448229521515739, -0.07470514252781316, -0.07707244157791138, -0.1400002688170189, -0.1806961447000527, -0.2668705582618139, -0.3163988292217254, -0.25276190042495755, -0.25582528114374103, -0.2491171360016885, -0.2650738060475314, -0.27343884110459765, -0.2756840884688687, -0.2779270410528468, -0.2793509662155672, -0.27994751930189216, -0.2796912491321564, -0.28047633170961933, -0.2816762924194973], "Valid": []}, "acc_val": {"Train": [0.6291353383458647, 0.6468671679197995, 0.6794486215538847, 0.6520050125313284, 0.699937343358396, 0.7268796992481203, 0.7340225563909775, 0.7573934837092732, 0.7464285714285714, 0.7672932330827068, 0.7614661654135338, 0.7617794486215539, 0.7603383458646616, 0.7895363408521303, 0.8037593984962406, 0.8020676691729324, 0.8207393483709273, 0.8184837092731829, 0.8490601503759398, 0.8471177944862155, 0.8613408521303259, 0.8607769423558898, 0.8595864661654136, 0.8595238095238096, 0.8597744360902255, 0.8599624060150376, 0.8607142857142858, 0.8603383458646616, 0.8605263157894737, 0.8604010025062656], "Valid": []}, "f1_val": {"Train": [0.6291120997556238, 0.6468671679197995, 0.6794486215538847, 0.6519613986715127, 0.6998809299993733, 0.7268625853750235, 0.7340058900933644, 0.7573630780799598, 0.7464126824989035, 0.7673515409671762, 0.7614512187480419, 0.7617794486215538, 0.7603233285293565, 0.7895231530797668, 0.8037593984962407, 0.8020552666207156, 0.8207281157967292, 0.8184723353593583, 0.8490506923992732, 0.8471177944862155, 0.8613321636694028, 0.8607769423558898, 0.8595952634546707, 0.8595238095238096, 0.8597568617621255, 0.8599711797506423, 0.8606880992667795, 0.860329594586127, 0.8605088356936959, 0.8604010025062656], "Valid": []}}