{"roc_val": {"Train": [0.7228649710114886, 0.7500412764367058, 0.7616840032411857, 0.7784599578520235, 0.8188654515361085, 0.8372380748236506, 0.8516125919435179, 0.8560362529129842, 0.8680168623312667, 0.8810977003913292, 0.8899530310739254, 0.8725471573671019, 0.8977263098221746, 0.8916734191368145, 0.9110674634581443, 0.9123399429023688, 0.919736041230897, 0.9188180743211413, 0.9207682426617922, 0.91941524393691, 0.9193679138321996, 0.9187447943166187, 0.9183223252366506, 0.9199799781408409, 0.9191215114854807, 0.9195092681578633, 0.9196233220896853, 0.9199683340556906, 0.9198041234037474, 0.919727765529111], "Valid": []}, "eer_val": {"Train": [0.34411027569020214, 0.3204260651633918, 0.30789473684212637, 0.2971177944862112, 0.25526315789473636, 0.2402255639097687, 0.2254385964912281, 0.22067669172891877, 0.205639097744441, 0.19373433583979088, 0.18446115288220538, 0.20225563909774413, 0.1748120300755752, 0.1895989974942944, 0.16390977443585866, 0.1614035087713266, 0.15087719298087182, 0.15187969924811956, 0.149248120300834, 0.15263157894784846, 0.1523809523809523, 0.15413533834586463, 0.15426065162907263, 0.15187969924737862, 0.151879699248126, 0.15137844611575663, 0.1516290726816647, 0.1510025062656614, 0.15137844611621404, 0.1515037593984961], "Valid": []}, "thres": {"Train": [-0.15931512415417778, -0.07278552502395112, -0.03654415160417579, -0.014744750689715104, -0.011156655848026276, -0.017165161669254202, -0.022630492846171066, -0.0429577082395423, -0.07282279431820197, -0.11596922576427617, -0.20163159072399134, -0.2581490278244018, -0.29795938730246285, -0.329629600048117, -0.3473528623580835, -0.3537783026693548, -0.37793585657979306, -0.39936390519142123, -0.3863840699196382, -0.39332115650194666, -0.40189385414123535, -0.40733373165130615, -0.4042929470539093, -0.40271154046035573, -0.4027322232723258, -0.4033767580988851, -0.4015147089958063, -0.40260423719882943, -0.4028904140005463, -0.40217867493629444], "Valid": []}, "acc_val": {"Train": [0.655827067669173, 0.6796365914786967, 0.6920426065162907, 0.7029448621553884, 0.7447994987468671, 0.7598370927318295, 0.774624060150376, 0.7792606516290727, 0.794360902255639, 0.806203007518797, 0.8156015037593985, 0.7977443609022556, 0.825187969924812, 0.8103383458646617, 0.8360275689223058, 0.8385338345864661, 0.8491854636591478, 0.8481829573934837, 0.8506892230576442, 0.8473684210526315, 0.8476817042606516, 0.8459273182957393, 0.8458646616541353, 0.8481203007518797, 0.8480576441102757, 0.8485588972431077, 0.8483082706766917, 0.8489974937343359, 0.8485588972431077, 0.8485588972431077], "Valid": []}, "f1_val": {"Train": [0.6558055015978445, 0.679616517325647, 0.6920233097311862, 0.7029262485118115, 0.7447835077385802, 0.7598220439877185, 0.7746099379660379, 0.7792191514695745, 0.794360902255639, 0.8061908640892287, 0.8155899492449402, 0.7977443609022556, 0.8251879699248119, 0.8103264615577416, 0.835996741242088, 0.8385034780973867, 0.8491760135346826, 0.8481734444514066, 0.8506798671595964, 0.8473684210526315, 0.8476721599097687, 0.8459176640140358, 0.8458453440280737, 0.8481012658227847, 0.8480481233159972, 0.8485494078576353, 0.8482797518330513, 0.8489974937343359, 0.8485494078576353, 0.8485494078576353], "Valid": []}}