{"roc_val": {"Train": [0.8775243402993701, 0.882038884806, 0.8833682420336556, 0.8808288264520951, 0.8736397227404349, 0.8804507666409129, 0.9025724163164804, 0.9487842884152738, 0.9342939821357904, 0.943666151594525, 0.9546422133026802, 0.9595599902010665, 0.9665789002581642, 0.9708525543181261, 0.976303203183397, 0.9762258716967858, 0.9804580059170483, 0.983048787381989, 0.9855278861313684, 0.987553250293654, 0.9879755780428515, 0.9874716553287983, 0.9874850503451612, 0.9862237046249709, 0.987536212084095, 0.9890779109427705, 0.9888462305513156, 0.9891608721050748, 0.9894652436228416, 0.9892383213673281], "Valid": []}, "eer_val": {"Train": [0.20977443609022559, 0.2051378446115444, 0.20726817042599388, 0.20388471177944847, 0.21165413533834587, 0.2051378446118413, 0.18032581453632554, 0.12418546365960449, 0.13571428571465038, 0.12293233082706768, 0.10451127819548879, 0.09624060150375932, 0.08558897242946051, 0.07681704260702972, 0.06002506265663142, 0.06365914786976583, 0.05614035087617013, 0.05288220551475119, 0.047117794486932374, 0.04561403508769054, 0.04273182957393469, 0.041979949874686215, 0.03934837092731995, 0.042606516290534135, 0.04010025062656304, 0.036842105262585044, 0.03583959899806616, 0.036466165413533175, 0.03596491228089526, 0.03646616541338443], "Valid": []}, "thres": {"Train": [-0.39825043082237244, -0.26056723793348663, -0.21030189096926516, -0.17356881685554978, -0.14853161573410034, -0.12293374352161966, -0.10775588452815751, -0.08096035569909299, -0.1793457269676287, -0.20395039767026904, -0.24115144461393356, -0.27210146188735956, -0.2710792124268112, -0.2940463423729615, -0.29757490754124905, -0.28676903247835045, -0.3094923496240417, -0.29540449380938666, -0.3156281113627967, -0.27498880028723893, -0.28083068132400507, -0.30350703001022283, -0.31833067536354703, -0.3235193789005221, -0.3219218850135758, -0.3172236084936259, -0.3155303001406972, -0.30978158116340626, -0.3212883174420548, -0.3146920502184412], "Valid": []}, "acc_val": {"Train": [0.7901629072681704, 0.7948621553884712, 0.7927944862155388, 0.7961152882205513, 0.7882832080200501, 0.7948621553884712, 0.8197368421052632, 0.8758771929824561, 0.8642230576441102, 0.8770676691729323, 0.8954887218045112, 0.9038220551378446, 0.9144110275689223, 0.9231829573934837, 0.9400375939849624, 0.9364661654135338, 0.943609022556391, 0.9471177944862156, 0.9528195488721805, 0.9541979949874687, 0.9573308270676691, 0.9580827067669173, 0.9605889724310777, 0.9573934837092731, 0.9599624060150376, 0.9631578947368421, 0.9641604010025062, 0.9635964912280702, 0.9639724310776943, 0.9635338345864661], "Valid": []}, "f1_val": {"Train": [0.7901497587568144, 0.7948621553884712, 0.7927815026004136, 0.7961152882205513, 0.7882434041486496, 0.7948621553884712, 0.8197255467134531, 0.8758849696134328, 0.8642145497838211, 0.8770676691729323, 0.8954887218045112, 0.903816028573219, 0.9144003007895726, 0.9231829573934837, 0.9400338367065606, 0.9364741260493673, 0.943587814968033, 0.9471177944862156, 0.9528165925183281, 0.9541836414916954, 0.9573281533930698, 0.9580800802055267, 0.9605865029137164, 0.9573881438776789, 0.959959897236669, 0.9631532773530518, 0.9641604010025062, 0.963594210163544, 0.9639701735697727, 0.9635292643188369], "Valid": []}}