{"roc_val": {"Train": [0.7772182492572283, 0.7585955725780616, 0.7302524167561761, 0.7033685482503251, 0.6905857689336121, 0.7213789329212755, 0.7938191107467918, 0.8543394121268083, 0.9069402437798758, 0.9300737668105101, 0.9165871288496932, 0.9411181933530569, 0.9548354203177116, 0.952430999177141, 0.9556582559154779, 0.9641630077700516, 0.9635050345161148, 0.9620888295299652, 0.9663420927004228, 0.9665397830415636, 0.9658246807494927, 0.966778985370695, 0.9671216732306956, 0.9676535637338961, 0.9677245039289953, 0.9676014754932443, 0.9675930270538501, 0.9675946916162587, 0.9675715290733099, 0.9675675325531874], "Valid": []}, "eer_val": {"Train": [0.30313283208026087, 0.31604010025062657, 0.34461152882205515, 0.3634085213039394, 0.36867167919798977, 0.3431077694235589, 0.2825814536343232, 0.23032581453634035, 0.1675438596487128, 0.1406015037600108, 0.1532581453632892, 0.12368421052654427, 0.10802005012498216, 0.104761904762188, 0.10501253132832379, 0.09210526315789556, 0.09147869674185459, 0.0979949874686984, 0.08884711779449808, 0.08884711779420132, 0.08934837092773876, 0.08734335839598562, 0.08634085213032584, 0.08646616541286034, 0.0845864661654136, 0.08521303258309051, 0.08546365914705024, 0.08558897242966884, 0.08583959899756366, 0.08583959899749358], "Valid": []}, "thres": {"Train": [-0.2438985109329508, -0.14833510418732962, -0.062270961701869965, -0.022305997088571484, -0.00432604691013685, -0.0011435151100158691, -0.005596929695458031, -0.009710782207548613, -0.02152782119809363, -0.04053734242924984, -0.08222005516289266, -0.1396356523037271, -0.1733425557613037, -0.25704139471055903, -0.2503795325756079, -0.2625494003295908, -0.26442877203226084, -0.2812038660049464, -0.29474940896034474, -0.29751059412941244, -0.308015048504122, -0.312637805938719, -0.31382372975349426, -0.3157645463938351, -0.3193867802619936, -0.3218495845800743, -0.3213420510288374, -0.32268381118556727, -0.3235878646373965, -0.3223861455917358], "Valid": []}, "acc_val": {"Train": [0.6969298245614035, 0.6839598997493734, 0.6554511278195488, 0.6365914786967418, 0.6313909774436091, 0.6567042606516291, 0.7174185463659147, 0.7697368421052632, 0.8324561403508772, 0.8593984962406015, 0.8466791979949875, 0.8763157894736842, 0.8919799498746868, 0.8953007518796993, 0.8949248120300752, 0.9078320802005012, 0.9085213032581454, 0.9020676691729324, 0.9110902255639097, 0.9111528822055138, 0.9109649122807018, 0.912719298245614, 0.9135964912280702, 0.9135338345864662, 0.9153508771929825, 0.9147243107769424, 0.9145363408521303, 0.9144110275689223, 0.9141604010025063, 0.9142230576441103], "Valid": []}, "f1_val": {"Train": [0.6969488127310319, 0.6839598997493734, 0.655429538191616, 0.6365914786967418, 0.6313678801929945, 0.6565966781573175, 0.7174185463659147, 0.769722413685068, 0.832435142248402, 0.8593984962406015, 0.8466503728771073, 0.8763157894736842, 0.8919664118310565, 0.8953073115719566, 0.8949182279591453, 0.9078263049063223, 0.9085213032581454, 0.9020738048994423, 0.9110846544269691, 0.9111417470861011, 0.910992796742875, 0.9127138291872925, 0.9135910771351589, 0.9135229978694072, 0.9153455730308917, 0.9147189673538443, 0.9145256297781676, 0.9144003007895726, 0.9141604010025063, 0.9142176828122063], "Valid": []}}