{"roc_val": {"Train": [0.9111388826075213], "Valid": []}, "eer_val": {"Train": [0.16766917293260652], "Valid": []}, "thres": {"Train": [-0.20222342014322472], "Valid": []}, "acc_val": {"Train": [0.8323308270676691], "Valid": []}, "f1_val": {"Train": [0.832330827067669], "Valid": []}}