{"('', 'cut_off_freq')":{"0":33},"('Window Size', 125)":{"0":0.252159578},"('Window Size', 250)":{"0":0.180239521},"('Window Size', 500)":{"0":0.1645745293},"('Window Size', 750)":{"0":0.1458705221},"('Window Size', 1000)":{"0":0.1726133227},"('Window Size', 1250)":{"0":0.1792136658},"('Window Size', 1500)":{"0":0.1621093381},"('Window Size', 1750)":{"0":0.16234684},"('Window Size', 2000)":{"0":0.1637181337},"('', 'mean')":{"0":0.1758717167},"('', 'var')":{"0":0.0009260543}}