{"('', 'SMA_winsize')":{"0":1},"('Window Size', 125)":{"0":0.2400098912},"('Window Size', 250)":{"0":0.149334664},"('Window Size', 500)":{"0":0.1015394913},"('Window Size', 750)":{"0":0.0926262626},"('Window Size', 1000)":{"0":0.0879403794},"('Window Size', 1250)":{"0":0.0845486111},"('Window Size', 1500)":{"0":0.0818930041},"('Window Size', 1750)":{"0":0.0797101449},"('Window Size', 2000)":{"0":0.0847222222},"('', 'mean')":{"0":0.1113694079},"('', 'var')":{"0":0.0027858977}}