{"window_size":{"0":125,"1":250,"2":500,"3":750,"4":1000,"5":1250,"6":1500,"7":1750,"8":2000},"step_width":{"0":62,"1":125,"2":250,"3":375,"4":500,"5":625,"6":750,"7":875,"8":1000},"Mean_EER":{"0":0.1878338279,"1":0.1229540918,"2":0.0761044177,"3":0.0445454545,"4":0.033197832,"5":0.01875,"6":0.0133744856,"7":0.011352657,"8":0.0075},"best_n_neighbors":{"0":1,"1":1,"2":7,"3":5,"4":1,"5":2,"6":2,"7":2,"8":2},"Gini_coef":{"0":0.6041444815,"1":0.6796176046,"2":0.7890061566,"3":0.8303099017,"4":0.877324263,"5":0.9086419753,"6":0.9420512821,"7":0.9643026005,"8":0.9798353909},"cut_off_freq":{"0":43,"1":43,"2":43,"3":43,"4":43,"5":43,"6":43,"7":43,"8":43},"SMA_winsize":{"0":34,"1":34,"2":34,"3":34,"4":34,"5":34,"6":34,"7":34,"8":34}}