{"('', 'cut_off_freq')":{"0":26},"('', 'SMA_winsize')":{"0":2},"('Window Size', 125)":{"0":0.22512364},"('Window Size', 250)":{"0":0.1429807053},"('Window Size', 500)":{"0":0.1051539491},"('Window Size', 750)":{"0":0.085959596},"('Window Size', 1000)":{"0":0.0796747967},"('Window Size', 1250)":{"0":0.0713541667},"('Window Size', 1500)":{"0":0.066255144},"('Window Size', 1750)":{"0":0.0707729469},"('Window Size', 2000)":{"0":0.0725},"('', 'mean')":{"0":0.1021972161},"('', 'var')":{"0":0.0027082995}}