{"window_size":{"0":125,"1":250,"2":500,"3":750,"4":1000,"5":1250,"6":1500,"7":1750,"8":2000},"step_width":{"0":62,"1":125,"2":250,"3":375,"4":500,"5":625,"6":750,"7":875,"8":1000},"Mean_EER":{"0":0.1500329707,"1":0.0821024617,"2":0.0516733601,"3":0.035959596,"4":0.0367208672,"5":0.0269097222,"6":0.0446502058,"7":0.0280193237,"8":0.0419444444},"best_n_neighbors":{"0":1,"1":2,"2":3,"3":4,"4":10,"5":3,"6":12,"7":12,"8":19},"Gini_coef":{"0":0.5732813244,"1":0.72030434,"2":0.8145941278,"3":0.8564294632,"4":0.8677736777,"5":0.8743369176,"6":0.8606758833,"7":0.8900383142,"8":0.8839587932},"cut_off_freq":{"0":33,"1":33,"2":33,"3":33,"4":33,"5":33,"6":33,"7":33,"8":33}}