{"('', 'cut_off_freq')":{"0":47},"('', 'EMA_span')":{"0":41},"('Window Size', 125)":{"0":0.1058522915},"('Window Size', 250)":{"0":0.0671656687},"('Window Size', 500)":{"0":0.0406291834},"('Window Size', 750)":{"0":0.0351515152},"('Window Size', 1000)":{"0":0.0315718157},"('Window Size', 1250)":{"0":0.0284722222},"('Window Size', 1500)":{"0":0.0261316872},"('Window Size', 1750)":{"0":0.022705314},"('Window Size', 2000)":{"0":0.0216666667},"('', 'mean')":{"0":0.0421495961},"('', 'var')":{"0":0.0007610357}}