{"('', 'SMA_winsize')":{"0":1},"('Window Size', 125)":{"0":0.1816023739},"('Window Size', 250)":{"0":0.1051230872},"('Window Size', 500)":{"0":0.0532128514},"('Window Size', 750)":{"0":0.0298989899},"('Window Size', 1000)":{"0":0.0234417344},"('Window Size', 1250)":{"0":0.0151041667},"('Window Size', 1500)":{"0":0.00781893},"('Window Size', 1750)":{"0":0.0089371981},"('Window Size', 2000)":{"0":0.0047222222},"('', 'mean')":{"0":0.0477623949},"('', 'var')":{"0":0.0035206981}}