{"('', 'cut_off_freq')":{"0":43},"('', 'SMA_winsize')":{"0":34},"('Window Size', 125)":{"0":0.1902571711},"('Window Size', 250)":{"0":0.1335329341},"('Window Size', 500)":{"0":0.106626506},"('Window Size', 750)":{"0":0.094040404},"('Window Size', 1000)":{"0":0.0853658537},"('Window Size', 1250)":{"0":0.08125},"('Window Size', 1500)":{"0":0.0765432099},"('Window Size', 1750)":{"0":0.0811594203},"('Window Size', 2000)":{"0":0.0819444444},"('', 'mean')":{"0":0.1034133271},"('', 'var')":{"0":0.0013802871}}