{"('', 'cut_off_freq')":{"0":33},"('Window Size', 125)":{"0":0.1706726014},"('Window Size', 250)":{"0":0.0941117764},"('Window Size', 500)":{"0":0.0494645248},"('Window Size', 750)":{"0":0.0254545455},"('Window Size', 1000)":{"0":0.0191056911},"('Window Size', 1250)":{"0":0.0111111111},"('Window Size', 1500)":{"0":0.0069958848},"('Window Size', 1750)":{"0":0.0062801932},"('Window Size', 2000)":{"0":0.0041666667},"('', 'mean')":{"0":0.0430403328},"('', 'var')":{"0":0.0031253541}}