{"window_size":{"0":125,"1":250,"2":500,"3":750,"4":1000,"5":1250,"6":1500,"7":1750,"8":2000},"step_width":{"0":62,"1":125,"2":250,"3":375,"4":500,"5":625,"6":750,"7":875,"8":1000},"Mean_EER":{"0":0.1902571711,"1":0.1335329341,"2":0.106626506,"3":0.094040404,"4":0.0853658537,"5":0.08125,"6":0.0765432099,"7":0.0811594203,"8":0.0819444444},"best_n_neighbors":{"0":1,"1":2,"2":19,"3":19,"4":19,"5":18,"6":16,"7":6,"8":13},"Gini_coef":{"0":0.4452733732,"1":0.556341693,"2":0.662962963,"3":0.7249433107,"4":0.7413756614,"5":0.7499050332,"6":0.7272998805,"7":0.7455687831,"8":0.728173258},"cut_off_freq":{"0":43,"1":43,"2":43,"3":43,"4":43,"5":43,"6":43,"7":43,"8":43},"SMA_winsize":{"0":34,"1":34,"2":34,"3":34,"4":34,"5":34,"6":34,"7":34,"8":34}}