{"('', 'cut_off_freq')":{"0":33},"('Window Size', 125)":{"0":0.144873063},"('Window Size', 250)":{"0":0.0788755822},"('Window Size', 500)":{"0":0.0469210174},"('Window Size', 750)":{"0":0.0332323232},"('Window Size', 1000)":{"0":0.0304878049},"('Window Size', 1250)":{"0":0.021875},"('Window Size', 1500)":{"0":0.0257201646},"('Window Size', 1750)":{"0":0.0236714976},"('Window Size', 2000)":{"0":0.0263888889},"('', 'mean')":{"0":0.048005038},"('', 'var')":{"0":0.00163768}}