{"('', 'cut_off_freq')":{"0":26},"('', 'SMA_winsize')":{"0":2},"('Window Size', 125)":{"0":0.2259479064},"('Window Size', 250)":{"0":0.1402860945},"('Window Size', 500)":{"0":0.102811245},"('Window Size', 750)":{"0":0.0882828283},"('Window Size', 1000)":{"0":0.0785907859},"('Window Size', 1250)":{"0":0.0753472222},"('Window Size', 1500)":{"0":0.0695473251},"('Window Size', 1750)":{"0":0.0714975845},"('Window Size', 2000)":{"0":0.0747222222},"('', 'mean')":{"0":0.1030036905},"('', 'var')":{"0":0.0026243342}}