{"window_size":{"0":125,"1":250,"2":500,"3":750,"4":1000,"5":1250,"6":1500,"7":1750,"8":2000},"step_width":{"0":62,"1":125,"2":250,"3":375,"4":500,"5":625,"6":750,"7":875,"8":1000},"Mean_EER":{"0":0.1589680185,"1":0.0870592149,"2":0.0480589023,"3":0.0401010101,"4":0.0338753388,"5":0.0270833333,"6":0.0306584362,"7":0.0212560386,"8":0.03},"best_n_neighbors":{"0":1,"1":2,"2":8,"3":5,"4":19,"5":8,"6":10,"7":6,"8":18},"Gini_coef":{"0":0.5756311429,"1":0.7201672823,"2":0.8029402662,"3":0.8632241814,"4":0.876,"5":0.8938746439,"6":0.8791200597,"7":0.8936868687,"8":0.8962962963},"cut_off_freq":{"0":-99999,"1":-99999,"2":-99999,"3":-99999,"4":-99999,"5":-99999,"6":-99999,"7":-99999,"8":-99999}}