{"window_size":{"0":125,"1":250,"2":500,"3":750,"4":1000,"5":1250,"6":1500,"7":1750,"8":2000},"step_width":{"0":62,"1":125,"2":250,"3":375,"4":500,"5":625,"6":750,"7":875,"8":1000},"Mean_EER":{"0":0.1475107155,"1":0.081237525,"2":0.046184739,"3":0.0372727273,"4":0.0402439024,"5":0.0272569444,"6":0.0423868313,"7":0.0270531401,"8":0.0397222222},"best_n_neighbors":{"0":1,"1":2,"2":7,"3":7,"4":8,"5":1,"6":14,"7":12,"8":11},"Gini_coef":{"0":0.5779218199,"1":0.7150969151,"2":0.808115942,"3":0.856097561,"4":0.8757575758,"5":0.878343949,"6":0.855987055,"7":0.8906746032,"8":0.8811965812},"cut_off_freq":{"0":26,"1":26,"2":26,"3":26,"4":26,"5":26,"6":26,"7":26,"8":26},"SMA_winsize":{"0":2,"1":2,"2":2,"3":2,"4":2,"5":2,"6":2,"7":2,"8":2}}