{"window_size":{"0":125,"1":250,"2":500,"3":750,"4":1000,"5":1250,"6":1500,"7":1750,"8":2000},"step_width":{"0":62,"1":125,"2":250,"3":375,"4":500,"5":625,"6":750,"7":875,"8":1000},"Mean_EER":{"0":0.2269040554,"1":0.1429807053,"2":0.1037483266,"3":0.0854545455,"4":0.0785907859,"5":0.0703125,"6":0.062962963,"7":0.0690821256,"8":0.0727777778},"best_n_neighbors":{"0":2,"1":17,"2":19,"3":17,"4":18,"5":19,"6":19,"7":19,"8":19},"Gini_coef":{"0":0.3932658465,"1":0.5174551471,"2":0.6612903226,"3":0.7297084318,"4":0.7522988506,"5":0.7702880658,"6":0.7644153958,"7":0.7911421911,"8":0.7993214589},"cut_off_freq":{"0":33,"1":33,"2":33,"3":33,"4":33,"5":33,"6":33,"7":33,"8":33}}