{"window_size":{"0":125,"1":250,"2":500,"3":750,"4":1000,"5":1250,"6":1500,"7":1750,"8":2000},"step_width":{"0":62,"1":125,"2":250,"3":375,"4":500,"5":625,"6":750,"7":875,"8":1000},"Mean_EER":{"0":0.160501154,"1":0.0945775116,"2":0.0502008032,"3":0.0387878788,"4":0.0428184282,"5":0.0265625,"6":0.0345679012,"7":0.0299516908,"8":0.0422222222},"best_n_neighbors":{"0":2,"1":3,"2":16,"3":15,"4":19,"5":4,"6":4,"7":5,"8":12},"Gini_coef":{"0":0.5755865973,"1":0.718321804,"2":0.8001777778,"3":0.8545717593,"4":0.8606891702,"5":0.8541031227,"6":0.8529100529,"7":0.8847670251,"8":0.8726608187},"EMA_span":{"0":5,"1":5,"2":5,"3":5,"4":5,"5":5,"6":5,"7":5,"8":5}}