{"window_size":{"0":125,"1":250,"2":500,"3":750,"4":1000,"5":1250,"6":1500,"7":1750,"8":2000},"step_width":{"0":62,"1":125,"2":250,"3":375,"4":500,"5":625,"6":750,"7":875,"8":1000},"Mean_EER":{"0":0.1799043851,"1":0.1052228876,"2":0.0589692102,"3":0.0316161616,"4":0.0184281843,"5":0.0159722222,"6":0.0057613169,"7":0.0053140097,"8":0.0038888889},"best_n_neighbors":{"0":1,"1":4,"2":3,"3":5,"4":12,"5":9,"6":8,"7":12,"8":2},"Gini_coef":{"0":0.5260708431,"1":0.6485439281,"2":0.7635641317,"3":0.8228966986,"4":0.8455882353,"5":0.8678743961,"6":0.8865079365,"7":0.8818181818,"8":0.946031746},"cut_off_freq":{"0":49,"1":49,"2":49,"3":49,"4":49,"5":49,"6":49,"7":49,"8":49},"EMA_span":{"0":4,"1":4,"2":4,"3":4,"4":4,"5":4,"6":4,"7":4,"8":4}}