{"('', 'cut_off_freq')":{"0":49},"('', 'EMA_span')":{"0":4},"('Window Size', 125)":{"0":0.2285361029},"('Window Size', 250)":{"0":0.1436793081},"('Window Size', 500)":{"0":0.1037483266},"('Window Size', 750)":{"0":0.0856565657},"('Window Size', 1000)":{"0":0.0780487805},"('Window Size', 1250)":{"0":0.0734375},"('Window Size', 1500)":{"0":0.0691358025},"('Window Size', 1750)":{"0":0.0700483092},"('Window Size', 2000)":{"0":0.0741666667},"('', 'mean')":{"0":0.1029397069},"('', 'var')":{"0":0.0027844881}}