{"('', 'SMA_winsize')":{"0":9},"('Window Size', 125)":{"0":0.221958457},"('Window Size', 250)":{"0":0.1419827013},"('Window Size', 500)":{"0":0.0995314592},"('Window Size', 750)":{"0":0.0897979798},"('Window Size', 1000)":{"0":0.0722222222},"('Window Size', 1250)":{"0":0.0730902778},"('Window Size', 1500)":{"0":0.0641975309},"('Window Size', 1750)":{"0":0.0678743961},"('Window Size', 2000)":{"0":0.0688888889},"('', 'mean')":{"0":0.0999493237},"('', 'var')":{"0":0.0026897751}}