{"('', 'EMA_span')":{"0":5},"('Window Size', 125)":{"0":0.2556874382},"('Window Size', 250)":{"0":0.1890884897},"('Window Size', 500)":{"0":0.1684467841},"('Window Size', 750)":{"0":0.1683211931},"('Window Size', 1000)":{"0":0.1777498068},"('Window Size', 1250)":{"0":0.178774071},"('Window Size', 1500)":{"0":0.1632398432},"('Window Size', 1750)":{"0":0.1633770593},"('Window Size', 2000)":{"0":0.1501996152},"('', 'mean')":{"0":0.179431589},"('', 'var')":{"0":0.0009412508}}