{"('', 'EMA_span')":{"0":37},"('Window Size', 125)":{"0":0.1998021761},"('Window Size', 250)":{"0":0.1653254276},"('Window Size', 500)":{"0":0.1478316366},"('Window Size', 750)":{"0":0.150548399},"('Window Size', 1000)":{"0":0.1533423668},"('Window Size', 1250)":{"0":0.1553628547},"('Window Size', 1500)":{"0":0.1595825985},"('Window Size', 1750)":{"0":0.164308711},"('Window Size', 2000)":{"0":0.1725925926},"('', 'mean')":{"0":0.1631885292},"('', 'var')":{"0":0.0002502018}}