{"window_size":{"0":125,"1":250,"2":500,"3":750,"4":1000,"5":1250,"6":1500,"7":1750,"8":2000},"step_width":{"0":62,"1":125,"2":250,"3":375,"4":500,"5":625,"6":750,"7":875,"8":1000},"Mean_EER":{"0":0.3011210023,"1":0.2033888572,"2":0.1774384649,"3":0.1612851969,"4":0.1815442154,"5":0.187564825,"6":0.1660178917,"7":0.1688779748,"8":0.1479947508},"best_n_neighbors":{"0":19,"1":19,"2":19,"3":19,"4":19,"5":19,"6":19,"7":18,"8":19},"Gini_coef":{"0":0.2689210068,"1":0.3733337877,"2":0.415835938,"3":0.452811926,"4":0.4165428809,"5":0.4131561834,"6":0.4427906378,"7":0.4467888966,"8":0.5173908661},"cut_off_freq":{"0":-99999,"1":-99999,"2":-99999,"3":-99999,"4":-99999,"5":-99999,"6":-99999,"7":-99999,"8":-99999}}