{"window_size":{"0":125,"1":250,"2":500,"3":750,"4":1000,"5":1250,"6":1500,"7":1750,"8":2000},"step_width":{"0":62,"1":125,"2":250,"3":375,"4":500,"5":625,"6":750,"7":875,"8":1000},"Mean_EER":{"0":0.1998021761,"1":0.1653254276,"2":0.1478316366,"3":0.150548399,"4":0.1533423668,"5":0.1553628547,"6":0.1595825985,"7":0.164308711,"8":0.1725925926},"best_n_neighbors":{"0":1,"1":4,"2":8,"3":15,"4":19,"5":19,"6":19,"7":19,"8":18},"Gini_coef":{"0":0.4003630363,"1":0.4235161069,"2":0.4633598914,"3":0.474506362,"4":0.4762479837,"5":0.4495735608,"6":0.4495773725,"7":0.4401738114,"8":0.4499284692},"EMA_span":{"0":37,"1":37,"2":37,"3":37,"4":37,"5":37,"6":37,"7":37,"8":37}}