{"('', 'overlap')":{"0":0.29},"('Window Size', 125)":{"0":0.1852474323},"('Window Size', 250)":{"0":0.1121468927},"('Window Size', 500)":{"0":0.0584291188},"('Window Size', 750)":{"0":0.0321937322},"('Window Size', 1000)":{"0":0.0203065134},"('Window Size', 1250)":{"0":0.0154589372},"('Window Size', 1500)":{"0":0.0084795322},"('Window Size', 1750)":{"0":0.0111111111},"('Window Size', 2000)":{"0":0.005952381},"('', 'mean')":{"0":0.0499250723},"('', 'var')":{"0":0.0037241803}}