{"('', 'overlap')":{"0":0.21},"('Window Size', 125)":{"0":0.1670820353},"('Window Size', 250)":{"0":0.0848532495},"('Window Size', 500)":{"0":0.0486111111},"('Window Size', 750)":{"0":0.0407936508},"('Window Size', 1000)":{"0":0.0371794872},"('Window Size', 1250)":{"0":0.0272486772},"('Window Size', 1500)":{"0":0.0264705882},"('Window Size', 1750)":{"0":0.0317460317},"('Window Size', 2000)":{"0":0.0282051282},"('', 'mean')":{"0":0.0546877733},"('', 'var')":{"0":0.0021069633}}