{"('', 'overlap')":{"0":0.69},"('Window Size', 125)":{"0":0.2437171717},"('Window Size', 250)":{"0":0.1465843621},"('Window Size', 500)":{"0":0.1108623549},"('Window Size', 750)":{"0":0.0922979798},"('Window Size', 1000)":{"0":0.0831623932},"('Window Size', 1250)":{"0":0.0816239316},"('Window Size', 1500)":{"0":0.0813953488},"('Window Size', 1750)":{"0":0.0841049383},"('Window Size', 2000)":{"0":0.0876344086},"('', 'mean')":{"0":0.1123758766},"('', 'var')":{"0":0.0028745573}}