{"('', 'overlap')":{"0":0.93},"('Window Size', 125)":{"0":0.2440102171},"('Window Size', 250)":{"0":0.1547547548},"('Window Size', 500)":{"0":0.1082642344},"('Window Size', 750)":{"0":0.0983048433},"('Window Size', 1000)":{"0":0.0874137931},"('Window Size', 1250)":{"0":0.0852582846},"('Window Size', 1500)":{"0":0.0820921986},"('Window Size', 1750)":{"0":0.0813642757},"('Window Size', 2000)":{"0":0.0821167883},"('', 'mean')":{"0":0.1137310433},"('', 'var')":{"0":0.0029343553}}