{"('', 'overlap')":{"0":0.37},"('Window Size', 125)":{"0":0.1566542289},"('Window Size', 250)":{"0":0.0874686717},"('Window Size', 500)":{"0":0.0438552189},"('Window Size', 750)":{"0":0.0419896641},"('Window Size', 1000)":{"0":0.0328125},"('Window Size', 1250)":{"0":0.0267094017},"('Window Size', 1500)":{"0":0.0251322751},"('Window Size', 1750)":{"0":0.0280864198},"('Window Size', 2000)":{"0":0.0274305556},"('', 'mean')":{"0":0.0522376595},"('', 'var')":{"0":0.001910217}}