{"window_size":{"0":125,"1":250,"2":500,"3":750,"4":1000,"5":1250,"6":1500,"7":1750,"8":2000},"step_width":{"0":113,"1":227,"2":455,"3":682,"4":910,"5":1137,"6":1365,"7":1592,"8":1820},"Mean_EER":{"0":0.1869369369,"1":0.1079710145,"2":0.0543478261,"3":0.0311111111,"4":0.0227272727,"5":0.0135802469,"6":0.0040740741,"7":0.0047008547,"8":0.0116161616},"best_n_neighbors":{"0":2,"1":1,"2":4,"3":4,"4":2,"5":1,"6":9,"7":10,"8":2},"Gini_coef":{"0":0.5398286479,"1":0.6637832463,"2":0.8085432099,"3":0.8373015873,"4":0.8585185185,"5":0.9025252525,"6":0.9141414141,"7":0.9343434343,"8":0.9376811594},"overlap":{"0":0.09,"1":0.09,"2":0.09,"3":0.09,"4":0.09,"5":0.09,"6":0.09,"7":0.09,"8":0.09}}