{"window_size":{"0":125,"1":250,"2":500,"3":750,"4":1000,"5":1250,"6":1500,"7":1750,"8":2000},"step_width":{"0":3,"1":7,"2":15,"3":22,"4":30,"5":37,"6":45,"7":52,"8":60},"Mean_EER":{"0":0.1932230046,"1":0.1170826307,"2":0.0592416484,"3":0.0369827482,"4":0.0231884058,"5":0.0131710362,"6":0.0083205325,"7":0.0053309374,"8":0.0030669471},"best_n_neighbors":{"0":4,"1":7,"2":11,"3":19,"4":4,"5":8,"6":8,"7":19,"8":15},"Gini_coef":{"0":0.539662675,"1":0.6368405517,"2":0.7715495491,"3":0.82117291,"4":0.8544141124,"5":0.872266105,"6":0.8752478632,"7":0.8851435705,"8":0.9327619048},"overlap":{"0":0.97,"1":0.97,"2":0.97,"3":0.97,"4":0.97,"5":0.97,"6":0.97,"7":0.97,"8":0.97}}