{"('', 'overlap')":{"0":0.41},"('Window Size', 125)":{"0":0.1796425796},"('Window Size', 250)":{"0":0.1103677621},"('Window Size', 500)":{"0":0.0552380952},"('Window Size', 750)":{"0":0.0324879227},"('Window Size', 1000)":{"0":0.0212418301},"('Window Size', 1250)":{"0":0.0152263374},"('Window Size', 1500)":{"0":0.0103864734},"('Window Size', 1750)":{"0":0.0061403509},"('Window Size', 2000)":{"0":0.0049019608},"('', 'mean')":{"0":0.0484037014},"('', 'var')":{"0":0.0035407019}}