{"window_size":{"0":125,"1":250,"2":500,"3":750,"4":1000,"5":1250,"6":1500,"7":1750,"8":2000},"step_width":{"0":78,"1":157,"2":315,"3":472,"4":630,"5":787,"6":945,"7":1102,"8":1260},"Mean_EER":{"0":0.1883291874,"1":0.1069340017,"2":0.0562289562,"3":0.0313953488,"4":0.0178819444,"5":0.0115384615,"6":0.0092592593,"7":0.0064814815,"8":0.00625},"best_n_neighbors":{"0":4,"1":3,"2":4,"3":4,"4":2,"5":8,"6":2,"7":2,"8":1},"Gini_coef":{"0":0.5342444811,"1":0.6495920139,"2":0.7906520293,"3":0.813214449,"4":0.8434735707,"5":0.8604938272,"6":0.893015873,"7":0.9126984127,"8":0.9148148148},"overlap":{"0":0.37,"1":0.37,"2":0.37,"3":0.37,"4":0.37,"5":0.37,"6":0.37,"7":0.37,"8":0.37}}