{"window_size":{"0":125,"1":250,"2":500,"3":750,"4":1000,"5":1250,"6":1500,"7":1750,"8":2000},"step_width":{"0":33,"1":67,"2":135,"3":202,"4":270,"5":337,"6":405,"7":472,"8":540},"Mean_EER":{"0":0.1616025979,"1":0.0874551971,"2":0.0523026316,"3":0.0397139714,"4":0.036,"5":0.0332391714,"6":0.0274376417,"7":0.0281842818,"8":0.0311728395},"best_n_neighbors":{"0":1,"1":4,"2":3,"3":10,"4":9,"5":12,"6":13,"7":18,"8":8},"Gini_coef":{"0":0.568250089,"1":0.7159972678,"2":0.8120583896,"3":0.8555247769,"4":0.8854138089,"5":0.8967264715,"6":0.8990817264,"7":0.900534188,"8":0.9050605061},"overlap":{"0":0.73,"1":0.73,"2":0.73,"3":0.73,"4":0.73,"5":0.73,"6":0.73,"7":0.73,"8":0.73}}