{"window_size":{"0":125,"1":250,"2":500,"3":750,"4":1000,"5":1250,"6":1500,"7":1750,"8":2000},"step_width":{"0":83,"1":167,"2":334,"3":502,"4":669,"5":837,"6":1004,"7":1172,"8":1339},"Mean_EER":{"0":0.1877204586,"1":0.1172,"2":0.0554659498,"3":0.0321138211,"4":0.0209259259,"5":0.0127314815,"6":0.0127777778,"7":0.0062091503,"8":0.002962963},"best_n_neighbors":{"0":2,"1":1,"2":2,"3":6,"4":5,"5":3,"6":2,"7":1,"8":8},"Gini_coef":{"0":0.5345847198,"1":0.6510723465,"2":0.7866271764,"3":0.8268635724,"4":0.8351032448,"5":0.9036363636,"6":0.9009661836,"7":0.949122807,"8":0.9722222222},"overlap":{"0":0.33,"1":0.33,"2":0.33,"3":0.33,"4":0.33,"5":0.33,"6":0.33,"7":0.33,"8":0.33}}