{"('', 'overlap')":{"0":0.85},"('Window Size', 125)":{"0":0.1873467433},"('Window Size', 250)":{"0":0.1122103387},"('Window Size', 500)":{"0":0.0566707218},"('Window Size', 750)":{"0":0.032228361},"('Window Size', 1000)":{"0":0.0220149254},"('Window Size', 1250)":{"0":0.0110062893},"('Window Size', 1500)":{"0":0.0067688378},"('Window Size', 1750)":{"0":0.0034534535},"('Window Size', 2000)":{"0":0.0030381944},"('', 'mean')":{"0":0.0483042072},"('', 'var')":{"0":0.0039516627}}