{"('', 'overlap')":{"0":0.89},"('Window Size', 125)":{"0":0.1904351737},"('Window Size', 250)":{"0":0.1124476232},"('Window Size', 500)":{"0":0.0579678363},"('Window Size', 750)":{"0":0.0355375619},"('Window Size', 1000)":{"0":0.01977657},"('Window Size', 1250)":{"0":0.0122222222},"('Window Size', 1500)":{"0":0.0078898226},"('Window Size', 1750)":{"0":0.0054455446},"('Window Size', 2000)":{"0":0.0022349936},"('', 'mean')":{"0":0.0493285942},"('', 'var')":{"0":0.0040338517}}