{"('', 'overlap')":{"0":0.33},"('Window Size', 125)":{"0":0.1877204586},"('Window Size', 250)":{"0":0.1172},"('Window Size', 500)":{"0":0.0554659498},"('Window Size', 750)":{"0":0.0321138211},"('Window Size', 1000)":{"0":0.0209259259},"('Window Size', 1250)":{"0":0.0127314815},"('Window Size', 1500)":{"0":0.0127777778},"('Window Size', 1750)":{"0":0.0062091503},"('Window Size', 2000)":{"0":0.002962963},"('', 'mean')":{"0":0.0497897253},"('', 'var')":{"0":0.0039477523}}