{"window_size":{"0":125,"1":250,"2":500,"3":750,"4":1000,"5":1250,"6":1500,"7":1750,"8":2000},"step_width":{"0":23,"1":47,"2":94,"3":142,"4":189,"5":237,"6":284,"7":332,"8":379},"Mean_EER":{"0":0.1867963779,"1":0.1141654098,"2":0.0585489599,"3":0.0352758353,"4":0.0181341719,"5":0.0125661376,"6":0.006763285,"7":0.0031609195,"8":0.0022875817},"best_n_neighbors":{"0":2,"1":1,"2":1,"3":14,"4":17,"5":2,"6":2,"7":5,"8":7},"Gini_coef":{"0":0.545497689,"1":0.6480984012,"2":0.7831311381,"3":0.8245961821,"4":0.8425176622,"5":0.8661988304,"6":0.8973544974,"7":0.9390572391,"8":0.9306878307},"overlap":{"0":0.81,"1":0.81,"2":0.81,"3":0.81,"4":0.81,"5":0.81,"6":0.81,"7":0.81,"8":0.81}}