{"('', 'overlap')":{"0":0.97},"('Window Size', 125)":{"0":0.1688021906},"('Window Size', 250)":{"0":0.094037849},"('Window Size', 500)":{"0":0.0522596115},"('Window Size', 750)":{"0":0.0477259018},"('Window Size', 1000)":{"0":0.0403298351},"('Window Size', 1250)":{"0":0.0346545984},"('Window Size', 1500)":{"0":0.0304787506},"('Window Size', 1750)":{"0":0.0299640611},"('Window Size', 2000)":{"0":0.0250963898},"('', 'mean')":{"0":0.0581499098},"('', 'var')":{"0":0.0021496853}}