{"window_size":{"0":125,"1":250,"2":500,"3":750,"4":1000,"5":1250,"6":1500,"7":1750,"8":2000},"step_width":{"0":73,"1":147,"2":295,"3":442,"4":590,"5":737,"6":885,"7":1032,"8":1180},"Mean_EER":{"0":0.1796425796,"1":0.1103677621,"2":0.0552380952,"3":0.0324879227,"4":0.0212418301,"5":0.0152263374,"6":0.0103864734,"7":0.0061403509,"8":0.0049019608},"best_n_neighbors":{"0":1,"1":4,"2":12,"3":11,"4":1,"5":8,"6":1,"7":2,"8":13},"Gini_coef":{"0":0.5457948866,"1":0.6577691126,"2":0.7776819923,"3":0.8407682776,"4":0.8367521368,"5":0.8642642643,"6":0.9134366925,"7":0.935978836,"8":0.94},"overlap":{"0":0.41,"1":0.41,"2":0.41,"3":0.41,"4":0.41,"5":0.41,"6":0.41,"7":0.41,"8":0.41}}