{"('', 'overlap')":{"0":0.77},"('Window Size', 125)":{"0":0.2419273161},"('Window Size', 250)":{"0":0.152891933},"('Window Size', 500)":{"0":0.1061111111},"('Window Size', 750)":{"0":0.0962335217},"('Window Size', 1000)":{"0":0.084280303},"('Window Size', 1250)":{"0":0.085668277},"('Window Size', 1500)":{"0":0.0844054581},"('Window Size', 1750)":{"0":0.0815972222},"('Window Size', 2000)":{"0":0.0865079365},"('', 'mean')":{"0":0.1132914532},"('', 'var')":{"0":0.0028273603}}