{"('', 'overlap')":{"0":0.09},"('Window Size', 125)":{"0":0.2418318318},"('Window Size', 250)":{"0":0.159057971},"('Window Size', 500)":{"0":0.0995169082},"('Window Size', 750)":{"0":0.0990740741},"('Window Size', 1000)":{"0":0.0878787879},"('Window Size', 1250)":{"0":0.0913580247},"('Window Size', 1500)":{"0":0.0777777778},"('Window Size', 1750)":{"0":0.0803418803},"('Window Size', 2000)":{"0":0.0898989899},"('', 'mean')":{"0":0.1140818051},"('', 'var')":{"0":0.0028780544}}