{"window_size":{"0":125,"1":250,"2":500,"3":750,"4":1000,"5":1250,"6":1500,"7":1750,"8":2000},"step_width":{"0":73,"1":147,"2":295,"3":442,"4":590,"5":737,"6":885,"7":1032,"8":1180},"Mean_EER":{"0":0.2395881896,"1":0.1523082942,"2":0.1061111111,"3":0.0935990338,"4":0.0983660131,"5":0.0882716049,"6":0.0823671498,"7":0.0821637427,"8":0.0754901961},"best_n_neighbors":{"0":1,"1":8,"2":10,"3":15,"4":2,"5":5,"6":9,"7":6,"8":8},"Gini_coef":{"0":0.3761994847,"1":0.5198133402,"2":0.6398321283,"3":0.7056487455,"4":0.7361387966,"5":0.7503496503,"6":0.7501792115,"7":0.7702253855,"8":0.7777296777},"overlap":{"0":0.41,"1":0.41,"2":0.41,"3":0.41,"4":0.41,"5":0.41,"6":0.41,"7":0.41,"8":0.41}}