{"window_size":{"0":125,"1":250,"2":500,"3":750,"4":1000,"5":1250,"6":1500,"7":1750,"8":2000},"step_width":{"0":68,"1":137,"2":275,"3":412,"4":550,"5":687,"6":825,"7":962,"8":1100},"Mean_EER":{"0":0.1836952588,"1":0.1122807018,"2":0.0520740741,"3":0.0347777778,"4":0.0189189189,"5":0.0099616858,"6":0.0090277778,"7":0.0047619048,"8":0.0058641975},"best_n_neighbors":{"0":2,"1":1,"2":6,"3":6,"4":7,"5":5,"6":4,"7":2,"8":2},"Gini_coef":{"0":0.5407359975,"1":0.6625072338,"2":0.7956219377,"3":0.8215477458,"4":0.8465608466,"5":0.9106837607,"6":0.9074074074,"7":0.9197530864,"8":0.9105263158},"overlap":{"0":0.45,"1":0.45,"2":0.45,"3":0.45,"4":0.45,"5":0.45,"6":0.45,"7":0.45,"8":0.45}}