{"window_size":{"0":125,"1":250,"2":500,"3":750,"4":1000,"5":1250,"6":1500,"7":1750,"8":2000},"step_width":{"0":78,"1":157,"2":315,"3":472,"4":630,"5":787,"6":945,"7":1102,"8":1260},"Mean_EER":{"0":0.1566542289,"1":0.0874686717,"2":0.0438552189,"3":0.0419896641,"4":0.0328125,"5":0.0267094017,"6":0.0251322751,"7":0.0280864198,"8":0.0274305556},"best_n_neighbors":{"0":1,"1":1,"2":14,"3":13,"4":3,"5":8,"6":11,"7":7,"8":15},"Gini_coef":{"0":0.5748592181,"1":0.7074923061,"2":0.8222862017,"3":0.8630769231,"4":0.8863609641,"5":0.8943111111,"6":0.8747368421,"7":0.8985347985,"8":0.9067510549},"overlap":{"0":0.37,"1":0.37,"2":0.37,"3":0.37,"4":0.37,"5":0.37,"6":0.37,"7":0.37,"8":0.37}}