{"('', 'overlap')":{"0":0.01},"('Window Size', 125)":{"0":0.1561437908},"('Window Size', 250)":{"0":0.0956862745},"('Window Size', 500)":{"0":0.0501322751},"('Window Size', 750)":{"0":0.0313492063},"('Window Size', 1000)":{"0":0.0349206349},"('Window Size', 1250)":{"0":0.0322916667},"('Window Size', 1500)":{"0":0.0357142857},"('Window Size', 1750)":{"0":0.0305555556},"('Window Size', 2000)":{"0":0.0305555556},"('', 'mean')":{"0":0.0552610273},"('', 'var')":{"0":0.0018692163}}