{"window_size":{"0":125,"1":250,"2":500,"3":750,"4":1000,"5":1250,"6":1500,"7":1750,"8":2000},"step_width":{"0":88,"1":177,"2":355,"3":532,"4":710,"5":887,"6":1065,"7":1242,"8":1420},"Mean_EER":{"0":0.2347572362,"1":0.1507062147,"2":0.0972222222,"3":0.0921652422,"4":0.0888888889,"5":0.0756038647,"6":0.0865497076,"7":0.0722222222,"8":0.0817460317},"best_n_neighbors":{"0":3,"1":6,"2":6,"3":12,"4":10,"5":3,"6":7,"7":5,"8":4},"Gini_coef":{"0":0.3821804603,"1":0.5144815856,"2":0.6652326218,"3":0.720298815,"4":0.7275383142,"5":0.7553070643,"6":0.7352852853,"7":0.7651709402,"8":0.7603020496},"overlap":{"0":0.29,"1":0.29,"2":0.29,"3":0.29,"4":0.29,"5":0.29,"6":0.29,"7":0.29,"8":0.29}}