{"window_size":{"0":125,"1":250,"2":500,"3":750,"4":1000,"5":1250,"6":1500,"7":1750,"8":2000},"step_width":{"0":33,"1":67,"2":135,"3":202,"4":270,"5":337,"6":405,"7":472,"8":540},"Mean_EER":{"0":0.2399332982,"1":0.1467383513,"2":0.1100146199,"3":0.099119912,"4":0.0845925926,"5":0.081826742,"6":0.0793650794,"7":0.0876693767,"8":0.0899691358},"best_n_neighbors":{"0":1,"1":4,"2":19,"3":17,"4":6,"5":7,"6":10,"7":2,"8":1},"Gini_coef":{"0":0.3760496175,"1":0.5389106009,"2":0.6309265412,"3":0.6988037982,"4":0.7552052929,"5":0.7719856796,"6":0.7671746032,"7":0.7852481539,"8":0.7745950067},"overlap":{"0":0.73,"1":0.73,"2":0.73,"3":0.73,"4":0.73,"5":0.73,"6":0.73,"7":0.73,"8":0.73}}