{"('', 'overlap')":{"0":0.61},"('Window Size', 125)":{"0":0.240651341},"('Window Size', 250)":{"0":0.1483904465},"('Window Size', 500)":{"0":0.1092243187},"('Window Size', 750)":{"0":0.0957142857},"('Window Size', 1000)":{"0":0.0866452991},"('Window Size', 1250)":{"0":0.0803523035},"('Window Size', 1500)":{"0":0.0843137255},"('Window Size', 1750)":{"0":0.0898467433},"('Window Size', 2000)":{"0":0.09},"('', 'mean')":{"0":0.1139042737},"('', 'var')":{"0":0.0026876824}}