{"window_size":{"0":125,"1":250,"2":500,"3":750,"4":1000,"5":1250,"6":1500,"7":1750,"8":2000},"step_width":{"0":63,"1":127,"2":255,"3":382,"4":510,"5":637,"6":765,"7":892,"8":1020},"Mean_EER":{"0":0.2363621151,"1":0.1492886179,"2":0.1080246914,"3":0.0943415638,"4":0.0866666667,"5":0.0885416667,"6":0.0856837607,"7":0.0818181818,"8":0.0865497076},"best_n_neighbors":{"0":2,"1":5,"2":18,"3":6,"4":4,"5":12,"6":4,"7":2,"8":11},"Gini_coef":{"0":0.3710167158,"1":0.5342535865,"2":0.6523104056,"3":0.724112444,"4":0.7394230769,"5":0.7473638344,"6":0.7491548906,"7":0.786351166,"8":0.7707207207},"overlap":{"0":0.49,"1":0.49,"2":0.49,"3":0.49,"4":0.49,"5":0.49,"6":0.49,"7":0.49,"8":0.49}}