{"('', 'SMA_winsize')":{"0":9},"('Window Size', 125)":{"0":0.2455984174},"('Window Size', 250)":{"0":0.1900199601},"('Window Size', 500)":{"0":0.1676183304},"('Window Size', 750)":{"0":0.159835552},"('Window Size', 1000)":{"0":0.1674513641},"('Window Size', 1250)":{"0":0.1640506253},"('Window Size', 1500)":{"0":0.1713899932},"('Window Size', 1750)":{"0":0.1601046699},"('Window Size', 2000)":{"0":0.1533068783},"('', 'mean')":{"0":0.175486199},"('', 'var')":{"0":0.0007968029}}