{"window_size":{"0":2000},"step_width":{"0":1000},"Mean_EER":{"0":0.0047222222},"best_n_neighbors":{"0":4},"Gini_coef":{"0":0.9379084967},"cut_off_freq":{"0":-99999}}