{"('', 'mean rank')":{"0":10,"1":3,"2":5,"3":1,"4":8,"5":4,"6":11,"7":2,"8":9,"9":6,"10":7},"('', 'cut_off_freq')":{"0":"-","1":33,"2":33,"3":"-","4":"-","5":"-","6":"-","7":47,"8":49,"9":43,"10":26},"('', 'EMA_span')":{"0":"-","1":"-","2":"-","3":37,"4":5,"5":"-","6":"-","7":41,"8":4,"9":"-","10":"-"},"('', 'SMA_winsize')":{"0":"-","1":"-","2":"-","3":"-","4":"-","5":9,"6":1,"7":"-","8":"-","9":34,"10":2},"('', 'type')":{"0":"None","1":"Naive","2":"Real","3":"Naive","4":"Real","5":"Naive","6":"Real","7":"Naive","8":"Real","9":"Naive","10":"Real"},"('Window Size', 125)":{"0":0.0,"1":5.7481188916,"2":5.661773755,"3":25.2497841142,"4":4.3419267107,"5":8.1164425724,"6":-0.0123350355,"7":26.2735907171,"8":5.9331442002,"9":21.7713087314,"10":6.2661897108},"('Window Size', 250)":{"0":0.0,"1":6.3110181283,"2":5.5439330456,"3":13.359791615,"4":0.9065550978,"5":0.4184100451,"6":0.0,"7":15.2444395796,"8":2.8242678046,"9":9.0655509254,"10":4.2189679551},"('Window Size', 500)":{"0":0.0,"1":1.5880264106,"2":1.9269879708,"3":11.9043880226,"4":-0.3805604281,"5":0.1131304853,"6":0.0,"7":11.4012808814,"8":1.9082431746,"9":-1.765365628,"10":1.4199034309},"('Window Size', 750)":{"0":0.0,"1":4.6724214421,"2":5.4758136273,"3":2.4445465724,"4":-9.0722347326,"5":-3.5735341776,"6":0.0,"7":0.9359720071,"8":-5.8558393485,"9":-10.0550203121,"10":3.6933568765},"('Window Size', 1000)":{"0":0.0,"1":3.11734752,"2":3.5582394067,"3":14.3252235898,"4":0.6884054789,"5":6.4423063356,"6":0.0,"7":15.6783143316,"8":-0.7899797562,"9":5.4294440772,"10":6.0747484449},"('Window Size', 1250)":{"0":0.0,"1":2.8885548657,"2":2.637637398,"3":15.5951945592,"4":2.876458406,"5":10.8753431595,"6":0.0,"7":15.6009107935,"8":7.3556043928,"9":10.5586227718,"10":-3.0306731918},"('Window Size', 1500)":{"0":0.0,"1":3.5172883085,"2":3.7615943368,"3":5.2616275457,"4":3.0904546622,"5":-1.7479923459,"6":0.0,"7":2.7677207511,"8":5.0339819726,"9":-1.0711873994,"10":7.2639564},"('Window Size', 1750)":{"0":0.0,"1":2.0565797725,"2":2.0565797725,"3":0.8729881745,"4":1.435051187,"5":3.409275078,"6":0.0,"7":-1.873219907,"8":-4.4613593741,"9":-7.3767836177,"10":-2.6266915561},"('Window Size', 2000)":{"0":0.0,"1":-12.2073067308,"2":-15.6737468292,"3":-21.9439252685,"4":-6.1223449708,"5":-8.3177570308,"6":0.0,"7":-23.1028037451,"8":-18.6355140404,"9":-28.3286468929,"10":-12.6937313324},"('', 'mean')":{"0":0.0,"1":2.4851199125,"2":2.2347625461,"3":9.2852130894,"4":0.255867028,"5":2.4490678237,"6":-0.0020364517,"7":8.988722881,"8":0.1388402293,"9":1.9788913613,"10":1.7351224526},"('', 'variance')":{"0":0.0,"1":28.6980579064,"2":28.61869636,"3":80.7141629391,"4":27.4473295486,"5":38.5815402055,"6":-0.055540091,"7":82.3619693047,"8":39.0153072914,"9":86.42088847,"10":28.6442018641}}