{"('', 'mean rank')":{"0":6,"1":8,"2":7,"3":10,"4":1,"5":2,"6":5,"7":11,"8":3,"9":9,"10":4},"('', 'cut_off_freq')":{"0":"-","1":33,"2":33,"3":"-","4":"-","5":"-","6":"-","7":47,"8":49,"9":43,"10":26},"('', 'EMA_span')":{"0":"-","1":"-","2":"-","3":37,"4":5,"5":"-","6":"-","7":41,"8":4,"9":"-","10":"-"},"('', 'SMA_winsize')":{"0":"-","1":"-","2":"-","3":"-","4":"-","5":9,"6":1,"7":"-","8":"-","9":34,"10":2},"('', 'type')":{"0":"-","1":"Naive","2":"Real","3":"Naive","4":"Real","5":"Naive","6":"Real","7":"Naive","8":"Real","9":"Naive","10":"Real"},"('Window Size', 125)":{"0":0.5003383057,"1":0.5036949632,"2":0.5001878562,"3":0.5904682684,"4":0.4874094928,"5":0.5021522529,"6":0.4995390798,"7":0.5958568274,"8":0.5007910571,"9":0.5732049534,"10":0.4992801519},"('Window Size', 250)":{"0":0.6438444767,"1":0.6433887835,"2":0.6378424771,"3":0.6807623177,"4":0.620681808,"5":0.6285685088,"6":0.6438300569,"7":0.6850401903,"8":0.6401605155,"9":0.6656314957,"10":0.6392195342},"('Window Size', 500)":{"0":0.7500546242,"1":0.7612380708,"2":0.7564738692,"3":0.7587761235,"4":0.7208038742,"5":0.725530071,"6":0.7500546242,"7":0.7607926087,"8":0.7452295014,"9":0.7542538429,"10":0.7466823863},"('Window Size', 750)":{"0":0.8033364327,"1":0.810575871,"2":0.8034525963,"3":0.7981345081,"4":0.7924046465,"5":0.7875011168,"6":0.8033364327,"7":0.8049050771,"8":0.802463919,"9":0.8041643643,"10":0.8033226297},"('Window Size', 1000)":{"0":0.8232348857,"1":0.831846073,"2":0.8228589433,"3":0.8189972371,"4":0.8155359456,"5":0.8218892252,"6":0.8232348857,"7":0.8276630331,"8":0.8254773187,"9":0.8276641407,"10":0.8201239288},"('Window Size', 1250)":{"0":0.8406619559,"1":0.8445458355,"2":0.8423955761,"3":0.831698212,"4":0.8222751108,"5":0.8252061773,"6":0.8406619559,"7":0.8413305989,"8":0.8382693933,"9":0.838078811,"10":0.8342792449},"('Window Size', 1500)":{"0":0.85260686,"1":0.8656800011,"2":0.8527520698,"3":0.8398408802,"4":0.8448881967,"5":0.8493910703,"6":0.85260686,"7":0.8547713755,"8":0.8424790118,"9":0.8537605469,"10":0.8512092787},"('Window Size', 1750)":{"0":0.8637991021,"1":0.8610950637,"2":0.8606813081,"3":0.8615397583,"4":0.8728603759,"5":0.8559358511,"6":0.8637991021,"7":0.8659932963,"8":0.8584265331,"9":0.8643005622,"10":0.8643687943},"('Window Size', 2000)":{"0":0.8760403348,"1":0.8818424006,"2":0.8787999569,"3":0.8717686623,"4":0.8659350492,"5":0.8714595757,"6":0.8760403348,"7":0.8695758151,"8":0.882938953,"9":0.8642197596,"10":0.8799194136},"('', 'mean')":{"0":0.772657442,"1":0.7782118958,"2":0.7728271837,"3":0.7835539964,"4":0.7603105,"5":0.7630704277,"6":0.7725670369,"7":0.7895476469,"8":0.7706929114,"9":0.7828087196,"10":0.7709339291},"('', 'variance')":{"0":0.0155965007,"1":0.0159260928,"2":0.0158047403,"3":0.0086600838,"4":0.0168036011,"5":0.0154148934,"6":0.0156514469,"7":0.0087671852,"8":0.0155701273,"9":0.0102881646,"10":0.0157832436}}