{"('', 'mean rank')":{"0":7,"1":6,"2":4,"3":10,"4":3,"5":2,"6":8,"7":11,"8":1,"9":9,"10":5},"('', 'cut_off_freq')":{"0":"-","1":33,"2":33,"3":"-","4":"-","5":"-","6":"-","7":47,"8":49,"9":43,"10":26},"('', 'EMA_span')":{"0":"-","1":"-","2":"-","3":37,"4":5,"5":"-","6":"-","7":41,"8":4,"9":"-","10":"-"},"('', 'SMA_winsize')":{"0":"-","1":"-","2":"-","3":"-","4":"-","5":9,"6":1,"7":"-","8":"-","9":34,"10":2},"('', 'type')":{"0":"None","1":"Naive","2":"Real","3":"Naive","4":"Real","5":"Naive","6":"Real","7":"Naive","8":"Real","9":"Naive","10":"Real"},"('Window Size', 125)":{"0":0.0,"1":-3.712276203,"2":-3.9607829552,"3":-33.1113642585,"4":0.6571464647,"5":0.1111991123,"6":-0.0181931892,"7":-33.9344511197,"8":-1.105185725,"9":-26.1964381912,"10":-3.8576943782},"('Window Size', 250)":{"0":0.0,"1":-0.449148515,"2":0.036775978,"3":-9.8628974987,"4":7.5697712369,"5":9.5043769795,"6":0.0,"7":-10.1507697821,"8":2.726898914,"9":-5.4314769488,"10":-0.9055486911},"('Window Size', 500)":{"0":0.0,"1":6.6716422708,"2":5.220192381,"3":-6.1969472371,"4":10.0676964856,"5":9.7731843621,"6":0.0,"7":-5.9627331338,"8":8.4982188236,"9":-1.8973441743,"10":6.6573103091},"('Window Size', 750)":{"0":0.0,"1":1.552865124,"2":0.6544547385,"3":-6.8768283722,"4":12.2624832295,"5":1.9505038507,"6":0.0,"7":-2.6760750764,"8":8.2369096759,"9":4.1583866277,"10":0.1787931441},"('Window Size', 1000)":{"0":0.0,"1":-6.9859109853,"2":-7.4941946774,"3":-13.6701484016,"4":-3.4339292406,"5":1.4586729549,"6":0.0,"7":-13.7659617035,"8":-2.0288992758,"9":-1.4749492286,"10":-7.5296888656},"('Window Size', 1250)":{"0":0.0,"1":-5.2562416194,"2":-4.2426587104,"3":-8.361600267,"4":5.4750329654,"5":2.9594465711,"6":0.0,"7":-10.7941609823,"8":2.9051084206,"9":-6.0620598164,"10":-1.5268366716},"('Window Size', 1500)":{"0":0.0,"1":1.5040464245,"2":1.72722345,"3":-9.3124627304,"4":-2.596583097,"5":3.5031834793,"6":0.0,"7":-6.177208142,"8":-5.7399361382,"9":-1.9693739746,"10":-4.9693408225},"('Window Size', 1750)":{"0":0.0,"1":2.3498287056,"2":1.2685688761,"3":5.2071167478,"4":-0.6070639854,"5":3.2260879781,"6":0.0,"7":4.3276395801,"8":1.8072000861,"9":9.0121952981,"10":3.5239328562},"('Window Size', 2000)":{"0":0.0,"1":12.618256954,"2":16.0572750348,"3":16.7823309149,"4":1.2674209721,"5":5.8161594625,"6":0.0,"7":13.1778525067,"8":18.3234461751,"9":14.8057709734,"10":15.6998121944},"('', 'mean')":{"0":0.0,"1":1.5026150393,"2":1.6957193284,"3":-5.5160169449,"4":3.4377618033,"5":4.3885751351,"6":-0.0014336985,"7":-5.649227596,"8":4.4080482298,"9":-0.1854449529,"10":1.5110992286},"('', 'variance')":{"0":0.0,"1":44.0032323767,"2":47.8449536925,"3":85.7226512788,"4":-8.7152384319,"5":14.1562034421,"6":0.0412253892,"7":86.5226142145,"8":49.7082891428,"9":86.7829007837,"10":50.1052851949}}