{"roc_val": {"Train": [0.936020981338057], "Valid": []}, "eer_val": {"Train": [0.13045112781954876], "Valid": []}, "thres": {"Train": [-0.4598619937896728], "Valid": []}, "acc_val": {"Train": [0.8696115288220552], "Valid": []}, "f1_val": {"Train": [0.869603358606429], "Valid": []}}