{"roc_val": {"Train": [0.6606906485791197, 0.6487950914950982, 0.6646319179667353, 0.7657130538683105, 0.8711202941215472, 0.8885177481785779, 0.8910605722744623, 0.8898941476149298, 0.8795122308695716, 0.883108302467391, 0.8858117114702658, 0.8938958568448412, 0.8772581280896476, 0.8952039045329838, 0.886731918734458, 0.8933443161300634, 0.8991276358188706, 0.8963976374380676, 0.8998326879228147, 0.9000920900831861, 0.9001249311666804, 0.8998540506794696, 0.8997402750471276, 0.899778560854936, 0.8998619765439775, 0.8997719427362614, 0.8997992823886505], "Valid": []}, "eer_val": {"Train": [0.3993734335839598, 0.40192147034252307, 0.3869256474521868, 0.31040100250536035, 0.20121136173628934, 0.18003341687646457, 0.17957393483677223, 0.18170426065192397, 0.18980785296577363, 0.1862990810359224, 0.18654970760203896, 0.17694235588941176, 0.20421888053473822, 0.17581453633971664, 0.18425229741088758, 0.17953216374167524, 0.17101086048593658, 0.1752297410177163, 0.17017543859618073, 0.17017543859644324, 0.16954887218045095, 0.17046783625773573, 0.17113617376887222, 0.17130325814536337, 0.1711779448604645, 0.17046783625736603, 0.17030075187969929], "Valid": []}, "thres": {"Train": [-0.7446379065513611, -0.5132261514663699, -0.14616975188255463, -0.10368331521733858, -0.16521054506291727, -0.15157359838486456, -0.13821657001969523, -0.16558457911021887, -0.16579535603523549, -0.1465833708643913, -0.1638682335614375, -0.14884211122980706, -0.1743499785661903, -0.17858619987941177, -0.16825062036521043, -0.1708328723905849, -0.16106776893163813, -0.16681453585596365, -0.1665533483028393, -0.15759703516959578, -0.15993176400661466, -0.16125166416174866, -0.158847361803074, -0.15869930386543274, -0.1588255017995237, -0.15768036246300726, -0.15761765837669373], "Valid": []}, "acc_val": {"Train": [0.6006474519632414, 0.5980576441102757, 0.6130743525480368, 0.6895989974937343, 0.7988095238095239, 0.8199874686716792, 0.8204469507101086, 0.8183166248955722, 0.810171261487051, 0.8137009189640768, 0.8133667502088555, 0.8230576441102757, 0.79578111946533, 0.8241645781119465, 0.8157268170426065, 0.8204678362573099, 0.8289891395154553, 0.824749373433584, 0.8298245614035088, 0.8298036758563074, 0.8304720133667503, 0.8295530492898914, 0.8289055973266499, 0.828717627401838, 0.8288429406850459, 0.8295112781954888, 0.8296783625730995], "Valid": []}, "f1_val": {"Train": [0.6006391110925458, 0.5980492491488962, 0.6130743525480368, 0.6895860311625381, 0.7988053217485744, 0.8199912282533781, 0.8204432005680987, 0.8183204193730289, 0.8101672967271664, 0.8137009189640768, 0.8133433596524209, 0.8230502527256777, 0.79578111946533, 0.8241535601645885, 0.8157229683159632, 0.8204603366890847, 0.8289891395154553, 0.8247383921298327, 0.8298174526922596, 0.8297930112580153, 0.8304684726080327, 0.8295566090933774, 0.8289127438285786, 0.8287140500010443, 0.8288393659015436, 0.8295077173708724, 0.8296748052382047], "Valid": []}}