{"roc_val": {"Train": [0.8943773515869875, 0.9110493574160966, 0.9488534148654846, 0.9841514343502867, 0.985699901382529, 0.9905492427811383, 0.9859072336229044, 0.9916408816527535, 0.9924063291059729, 0.9932733148661126, 0.9927953184967432, 0.9941594745007882, 0.9944423558897243, 0.9943715177668482, 0.9944468627709625, 0.9944214703425229, 0.9944227894297147, 0.9944311436485951, 0.9944194288980596, 0.9944496108692785, 0.9944428741025495, 0.9944333342755386, 0.9944399689700442, 0.9944452767256488, 0.9944275318622371, 0.9944247366536642, 0.9944279558545487, 0.9944166336894869, 0.9944145294313479, 0.9943951200055277], "Valid": []}, "eer_val": {"Train": [0.1901002506265678, 0.16691729323305837, 0.11842105263085032, 0.055137844611169724, 0.04874686716791317, 0.042105263157895166, 0.04887218045148024, 0.03859649122805158, 0.033458646616543256, 0.030200501253638323, 0.030451127819549787, 0.02681704260745635, 0.027443609022559934, 0.02731829573903661, 0.026817042606737458, 0.026817042606516423, 0.026691729323196106, 0.026566416040100255, 0.027067669172935488, 0.027192982454640576, 0.026817042606517124, 0.02694235588972428, 0.026942355889686364, 0.026691729323334922, 0.026942355888712823, 0.02706766917293247, 0.026817042606495936, 0.02681704260696154, 0.02694235588969069, 0.02694235588874139], "Valid": []}, "thres": {"Train": [-0.04274921491742141, -0.01854844717308826, -0.007441979367285325, -0.02767333388325253, -0.0844730213284481, -0.26140680909156916, -0.2274876385928073, -0.3030735850334092, -0.3642997443676046, -0.3816714882869039, -0.38079580664634866, -0.38680729270262343, -0.3871077597141313, -0.38190642744220005, -0.38443675637264374, -0.38288339972496055, -0.3818988502025122, -0.3823986053466797, -0.3821724653244111, -0.38219109177378296, -0.3822640776634235, -0.38382639735937113, -0.3827942907809351, -0.3818154036999378, -0.3817733228188692, -0.3829493820667269, -0.38257928192612795, -0.38408991694520117, -0.38379034399985484, -0.38191819190719295], "Valid": []}, "acc_val": {"Train": [0.8098370927318296, 0.8330827067669173, 0.8816416040100251, 0.9448621553884712, 0.9513157894736842, 0.9578320802005013, 0.9511904761904761, 0.9614661654135338, 0.9664786967418546, 0.9697994987468672, 0.9695488721804512, 0.9733709273182958, 0.9724937343358396, 0.9726817042606516, 0.9731203007518797, 0.9731203007518797, 0.9733709273182958, 0.9734962406015037, 0.9728696741854637, 0.9728696741854637, 0.9731203007518797, 0.9731203007518797, 0.9731203007518797, 0.9732456140350877, 0.9730576441102757, 0.9728696741854637, 0.9731829573934837, 0.9731829573934837, 0.9731203007518797, 0.9730576441102757], "Valid": []}, "f1_val": {"Train": [0.8098251770161037, 0.8330827067669174, 0.8816341876057396, 0.9448552450181728, 0.9513127388934144, 0.9578294379347078, 0.9511935342397093, 0.9614637508615828, 0.9664765962779623, 0.9697994987468672, 0.9695488721804512, 0.9733759318423856, 0.9724920107776176, 0.9726817042606516, 0.9731186164546651, 0.9731186164546651, 0.9733692587254841, 0.9734945798608936, 0.9728679741838462, 0.9728679741838462, 0.9731186164546651, 0.9731186164546651, 0.9731186164546651, 0.9732439375900745, 0.9730542674520617, 0.9728679741838462, 0.9731829573934837, 0.9731829573934837, 0.9731186164546651, 0.9730542674520617], "Valid": []}}