{"window_size":{"0":125,"1":250,"2":500,"3":750,"4":1000,"5":125,"6":250,"7":500,"8":750,"9":1000,"10":125,"11":250,"12":500,"13":750,"14":1000,"15":125,"16":250,"17":500,"18":750,"19":1000,"20":125,"21":250,"22":500,"23":750,"24":1000,"25":125,"26":250,"27":500,"28":750,"29":1000,"30":125,"31":250,"32":500,"33":750,"34":1000,"35":125,"36":250,"37":500,"38":750,"39":1000},"step_width":{"0":62,"1":125,"2":250,"3":375,"4":500,"5":62,"6":125,"7":250,"8":375,"9":500,"10":62,"11":125,"12":250,"13":375,"14":500,"15":62,"16":125,"17":250,"18":375,"19":500,"20":62,"21":125,"22":250,"23":375,"24":500,"25":62,"26":125,"27":250,"28":375,"29":500,"30":62,"31":125,"32":250,"33":375,"34":500,"35":62,"36":125,"37":250,"38":375,"39":500},"Mean_EER":{"0":0.1315265414,"1":0.1102129075,"2":0.1077242303,"3":0.1267878788,"4":0.138401084,"5":0.1104549951,"6":0.0933666001,"7":0.0810709505,"8":0.1293333333,"9":0.1453116531,"10":0.109043851,"11":0.075675316,"12":0.0789424364,"13":0.0703838384,"14":0.0654471545,"15":0.1244246621,"16":0.0796739854,"17":0.0968808568,"18":0.1055555556,"19":0.1233062331,"20":0.136782064,"21":0.1162408516,"22":0.104605087,"23":0.1679393939,"24":0.1059891599,"25":0.1259709858,"26":0.0944244844,"27":0.0888085676,"28":0.1041616162,"29":0.0729810298,"30":0.1815100561,"31":0.1431803061,"32":0.1632797858,"33":0.1703030303,"34":0.163604336,"35":0.1222321134,"36":0.0908715902,"37":0.1064390897,"38":0.140040404,"39":0.1004336043},"median_nu":{"0":0.0367979592,"1":0.0429142857,"2":0.041894898,"3":0.0347591837,"4":0.0429142857,"5":0.0367979592,"6":0.0429142857,"7":0.041894898,"8":0.0347591837,"9":0.0429142857,"10":0.0367979592,"11":0.0429142857,"12":0.041894898,"13":0.0347591837,"14":0.0429142857,"15":0.0367979592,"16":0.0429142857,"17":0.041894898,"18":0.0347591837,"19":0.0429142857,"20":0.0367979592,"21":0.0429142857,"22":0.041894898,"23":0.0347591837,"24":0.0429142857,"25":0.0367979592,"26":0.0429142857,"27":0.041894898,"28":0.0347591837,"29":0.0429142857,"30":0.0367979592,"31":0.0429142857,"32":0.041894898,"33":0.0347591837,"34":0.0429142857,"35":0.0367979592,"36":0.0429142857,"37":0.041894898,"38":0.0347591837,"39":0.0429142857},"median_gamma":{"0":0.6551285569,"1":0.6551285569,"2":0.1663871764,"3":0.1206792641,"4":0.0538671419,"5":0.6551285569,"6":0.6551285569,"7":0.1663871764,"8":0.1206792641,"9":0.0538671419,"10":0.6551285569,"11":0.6551285569,"12":0.1663871764,"13":0.1206792641,"14":0.0538671419,"15":0.6551285569,"16":0.6551285569,"17":0.1663871764,"18":0.1206792641,"19":0.0538671419,"20":0.6551285569,"21":0.6551285569,"22":0.1663871764,"23":0.1206792641,"24":0.0538671419,"25":0.6551285569,"26":0.6551285569,"27":0.1663871764,"28":0.1206792641,"29":0.0538671419,"30":0.6551285569,"31":0.6551285569,"32":0.1663871764,"33":0.1206792641,"34":0.0538671419,"35":0.6551285569,"36":0.6551285569,"37":0.1663871764,"38":0.1206792641,"39":0.0538671419},"Gini_coef":{"0":0.5617890527,"1":0.6252278901,"2":0.6159217376,"3":0.6682989873,"4":0.5814481213,"5":0.6330374881,"6":0.7098862206,"7":0.7260164392,"8":0.678489361,"9":0.6572671889,"10":0.5864458084,"11":0.6934079675,"12":0.7111356057,"13":0.7515882128,"14":0.7594708995,"15":0.6060304674,"16":0.6388874971,"17":0.6617613191,"18":0.6137777778,"19":0.6447374847,"20":0.5736398357,"21":0.6095682369,"22":0.6387054574,"23":0.6250116952,"24":0.6646069491,"25":0.6283976467,"26":0.6881670425,"27":0.6694804542,"28":0.6825618481,"29":0.7211659859,"30":0.5115527138,"31":0.559397976,"32":0.4581390688,"33":0.5606959272,"34":0.6390720188,"35":0.637212167,"36":0.7307235483,"37":0.6842898867,"38":0.6473873181,"39":0.6264316124},"scnn_archi_name":{"0":"SCNN_1_3_conv_1_dense_arg_dict_default","1":"SCNN_1_3_conv_1_dense_arg_dict_default","2":"SCNN_1_3_conv_1_dense_arg_dict_default","3":"SCNN_1_3_conv_1_dense_arg_dict_default","4":"SCNN_1_3_conv_1_dense_arg_dict_default","5":"SCNN_3_123_conv_1_dense_arg_dict_default","6":"SCNN_3_123_conv_1_dense_arg_dict_default","7":"SCNN_3_123_conv_1_dense_arg_dict_default","8":"SCNN_3_123_conv_1_dense_arg_dict_default","9":"SCNN_3_123_conv_1_dense_arg_dict_default","10":"SCNN_3_1_conv_1_dense_arg_dict_default","11":"SCNN_3_1_conv_1_dense_arg_dict_default","12":"SCNN_3_1_conv_1_dense_arg_dict_default","13":"SCNN_3_1_conv_1_dense_arg_dict_default","14":"SCNN_3_1_conv_1_dense_arg_dict_default","15":"SCNN_1_2_conv_1_dense_arg_dict_default","16":"SCNN_1_2_conv_1_dense_arg_dict_default","17":"SCNN_1_2_conv_1_dense_arg_dict_default","18":"SCNN_1_2_conv_1_dense_arg_dict_default","19":"SCNN_1_2_conv_1_dense_arg_dict_default","20":"SCNN_1_1_conv_1_dense_arg_dict_default","21":"SCNN_1_1_conv_1_dense_arg_dict_default","22":"SCNN_1_1_conv_1_dense_arg_dict_default","23":"SCNN_1_1_conv_1_dense_arg_dict_default","24":"SCNN_1_1_conv_1_dense_arg_dict_default","25":"SCNN_1_2_conv_2_dense_arg_dict_default","26":"SCNN_1_2_conv_2_dense_arg_dict_default","27":"SCNN_1_2_conv_2_dense_arg_dict_default","28":"SCNN_1_2_conv_2_dense_arg_dict_default","29":"SCNN_1_2_conv_2_dense_arg_dict_default","30":"SCNN_1_5_conv_1_dense_arg_dict_default","31":"SCNN_1_5_conv_1_dense_arg_dict_default","32":"SCNN_1_5_conv_1_dense_arg_dict_default","33":"SCNN_1_5_conv_1_dense_arg_dict_default","34":"SCNN_1_5_conv_1_dense_arg_dict_default","35":"SCNN_4_1234_conv_1_dense_arg_dict_default","36":"SCNN_4_1234_conv_1_dense_arg_dict_default","37":"SCNN_4_1234_conv_1_dense_arg_dict_default","38":"SCNN_4_1234_conv_1_dense_arg_dict_default","39":"SCNN_4_1234_conv_1_dense_arg_dict_default"},"cut_off_freq":{"0":24,"1":24,"2":24,"3":24,"4":24,"5":24,"6":24,"7":24,"8":24,"9":24,"10":24,"11":24,"12":24,"13":24,"14":24,"15":24,"16":24,"17":24,"18":24,"19":24,"20":24,"21":24,"22":24,"23":24,"24":24,"25":24,"26":24,"27":24,"28":24,"29":24,"30":24,"31":24,"32":24,"33":24,"34":24,"35":24,"36":24,"37":24,"38":24,"39":24},"EMA_span":{"0":30,"1":30,"2":30,"3":30,"4":30,"5":30,"6":30,"7":30,"8":30,"9":30,"10":30,"11":30,"12":30,"13":30,"14":30,"15":30,"16":30,"17":30,"18":30,"19":30,"20":30,"21":30,"22":30,"23":30,"24":30,"25":30,"26":30,"27":30,"28":30,"29":30,"30":30,"31":30,"32":30,"33":30,"34":30,"35":30,"36":30,"37":30,"38":30,"39":30}}