{"window_size":{"0":125,"1":250,"2":500,"3":750,"4":1000,"5":125,"6":250,"7":500,"8":750,"9":1000,"10":125,"11":250,"12":500,"13":750,"14":1000,"15":125,"16":250,"17":500,"18":750,"19":1000,"20":125,"21":250,"22":500,"23":750,"24":1000,"25":125,"26":250,"27":500,"28":750,"29":1000,"30":125,"31":250,"32":500,"33":750,"34":1000,"35":125,"36":250,"37":500,"38":750,"39":1000},"step_width":{"0":62,"1":125,"2":250,"3":375,"4":500,"5":62,"6":125,"7":250,"8":375,"9":500,"10":62,"11":125,"12":250,"13":375,"14":500,"15":62,"16":125,"17":250,"18":375,"19":500,"20":62,"21":125,"22":250,"23":375,"24":500,"25":62,"26":125,"27":250,"28":375,"29":500,"30":62,"31":125,"32":250,"33":375,"34":500,"35":62,"36":125,"37":250,"38":375,"39":500},"Mean_EER":{"0":0.1760237389,"1":0.0775182967,"2":0.1058099063,"3":0.2085050505,"4":0.1250677507,"5":0.0909363666,"6":0.0879973387,"7":0.1408433735,"8":0.1261414141,"9":0.1117886179,"10":0.1125519288,"11":0.0718962076,"12":0.065167336,"13":0.0611515152,"14":0.0559349593,"15":0.1382822288,"16":0.1179374584,"17":0.0873493976,"18":0.1187272727,"19":0.0939566396,"20":0.1470392351,"21":0.106081171,"22":0.1122623829,"23":0.0909494949,"24":0.0766395664,"25":0.1492054072,"26":0.094491018,"27":0.1066800535,"28":0.0798383838,"29":0.1153387534,"30":0.2594691724,"31":0.1850232868,"32":0.1532663989,"33":0.138989899,"34":0.1595663957,"35":0.1152884932,"36":0.0939055223,"37":0.1102811245,"38":0.1087070707,"39":0.144498645},"median_nu":{"0":0.0327204082,"1":0.0367979592,"2":0.0327204082,"3":0.0327204082,"4":0.0347591837,"5":0.0327204082,"6":0.0367979592,"7":0.0327204082,"8":0.0327204082,"9":0.0347591837,"10":0.0327204082,"11":0.0367979592,"12":0.0327204082,"13":0.0327204082,"14":0.0347591837,"15":0.0327204082,"16":0.0367979592,"17":0.0327204082,"18":0.0327204082,"19":0.0347591837,"20":0.0327204082,"21":0.0367979592,"22":0.0327204082,"23":0.0327204082,"24":0.0347591837,"25":0.0327204082,"26":0.0367979592,"27":0.0327204082,"28":0.0327204082,"29":0.0347591837,"30":0.0327204082,"31":0.0367979592,"32":0.0327204082,"33":0.0327204082,"34":0.0347591837,"35":0.0327204082,"36":0.0367979592,"37":0.0327204082,"38":0.0327204082,"39":0.0347591837},"median_gamma":{"0":0.6551285569,"1":0.372759372,"2":0.2120950888,"3":0.1206792641,"4":0.0686648845,"5":0.6551285569,"6":0.372759372,"7":0.2120950888,"8":0.1206792641,"9":0.0686648845,"10":0.6551285569,"11":0.372759372,"12":0.2120950888,"13":0.1206792641,"14":0.0686648845,"15":0.6551285569,"16":0.372759372,"17":0.2120950888,"18":0.1206792641,"19":0.0686648845,"20":0.6551285569,"21":0.372759372,"22":0.2120950888,"23":0.1206792641,"24":0.0686648845,"25":0.6551285569,"26":0.372759372,"27":0.2120950888,"28":0.1206792641,"29":0.0686648845,"30":0.6551285569,"31":0.372759372,"32":0.2120950888,"33":0.1206792641,"34":0.0686648845,"35":0.6551285569,"36":0.372759372,"37":0.2120950888,"38":0.1206792641,"39":0.0686648845},"Gini_coef":{"0":0.5380693123,"1":0.6907628339,"2":0.6411521592,"3":0.5861049209,"4":0.6128831106,"5":0.6827038742,"6":0.6172690156,"7":0.593666635,"8":0.635810378,"9":0.6354127946,"10":0.5916613775,"11":0.6864396323,"12":0.7605222314,"13":0.8038725544,"14":0.797792851,"15":0.5478884359,"16":0.6553449421,"17":0.6683303533,"18":0.6755695461,"19":0.6673236548,"20":0.5191642188,"21":0.6353375704,"22":0.6545035376,"23":0.6671652105,"24":0.7164859343,"25":0.5336215829,"26":0.6194604829,"27":0.7008700381,"28":0.7373875394,"29":0.6611894319,"30":0.4381018336,"31":0.5612719304,"32":0.5965635038,"33":0.5925872093,"34":0.5771135266,"35":0.6414972212,"36":0.6909231181,"37":0.6694828842,"38":0.6475933841,"39":0.641747937},"scnn_archi_name":{"0":"SCNN_1_3_conv_1_dense_arg_dict_default","1":"SCNN_1_3_conv_1_dense_arg_dict_default","2":"SCNN_1_3_conv_1_dense_arg_dict_default","3":"SCNN_1_3_conv_1_dense_arg_dict_default","4":"SCNN_1_3_conv_1_dense_arg_dict_default","5":"SCNN_3_123_conv_1_dense_arg_dict_default","6":"SCNN_3_123_conv_1_dense_arg_dict_default","7":"SCNN_3_123_conv_1_dense_arg_dict_default","8":"SCNN_3_123_conv_1_dense_arg_dict_default","9":"SCNN_3_123_conv_1_dense_arg_dict_default","10":"SCNN_3_1_conv_1_dense_arg_dict_default","11":"SCNN_3_1_conv_1_dense_arg_dict_default","12":"SCNN_3_1_conv_1_dense_arg_dict_default","13":"SCNN_3_1_conv_1_dense_arg_dict_default","14":"SCNN_3_1_conv_1_dense_arg_dict_default","15":"SCNN_1_2_conv_1_dense_arg_dict_default","16":"SCNN_1_2_conv_1_dense_arg_dict_default","17":"SCNN_1_2_conv_1_dense_arg_dict_default","18":"SCNN_1_2_conv_1_dense_arg_dict_default","19":"SCNN_1_2_conv_1_dense_arg_dict_default","20":"SCNN_1_1_conv_1_dense_arg_dict_default","21":"SCNN_1_1_conv_1_dense_arg_dict_default","22":"SCNN_1_1_conv_1_dense_arg_dict_default","23":"SCNN_1_1_conv_1_dense_arg_dict_default","24":"SCNN_1_1_conv_1_dense_arg_dict_default","25":"SCNN_1_2_conv_2_dense_arg_dict_default","26":"SCNN_1_2_conv_2_dense_arg_dict_default","27":"SCNN_1_2_conv_2_dense_arg_dict_default","28":"SCNN_1_2_conv_2_dense_arg_dict_default","29":"SCNN_1_2_conv_2_dense_arg_dict_default","30":"SCNN_1_5_conv_1_dense_arg_dict_default","31":"SCNN_1_5_conv_1_dense_arg_dict_default","32":"SCNN_1_5_conv_1_dense_arg_dict_default","33":"SCNN_1_5_conv_1_dense_arg_dict_default","34":"SCNN_1_5_conv_1_dense_arg_dict_default","35":"SCNN_4_1234_conv_1_dense_arg_dict_default","36":"SCNN_4_1234_conv_1_dense_arg_dict_default","37":"SCNN_4_1234_conv_1_dense_arg_dict_default","38":"SCNN_4_1234_conv_1_dense_arg_dict_default","39":"SCNN_4_1234_conv_1_dense_arg_dict_default"},"cut_off_freq":{"0":49,"1":49,"2":49,"3":49,"4":49,"5":49,"6":49,"7":49,"8":49,"9":49,"10":49,"11":49,"12":49,"13":49,"14":49,"15":49,"16":49,"17":49,"18":49,"19":49,"20":49,"21":49,"22":49,"23":49,"24":49,"25":49,"26":49,"27":49,"28":49,"29":49,"30":49,"31":49,"32":49,"33":49,"34":49,"35":49,"36":49,"37":49,"38":49,"39":49}}