{"('', 'scnn_archi_name')":{"0":"SCNN_3_1_conv_1_dense_arg_dict_default","1":"SCNN_1_1_conv_1_dense_arg_dict_default","2":"SCNN_1_2_conv_2_dense_arg_dict_default","3":"SCNN_1_2_conv_1_dense_arg_dict_default","4":"SCNN_3_123_conv_1_dense_arg_dict_default","5":"SCNN_4_1234_conv_1_dense_arg_dict_default","6":"SCNN_1_3_conv_1_dense_arg_dict_default","7":"SCNN_1_5_conv_1_dense_arg_dict_default"},"('', 'cut_off_freq')":{"0":49,"1":49,"2":49,"3":49,"4":49,"5":49,"6":49,"7":49},"('Window Size', 125)":{"0":0.1125519288,"1":0.1470392351,"2":0.1492054072,"3":0.1382822288,"4":0.0909363666,"5":0.1152884932,"6":0.1760237389,"7":0.2594691724},"('Window Size', 250)":{"0":0.0718962076,"1":0.106081171,"2":0.094491018,"3":0.1179374584,"4":0.0879973387,"5":0.0939055223,"6":0.0775182967,"7":0.1850232868},"('Window Size', 500)":{"0":0.065167336,"1":0.1122623829,"2":0.1066800535,"3":0.0873493976,"4":0.1408433735,"5":0.1102811245,"6":0.1058099063,"7":0.1532663989},"('Window Size', 750)":{"0":0.0611515152,"1":0.0909494949,"2":0.0798383838,"3":0.1187272727,"4":0.1261414141,"5":0.1087070707,"6":0.2085050505,"7":0.138989899},"('Window Size', 1000)":{"0":0.0559349593,"1":0.0766395664,"2":0.1153387534,"3":0.0939566396,"4":0.1117886179,"5":0.144498645,"6":0.1250677507,"7":0.1595663957},"('', 'mean')":{"0":0.0733403894,"1":0.1065943701,"2":0.1091107232,"3":0.1112505994,"4":0.1115414222,"5":0.1145361711,"6":0.1385849486,"7":0.1792630306},"('', 'var')":{"0":0.0005144867,"1":0.0007025573,"2":0.0006807215,"3":0.0004254181,"4":0.0005126794,"5":0.0003440058,"6":0.0028191344,"7":0.0022879783}}