{"window_size":{"0":125,"1":250,"2":500,"3":750,"4":1000,"5":1250,"6":1500,"7":1750,"8":2000},"step_width":{"0":62,"1":125,"2":250,"3":375,"4":500,"5":625,"6":750,"7":875,"8":1000},"Mean_EER":{"0":0.12628091,"1":0.0953559548,"2":0.1027978581,"3":0.2098585859,"4":0.1134146341,"5":0.1529861111,"6":0.2232098765,"7":0.0971980676,"8":0.1463888889},"median_nu":{"0":0.0357785714,"1":0.0551469388,"2":0.041894898,"3":0.0347591837,"4":0.0357785714,"5":0.0408755102,"6":0.0337397959,"7":0.0317010204,"8":0.0347591837},"median_gamma":{"0":0.6551285569,"1":0.372759372,"2":0.372759372,"3":0.1206792641,"4":0.0686648845,"5":0.0686648845,"6":0.0686648845,"7":0.0686648845,"8":0.0686648845},"cut_off_freq":{"0":41,"1":41,"2":41,"3":41,"4":41,"5":41,"6":41,"7":41,"8":41},"scnn_archi_name":{"0":"SCNN_1_3_conv_1_dense_arg_dict_default","1":"SCNN_1_3_conv_1_dense_arg_dict_default","2":"SCNN_1_3_conv_1_dense_arg_dict_default","3":"SCNN_1_3_conv_1_dense_arg_dict_default","4":"SCNN_1_3_conv_1_dense_arg_dict_default","5":"SCNN_1_3_conv_1_dense_arg_dict_default","6":"SCNN_1_3_conv_1_dense_arg_dict_default","7":"SCNN_1_3_conv_1_dense_arg_dict_default","8":"SCNN_1_3_conv_1_dense_arg_dict_default"}}