{"window_size":{"0":125,"1":250,"2":500,"3":750,"4":1000,"5":125,"6":250,"7":500,"8":750,"9":1000,"10":125,"11":250,"12":500,"13":750,"14":1000,"15":125,"16":250,"17":500,"18":750,"19":1000,"20":125,"21":250,"22":500,"23":750,"24":1000,"25":125,"26":250,"27":500,"28":750,"29":1000,"30":125,"31":250,"32":500,"33":750,"34":1000,"35":125,"36":250,"37":500,"38":750,"39":1000},"step_width":{"0":62,"1":125,"2":250,"3":375,"4":500,"5":62,"6":125,"7":250,"8":375,"9":500,"10":62,"11":125,"12":250,"13":375,"14":500,"15":62,"16":125,"17":250,"18":375,"19":500,"20":62,"21":125,"22":250,"23":375,"24":500,"25":62,"26":125,"27":250,"28":375,"29":500,"30":62,"31":125,"32":250,"33":375,"34":500,"35":62,"36":125,"37":250,"38":375,"39":500},"Mean_EER":{"0":0.117187603,"1":0.0877910845,"2":0.1227175368,"3":0.1192121212,"4":0.1319512195,"5":0.1102571711,"6":0.0903260146,"7":0.0981927711,"8":0.078,"9":0.1106233062,"10":0.108440488,"11":0.0745176314,"12":0.0792369478,"13":0.0667878788,"14":0.0614905149,"15":0.131355094,"16":0.0803260146,"17":0.110789826,"18":0.0914747475,"19":0.100704607,"20":0.1474678536,"21":0.1161876248,"22":0.1187014726,"23":0.1032525253,"24":0.0939295393,"25":0.1250807781,"26":0.0784697272,"27":0.0760508701,"28":0.0907272727,"29":0.0756639566,"30":0.1715759974,"31":0.2533799069,"32":0.116064257,"33":0.1234747475,"34":0.1685094851,"35":0.1134058688,"36":0.0800332668,"37":0.1008701473,"38":0.1245858586,"39":0.1538753388},"median_nu":{"0":0.0367979592,"1":0.0367979592,"2":0.0347591837,"3":0.0429142857,"4":0.0561663265,"5":0.0367979592,"6":0.0367979592,"7":0.0347591837,"8":0.0429142857,"9":0.0561663265,"10":0.0367979592,"11":0.0367979592,"12":0.0347591837,"13":0.0429142857,"14":0.0561663265,"15":0.0367979592,"16":0.0367979592,"17":0.0347591837,"18":0.0429142857,"19":0.0561663265,"20":0.0367979592,"21":0.0367979592,"22":0.0347591837,"23":0.0429142857,"24":0.0561663265,"25":0.0367979592,"26":0.0367979592,"27":0.0347591837,"28":0.0429142857,"29":0.0561663265,"30":0.0367979592,"31":0.0367979592,"32":0.0347591837,"33":0.0429142857,"34":0.0561663265,"35":0.0367979592,"36":0.0367979592,"37":0.0347591837,"38":0.0429142857,"39":0.0561663265},"median_gamma":{"0":0.6551285569,"1":0.372759372,"2":0.1206792641,"3":0.0538671419,"4":0.0538671419,"5":0.6551285569,"6":0.372759372,"7":0.1206792641,"8":0.0538671419,"9":0.0538671419,"10":0.6551285569,"11":0.372759372,"12":0.1206792641,"13":0.0538671419,"14":0.0538671419,"15":0.6551285569,"16":0.372759372,"17":0.1206792641,"18":0.0538671419,"19":0.0538671419,"20":0.6551285569,"21":0.372759372,"22":0.1206792641,"23":0.0538671419,"24":0.0538671419,"25":0.6551285569,"26":0.372759372,"27":0.1206792641,"28":0.0538671419,"29":0.0538671419,"30":0.6551285569,"31":0.372759372,"32":0.1206792641,"33":0.0538671419,"34":0.0538671419,"35":0.6551285569,"36":0.372759372,"37":0.1206792641,"38":0.0538671419,"39":0.0538671419},"Gini_coef":{"0":0.5816119442,"1":0.7287617363,"2":0.583909676,"3":0.670238566,"4":0.5815545058,"5":0.6384621007,"6":0.7011932823,"7":0.7279815194,"8":0.7279662724,"9":0.6544177691,"10":0.5867558528,"11":0.7037003968,"12":0.6635524019,"13":0.7261947973,"14":0.760173351,"15":0.5898488398,"16":0.661962874,"17":0.6498496321,"18":0.6011680408,"19":0.6693218515,"20":0.5836964001,"21":0.6411492234,"22":0.6217447966,"23":0.6091936781,"24":0.645906264,"25":0.5954160846,"26":0.6959810073,"27":0.7350212208,"28":0.726457854,"29":0.6757322509,"30":0.5357804296,"31":0.4437200034,"32":0.7104934,"33":0.6430155614,"34":0.5336263893,"35":0.6614742024,"36":0.7317565882,"37":0.6426587038,"38":0.7055816803,"39":0.6653673046},"scnn_archi_name":{"0":"SCNN_1_3_conv_1_dense_arg_dict_default","1":"SCNN_1_3_conv_1_dense_arg_dict_default","2":"SCNN_1_3_conv_1_dense_arg_dict_default","3":"SCNN_1_3_conv_1_dense_arg_dict_default","4":"SCNN_1_3_conv_1_dense_arg_dict_default","5":"SCNN_3_123_conv_1_dense_arg_dict_default","6":"SCNN_3_123_conv_1_dense_arg_dict_default","7":"SCNN_3_123_conv_1_dense_arg_dict_default","8":"SCNN_3_123_conv_1_dense_arg_dict_default","9":"SCNN_3_123_conv_1_dense_arg_dict_default","10":"SCNN_3_1_conv_1_dense_arg_dict_default","11":"SCNN_3_1_conv_1_dense_arg_dict_default","12":"SCNN_3_1_conv_1_dense_arg_dict_default","13":"SCNN_3_1_conv_1_dense_arg_dict_default","14":"SCNN_3_1_conv_1_dense_arg_dict_default","15":"SCNN_1_2_conv_1_dense_arg_dict_default","16":"SCNN_1_2_conv_1_dense_arg_dict_default","17":"SCNN_1_2_conv_1_dense_arg_dict_default","18":"SCNN_1_2_conv_1_dense_arg_dict_default","19":"SCNN_1_2_conv_1_dense_arg_dict_default","20":"SCNN_1_1_conv_1_dense_arg_dict_default","21":"SCNN_1_1_conv_1_dense_arg_dict_default","22":"SCNN_1_1_conv_1_dense_arg_dict_default","23":"SCNN_1_1_conv_1_dense_arg_dict_default","24":"SCNN_1_1_conv_1_dense_arg_dict_default","25":"SCNN_1_2_conv_2_dense_arg_dict_default","26":"SCNN_1_2_conv_2_dense_arg_dict_default","27":"SCNN_1_2_conv_2_dense_arg_dict_default","28":"SCNN_1_2_conv_2_dense_arg_dict_default","29":"SCNN_1_2_conv_2_dense_arg_dict_default","30":"SCNN_1_5_conv_1_dense_arg_dict_default","31":"SCNN_1_5_conv_1_dense_arg_dict_default","32":"SCNN_1_5_conv_1_dense_arg_dict_default","33":"SCNN_1_5_conv_1_dense_arg_dict_default","34":"SCNN_1_5_conv_1_dense_arg_dict_default","35":"SCNN_4_1234_conv_1_dense_arg_dict_default","36":"SCNN_4_1234_conv_1_dense_arg_dict_default","37":"SCNN_4_1234_conv_1_dense_arg_dict_default","38":"SCNN_4_1234_conv_1_dense_arg_dict_default","39":"SCNN_4_1234_conv_1_dense_arg_dict_default"},"EMA_span":{"0":25,"1":25,"2":25,"3":25,"4":25,"5":25,"6":25,"7":25,"8":25,"9":25,"10":25,"11":25,"12":25,"13":25,"14":25,"15":25,"16":25,"17":25,"18":25,"19":25,"20":25,"21":25,"22":25,"23":25,"24":25,"25":25,"26":25,"27":25,"28":25,"29":25,"30":25,"31":25,"32":25,"33":25,"34":25,"35":25,"36":25,"37":25,"38":25,"39":25}}