{"window_size":{"0":125,"1":250,"2":500,"3":750,"4":1000,"5":125,"6":250,"7":500,"8":750,"9":1000,"10":125,"11":250,"12":500,"13":750,"14":1000,"15":125,"16":250,"17":500,"18":750,"19":1000,"20":125,"21":250,"22":500,"23":750,"24":1000,"25":125,"26":250,"27":500,"28":750,"29":1000,"30":125,"31":250,"32":500,"33":750,"34":1000,"35":125,"36":250,"37":500,"38":750,"39":1000},"step_width":{"0":62,"1":125,"2":250,"3":375,"4":500,"5":62,"6":125,"7":250,"8":375,"9":500,"10":62,"11":125,"12":250,"13":375,"14":500,"15":62,"16":125,"17":250,"18":375,"19":500,"20":62,"21":125,"22":250,"23":375,"24":500,"25":62,"26":125,"27":250,"28":375,"29":500,"30":62,"31":125,"32":250,"33":375,"34":500,"35":62,"36":125,"37":250,"38":375,"39":500},"Mean_EER":{"0":0.123316848,"1":0.0797139055,"2":0.0830522088,"3":0.1015555556,"4":0.1413550136,"5":0.1130926475,"6":0.0874783766,"7":0.112248996,"8":0.0855151515,"9":0.1693766938,"10":0.1256973294,"11":0.0671789754,"12":0.0609638554,"13":0.0597171717,"14":0.0612466125,"15":0.1083020112,"16":0.0709447771,"17":0.0910843373,"18":0.1372121212,"19":0.0922222222,"20":0.169798879,"21":0.1060878244,"22":0.1178982597,"23":0.0932121212,"24":0.0892682927,"25":0.1393867458,"26":0.0716300732,"27":0.1047657296,"28":0.1219393939,"29":0.1160162602,"30":0.2151599077,"31":0.1759281437,"32":0.1095582329,"33":0.1159191919,"34":0.1994308943,"35":0.1340257171,"36":0.0959414504,"37":0.1143239625,"38":0.1045252525,"39":0.1098915989},"median_nu":{"0":0.0347591837,"1":0.0398561224,"2":0.0266040816,"3":0.0357785714,"4":0.0367979592,"5":0.0347591837,"6":0.0398561224,"7":0.0266040816,"8":0.0357785714,"9":0.0367979592,"10":0.0347591837,"11":0.0398561224,"12":0.0266040816,"13":0.0357785714,"14":0.0367979592,"15":0.0347591837,"16":0.0398561224,"17":0.0266040816,"18":0.0357785714,"19":0.0367979592,"20":0.0347591837,"21":0.0398561224,"22":0.0266040816,"23":0.0357785714,"24":0.0367979592,"25":0.0347591837,"26":0.0398561224,"27":0.0266040816,"28":0.0357785714,"29":0.0367979592,"30":0.0347591837,"31":0.0398561224,"32":0.0266040816,"33":0.0357785714,"34":0.0367979592,"35":0.0347591837,"36":0.0398561224,"37":0.0266040816,"38":0.0357785714,"39":0.0367979592},"median_gamma":{"0":0.6551285569,"1":0.372759372,"2":0.1206792641,"3":0.0686648845,"4":0.0946720743,"5":0.6551285569,"6":0.372759372,"7":0.1206792641,"8":0.0686648845,"9":0.0946720743,"10":0.6551285569,"11":0.372759372,"12":0.1206792641,"13":0.0686648845,"14":0.0946720743,"15":0.6551285569,"16":0.372759372,"17":0.1206792641,"18":0.0686648845,"19":0.0946720743,"20":0.6551285569,"21":0.372759372,"22":0.1206792641,"23":0.0686648845,"24":0.0946720743,"25":0.6551285569,"26":0.372759372,"27":0.1206792641,"28":0.0686648845,"29":0.0946720743,"30":0.6551285569,"31":0.372759372,"32":0.1206792641,"33":0.0686648845,"34":0.0946720743,"35":0.6551285569,"36":0.372759372,"37":0.1206792641,"38":0.0686648845,"39":0.0946720743},"Gini_coef":{"0":0.576228841,"1":0.7214728876,"2":0.696615087,"3":0.625690162,"4":0.6552786299,"5":0.6661299152,"6":0.66405875,"7":0.6447584973,"8":0.7488279917,"9":0.6430328889,"10":0.5583779247,"11":0.7035434067,"12":0.6951495633,"13":0.751646369,"14":0.7174139626,"15":0.5705613736,"16":0.7693113258,"17":0.7355803776,"18":0.5949777516,"19":0.6514023574,"20":0.5141674218,"21":0.5906881293,"22":0.6137125771,"23":0.6459230362,"24":0.6897389192,"25":0.5543744284,"26":0.6399157843,"27":0.7035806571,"28":0.6675686621,"29":0.681432168,"30":0.4685692005,"31":0.580515846,"32":0.5887042468,"33":0.6028465203,"34":0.5854071356,"35":0.6222927429,"36":0.7610695022,"37":0.6556570388,"38":0.7282695529,"39":0.7299054665},"scnn_archi_name":{"0":"SCNN_1_3_conv_1_dense_arg_dict_default","1":"SCNN_1_3_conv_1_dense_arg_dict_default","2":"SCNN_1_3_conv_1_dense_arg_dict_default","3":"SCNN_1_3_conv_1_dense_arg_dict_default","4":"SCNN_1_3_conv_1_dense_arg_dict_default","5":"SCNN_3_123_conv_1_dense_arg_dict_default","6":"SCNN_3_123_conv_1_dense_arg_dict_default","7":"SCNN_3_123_conv_1_dense_arg_dict_default","8":"SCNN_3_123_conv_1_dense_arg_dict_default","9":"SCNN_3_123_conv_1_dense_arg_dict_default","10":"SCNN_3_1_conv_1_dense_arg_dict_default","11":"SCNN_3_1_conv_1_dense_arg_dict_default","12":"SCNN_3_1_conv_1_dense_arg_dict_default","13":"SCNN_3_1_conv_1_dense_arg_dict_default","14":"SCNN_3_1_conv_1_dense_arg_dict_default","15":"SCNN_1_2_conv_1_dense_arg_dict_default","16":"SCNN_1_2_conv_1_dense_arg_dict_default","17":"SCNN_1_2_conv_1_dense_arg_dict_default","18":"SCNN_1_2_conv_1_dense_arg_dict_default","19":"SCNN_1_2_conv_1_dense_arg_dict_default","20":"SCNN_1_1_conv_1_dense_arg_dict_default","21":"SCNN_1_1_conv_1_dense_arg_dict_default","22":"SCNN_1_1_conv_1_dense_arg_dict_default","23":"SCNN_1_1_conv_1_dense_arg_dict_default","24":"SCNN_1_1_conv_1_dense_arg_dict_default","25":"SCNN_1_2_conv_2_dense_arg_dict_default","26":"SCNN_1_2_conv_2_dense_arg_dict_default","27":"SCNN_1_2_conv_2_dense_arg_dict_default","28":"SCNN_1_2_conv_2_dense_arg_dict_default","29":"SCNN_1_2_conv_2_dense_arg_dict_default","30":"SCNN_1_5_conv_1_dense_arg_dict_default","31":"SCNN_1_5_conv_1_dense_arg_dict_default","32":"SCNN_1_5_conv_1_dense_arg_dict_default","33":"SCNN_1_5_conv_1_dense_arg_dict_default","34":"SCNN_1_5_conv_1_dense_arg_dict_default","35":"SCNN_4_1234_conv_1_dense_arg_dict_default","36":"SCNN_4_1234_conv_1_dense_arg_dict_default","37":"SCNN_4_1234_conv_1_dense_arg_dict_default","38":"SCNN_4_1234_conv_1_dense_arg_dict_default","39":"SCNN_4_1234_conv_1_dense_arg_dict_default"},"EMA_span":{"0":9,"1":9,"2":9,"3":9,"4":9,"5":9,"6":9,"7":9,"8":9,"9":9,"10":9,"11":9,"12":9,"13":9,"14":9,"15":9,"16":9,"17":9,"18":9,"19":9,"20":9,"21":9,"22":9,"23":9,"24":9,"25":9,"26":9,"27":9,"28":9,"29":9,"30":9,"31":9,"32":9,"33":9,"34":9,"35":9,"36":9,"37":9,"38":9,"39":9}}