{"('', 'scnn_archi_name')":{"0":"SCNN_1_3_conv_1_dense_arg_dict_default"},"('Window Size', 125)":{"0":0.1635740191},"('Window Size', 250)":{"0":0.0899401198},"('Window Size', 500)":{"0":0.1331726908},"('Window Size', 750)":{"0":0.197010101},"('Window Size', 1000)":{"0":0.1290514905},"('Window Size', 1250)":{"0":0.1678819444},"('Window Size', 1500)":{"0":0.0934567901},"('Window Size', 1750)":{"0":0.1048792271},"('Window Size', 2000)":{"0":0.1346666667},"('', 'mean')":{"0":0.1348481166},"('', 'var')":{"0":0.0013056336}}