{"roc_val": {"Train": [0.8348138028167048, 0.8063103726665592, 0.8848674273751769, 0.9604361825267709, 0.9517078270725546, 0.9466739364772276, 0.9542584287228792, 0.9484454932583477, 0.9465476260269164, 0.9471024958665113, 0.9390750459412245, 0.9426449443017179, 0.9428288287203668, 0.9491937777470687, 0.9482875849118759, 0.9479522331657604, 0.9492219592771961, 0.9491044706586852, 0.9492886656560644, 0.9492273821912063, 0.9491380210132683, 0.9490173201731704, 0.9490159443791881, 0.9490047705241941, 0.9490286781071309, 0.9490251806067661], "Valid": []}, "eer_val": {"Train": [0.24511278195488492, 0.2745196324143778, 0.1947786132001166, 0.09269005847952914, 0.11069340016708437, 0.11474519632414366, 0.10668337510312037, 0.1130325814535469, 0.11637426900570817, 0.11716791979950125, 0.1261069340016709, 0.1227652464494565, 0.11737677527151204, 0.11052631578947347, 0.11119465330068273, 0.11161236424430582, 0.10956558061821223, 0.1104427736006683, 0.10973266499582254, 0.1098579782783035, 0.10956558061732652, 0.1101921470342708, 0.1102339181269359, 0.11019214703476474, 0.11023391812862475, 0.11010860484548878], "Valid": []}, "thres": {"Train": [-0.30529889464378307, -0.10645665973424984, -0.08473736792808, -0.14712053537368688, -0.18291480094194412, -0.15033946931362152, -0.17767912149408846, -0.18675705790519695, -0.16951258480544365, -0.14742560684680958, -0.16853472590446472, -0.16682587563991538, -0.14937637746334076, -0.1751216650009155, -0.18646346032626446, -0.17416779696944298, -0.1795173635085424, -0.18293366953730583, -0.18051695823669428, -0.17893575131873632, -0.17969527840581018, -0.17947360873222412, -0.17861764132853636, -0.17833757400531836, -0.17819260060786554, -0.17795814573765315], "Valid": []}, "acc_val": {"Train": [0.7549081035923141, 0.7254594820384294, 0.8052213868003342, 0.9073308270676692, 0.8893065998329156, 0.8852756892230577, 0.8933166248955723, 0.8869883040935672, 0.8836257309941521, 0.8828111946532999, 0.8739139515455305, 0.8772556390977444, 0.8826441102756892, 0.8894945697577277, 0.8888888888888888, 0.8884085213032581, 0.8904553049289892, 0.889578111946533, 0.8902882205513785, 0.8900375939849624, 0.8904135338345864, 0.8897869674185463, 0.8897869674185463, 0.8898078529657477, 0.889766081871345, 0.8898705096073517], "Valid": []}, "f1_val": {"Train": [0.7549029846070302, 0.7254537479897241, 0.8052213868003342, 0.90732889158086, 0.8893065998329156, 0.8852732930930053, 0.8933121684280879, 0.8869859437331606, 0.8836208697105141, 0.8828087470498547, 0.8739113181144134, 0.8772530754610581, 0.8826416591825226, 0.8894922617431442, 0.888898170578899, 0.8884108519036779, 0.8904530169803045, 0.8895758056768103, 0.8902859291129723, 0.8900215152591232, 0.8904066670844037, 0.8897846655109756, 0.8897846655109756, 0.8898078529657477, 0.8897614770875977, 0.8898682094446416], "Valid": []}}