{"roc_val": {"Train": [0.8018519835860887, 0.7605742094724419, 0.9352122875414658, 0.9495563880112421, 0.9550033387213508, 0.9579055285805714, 0.9568158212294869, 0.9566365562332453, 0.9544515057484981, 0.9534131625359695, 0.934230848284733, 0.9340742180220811, 0.9333238824923629, 0.9360946835900669, 0.9418237200492181, 0.9391249924100143, 0.9146757837227433, 0.9441544162550626, 0.9430270145916168, 0.943542264705205, 0.9432773078965864, 0.942900722461961, 0.9441563626066, 0.9445034570204403, 0.9445840103251725, 0.9443423521558002, 0.9441158373167673, 0.9440402960199161, 0.9443716093701253, 0.9442918691535298, 0.9443744324958874, 0.9443172894991586, 0.9442543676442567, 0.9442649683244592, 0.944249239605558], "Valid": []}, "eer_val": {"Train": [0.2757727652468152, 0.31040100250627223, 0.13333333333250322, 0.11461988304042103, 0.1058479532171425, 0.10025062656641673, 0.10371762740217501, 0.09720133667502141, 0.10300751879755676, 0.10334168755220385, 0.12865497075921695, 0.12882205513784462, 0.13901420217290766, 0.12255639097744403, 0.12030075187821208, 0.12815371762745567, 0.15873015872980295, 0.119256474520465, 0.12063492063491553, 0.12213868003343357, 0.12126148705116313, 0.1211779448625824, 0.1200501253133437, 0.12038429406850425, 0.1201754385964206, 0.12067669172927778, 0.12038429406850168, 0.12034252297267115, 0.12063492063517528, 0.12055137844627599, 0.1205096073517811, 0.1205513784458081, 0.1203842940691917, 0.12059314954037816, 0.12059314954051786], "Valid": []}, "thres": {"Train": [-0.2773126661777859, -0.11728785932064097, -0.0866501778363359, -0.18982246518124954, -0.170843407512268, -0.1713081598281861, -0.18194389343263498, -0.1651008576154709, -0.17904481291796268, -0.1591531634330738, -0.15243092179248807, -0.15503811836242676, -0.17344918847130553, -0.1520716696977616, -0.18117518723006348, -0.17534364759923604, -0.14271901547901802, -0.18979069590597947, -0.19214972853660348, -0.18461491167545707, -0.17992711067209424, -0.17685315012939182, -0.17805959284308012, -0.1825255006551741, -0.18466134369372453, -0.18320700526236086, -0.18365801870822718, -0.18488730490174035, -0.18393364548688573, -0.1827558875084324, -0.18383111804725863, -0.18375603854651443, -0.18324418365965378, -0.18305365741246882, -0.1828981041908264], "Valid": []}, "acc_val": {"Train": [0.7242272347535506, 0.689578111946533, 0.8666457811194653, 0.8853801169590644, 0.8941729323308271, 0.8997284878863826, 0.8963032581453634, 0.9027777777777778, 0.8969924812030076, 0.8966791979949875, 0.8713450292397661, 0.8711988304093568, 0.8610066833751044, 0.8774227234753551, 0.8797201336675021, 0.8718253968253968, 0.8412698412698413, 0.880764411027569, 0.8793859649122807, 0.8778404344193818, 0.8787385129490393, 0.8788847117794486, 0.8799289891395154, 0.8796365914786968, 0.8798454469507101, 0.879344193817878, 0.8796365914786968, 0.8796783625730994, 0.879344193817878, 0.8794695071010861, 0.8795112781954887, 0.8794695071010861, 0.879594820384294, 0.8794068504594821, 0.8793859649122807], "Valid": []}, "f1_val": {"Train": [0.7242272347535506, 0.689571628480127, 0.8666374250684044, 0.8853753289611095, 0.8941751425408826, 0.8997263936172435, 0.8963054238633278, 0.9027757471960568, 0.8969924812030076, 0.8966770400384303, 0.8713396549563474, 0.8711961402702647, 0.861009586265951, 0.8774201633283905, 0.8797176215042084, 0.8718227197727605, 0.8412698412698413, 0.8807669012760801, 0.8793834457695442, 0.8778378829967208, 0.8787385129490393, 0.8788922999812042, 0.8799264813383738, 0.8796340775705423, 0.8798429374047076, 0.8793416738027111, 0.8796340775705423, 0.8796758495373753, 0.8793416738027111, 0.8794720243938097, 0.8795087616700433, 0.8794669897032101, 0.8795923056037094, 0.8794018129412257, 0.8793884839497922], "Valid": []}}