{"roc_val": {"Train": [0.9383591890126318], "Valid": []}, "eer_val": {"Train": [0.12644110275689227], "Valid": []}, "thres": {"Train": [-0.4893696308135987], "Valid": []}, "acc_val": {"Train": [0.8734962406015038], "Valid": []}, "f1_val": {"Train": [0.8734883138041231], "Valid": []}}