{"roc_val": {"Train": [0.8533577128912506, 0.8943436441982149, 0.8962783760780397, 0.9025599163949976, 0.898937074829932, 0.9062260836929416, 0.9090162671716885, 0.9429470527823318, 0.9408814643124102, 0.9409172681076122, 0.9467352906074711, 0.9449457446875335, 0.9498146368427335, 0.9458544936903662, 0.9601189533985339, 0.9556346458250891, 0.9627101038938196, 0.969289632288742, 0.9675621227253598, 0.9670367098824755, 0.9715018592848035, 0.9715022361668583, 0.9709497270745786], "Valid": []}, "eer_val": {"Train": [0.2379699248120294, 0.18245614035089908, 0.17606516290726817, 0.17067669172970437, 0.17581453634183852, 0.16654135338249285, 0.15977443608965164, 0.10964912280623623, 0.11929824561396718, 0.11766917293327116, 0.10639097744337714, 0.12092731829591552, 0.11115288220468637, 0.11127819548872173, 0.08872180451070005, 0.0922305764412364, 0.0800751879696257, 0.07406015037649652, 0.07556390977310694, 0.07606516290726816, 0.06804511278195487, 0.06791979950055385, 0.06842105263157906], "Valid": []}, "thres": {"Train": [-0.042387630790471996, -0.01849799230694873, -0.007947565987706184, -0.006808705162267287, -0.008244347758591284, -0.012322120368451196, -0.014226733706868337, -0.019526582211225683, -0.01386565156280452, -0.02995080873376477, -0.03860220313070643, -0.0342681072652701, -0.1310965567824944, -0.207625538110733, -0.24018712341766463, -0.30908674001700753, -0.3161129653450379, -0.34844201803384256, -0.4280039668061631, -0.42070107161998743, -0.3983380099137624, -0.42102599144869496, -0.42853367328643815], "Valid": []}, "acc_val": {"Train": [0.7620927318295739, 0.8174812030075188, 0.8238721804511279, 0.8293233082706767, 0.8243107769423559, 0.8334586466165413, 0.8402255639097744, 0.8903508771929824, 0.880764411027569, 0.8823308270676692, 0.893671679197995, 0.8791353383458647, 0.8888471177944862, 0.8887844611528822, 0.9112155388471178, 0.9078320802005012, 0.9198621553884712, 0.9260651629072681, 0.9243734335839598, 0.9239348370927318, 0.9319548872180451, 0.9322055137844611, 0.9315162907268171], "Valid": []}, "f1_val": {"Train": [0.7620778244250893, 0.8174697662760825, 0.8238390674938897, 0.8293233082706768, 0.8243327903771457, 0.8334377741571625, 0.840205539541296, 0.8903371349793208, 0.8807569396578733, 0.8823308270676692, 0.8936650166050505, 0.8791429108451851, 0.88883318711618, 0.8887774923240804, 0.9111988469010467, 0.9078378547710043, 0.9198470890518268, 0.9260744267635634, 0.9243592153913642, 0.9239348370927318, 0.9319548872180451, 0.9322140082696404, 0.9315119994987154], "Valid": []}}