{"roc_val": {"Train": [0.6435917409438383, 0.6296914234556037, 0.6285821749444622, 0.7359209619007139, 0.838968722453586, 0.8274662681836866, 0.850357133260609, 0.8422931763759162, 0.8532899334454208, 0.8406431178196117, 0.8467891507172275, 0.8282030446835552, 0.8395788430279262, 0.8493148580864581, 0.8447393782074234, 0.8198633034828787, 0.8497563117275226, 0.8426683580993698, 0.8515893622248326, 0.8521640218619508, 0.8523335568453297, 0.8492975040636959, 0.8554254623261021, 0.8534182094403372, 0.8558033729548041, 0.8547239548327794, 0.8548496842565897, 0.8549915934363896, 0.8554718397567296, 0.8551042986190065, 0.8553134620525137, 0.8552296642469444, 0.8550941672965482, 0.8554251151060609, 0.8553710901104056, 0.8553186223704625, 0.8553186843117261], "Valid": []}, "eer_val": {"Train": [0.40254803675927303, 0.41403508771861713, 0.41503759398513707, 0.33116123642470024, 0.2405597326649958, 0.2504177109440257, 0.22790309106098383, 0.23350041771094437, 0.22167919799617264, 0.2350041771100208, 0.22840434419505962, 0.2513784461152918, 0.23512949039264847, 0.2246867167917796, 0.23153717627401835, 0.24949874686749932, 0.22318295739348268, 0.23462823725981533, 0.2220133667497277, 0.22318295739347727, 0.22389306599770614, 0.22677527151211369, 0.21867167919795602, 0.2213450292397663, 0.2185463659152417, 0.22046783625731026, 0.22005012531333762, 0.2195488721810027, 0.2188387635746288, 0.21971595655806211, 0.21913116123724058, 0.21904761904762185, 0.21963241436741865, 0.21908939014192333, 0.2191729323308242, 0.21913116123627593, 0.219047619047759], "Valid": []}, "thres": {"Train": [-1.2244969606405418, -1.0659466981883825, -0.43844637274742676, -0.06004097685218226, -0.1422126144170761, -0.13192090988159175, -0.14529263973236067, -0.19408905506134044, -0.15600745379948705, -0.147037222981513, -0.12066805362749279, -0.12825012207031297, -0.1574078053236008, -0.1291740536689486, -0.20752702156702676, -0.11574143916372062, -0.14998888969421384, -0.14854788780212372, -0.14061011373987928, -0.13777248561382222, -0.13723987340902244, -0.13729559630155566, -0.1371966600417984, -0.13357795774936676, -0.13789957761768484, -0.13619190454483032, -0.13182657957078397, -0.13918532431131525, -0.1345486342906485, -0.1347034871578217, -0.13496190309540532, -0.13547380268573847, -0.1369141936301208, -0.13431668281554898, -0.13417620956897713, -0.13351023197171413, -0.13413536548616226], "Valid": []}, "acc_val": {"Train": [0.5974519632414369, 0.5859649122807018, 0.5849624060150376, 0.6688387635756057, 0.7594611528822055, 0.7496031746031746, 0.7721177944862155, 0.7664786967418546, 0.7782999164578112, 0.765016708437761, 0.7715747702589808, 0.7486006683375105, 0.7648496240601503, 0.7752923976608187, 0.7684628237259816, 0.7504803675856307, 0.7768379281537177, 0.7653926482873852, 0.7780075187969925, 0.7768379281537177, 0.7761069340016709, 0.7732456140350877, 0.7813492063492063, 0.7786549707602339, 0.7814954051796157, 0.7795112781954887, 0.7799289891395155, 0.7804511278195488, 0.7811612364243943, 0.7802631578947369, 0.7809314954051796, 0.7809314954051796, 0.7803884711779449, 0.7809314954051796, 0.7808479532163742, 0.7808688387635756, 0.7809314954051796], "Valid": []}, "f1_val": {"Train": [0.5974519632414369, 0.5859476168595179, 0.5849624060150376, 0.6688387635756057, 0.7594561289918336, 0.7495979448192317, 0.7721130349422503, 0.7664738194197873, 0.7782952860335429, 0.7650216160898896, 0.7715699993734205, 0.7485954176152385, 0.7648447127132981, 0.7752783173548886, 0.7684628237259816, 0.750475156122726, 0.7768332671943857, 0.7653877482821279, 0.7780028822657115, 0.7768332671943857, 0.7760975813526045, 0.7732408780467428, 0.7813446396123561, 0.7786549707602339, 0.7815045319744371, 0.7795066730717016, 0.779924392740032, 0.7804511278195488, 0.7811520949078908, 0.7802585684746965, 0.7809452206419815, 0.7809269199440255, 0.7803838843751959, 0.7809269199440255, 0.7808433760103595, 0.7808596850327917, 0.7809269199440255], "Valid": []}}