{"roc_val": {"Train": [0.5902348228200689, 0.6185662446983513, 0.6215766372210114, 0.6896059689393352, 0.8354076441800687, 0.8255460628388013, 0.8444416509806959, 0.8478623659887676, 0.846160883097468, 0.8464652790427755, 0.845477546204693, 0.8367361918092364, 0.8199226170410711, 0.8333403073961708, 0.8331408722307021, 0.8112517439519155, 0.8327849934987845, 0.8285193918030944, 0.8243129684417113, 0.8174133249791143, 0.840861277567352, 0.8273121687887222, 0.8526225477366487, 0.850213194850116, 0.852581057558963, 0.8483923746989306, 0.8509005387319594, 0.8550809877659896, 0.8510396718962542, 0.8553370494601863, 0.85556020202274, 0.8559635888314493, 0.8562227388647056, 0.855431809997006, 0.8554997543287347, 0.8553551528849973, 0.8554537337146821, 0.8554485358830103, 0.8553836833799899, 0.8553023771835604], "Valid": []}, "eer_val": {"Train": [0.4447786131996657, 0.42188805346694, 0.41917293233082736, 0.369799498746869, 0.23805346700082353, 0.2455722639933167, 0.22957393483709276, 0.22489557226398674, 0.22652464494588445, 0.22552213868003212, 0.22631578947397507, 0.2376357560566012, 0.2558479532174526, 0.2387635756057661, 0.24018379281625246, 0.26361737677491487, 0.24164578111926932, 0.2449456975769847, 0.24995822890483854, 0.2590643274853808, 0.23245614035116977, 0.24845446950710107, 0.21963241436925557, 0.22096908939028911, 0.21867167919799504, 0.22406015037601917, 0.22218045112765603, 0.21771094402649174, 0.22046783625730798, 0.21783625730992714, 0.21716791980062633, 0.21633249791183157, 0.21562238930659702, 0.2171679197992526, 0.21700083542188414, 0.21725146198830417, 0.21708437761063915, 0.21708437761069382, 0.21708437761069344, 0.2170843776089724], "Valid": []}, "thres": {"Train": [-1.1827226877212522, -0.968131065368629, -0.5385065575440726, -0.04440447688102731, -0.1155979931354515, -0.13287703692913055, -0.15020677745342256, -0.19222854077815954, -0.204686746001288, -0.16768628358840865, -0.1420724987984411, -0.14239884912958448, -0.18695625662820806, -0.1419689059257645, -0.13482061028500858, -0.17257426679128515, -0.16344073414800803, -0.1724882423876926, -0.1416636109350206, -0.16043500602245364, -0.16462017595775186, -0.21323586503664652, -0.15279406309127788, -0.15392789244652025, -0.17113180458545685, -0.1480232924222994, -0.14681762456888642, -0.1592232733964789, -0.1577225873867666, -0.14717595279216286, -0.15377075970220266, -0.15683741867545986, -0.15646563470363428, -0.15261043608187716, -0.15002814307808793, -0.15033012628555298, -0.15179564058780276, -0.1514313519001007, -0.15061573187510174, -0.15034854412069157], "Valid": []}, "acc_val": {"Train": [0.5552422723475355, 0.5781328320802005, 0.5808479532163743, 0.6301796157059315, 0.761967418546366, 0.7544068504594821, 0.7704469507101086, 0.775125313283208, 0.7734544695071011, 0.7744987468671679, 0.7737050960735171, 0.7623851294903926, 0.7441520467836257, 0.7612364243943192, 0.7598162071846283, 0.7364035087719298, 0.7583542188805347, 0.7550125313283208, 0.7500417710944026, 0.7409147869674185, 0.7676691729323308, 0.7515873015873016, 0.7803884711779449, 0.7790100250626566, 0.7813492063492063, 0.7759398496240602, 0.7778404344193818, 0.7823099415204678, 0.7795321637426901, 0.7821846282372599, 0.7828320802005012, 0.7836675020885547, 0.7843984962406015, 0.7828320802005012, 0.7830200501253133, 0.7827276524644946, 0.7829365079365079, 0.7828947368421053, 0.7829365079365079, 0.7829365079365079], "Valid": []}, "f1_val": {"Train": [0.5552329831450113, 0.5781240209695272, 0.5808391988136761, 0.6301718916435182, 0.761962447001817, 0.7544017210050334, 0.7704421562689279, 0.7751206165542304, 0.7734592009356529, 0.7744940370517346, 0.7737098222677052, 0.7623801666701477, 0.7441520467836257, 0.7612364243943192, 0.7598162071846283, 0.7363980032999855, 0.7583441246501524, 0.7549920628289748, 0.750031329629475, 0.7409093757179557, 0.7676982834231298, 0.7515769246835707, 0.7803838843751959, 0.7790054094697049, 0.7813446396123561, 0.7759398496240602, 0.7778357943983792, 0.7823053948495166, 0.7795321637426901, 0.7821800789490173, 0.7828320802005012, 0.7836675020885547, 0.7843939931911694, 0.7828230084798864, 0.7830155182856785, 0.782723114517847, 0.7829319743520122, 0.7828902023851794, 0.7829319743520122, 0.7829319743520122], "Valid": []}}