{"roc_val": {"Train": [0.9203504767557993, 0.935239532100929, 0.9025437340217713, 0.8938256590724933, 0.9043189898304659, 0.92021263999598, 0.9138040590197297, 0.9250472201807778, 0.9300259106412649, 0.9277663535404929, 0.9267984654619003, 0.926136425022456, 0.9270799963568068, 0.9265641390443526, 0.9264561858907923, 0.9263939532414998, 0.9264241666195564, 0.92634004340425, 0.9262242777997626, 0.9262380889567277, 0.9262905540794342, 0.9262552920521856, 0.9263349397930918, 0.9262564541051878, 0.9262329853455695, 0.9262279052895396, 0.9262373116374896, 0.926239832036231, 0.9262064622709656, 0.92615293716748], "Valid": []}, "eer_val": {"Train": [0.15513784461152885, 0.13659147869674373, 0.18145363408553833, 0.18671679197992241, 0.16904761904761895, 0.14999999999999913, 0.1606516290726817, 0.14887218044958633, 0.13959899749373034, 0.1458646616541173, 0.14686716791980384, 0.14849624060152608, 0.1476190476190497, 0.14824561403508804, 0.14862155388468712, 0.14862155388449996, 0.14887218045097028, 0.1488721804509692, 0.14887218045128453, 0.14887218045048203, 0.1486215538847571, 0.1487468671678467, 0.1488721804509413, 0.14887218045112757, 0.14874686716791993, 0.14862155388471548, 0.14862155388471213, 0.14874686716771146, 0.14874686716782778, 0.1489974937343355], "Valid": []}, "thres": {"Train": [-0.1110174059867859, -0.03457686770707381, -0.008524758741264016, -0.025684773301083926, -0.07317784428596494, -0.12314105033874502, -0.1805061250925064, -0.20066757500158958, -0.21403737366199202, -0.19586180150507557, -0.2101270109415064, -0.21290367841721422, -0.21449357271194497, -0.21393142640590676, -0.21382571756839508, -0.21396479010559624, -0.21429054439064224, -0.21446932852260445, -0.21447476744655675, -0.21424846351115442, -0.21436062455179114, -0.21433064341542757, -0.2145171165465437, -0.21433460712432853, -0.21444284915924075, -0.21447219167436976, -0.21422152221202867, -0.21445807814589807, -0.2146167308091329, -0.21387906372547147], "Valid": []}, "acc_val": {"Train": [0.8447994987468672, 0.8634711779448622, 0.818546365914787, 0.8132832080200502, 0.831015037593985, 0.850062656641604, 0.8393483709273183, 0.8511904761904762, 0.8604010025062656, 0.8541979949874686, 0.8530701754385965, 0.8514411027568922, 0.8523182957393484, 0.8518170426065163, 0.8514411027568922, 0.8513784461152882, 0.8511904761904762, 0.8511904761904762, 0.8511904761904762, 0.8511278195488722, 0.8513157894736842, 0.8513157894736842, 0.8511904761904762, 0.8511904761904762, 0.8511904761904762, 0.8513784461152882, 0.8513157894736842, 0.8513157894736842, 0.8512531328320802, 0.8510651629072682], "Valid": []}, "f1_val": {"Train": [0.8447897737953506, 0.863462622971364, 0.818546365914787, 0.8132832080200502, 0.831004448900307, 0.850053261482549, 0.8393282366211304, 0.8511811517012344, 0.8604010025062656, 0.8541888589510621, 0.8530609687323767, 0.8514317939720535, 0.8523090419199197, 0.8518077573782818, 0.8514317939720535, 0.8513598195262564, 0.8511811517012344, 0.8511811517012344, 0.8511997995113088, 0.8511091615490662, 0.851306472836644, 0.851306472836644, 0.8511811517012344, 0.8511811517012344, 0.8511811517012344, 0.8513784461152882, 0.851306472836644, 0.851306472836644, 0.8512344905376614, 0.851055830565825], "Valid": []}}