{"roc_val": {"Train": [0.8415549211374299, 0.9047093297152655, 0.9026584082386416, 0.9021874391492516, 0.903701154515361, 0.91852750610863, 0.9157120715322141, 0.9359005596698513, 0.9169509142530512, 0.9602285632627936, 0.9310651315004302, 0.9554130548803085, 0.9631114440235927, 0.9652596089220545, 0.9710485172831829, 0.961701810918273, 0.9777649088259496, 0.9788198566591919, 0.9763306684631379, 0.978084803173347, 0.9785798770108228, 0.9777131110985483, 0.9782656280425374, 0.9794280029648056, 0.9798218604154496, 0.9801776763336914, 0.9803344906753098, 0.98047560159798, 0.980395891043398, 0.9803910072801051], "Valid": []}, "eer_val": {"Train": [0.2512531328334593, 0.16641604010180167, 0.1655388471177868, 0.17167919799498765, 0.16253132832169082, 0.1454887218057669, 0.15175438596653185, 0.12230576441102765, 0.15964912280702662, 0.08872180451099078, 0.11917293232967915, 0.10927318295739165, 0.08684210526219344, 0.08007518796947367, 0.07268170426059133, 0.09035087719166442, 0.06365914786893102, 0.060776942357299704, 0.06704260651693805, 0.06328320802091311, 0.06002506265664166, 0.06203007518808285, 0.060651629071862584, 0.0586466165412195, 0.05827067669164363, 0.05714285714421469, 0.05714285714364026, 0.056766917293233125, 0.057142857142857106, 0.057017543860134134], "Valid": []}, "thres": {"Train": [-0.046861514449270475, -0.015054410323532644, -0.011304216459393418, -0.005820843856781721, -0.0055914046242934385, -0.008075360208754278, -0.010526461526814813, -0.016904938966035846, -0.02239211648702635, -0.014806288294477738, -0.017386663705101918, -0.047982312738895305, -0.05375362560131111, -0.14198486506935856, -0.2328693121670814, -0.3413083851330858, -0.22190009057502272, -0.3150316774848592, -0.3564667999753107, -0.348787426949043, -0.3299184441566468, -0.35977703332929906, -0.3794064819809819, -0.3883253832655444, -0.3887196481225347, -0.39020019769941877, -0.39063212275788006, -0.3893958926200868, -0.3906738758087158, -0.38947287202257025], "Valid": []}, "acc_val": {"Train": [0.7486842105263158, 0.8335213032581453, 0.8345238095238096, 0.8282581453634085, 0.837468671679198, 0.8545739348370928, 0.8483082706766917, 0.8776315789473684, 0.8402882205513784, 0.9112781954887218, 0.880764411027569, 0.8907894736842106, 0.9131578947368421, 0.9197994987468672, 0.9273809523809524, 0.9096491228070176, 0.9360275689223058, 0.9392230576441103, 0.9329573934837093, 0.9367794486215539, 0.9399122807017544, 0.9380325814536341, 0.9392857142857143, 0.9413533834586466, 0.9415413533834587, 0.9426691729323309, 0.9428571428571428, 0.9429824561403509, 0.9429197994987468, 0.9428571428571428], "Valid": []}, "f1_val": {"Train": [0.7486684629362742, 0.8335108716084968, 0.8345134406917727, 0.8282473839212983, 0.837468671679198, 0.8545830461750517, 0.8483177745755279, 0.8776239112726362, 0.840278212920609, 0.911267076074696, 0.8807419941091683, 0.8907826304906322, 0.913147010903622, 0.9197793933316621, 0.9273764020302023, 0.9096377992229603, 0.9359994985269229, 0.9392230576441104, 0.9329573934837093, 0.9367834095608045, 0.9399085155711511, 0.9380364638807092, 0.9392742996803911, 0.9413533834586466, 0.9415230335318082, 0.9426583944350442, 0.9428571428571428, 0.9429681624467285, 0.9429162228209788, 0.9428499812006518], "Valid": []}}