{"roc_val": {"Train": [0.8378641073234464, 0.8473199445983378, 0.9063960967581862, 0.9006366480110048, 0.9283451187492541, 0.9517780510172675, 0.9545409655090107, 0.9595446950710109, 0.9651581255771007, 0.9805399228019925, 0.9755655743368445, 0.9842056268490775, 0.981760675184201, 0.9856413276298516, 0.9871481727501712, 0.9876159304903864, 0.9878921457779789, 0.9880532393012607, 0.9880682753249037, 0.9880119785679738, 0.9880714317121124, 0.9880452855195634, 0.9881180394595511, 0.9881107530731592, 0.9880227668167914, 0.9880671917889962, 0.9880042603375607, 0.9880563328747936, 0.988119492025804, 0.9880613422654381], "Valid": []}, "eer_val": {"Train": [0.24498746867126434, 0.23032581453634035, 0.1573934837089812, 0.17531328320802003, 0.11616541353254282, 0.09987468671731248, 0.10401002506192819, 0.09837092731829213, 0.08245614035150436, 0.061654135339205496, 0.07406015037593752, 0.05513784461193188, 0.05764411027497411, 0.04448621553884712, 0.0421052631583444, 0.03746867167919857, 0.03759398496240169, 0.037343358395990824, 0.03709273182952162, 0.0370927318295739, 0.03696741854636729, 0.03684210526315789, 0.03721804511141392, 0.03696741854742709, 0.03746867167919794, 0.03734335839611297, 0.03796992481268012, 0.03746867167930023, 0.037218045112727846, 0.03809523809566307], "Valid": []}, "thres": {"Train": [-0.01466089058666839, -0.0038228462217375593, -0.0026821562787504483, -0.016830870881676674, -0.03985497727984771, -0.09860239177949369, -0.09441543370469671, -0.24254022538661885, -0.20007015764731723, -0.24756869673757523, -0.27791720628738253, -0.24241718649896077, -0.2753434181206768, -0.2597220242023468, -0.2664676947269253, -0.26556140184402494, -0.2593090236186815, -0.2551914155483247, -0.25715336203565525, -0.2564195096492767, -0.2580053508281719, -0.2598649561405182, -0.25881445407721154, -0.2631185352842714, -0.26267835497856135, -0.2620421648028099, -0.26188009977353166, -0.2657672464849302, -0.26090149084715897, -0.26143386960124315], "Valid": []}, "acc_val": {"Train": [0.7551378446115288, 0.7696741854636592, 0.8426691729323308, 0.8245614035087719, 0.8837719298245614, 0.900125313283208, 0.8959273182957393, 0.9016917293233083, 0.9176691729323309, 0.9385964912280702, 0.9260025062656642, 0.9450501253132833, 0.9424185463659148, 0.9555137844611529, 0.9578320802005013, 0.962468671679198, 0.962468671679198, 0.962593984962406, 0.96296992481203, 0.96296992481203, 0.96296992481203, 0.9627192982456141, 0.9627819548872181, 0.9627819548872181, 0.962593984962406, 0.9627819548872181, 0.9620300751879699, 0.962531328320802, 0.9627819548872181, 0.9620300751879699], "Valid": []}, "f1_val": {"Train": [0.7551071562852488, 0.7696741854636592, 0.8426593144933894, 0.8245833855406591, 0.8837500783355268, 0.900125313283208, 0.8959077520837251, 0.9016855692712575, 0.9176794887858665, 0.9386118767226259, 0.925997869540698, 0.9450604522959345, 0.9424149382793409, 0.9555137844611529, 0.9578347221352046, 0.9624663199448588, 0.9624663199448588, 0.9625916410802683, 0.9629676044864965, 0.9629676044864965, 0.9629676044864965, 0.9626982634317597, 0.9627772903872667, 0.9627726247179745, 0.9625916410802683, 0.9627772903872667, 0.9620300751879699, 0.962531328320802, 0.9627819548872181, 0.9620253164556962], "Valid": []}}