{"roc_val": {"Train": [0.720631481586171, 0.7268091280833664, 0.6993964862029762, 0.7510579864448088, 0.7982141993454814, 0.8225233038737195, 0.846877689210495, 0.868250403577867, 0.788592581076752, 0.7895700325374839, 0.8152490876313591, 0.8439046551215129, 0.852390233101551, 0.8731974123906258, 0.8796727407491161, 0.8786306540159924, 0.8855960232661856, 0.8809004497459189, 0.8911334806314031, 0.8943481353760342, 0.8930197831671912, 0.8939965515291989, 0.8940903166437397, 0.8943044798713575, 0.8932830509858607, 0.8932850296166482, 0.8931535762966314, 0.8927093972399671, 0.8927136842733399, 0.8929417685818558], "Valid": []}, "eer_val": {"Train": [0.34987468671676825, 0.3404761904753341, 0.37393483709193975, 0.3114035087710899, 0.27167919799452434, 0.2501253132832244, 0.2234335839599467, 0.21115288220605677, 0.2867167919788233, 0.28822055137844343, 0.2664160401002506, 0.23446115288220554, 0.22631578947368397, 0.20438596491224956, 0.19862155388341038, 0.20100250626636856, 0.19160401002445024, 0.1977443609022556, 0.18471177944863948, 0.18007518796883332, 0.179699248120301, 0.17894736842105496, 0.17769423558858644, 0.17794486215427283, 0.17944862155388477, 0.17857142857133285, 0.17907268170347646, 0.1803258145363298, 0.18007518796992478, 0.17982456140375055], "Valid": []}, "thres": {"Train": [-0.07240194082259824, -0.0014982823049639847, -4.3210817238932466e-05, -4.71646380901163e-05, -7.507642294508469e-06, -0.00052074593259022, -0.0021303382236510797, -0.006035488564537307, -0.004866553470487118, -0.006543212570249983, -0.029614541058739025, -0.06332076340913773, -0.09041408449411392, -0.1399265825748392, -0.14576299488370925, -0.130636557936722, -0.16332446038716947, -0.13124864548444748, -0.15160450339317874, -0.16973261535139283, -0.17505086958408356, -0.16962042450904855, -0.1683440133926329, -0.1702049672601356, -0.16572941839694977, -0.16577930748454262, -0.1652036607262022, -0.16555455327033938, -0.16678203642368317, -0.16719186306001113], "Valid": []}, "acc_val": {"Train": [0.650125313283208, 0.6595864661654135, 0.6260651629072682, 0.6885964912280702, 0.7283208020050125, 0.7498120300751879, 0.7765037593984963, 0.7887844611528823, 0.7133458646616542, 0.7118421052631579, 0.7337092731829574, 0.7654761904761904, 0.7737468671679198, 0.7956766917293233, 0.8013784461152882, 0.7991228070175439, 0.8083333333333333, 0.8022556390977443, 0.8152255639097744, 0.8198621553884712, 0.8202380952380952, 0.8211152882205514, 0.8223057644110275, 0.8221177944862156, 0.8204887218045113, 0.8214285714285714, 0.8208646616541353, 0.8197368421052632, 0.8199874686716792, 0.8203007518796992], "Valid": []}, "f1_val": {"Train": [0.6500814638425867, 0.6595651356601292, 0.6260182980323348, 0.6885574633412708, 0.7282867527259055, 0.7497963531549595, 0.7764897549971803, 0.78877122626731, 0.713327902750799, 0.7118240491258851, 0.7336758992354931, 0.7654614950811455, 0.7737326900181716, 0.7956638887148317, 0.8013535530768267, 0.7991479764440546, 0.8082972989910384, 0.8022556390977443, 0.8152139858387116, 0.8198282885254121, 0.8202268312550912, 0.8211040792029575, 0.8223057644110275, 0.8221066482862334, 0.8204774735259103, 0.8214061912520366, 0.8208309832675316, 0.8197255467134531, 0.8199761889842723, 0.8203232677609322], "Valid": []}}