{"roc_val": {"Train": [0.8194843546837017, 0.8201796000025124, 0.7983822651867766, 0.7815406781364439, 0.7611184681628884, 0.7671770591893267, 0.7985913719134929, 0.8018492895773268, 0.8099126183252617, 0.8147455575027794, 0.8258427867915402, 0.8340582816690849, 0.839741623796333, 0.8415168089396423, 0.8423862522848474, 0.8475325767426085, 0.8483858769731345, 0.8546483768946175, 0.8539796860572484, 0.8517583275230682, 0.862006732055703, 0.8570598881288434, 0.8579026121067079], "Valid": []}, "eer_val": {"Train": [0.2575187969924813, 0.25488721804442155, 0.27406015037594, 0.2889724310770779, 0.3068922305764409, 0.30175438596324444, 0.27431077694236355, 0.2681704260651561, 0.2649122807022614, 0.2602756892230582, 0.2462406015046647, 0.24110275689223074, 0.23295739348371092, 0.23646616541348808, 0.23020050125361072, 0.22744360902380154, 0.22669172932328177, 0.22368421052616272, 0.21967418546365888, 0.2231829573938482, 0.21265664160555448, 0.21879699248120088, 0.21791979949869666], "Valid": []}, "thres": {"Train": [-0.2617848109115254, -0.2045711129902686, -0.1456252932548523, -0.08625295013183193, -0.03250205516815185, -0.009327830746757696, -0.019491031765937975, -0.028645416100819783, -0.04989816993478171, -0.07618060708045966, -0.11239430308347309, -0.1264488250017166, -0.18008191386858646, -0.2130814343690765, -0.22860772907738436, -0.21301060914995315, -0.22214132547377294, -0.23544065654277085, -0.26030133664607996, -0.24624893069279807, -0.2614156305790054, -0.22983147203922258, -0.2251630574464513], "Valid": []}, "acc_val": {"Train": [0.7424185463659148, 0.7451127819548872, 0.7258771929824561, 0.7110275689223058, 0.6931704260651629, 0.6983082706766918, 0.7256265664160401, 0.731829573934837, 0.7353383458646616, 0.7396616541353384, 0.7537593984962406, 0.7588345864661654, 0.7669799498746868, 0.7635964912280702, 0.7697368421052632, 0.7725563909774437, 0.7733709273182957, 0.7763157894736842, 0.7803258145363409, 0.7769423558897243, 0.787406015037594, 0.781203007518797, 0.7820802005012532], "Valid": []}, "f1_val": {"Train": [0.742434684543575, 0.7450808371976437, 0.7258600162917476, 0.7109913522997869, 0.6931511999498715, 0.6982893665016605, 0.7256093740209287, 0.7318295739348369, 0.7354046604860938, 0.7396453411867913, 0.7537593984962406, 0.7588194749044426, 0.7669945492137085, 0.7635816780500033, 0.769722413685068, 0.7725563909774438, 0.7733567266119431, 0.7762877553578142, 0.7803258145363409, 0.7769703044731237, 0.787419334628156, 0.781203007518797, 0.782052888833187], "Valid": []}}