{"roc_val": {"Train": [0.6911170784103114, 0.7794058768475073, 0.9015686459255909, 0.9054299282039685, 0.914652923034403, 0.9167627715906308, 0.9405554142247851, 0.9491144763537918, 0.9539245827601587, 0.9586916775020258, 0.9555035379802891, 0.9611827344049346, 0.9612456108944037, 0.9659346989026452, 0.9660494516366103, 0.9664435681936671, 0.9679308704091054, 0.9684213431448295, 0.9682862701867451, 0.9685362921715315, 0.9678401203510029, 0.9682421121726623, 0.9683730001695969, 0.968531793142003, 0.9685141503508143, 0.9684998994981188, 0.9684087411511235, 0.968515767802966, 0.9685807878091218, 0.9685859856407938], "Valid": []}, "eer_val": {"Train": [0.36842105263110003, 0.28721804511352805, 0.17368421052631572, 0.16779448621525933, 0.15325814536339571, 0.15588972431077722, 0.12268170426036767, 0.11290726817042619, 0.10839598997521158, 0.09849624060150412, 0.10802005012459863, 0.09498746867178563, 0.09724310776911864, 0.08859649122809604, 0.08596491228070174, 0.08659147869483465, 0.084210526317199, 0.08107769423570066, 0.08095238095289903, 0.08233082706765138, 0.08245614035081912, 0.08120300751879757, 0.08120300751828691, 0.08107769423632508, 0.08107769423566763, 0.08107769423575735, 0.08107769423663921, 0.08095238095284164, 0.08032581453728517, 0.08107769423542975], "Valid": []}, "thres": {"Train": [-0.009346814515684953, -1.4899908819662566e-05, -0.0007660042028874158, -0.007621704600749419, -0.05038258433341979, -0.06685619801282885, -0.18935960531220694, -0.24562624096870436, -0.26726603508009716, -0.21686692039171868, -0.2879979014392536, -0.2827089428902022, -0.27436965703954413, -0.29451480507852573, -0.30133068561553955, -0.2852732241147798, -0.2805037498479297, -0.30619910359391994, -0.3074802458292636, -0.31115710735320573, -0.314374625682826, -0.31289824843406716, -0.3132445514198971, -0.31224632263194607, -0.31271982192996284, -0.31285437941552174, -0.31181147694603845, -0.31208240985968266, -0.31304338574424734, -0.3122969567775218], "Valid": []}, "acc_val": {"Train": [0.6316416040100251, 0.7128446115288221, 0.8263784461152882, 0.8322055137844612, 0.8467418546365915, 0.844047619047619, 0.8773809523809524, 0.88703007518797, 0.8916040100250626, 0.9015037593984963, 0.8920426065162907, 0.9050125313283208, 0.9027568922305764, 0.9113408521303258, 0.9140350877192982, 0.9134711779448621, 0.9157894736842105, 0.918859649122807, 0.919047619047619, 0.9177318295739348, 0.9176065162907269, 0.918734335839599, 0.9187969924812031, 0.918984962406015, 0.918922305764411, 0.918922305764411, 0.918922305764411, 0.918984962406015, 0.9196741854636592, 0.918984962406015], "Valid": []}, "f1_val": {"Train": [0.6316185224638134, 0.7128626025938224, 0.826367566890156, 0.8321844842712119, 0.8467226469482392, 0.8440378469828936, 0.8773732690018172, 0.8870229964283476, 0.8916040100250626, 0.9015037593984961, 0.8920358418447272, 0.9050125313283208, 0.9027447048502318, 0.911335296697788, 0.9140243138237875, 0.9134657559997493, 0.9157894736842105, 0.9188545648223573, 0.919047619047619, 0.917726674603672, 0.9176013534682624, 0.9187292436869477, 0.9187868153903997, 0.9189900382181566, 0.918922305764411, 0.918922305764411, 0.918922305764411, 0.9189798859577668, 0.9196741854636592, 0.9189798859577668], "Valid": []}}