{"roc_val": {"Train": [0.7828912218934974, 0.7524495649803986, 0.9473329269637475, 0.9559766488415413, 0.9539257744751742, 0.9525077129959402, 0.9410230437204122, 0.9556669084993186, 0.9560519982077165, 0.9356378807293924, 0.9522710424069084, 0.9537485683716392, 0.952956981705168, 0.9530210891682004, 0.9517505133273171, 0.9550136174814648, 0.9536380930745132, 0.954675926798338, 0.95462539232375, 0.954470140472317, 0.9550086962044487, 0.9553915315998154, 0.9553185063396447, 0.9553331314571584, 0.955262781012682, 0.9552793769092741, 0.9552900892582334, 0.955320415177459, 0.9553389993013722, 0.9553162241094243, 0.9553206289184392, 0.9553156867035313, 0.9553252265305423], "Valid": []}, "eer_val": {"Train": [0.29845446950724985, 0.3285714285714319, 0.11261487050892205, 0.09628237259816412, 0.09686716792094233, 0.1029657477024979, 0.11821219715958944, 0.09707602339183033, 0.09573934837117812, 0.13040935672451462, 0.10655806182177524, 0.10000000000078287, 0.10225563909771991, 0.1010025062656079, 0.10329991645821165, 0.09611528822055146, 0.09820384294068442, 0.09590643274857981, 0.09745196324143686, 0.09670008354303522, 0.09753550543080189, 0.09544695071010842, 0.0943191311614702, 0.09419381787778576, 0.09527986633130811, 0.09498746867167919, 0.09452798663236346, 0.09461152882205673, 0.09456975772765241, 0.0945279866335754, 0.09448621553765268, 0.09444444444525844, 0.09436090225553168], "Valid": []}, "thres": {"Train": [-0.4552029967308243, -0.14775551855564192, -0.07196775078770956, -0.1652558445930488, -0.17050193250227846, -0.14940431714057728, -0.16932371258736476, -0.18354526162148205, -0.18791873753078514, -0.14634996652585394, -0.1676173359155879, -0.16950950026516334, -0.18134818971156608, -0.15905126184223603, -0.18124750256560063, -0.1708168685436249, -0.18568187952041623, -0.17262929677964264, -0.19044409692287445, -0.16976974904551603, -0.17934721708312443, -0.17834635078907005, -0.17511394619951962, -0.17483079433440296, -0.17294649779756152, -0.17587187886238098, -0.17509825527627718, -0.17561571300029796, -0.17623119056224823, -0.17578253149988882, -0.17519852518994095, -0.17543607950213883, -0.1752836406230869], "Valid": []}, "acc_val": {"Train": [0.7015246449456976, 0.6714494569757727, 0.887406015037594, 0.9036967418546366, 0.9031328320802005, 0.8970551378446115, 0.8817669172932331, 0.9029030910609858, 0.9042397660818714, 0.8695906432748538, 0.8934419381787803, 0.8999791144527987, 0.897765246449457, 0.8990183792815372, 0.8968045112781955, 0.9038638262322473, 0.9017961570593149, 0.9040726817042607, 0.9025689223057645, 0.9032999164578112, 0.9024644945697577, 0.9045739348370927, 0.9056808688387635, 0.9058061821219716, 0.9047410192147034, 0.9050334168755222, 0.9054928989139516, 0.9053675856307435, 0.9054511278195488, 0.9054720133667502, 0.9054928989139516, 0.9056182121971595, 0.9056599832915623], "Valid": []}, "f1_val": {"Train": [0.7015184109943817, 0.6714425948745797, 0.8874036634014913, 0.9036947304663842, 0.9031328320802005, 0.8970529877399277, 0.8817644478790284, 0.9029010630965559, 0.9042377660352138, 0.8695851957057521, 0.8934419381787803, 0.8999770254182418, 0.8977631111760898, 0.8990162701810814, 0.8968152866242037, 0.9038618183337161, 0.9017961570593149, 0.9040706781678814, 0.9025668873618915, 0.9032999164578113, 0.9024644945697577, 0.9045719417698783, 0.9056808688387635, 0.9058022473787543, 0.9047390296372105, 0.9050314334050419, 0.9054909250402056, 0.9053656091397063, 0.9054491530733725, 0.9054720133667502, 0.9054869770453454, 0.9056241254725058, 0.9056580129075378], "Valid": []}}