{"roc_val": {"Train": [0.9440493307202844], "Valid": []}, "eer_val": {"Train": [0.11967418546363662], "Valid": []}, "thres": {"Train": [-0.5715480804443163], "Valid": []}, "acc_val": {"Train": [0.8803258145363408], "Valid": []}, "f1_val": {"Train": [0.8803258145363408], "Valid": []}}