{"roc_val": {"Train": [0.9531539374752672, 0.96267038209559, 0.9622503313421398, 0.9766513008712256, 0.987219552641001, 0.9911289030847796, 0.9939934893625039, 0.9935143937538081, 0.9948538639832666, 0.996502911413873, 0.9968406919554524, 0.9960015326536894, 0.9976168334369759, 0.9969013385594312, 0.9978258145363409, 0.9971434224659393, 0.9972616535072015, 0.9978979717464086, 0.9987693858706918, 0.9985335519249252, 0.9984424720950246, 0.9984049723305758, 0.9986546566918548, 0.9986675334953927, 0.9987131205205997, 0.9986536202662042, 0.9986392359344476, 0.998661314941489, 0.9986836923134905, 0.9986582370713752], "Valid": []}, "eer_val": {"Train": [0.10125313283208016, 0.0852130325814535, 0.08533834586441123, 0.06177944862231867, 0.04561403508771913, 0.03220551378384641, 0.028947368420019104, 0.034210526315789455, 0.028195488721934732, 0.02243107769423751, 0.02443609022665733, 0.02293233082706869, 0.018045112782371923, 0.02117794486333956, 0.01691729323445974, 0.022431077694046155, 0.023057644110251827, 0.018671679197992275, 0.012656641604113027, 0.013659147869802423, 0.01491228070175471, 0.01466165413533854, 0.01265664160487055, 0.01203007518939627, 0.01240601503757242, 0.012030075187928951, 0.01215538847234816, 0.01190476190476198, 0.011904761904071052, 0.012155388471177898], "Valid": []}, "thres": {"Train": [-0.48191139101982117, -0.5285589098930359, -0.45893266797020366, -0.4392662048357408, -0.43045470118522616, -0.364124417303732, -0.35207015275878895, -0.37517118453979487, -0.35725015401867705, -0.3540643751621261, -0.39024487137937774, -0.39002938568592443, -0.37000536918733257, -0.4233551323424914, -0.36826729774722927, -0.4423307776449585, -0.3798704942066371, -0.41940981149673345, -0.3943742513665701, -0.3938491046434656, -0.4018740952014938, -0.41979300975799566, -0.40300184488610363, -0.3972856700468966, -0.4030545949935177, -0.39826709032031965, -0.3990903198748984, -0.39653420448303234, -0.3960387706750005, -0.39390906691551164], "Valid": []}, "acc_val": {"Train": [0.8987468671679198, 0.9148496240601504, 0.9146616541353384, 0.9382832080200502, 0.9544486215538847, 0.9676691729323308, 0.9710526315789474, 0.9658521303258145, 0.9717418546365915, 0.9775062656641604, 0.9755012531328321, 0.9770676691729323, 0.9818922305764411, 0.9789473684210527, 0.9830200501253132, 0.9775689223057644, 0.9770050125313283, 0.981390977443609, 0.98734335839599, 0.9862781954887218, 0.9850877192982456, 0.9852756892230576, 0.98734335839599, 0.988032581453634, 0.98765664160401, 0.988032581453634, 0.9878446115288221, 0.988032581453634, 0.988032581453634, 0.9879072681704261], "Valid": []}, "f1_val": {"Train": [0.89874686716792, 0.9148442884892537, 0.9146509587667627, 0.9382870747446902, 0.9544457672786515, 0.9676610679368263, 0.9710490036345407, 0.9658499906009148, 0.9717400839651608, 0.9775048561939971, 0.9754997180274454, 0.9770676691729323, 0.9818910959333291, 0.9789500062648789, 0.9830189861520147, 0.9775661110414839, 0.9770035716523592, 0.9813898113916912, 0.98734335839599, 0.9862773356726612, 0.9850877192982456, 0.9852747665893853, 0.98734335839599, 0.9880333312449094, 0.9876558681621654, 0.988031831568394, 0.9878446115288221, 0.988031831568394, 0.9880303315159491, 0.9879065104329846], "Valid": []}}