{"roc_val": {"Train": [0.9531685730617271], "Valid": []}, "eer_val": {"Train": [0.10125313283210317], "Valid": []}, "thres": {"Train": [-0.48186184678759797], "Valid": []}, "acc_val": {"Train": [0.8987468671679198], "Valid": []}, "f1_val": {"Train": [0.89874686716792], "Valid": []}}