{"roc_val": {"Train": [0.6706952400843378, 0.6730944337312231, 0.7022042278489318, 0.8401254485070934, 0.8502198234377366, 0.8466379538375317, 0.8515387239331971, 0.8479095189938086, 0.8510899184748281, 0.850484214050861, 0.8450228729021104, 0.8529262806487118, 0.8465565734860683, 0.8408410838429965, 0.8550674749739846, 0.8561571291079271, 0.855842076648039, 0.8544047741185321, 0.8527439482513022, 0.8557291158486582, 0.8563604264420449, 0.8556474476011806, 0.8552418466103995, 0.8558729251421507, 0.8559083189036362, 0.85585994626639, 0.8557110700030501, 0.8557929502466832, 0.8557747944771426, 0.8558274314650453, 0.8558114366604342, 0.8557649711161782], "Valid": []}, "eer_val": {"Train": [0.38533834586542415, 0.3850459482038759, 0.3619047619044941, 0.2321637426900457, 0.2200083542188946, 0.22406015037585147, 0.21975772765245566, 0.2259816207196904, 0.21950710108604898, 0.22038429406912127, 0.22802840434419425, 0.2201754385964562, 0.22656641604010025, 0.23203842940608194, 0.21591478696706584, 0.2152046783621403, 0.21512113617350126, 0.21700083542279125, 0.21908939014249737, 0.2158730158730159, 0.21487050960735188, 0.21558061821054358, 0.2160401002506016, 0.21545530492916834, 0.2152882205513857, 0.21545530492899412, 0.21578947368381685, 0.21553884711779447, 0.21583124477857943, 0.21566416040046058, 0.21578947368421236, 0.21587301587299418], "Valid": []}, "thres": {"Train": [-0.5401200056079085, -0.4084929525852883, -0.1122680902480728, -0.16972510516643066, -0.16511441767216048, -0.1609176993369625, -0.16144232451915702, -0.17639563977723915, -0.17979829013347642, -0.1645489931107134, -0.17485384643077853, -0.16739213466643554, -0.16694431602954865, -0.17019003629683543, -0.17558772861951044, -0.17845529317849568, -0.1776512861250711, -0.17558810114890563, -0.17656761407871652, -0.17593448609113693, -0.17719680070877075, -0.17667111754390522, -0.1769954413175511, -0.177175283432032, -0.17746330052614323, -0.1763979941606529, -0.17665147781363877, -0.17610451579093933, -0.17617680132389013, -0.17590919136995103, -0.1759118735790253, -0.17600283026695102], "Valid": []}, "acc_val": {"Train": [0.6146616541353384, 0.6149331662489558, 0.638095238095238, 0.7678571428571429, 0.7799707602339181, 0.7759398496240602, 0.7802631578947369, 0.7740183792815372, 0.7804720133667502, 0.7796157059314954, 0.7719507101086048, 0.7798454469507101, 0.7734753550543024, 0.7679615705931495, 0.7840643274853801, 0.7847953216374269, 0.7848788638262323, 0.7829991645781119, 0.7809106098579783, 0.7841687552213868, 0.785108604845447, 0.7843984962406015, 0.7839807852965748, 0.7845238095238095, 0.7847326649958228, 0.7845238095238095, 0.7842105263157895, 0.7842522974101922, 0.7841687552213868, 0.7843149540517962, 0.7841896407685881, 0.7841478696741855], "Valid": []}, "f1_val": {"Train": [0.6146616541353384, 0.6149251237494517, 0.6380801203057771, 0.7678522943252784, 0.7799661647068651, 0.775930489995405, 0.7802585684746965, 0.7740183792815372, 0.780467428308862, 0.7796157059314954, 0.7719459470749179, 0.779840848806366, 0.7734658924767115, 0.7679518776891265, 0.7840507968335527, 0.784786331926981, 0.7848698776055808, 0.7829991645781119, 0.7809106098579783, 0.7841597393374828, 0.7851041166273314, 0.784384986527978, 0.7839762735228387, 0.7845193090916686, 0.784728168925834, 0.7845193090916686, 0.7842015121767827, 0.7841982117489764, 0.7841597393374828, 0.7843014391043716, 0.784185133357004, 0.784143361390171], "Valid": []}}