{"roc_val": {"Train": [0.7764065787903343, 0.7814529405175428, 0.9083635711389304, 0.9318156476194663, 0.9332779569712362, 0.9335489456375553, 0.9337198424563218, 0.9336759444210638, 0.9335628021599528, 0.9317115557621428, 0.934485054358257, 0.9341310827193297, 0.9336044589683622, 0.9342622289502647, 0.9341510853854211, 0.9340972261480769, 0.9340942721604903, 0.9340983506873559, 0.9340273659992364, 0.9340929713939541, 0.9340709141972168, 0.9340414240488438, 0.9340433538245503], "Valid": []}, "eer_val": {"Train": [0.29778613199713966, 0.293483709273177, 0.15902255639064647, 0.12155388471290564, 0.11812865497095235, 0.11833751044199822, 0.11758563074352205, 0.11925647451962616, 0.12201336674951971, 0.11967418546368283, 0.12105263157894763, 0.12092731829711818, 0.12406015037568216, 0.12138680033473179, 0.12159565580617374, 0.12163742690058692, 0.12147034252300035, 0.12188805346701674, 0.1218462823713474, 0.12184628237246696, 0.12205513784461187, 0.12218045112675749, 0.12192982456117923], "Valid": []}, "thres": {"Train": [-0.2285186499358477, -0.11618760228156992, -0.13703893125048108, -0.18394513428252712, -0.1698000729085448, -0.1681058257816117, -0.16966687142848852, -0.18282318115234159, -0.19519892334917596, -0.16350866854192286, -0.1946676373481752, -0.19023345410978765, -0.18458379805045555, -0.19380527734788205, -0.19092121720313515, -0.19004432111978573, -0.1904880702495619, -0.1923071891069527, -0.19132260978217921, -0.19176110625262618, -0.19264318048954018, -0.19201786816084307, -0.19161978363990576], "Valid": []}, "acc_val": {"Train": [0.702234753550543, 0.7065371762740184, 0.8409565580618212, 0.8784461152882206, 0.8818713450292398, 0.8816624895572264, 0.8824352548036759, 0.880764411027569, 0.8779866332497911, 0.8803049289891395, 0.8789473684210526, 0.879093567251462, 0.8759607351712615, 0.8786131996658313, 0.8784252297410192, 0.8783834586466165, 0.8785087719298246, 0.8780910609857978, 0.8781746031746032, 0.8781537176274018, 0.8779239766081871, 0.8778195488721805, 0.8780701754385964], "Valid": []}, "f1_val": {"Train": [0.7022285344305437, 0.7065310470143487, 0.8409465923094597, 0.8784461152882206, 0.8818713450292398, 0.8816575462634196, 0.8824327993483574, 0.8807619206750349, 0.8779815364050294, 0.8803024290398713, 0.8789473684210526, 0.879096092395731, 0.8759581444892333, 0.8786131996658313, 0.8784226905323836, 0.8783809185655507, 0.8785062344660498, 0.8780885147977192, 0.8781720587313854, 0.878148627762229, 0.877921426930387, 0.8778144450478299, 0.8780650820836292], "Valid": []}}