{"roc_val": {"Train": [0.9605239524249218, 0.9559727168799191, 0.9431151186236267, 0.9436076249521046, 0.9716284602483652, 0.9767470367648444, 0.9737754630938248, 0.9829519758041722, 0.9850532110351066, 0.9864251951934976, 0.9864367686132626, 0.9853410468527207, 0.9873674160338188, 0.9892300142587044, 0.9895982829881722, 0.9892753500292084, 0.9896942701364942, 0.9896519965326851, 0.9895375500153892, 0.9891752093265747, 0.9895323600354269, 0.9894529556975145, 0.9897299797111828, 0.989267514023153, 0.9894779476887708, 0.989675771508973, 0.9896794775158447, 0.989612769392152, 0.9896786923448975, 0.989650787369426], "Valid": []}, "eer_val": {"Train": [0.09724310776923183, 0.10000000000000056, 0.12393483709253629, 0.13308270676795536, 0.07869674185379331, 0.06954887217937107, 0.0833333333326226, 0.057769423558897255, 0.058020050125486965, 0.05175438596365282, 0.05300751879699254, 0.05751879699284058, 0.05112781954801768, 0.04436090225607256, 0.04348370927306017, 0.04473684210531138, 0.043483709273179016, 0.04323308270814177, 0.04348370927322163, 0.04548872180451122, 0.043609022556391, 0.0438596491227844, 0.04285714285714034, 0.04586466165413553, 0.04411027568922275, 0.0436090225563908, 0.04335839599183424, 0.04360902255638761, 0.04360902255630174, 0.04323308270616162], "Valid": []}, "thres": {"Train": [-0.06806332990526291, -0.44032400846481423, -0.3390967845916526, -0.2701489925391071, -0.4804894328110319, -0.41301298141381243, -0.452507615088688, -0.42327676713466644, -0.45242631435444763, -0.48587334155956524, -0.45198200643062597, -0.43143075704596684, -0.43017625808639737, -0.4440433382999705, -0.4473228752611334, -0.4406937956810286, -0.44451946020126076, -0.44173294305934174, -0.4446037709713603, -0.4457252919673917, -0.445196807384491, -0.4453390538692399, -0.44372174143790843, -0.4440362751483918, -0.4435826838016504, -0.4452736973762511, -0.4420216679576035, -0.4411197900772091, -0.44419303536411736, -0.44329166412279536], "Valid": []}, "acc_val": {"Train": [0.9028195488721804, 0.899937343358396, 0.8760651629072682, 0.8669172932330828, 0.9213032581453634, 0.9304511278195489, 0.9166666666666666, 0.9422305764411028, 0.9419172932330827, 0.9481829573934837, 0.9469924812030075, 0.9426691729323309, 0.9488721804511279, 0.9555764411027569, 0.956390977443609, 0.9552005012531328, 0.9565789473684211, 0.9568295739348371, 0.956453634085213, 0.9545739348370927, 0.956328320802005, 0.9562030075187969, 0.9572055137844612, 0.9540726817042606, 0.955952380952381, 0.956453634085213, 0.9566416040100251, 0.956453634085213, 0.956328320802005, 0.956766917293233], "Valid": []}, "f1_val": {"Train": [0.902813459489943, 0.8999310733755248, 0.8760496302794836, 0.8669172932330828, 0.9212933951623011, 0.9304424113297406, 0.9166562225842837, 0.9422305764411028, 0.9419136537377029, 0.9481732155167012, 0.9469924812030075, 0.9426799473783124, 0.9488657726532147, 0.955573657497337, 0.9563800451240912, 0.9551976940911084, 0.9565762265806128, 0.9568322786792807, 0.9564509054452033, 0.954571088414061, 0.9563255843097939, 0.9562002631743843, 0.9572028322576601, 0.9540698038724231, 0.9559496209035654, 0.9564509054452033, 0.9566416040100251, 0.9564509054452033, 0.9563201102964217, 0.9567614989347036], "Valid": []}}