{"roc_val": {"Train": [0.8220398348628465, 0.8045257567477591, 0.7768483316687709, 0.7433383741308158, 0.7045872277812326, 0.8036767592540248, 0.9167277922249232, 0.8914572772784092, 0.9003579594349282, 0.923271069277203, 0.9424540674995759, 0.9571918204031381, 0.965280761427378, 0.9696139785554112, 0.9560696226782495, 0.9629676478162824, 0.968297890716767, 0.9658819432666881, 0.9689891081086175, 0.9712123667564903, 0.9709742872218139, 0.9706938320111055], "Valid": []}, "eer_val": {"Train": [0.2641604010022198, 0.2796992481202994, 0.3087719298245591, 0.3342105263157753, 0.3615288220560181, 0.27030075188095415, 0.1516290726817044, 0.19060150375843898, 0.17518796992481395, 0.15175438596496046, 0.12744360902367302, 0.10325814536340339, 0.0892230576438264, 0.08020050125313279, 0.09849624060033647, 0.09172932330827817, 0.08308270676691837, 0.08709273182957378, 0.07944862155364102, 0.07406015037681808, 0.0756892230576441, 0.07481203007518475], "Valid": []}, "thres": {"Train": [-0.19599962234491483, -0.11638830602168988, -0.04420486465096461, -0.011368667706846606, -0.0011755996383740236, -0.0015050608199109927, -0.0053786938078701505, -0.016179390251621215, -0.033250287175178764, -0.054242637008433285, -0.0938715413213572, -0.1415013521909697, -0.1760704219341126, -0.23152998089790341, -0.27591571211540855, -0.23303733766079152, -0.24487002938985866, -0.2968459725379942, -0.302579611539799, -0.30210554599809314, -0.3042447865009308, -0.312867760658261], "Valid": []}, "acc_val": {"Train": [0.7358395989974937, 0.7203634085213032, 0.6912907268170426, 0.6658521303258146, 0.6385964912280702, 0.7297619047619047, 0.8483709273182958, 0.8093984962406015, 0.824749373433584, 0.8481829573934837, 0.8725563909774436, 0.8968045112781955, 0.9107769423558897, 0.9197368421052632, 0.9015037593984963, 0.9082080200501254, 0.9169799498746867, 0.9129699248120301, 0.9205513784461153, 0.9259398496240602, 0.9243734335839598, 0.925250626566416], "Valid": []}, "f1_val": {"Train": [0.7358064920416093, 0.7203458863337302, 0.6912713829187292, 0.6658311924306034, 0.6386417742137577, 0.7297788359125369, 0.8483709273182958, 0.8093746083469107, 0.8247383921298327, 0.8481734444514066, 0.8725563909774436, 0.8967980449902876, 0.9107657601203157, 0.9197418708100995, 0.9014914149642812, 0.9082022683125509, 0.9169747477912149, 0.9129644714581114, 0.9205414212307307, 0.9259398496240602, 0.9243686947803745, 0.925245942728241], "Valid": []}}