{"roc_val": {"Train": [0.6565460172988863, 0.6438675714976665, 0.664702530134861, 0.6726372086230614, 0.6871208566529106, 0.73957084126356, 0.8029101733029316, 0.7859687517666345, 0.8470607518168856, 0.8800061871470655, 0.8432664760271606, 0.8819732916250528, 0.8511347133497905, 0.8824792557835693, 0.8888360468841277, 0.871080277448006, 0.8715478310437749, 0.8795541642326365, 0.8990638171242641, 0.8990668949943781, 0.9012262956890973], "Valid": []}, "eer_val": {"Train": [0.3978696741854637, 0.41416040100250634, 0.38646616541352874, 0.37907268170557595, 0.3625313283208016, 0.3075187969924812, 0.27744360902255616, 0.2849624060156383, 0.23157894736849013, 0.19498746867040742, 0.2271929824561389, 0.1921052631578443, 0.23822055137801887, 0.1911027568922338, 0.18571428571457543, 0.2091478696741853, 0.20626566415975123, 0.1939849624058469, 0.17230576441102763, 0.17305764411027624, 0.17117794486153465], "Valid": []}, "thres": {"Train": [-0.22885636985301974, -0.009318663738667965, -0.00013058781041763498, -5.676977161788223e-05, -4.683518000092589e-06, -1.6233691894740332e-05, -0.001649659418035298, -0.003007412189619422, -0.011827179230750138, -0.030494177713924868, -0.07135317102074618, -0.10843795239924775, -0.14200350642200127, -0.21541264653205944, -0.23207297921180828, -0.15846627950668332, -0.16764762997603475, -0.16977405548092803, -0.1933298110961914, -0.19702954590320654, -0.2178618758913641], "Valid": []}, "acc_val": {"Train": [0.6020676691729323, 0.5857769423558897, 0.6135964912280701, 0.6209273182957393, 0.6375313283208021, 0.6925438596491228, 0.7226190476190476, 0.7150375939849624, 0.7683583959899749, 0.8048872180451128, 0.7728070175438596, 0.8080200501253133, 0.7617167919799499, 0.8088345864661655, 0.8144110275689223, 0.7909147869674186, 0.793734335839599, 0.806015037593985, 0.8276315789473684, 0.8268796992481203, 0.8288220551378446], "Valid": []}, "f1_val": {"Train": [0.6020427345071746, 0.5857509869039413, 0.6135722789648473, 0.6209273182957393, 0.6375086158280593, 0.6925245942728241, 0.7226016667711009, 0.7150375939849624, 0.7683438811955635, 0.8048383053396843, 0.7728070175438595, 0.8079959894723651, 0.7616719934824842, 0.8088226079328278, 0.8144342814183686, 0.7909016855692713, 0.7937084847725279, 0.805990725654844, 0.8276207782442508, 0.8268688514317941, 0.8288006015791453], "Valid": []}}