{"optimizer_name": [{"best_val_loss": {"param": "Adam", "value": 0.12522849440574646}, "best_roc_val": {"param": "Adadelta", "value": 0.902460571082194}, "best_eer_val": {"param": "Adadelta", "value": 0.19344495903089934}, "best_thres": {"param": "SGD", "value": -0.6667334135631074}, "best_acc_val": {"param": "Adadelta", "value": 0.8066180394947519}, "best_f1_val": {"param": "Adadelta", "value": 0.8064113980409617}}], "optimizer_lr": [{"best_val_loss": {"param": 0.0003, "value": 0.16780591011047363}, "best_roc_val": {"param": 0.0003, "value": 0.9022097766042807}, "best_eer_val": {"param": 0.0003, "value": 0.19474058279899384}, "best_thres": {"param": 0.0003, "value": -0.43173661828004445}, "best_acc_val": {"param": 0.0003, "value": 0.8053727094822986}, "best_f1_val": {"param": 0.0003, "value": 0.8051300320627004}}], "batch_size": [{"best_val_loss": {"param": 512, "value": 0.13218335807323456}, "best_roc_val": {"param": 512, "value": 0.9183687395380976}, "best_eer_val": {"param": 512, "value": 0.17848236551489313}, "best_thres": {"param": 64, "value": -0.6082360350580357}, "best_acc_val": {"param": 512, "value": 0.8215619996441914}, "best_f1_val": {"param": 512, "value": 0.8213713268032058}}], "contrastive_loss_margin": [{"best_val_loss": {"param": 0.5, "value": 0.03863469883799553}, "best_roc_val": {"param": 1.1, "value": 0.913344747583777}, "best_eer_val": {"param": 1.1, "value": 0.18514570007052933}, "best_thres": {"param": 1.4, "value": -0.5445250644723709}, "best_acc_val": {"param": 1.1, "value": 0.8149795410069383}, "best_f1_val": {"param": 1.1, "value": 0.8147488421802637}}], "filters_streams": [{"best_val_loss": {"param": 128, "value": 0.15674299001693726}, "best_roc_val": {"param": 16, "value": 0.9154726393479192}, "best_eer_val": {"param": 16, "value": 0.17848236551478977}, "best_thres": {"param": 32, "value": -0.43817406019508937}, "best_acc_val": {"param": 16, "value": 0.8215619996441914}, "best_f1_val": {"param": 16, "value": 0.8213713268032058}}, {"best_val_loss": {"param": 32, "value": 0.15636304020881653}, "best_roc_val": {"param": 32, "value": 0.9206389296329691}, "best_eer_val": {"param": 32, "value": 0.1663113006390018}, "best_thres": {"param": 32, "value": -0.43325757980324026}, "best_acc_val": {"param": 32, "value": 0.8338373954812311}, "best_f1_val": {"param": 32, "value": 0.8336302101888137}}, {"best_val_loss": {"param": 32, "value": 0.16172872483730316}, "best_roc_val": {"param": 32, "value": 0.9006395575686633}, "best_eer_val": {"param": 32, "value": 0.2025586353949155}, "best_thres": {"param": 32, "value": -0.46811348199856573}, "best_acc_val": {"param": 32, "value": 0.7973670165450988}, "best_f1_val": {"param": 32, "value": 0.7971504897595726}}], "kernels_streams": [{"best_val_loss": {"param": 7, "value": 0.16418413817882538}, "best_roc_val": {"param": 7, "value": 0.9107161530633765}, "best_eer_val": {"param": 7, "value": 0.19201995012475429}, "best_thres": {"param": 7, "value": -0.4330313828520781}, "best_acc_val": {"param": 7, "value": 0.8080412737946985}, "best_f1_val": {"param": 7, "value": 0.8078361531611754}}, {"best_val_loss": {"param": 7, "value": 0.1510356217622757}, "best_roc_val": {"param": 9, "value": 0.9216928741199089}, "best_eer_val": {"param": 9, "value": 0.17022032693546757}, "best_thres": {"param": 7, "value": -0.43756562716646297}, "best_acc_val": {"param": 9, "value": 0.8297455968688845}, "best_f1_val": {"param": 9, "value": 0.8295029396044895}}, {"best_val_loss": {"param": 5, "value": 0.16463468968868256}, "best_roc_val": {"param": 5, "value": 0.9018618799736368}, "best_eer_val": {"param": 5, "value": 0.19451371571072362}, "best_thres": {"param": 5, "value": -0.4138282652656337}, "best_acc_val": {"param": 5, "value": 0.8055506137697919}, "best_f1_val": {"param": 5, "value": 0.8053428317008013}}], "dense_layers": [{"best_val_loss": {"param": 84, "value": 0.14977161586284637}, "best_roc_val": {"param": 84, "value": 0.9249911823142923}, "best_eer_val": {"param": 84, "value": 0.16773276474773252}, "best_thres": {"param": 256, "value": -0.4613836275743427}, "best_acc_val": {"param": 84, "value": 0.8322362568937911}, "best_f1_val": {"param": 84, "value": 0.8320569902048085}}]}