{"roc_val": {"Train": [0.894948618413201, 0.8961769162882142, 0.8815880239445733, 0.8827010351693769, 0.9037028190777696, 0.901825977851898, 0.8915804156380926, 0.9004829193912097, 0.8991792922155011, 0.8998246163654748, 0.9095081218082801, 0.9010754957569361, 0.8956325965289162, 0.9054775331185104, 0.9067672706201594, 0.9071058520361054, 0.9055722325864787, 0.9062553470141519, 0.9050367695554675, 0.9060481011425808, 0.9063270017148134, 0.9063645956997757, 0.906387185067933, 0.9063371618268729, 0.9063020960923613, 0.9063847981482528, 0.9064254935584577, 0.9065077009566522, 0.9064936621001125, 0.9064605514412597], "Valid": []}, "eer_val": {"Train": [0.17644110275712244, 0.1723057644110275, 0.19160401002506272, 0.1931077694234977, 0.16303258145514093, 0.16729323308270816, 0.17857142857100583, 0.17167919799529258, 0.17355889724255297, 0.17443609022637918, 0.15802005012530607, 0.17155388471174524, 0.17556390977443712, 0.16403508771929634, 0.1642857142857027, 0.16328320801963606, 0.16340852130316263, 0.1634085213038789, 0.16390977443627633, 0.16303258145363408, 0.16265664160532214, 0.16253132832108474, 0.16240601503780158, 0.16240601503657245, 0.1625313283194168, 0.16265664160385196, 0.16240601503661492, 0.1621553884718211, 0.16240601503882424, 0.1622807017551911], "Valid": []}, "thres": {"Train": [-0.23421165347100087, -0.12833230197429657, -0.049471054226160056, -0.033099054048457845, -0.02581633254897419, -0.026812925934791617, -0.048605609685145684, -0.07194256037474465, -0.12621992826450149, -0.14945630729230752, -0.18195325136184687, -0.25584119558333773, -0.24768038094043773, -0.3004805445671075, -0.2977145314216486, -0.2831923961638581, -0.3064819574355889, -0.3183798789978757, -0.3275574743749466, -0.3336770683526993, -0.33837395906466805, -0.3409035205844506, -0.3423783481121324, -0.34299302101076, -0.34393078088729573, -0.34409457445141994, -0.34338837861974164, -0.3436513245109735, -0.3438141345984346, -0.3438407778745017], "Valid": []}, "acc_val": {"Train": [0.8235588972431078, 0.8277568922305765, 0.8083333333333333, 0.8069548872180451, 0.8369047619047619, 0.8327694235588973, 0.8214285714285714, 0.8283208020050126, 0.8263784461152882, 0.8257518796992481, 0.8420426065162907, 0.8285087719298245, 0.8243734335839599, 0.8360275689223058, 0.8357769423558897, 0.8366541353383459, 0.8365288220551379, 0.8365288220551379, 0.8362781954887218, 0.8370300751879699, 0.83734335839599, 0.837531328320802, 0.837531328320802, 0.83765664160401, 0.837468671679198, 0.8374060150375939, 0.8374060150375939, 0.8378446115288221, 0.837593984962406, 0.8377819548872181], "Valid": []}, "f1_val": {"Train": [0.8235588972431079, 0.8277460993796604, 0.8083213233911899, 0.8069427909016856, 0.836894542264553, 0.8327589447960398, 0.8214061912520366, 0.8283208020050126, 0.8263458043491885, 0.8257846269498215, 0.842032708816342, 0.8284980261921172, 0.8243624287236042, 0.8360172943166865, 0.8357666520458676, 0.8366234254559128, 0.8364980886131478, 0.8365185788583244, 0.8363089644803609, 0.8370198633999624, 0.83734335839599, 0.8375415074243467, 0.8375211479416004, 0.8376464690770099, 0.8374483017922046, 0.8373958268061908, 0.83735506110937, 0.8378446115288221, 0.8375939849624059, 0.8377921182883278], "Valid": []}}