{"roc_val": {"Train": [0.8622430135489099], "Valid": []}, "eer_val": {"Train": [0.23684210526377836], "Valid": []}, "thres": {"Train": [-0.1588649600744417], "Valid": []}, "acc_val": {"Train": [0.7631578947368421], "Valid": []}, "f1_val": {"Train": [0.7631578947368421], "Valid": []}}