{"roc_val": {"Train": [0.8334769332479068, 0.8428075907186511, 0.8050619735428797, 0.8093061836923136, 0.8816632354696263, 0.9087923599726132, 0.9100919670730712, 0.9259934767997688, 0.9293535295004428, 0.9330333666245816, 0.931005733318258, 0.9329164939290582, 0.9354955449400443, 0.9405154961338182, 0.942523578683551, 0.9443990458602647, 0.9447165925465293, 0.9450461130897418, 0.9453511441511045, 0.9452506579732539, 0.945257960063065, 0.9452275817991093, 0.945239681283409, 0.9452284219320229, 0.9452448634116619, 0.9452660708789518, 0.9452206173328057, 0.9452507286386391, 0.9452668010879329, 0.9452570728198944], "Valid": []}, "eer_val": {"Train": [0.2528822055122245, 0.24110275689223581, 0.28157894736842104, 0.2784461152882192, 0.19974937343358398, 0.16015037593933296, 0.15802005012602302, 0.1392230576435842, 0.13433583960026124, 0.13233082706865612, 0.13421052631569969, 0.13245614035042375, 0.12869674185457186, 0.12318295739381141, 0.11992481203007585, 0.11754385964912259, 0.11691729323308286, 0.11716791980015043, 0.11604010025091839, 0.11578947368478296, 0.11591478696787887, 0.11604010025029989, 0.11629072681825145, 0.11629072681714245, 0.11616541353383458, 0.11616541353334542, 0.11641604010023505, 0.11629072681704272, 0.11629072681621234, 0.11629072681704472], "Valid": []}, "thres": {"Train": [-0.18169552087756508, -0.09411919116973902, -0.05310283548065594, -0.03975912556052206, -0.02642841637134552, -0.031913883984051115, -0.06339219957603391, -0.09699615091075917, -0.1481586098671544, -0.18928471207624828, -0.2421279251575181, -0.2875342965125509, -0.3240949809550486, -0.3325638175011229, -0.34600323438644415, -0.3456413000822065, -0.35538390278816234, -0.35788214206727587, -0.36150020360982615, -0.36405423283590416, -0.3665850162509304, -0.3674735426901075, -0.36839979887173313, -0.3686819374561537, -0.36898648738861084, -0.36970434337831803, -0.36873552203178295, -0.3684365451335908, -0.3690815567969695, -0.3696190118789676], "Valid": []}, "acc_val": {"Train": [0.7471804511278195, 0.7588345864661654, 0.7185463659147869, 0.7216165413533835, 0.800187969924812, 0.8398496240601504, 0.8419799498746867, 0.8607769423558898, 0.8656641604010025, 0.8677944862155389, 0.8658521303258145, 0.8676065162907268, 0.8713659147869675, 0.8772556390977444, 0.8800125313283208, 0.8825187969924813, 0.8830200501253133, 0.8827694235588972, 0.8838972431077694, 0.8842105263157894, 0.8840225563909775, 0.8838972431077694, 0.8836466165413533, 0.8837092731829574, 0.8837092731829574, 0.8838345864661654, 0.8836466165413533, 0.8836466165413533, 0.8837092731829574, 0.8836466165413533], "Valid": []}, "f1_val": {"Train": [0.7471646093113603, 0.7588194749044426, 0.7185110916154906, 0.721599097687825, 0.8001754495895732, 0.8398295525755107, 0.8419799498746867, 0.860759493670886, 0.8656641604010025, 0.867811051246711, 0.8658437245441444, 0.8675982204398771, 0.8713578545021616, 0.8773094507421557, 0.8800050128454164, 0.8825114355536061, 0.8830127200952439, 0.8827620778244251, 0.8838899680431105, 0.8842105263157894, 0.8840152891785199, 0.8839045172608232, 0.8836393257722915, 0.8837092731829573, 0.88368012033091, 0.8838345864661654, 0.8836393257722915, 0.8836393257722915, 0.8836946985837824, 0.8836393257722915], "Valid": []}}