{"roc_val": {"Train": [0.7558675903417692], "Valid": []}, "eer_val": {"Train": [0.33596491228118125], "Valid": []}, "thres": {"Train": [-0.08448670804503174], "Valid": []}, "acc_val": {"Train": [0.6639724310776942], "Valid": []}, "f1_val": {"Train": [0.6639513753994611], "Valid": []}}