{"roc_val": {"Train": [0.9435194345512905], "Valid": []}, "eer_val": {"Train": [0.11441102756892237], "Valid": []}, "thres": {"Train": [-0.39908507466316234], "Valid": []}, "acc_val": {"Train": [0.8855263157894737], "Valid": []}, "f1_val": {"Train": [0.8855191428034339], "Valid": []}}