{"roc_val": {"Train": [0.7734221597226147, 0.7548438373502679, 0.790717520618589, 0.8046876118868601, 0.8155516139973996, 0.8798060863311161, 0.8897484783387037, 0.9014735146136018, 0.9259545951344528, 0.9220426850333854, 0.9195226710259358, 0.9233274838097751, 0.9306764090677822, 0.92809117876144, 0.9319525160017839, 0.9320413423910653, 0.9377242605260017, 0.9313319796986199, 0.9344346690661491, 0.9346331759850754, 0.9357243908643791, 0.9362084094949152, 0.9381337978404658, 0.9375487198572874, 0.9367774228805096, 0.936821871407843, 0.9367245023586537, 0.9364712219144352, 0.936403312479193, 0.9364932695146387], "Valid": []}, "eer_val": {"Train": [0.2979949874679565, 0.31591478696742004, 0.28233082706814167, 0.2640350877180411, 0.2614035087719299, 0.19423558897263188, 0.18358395989888995, 0.16754385964912274, 0.1419799498741254, 0.1444862155386888, 0.1493734335839599, 0.14573934837176894, 0.13395989974937325, 0.1360902255642257, 0.13283208020048157, 0.13007518796983, 0.12443609022616567, 0.13446115288220545, 0.1291979949875828, 0.12969924812030095, 0.1274436090224772, 0.12593984962347782, 0.12456140350877196, 0.12619047618992812, 0.12669172932327716, 0.12568922305827746, 0.12606516290726424, 0.12656641604010063, 0.12681704260651644, 0.1260651629076673], "Valid": []}, "thres": {"Train": [-0.05716077610838432, -0.002872117562219509, -0.00033861320116584004, -4.481090945770948e-05, -0.00014377772458828988, -0.0016183470143009916, -0.0049050701782038944, -0.021523870527744293, -0.045665722340322776, -0.08665736019603645, -0.12636877596378326, -0.15211969614110155, -0.2102476209402084, -0.17205603420741764, -0.20847643911837452, -0.2193136662244215, -0.23363408446321912, -0.2596961557865143, -0.23480869829659376, -0.23133894801139837, -0.23333726823328965, -0.23842300474623246, -0.24334803223609924, -0.24513778090473445, -0.24771748483180983, -0.2499775588513475, -0.25138112902641113, -0.2499972730875019, -0.2512943148612976, -0.2522836625577148], "Valid": []}, "acc_val": {"Train": [0.7018796992481203, 0.6840225563909774, 0.7176691729323308, 0.7359649122807017, 0.7385338345864662, 0.8057644110275689, 0.8164160401002506, 0.8325187969924812, 0.8580827067669173, 0.8553258145363408, 0.8505639097744361, 0.8542606516290727, 0.8661027568922306, 0.8639097744360902, 0.8672305764411028, 0.8700501253132832, 0.8755012531328321, 0.8656015037593985, 0.8707393483709274, 0.8702380952380953, 0.8726190476190476, 0.8738721804511278, 0.875375939849624, 0.8738095238095238, 0.8733709273182957, 0.8743107769423559, 0.8739974937343359, 0.8733709273182957, 0.8731203007518797, 0.8739348370927318], "Valid": []}, "f1_val": {"Train": [0.7018049636500376, 0.6840027570649789, 0.7176691729323309, 0.7359318210302044, 0.7385174509681057, 0.8057644110275689, 0.8163930317082341, 0.832508302525221, 0.8580738141487563, 0.8552804763397054, 0.85053581500282, 0.8542606516290728, 0.8660943668149634, 0.8639097744360902, 0.8672222570336486, 0.8700338388269206, 0.8754934519706749, 0.8655930822733253, 0.8707312488251143, 0.8702462251738612, 0.8726110658562567, 0.8738326543403322, 0.8753681308352653, 0.8737937084847726, 0.8733629926687136, 0.8743107769423559, 0.8739895983457612, 0.8733629926687136, 0.8731123503978947, 0.8739348370927318], "Valid": []}}