{"roc_val": {"Train": [0.881826872946778, 0.8301703035784952, 0.8367206628727206, 0.8578946897318485, 0.9812426979101891, 0.9828016626779983, 0.9852864931752942, 0.9840247705730492, 0.9847850201945968, 0.9850539098372498, 0.9851254232071407, 0.9867020307661384, 0.9865747074453052, 0.988186867544802, 0.9879759392214873, 0.9894361373358207, 0.990002928687634, 0.9908850132850924, 0.9912510128705223, 0.9909371643394203, 0.9918906131242894, 0.9915403169578081, 0.9917238428150578, 0.9916758845735895, 0.9916420437057556, 0.9916470059861434, 0.991454293628809, 0.9916740786804104, 0.9915949962625862, 0.9915568840647985], "Valid": []}, "eer_val": {"Train": [0.2107769423558897, 0.2600250626566372, 0.2319548872180479, 0.2048872180451127, 0.061278195488171816, 0.05914786967425834, 0.05037593984931993, 0.050626566416056555, 0.04837092731973139, 0.04699248120352491, 0.04962406014970983, 0.04398496240601502, 0.04310776942307213, 0.041729323309388236, 0.040350877192990034, 0.03884711779449002, 0.03646616541344347, 0.035213032581573114, 0.03521303258132699, 0.036215538847184, 0.031453634085864754, 0.03245614035096394, 0.03195488721715594, 0.032205513784458496, 0.032330827067681894, 0.03195488721782565, 0.03295739348316201, 0.032080200501250586, 0.03220551378462634, 0.03258145363408529], "Valid": []}, "thres": {"Train": [-0.2029883675277233, -0.09526071449120807, -0.23250512778759036, -0.22354339063167572, -0.34570917487118635, -0.33211773633960234, -0.3338716328137271, -0.33749849597615356, -0.3284289240857088, -0.335267990827665, -0.3432667553417851, -0.32422707974910736, -0.3313907682890679, -0.35968890786191077, -0.3399299383163652, -0.35069954395294733, -0.32971063256256866, -0.34376338124292444, -0.34515547752366427, -0.3259169161320522, -0.3379350900652224, -0.3448200225832644, -0.3455770313734836, -0.34070342779158985, -0.3421356081962881, -0.3433320224272567, -0.34079033136318687, -0.3421740829944552, -0.34420624375362885, -0.3415992856025699], "Valid": []}, "acc_val": {"Train": [0.7892857142857143, 0.7400375939849624, 0.7679824561403509, 0.7951754385964912, 0.9387844611528822, 0.9408521303258145, 0.9496867167919799, 0.9493734335839599, 0.9516290726817043, 0.9530075187969925, 0.95031328320802, 0.956077694235589, 0.9567042606516291, 0.9582706766917293, 0.9595864661654135, 0.9610902255639098, 0.9635338345864661, 0.9647243107769423, 0.9648496240601504, 0.9637218045112782, 0.9685463659147869, 0.9674812030075188, 0.9681077694235589, 0.9678571428571429, 0.9676065162907268, 0.9680451127819549, 0.9670426065162907, 0.9679824561403508, 0.9678571428571429, 0.9673558897243107], "Valid": []}, "f1_val": {"Train": [0.7892725108089479, 0.7400213045930196, 0.7679679177893352, 0.7951626041731937, 0.9387806253524656, 0.9408521303258145, 0.9496835641330911, 0.9493734335839599, 0.9516290726817043, 0.9530075187969925, 0.9503039418437049, 0.9560749420389749, 0.9566906925728611, 0.9582706766917293, 0.9595839338304405, 0.9610877874553544, 0.9635292643188369, 0.9647221003822295, 0.964847421517639, 0.9637195312989535, 0.9685463659147869, 0.9674791653612381, 0.9681057710382855, 0.9678551287674666, 0.9676044864966477, 0.9680411079082591, 0.9670384759994988, 0.9679804499028761, 0.9678551287674666, 0.9673538442258286], "Valid": []}}