{"roc_val": {"Train": [0.8844612628061382], "Valid": []}, "eer_val": {"Train": [0.20551378446114604], "Valid": []}, "thres": {"Train": [-0.3194993436336493], "Valid": []}, "acc_val": {"Train": [0.7945488721804511], "Valid": []}, "f1_val": {"Train": [0.7945359984961463], "Valid": []}}