{"roc_val": {"Train": [0.867724346894806, 0.7830816389344288, 0.7649368879592464, 0.7704931109101074, 0.7650597515090986, 0.8184580812934592, 0.8791614060213191, 0.890662660724493, 0.9081929683230633, 0.9192579663444327, 0.9359400145099591, 0.9529563492063491, 0.9589650897293359, 0.9475882375110709, 0.9437666377723757, 0.9525833851546158, 0.956548333553181, 0.9548225513658835, 0.9594749561874609, 0.9568940286179106, 0.9593681572351934, 0.9588410719781911, 0.9588101833531196, 0.9586952971400934, 0.958831068900321, 0.95903834617873, 0.959250852695649, 0.9591977986947319, 0.9590188032738487, 0.9589501165193688], "Valid": []}, "eer_val": {"Train": [0.2134085213042638, 0.29360902255582794, 0.30877192982460355, 0.2929824561403514, 0.30576441102577867, 0.25764411027526984, 0.19298245614013254, 0.19674185463673033, 0.17531328320802037, 0.16077694235588794, 0.13684210526442164, 0.10939849624118417, 0.09974937343282543, 0.10651629072725972, 0.1211779448630532, 0.10764411027569003, 0.10451127819526668, 0.10250626566313857, 0.09724310776811443, 0.10200501253113096, 0.09611528822143738, 0.09837092731795055, 0.0988721804508403, 0.0988721804507169, 0.09849624060080214, 0.09837092731810426, 0.09774436090225548, 0.09824561403508786, 0.09874686716600797, 0.09862155388513538], "Valid": []}, "thres": {"Train": [-0.154806569218908, -0.05409877747288875, -0.0160839781165166, -0.007338092196732771, -0.00272115063853038, -0.0008014406193978545, -0.0053571402095240915, -0.012344450689858857, -0.027298741042614, -0.050209380686283, -0.07957051694394901, -0.16179527342341257, -0.17596554756158908, -0.24137213826181467, -0.3510045111180799, -0.3176034092903139, -0.3026993870734972, -0.3166850507254251, -0.3055901527404025, -0.3293100595473329, -0.35088658332835726, -0.3651634156702886, -0.37364695966228056, -0.3798731565474225, -0.38136941194511725, -0.38223424553862995, -0.3834397196769712, -0.38523131608963046, -0.3851732909667632, -0.38579532504086267], "Valid": []}, "acc_val": {"Train": [0.7865288220551379, 0.706390977443609, 0.6911654135338345, 0.7069548872180451, 0.6942355889724311, 0.7424185463659148, 0.8070175438596491, 0.8032581453634086, 0.8246867167919799, 0.8391604010025062, 0.8630952380952381, 0.8906015037593985, 0.9003132832080201, 0.893671679197995, 0.8788847117794486, 0.8922932330827068, 0.8954887218045112, 0.8974937343358396, 0.9028195488721804, 0.8979949874686717, 0.9040100250626566, 0.9015664160401002, 0.9011278195488722, 0.9011904761904762, 0.9013784461152882, 0.9015037593984963, 0.9023182957393484, 0.9016917293233083, 0.9012531328320802, 0.9014411027568923], "Valid": []}, "f1_val": {"Train": [0.7865154458299392, 0.7063541797217697, 0.6911460617833197, 0.7069365248449152, 0.6941972678280486, 0.7424024061657999, 0.8069933575636045, 0.8032581453634084, 0.8246867167919799, 0.839170478040223, 0.8630866595651356, 0.8906015037593985, 0.9003070367817533, 0.8936916619683017, 0.8788922999812042, 0.892286484115546, 0.8954756235117183, 0.8974808873292393, 0.902813459489943, 0.8979822032836196, 0.9040220523743893, 0.9015479100081468, 0.9011278195488722, 0.9011842847296196, 0.9013537227375281, 0.9014790674354476, 0.9023121749483052, 0.9016855692712575, 0.9012407569870912, 0.9014472777394901], "Valid": []}}