{"roc_val": {"Train": [0.9029570008982355, 0.9280104710397548, 0.9324209960992708, 0.935592835472139, 0.9414955386586767, 0.9323629327077091, 0.9361460669216902, 0.9333840475248272, 0.9368749803707265, 0.9363792783964925, 0.9387414808952205, 0.9418068903461663, 0.9414172571152191, 0.9404174204307761, 0.9408416797005046, 0.9410723707765656, 0.9411442610285112, 0.9411913084716805, 0.9410736977154663, 0.9411246553099542, 0.941131525555744, 0.9411358596993737, 0.9412629945791797, 0.9411602942192574, 0.9411647461385293, 0.9412881671597539, 0.9412815481686673, 0.9412509186500085, 0.9412307004981124, 0.9413144546830736], "Valid": []}, "eer_val": {"Train": [0.17819548872180452, 0.14135338345864712, 0.13796992481203016, 0.13646616541272827, 0.12656641604008284, 0.13558897243107754, 0.13107769423559107, 0.13308270676692183, 0.12982456140350931, 0.1359649122807016, 0.13057644110275804, 0.12431077694236374, 0.12543859649122807, 0.12694235589059577, 0.1259398496244487, 0.12556390977460052, 0.12556390977443352, 0.12543859649243339, 0.1255639097744379, 0.1255639097744361, 0.12556390977582726, 0.12568922305751154, 0.12531328320882276, 0.12556390977455273, 0.12543859649122707, 0.1253132832079234, 0.12531328320802063, 0.1254385964899469, 0.12556390977443585, 0.12531328320802007], "Valid": []}, "thres": {"Train": [-0.0228749867528677, -0.21212188899517068, -0.2265704721212388, -0.2062649130817832, -0.25967814028262465, -0.21090047061443312, -0.19350033998489438, -0.21758393943310012, -0.22143380343914065, -0.22479468584060663, -0.22276130318641688, -0.2270535826683073, -0.22936958074569702, -0.23030458390830158, -0.22950327396433814, -0.22827593982220337, -0.22876743972301444, -0.22754095494762555, -0.2272207438945778, -0.22797176986932755, -0.2279291898016393, -0.22766366600976942, -0.2277334332466513, -0.2269101291895116, -0.2266899198293683, -0.22720606625079245, -0.22587355971336376, -0.22661083936675486, -0.22757841646671295, -0.22613650560379028], "Valid": []}, "acc_val": {"Train": [0.8217418546365914, 0.8585839598997493, 0.8619674185463659, 0.8635338345864662, 0.8734335839598998, 0.8644736842105263, 0.868859649122807, 0.8668546365914787, 0.8701127819548872, 0.8640977443609023, 0.8693609022556391, 0.8756892230576441, 0.874624060150376, 0.8730576441102756, 0.8740601503759399, 0.8744360902255639, 0.8744987468671679, 0.874561403508772, 0.8743734335839599, 0.8744987468671679, 0.8744987468671679, 0.8743734335839599, 0.875, 0.8744360902255639, 0.874624060150376, 0.8747493734335839, 0.874624060150376, 0.8744987468671679, 0.8744987468671679, 0.874624060150376], "Valid": []}, "f1_val": {"Train": [0.8217083411668861, 0.8585750986903942, 0.8619587693464503, 0.8635167314199774, 0.8734335839598998, 0.8644651920546401, 0.8688514317939721, 0.8668462936274203, 0.8701046431480669, 0.8640892286484116, 0.86935271633561, 0.8756892230576441, 0.8746162040228085, 0.8730576441102756, 0.8740601503759399, 0.8744360902255639, 0.874490882887399, 0.8745614035087719, 0.8743655617519893, 0.874490882887399, 0.8745066098615375, 0.8743655617519893, 0.8750391481365487, 0.8744360902255639, 0.8746162040228085, 0.874741525158218, 0.8746162040228085, 0.8744751519709218, 0.874490882887399, 0.8746162040228085], "Valid": []}}