{"roc_val": {"Train": [0.9260883333019265, 0.9367939821357906, 0.9412375864473214, 0.9446771612615499, 0.9491751936231555, 0.9530314900660172, 0.9523707137517979, 0.951519337190093, 0.9289036972129572, 0.9196656428037512, 0.9215812950295538, 0.9186870999554022, 0.9228028875446761, 0.9196398813449664, 0.9248735560706278, 0.9261764530373553, 0.9236079547239024, 0.9250284545951345, 0.924149832601554, 0.9273681462428001, 0.9273913323408771, 0.9283490760108292, 0.929602318766842, 0.9288367378345613, 0.9286613227931986, 0.9289691412114246, 0.9290554079434175, 0.9289447538017979, 0.9288278339960176, 0.9287213883706761], "Valid": []}, "eer_val": {"Train": [0.14498746867167886, 0.13020050125313282, 0.12656641604003543, 0.12180451127822586, 0.11390977443609102, 0.10776942355889571, 0.11315789473668111, 0.11002506265700986, 0.14210526315789546, 0.15100250626616393, 0.14160401002534845, 0.14774436090224732, 0.14436090225569947, 0.1469924812030076, 0.14072681704260648, 0.14122807017619846, 0.14385964912280702, 0.14360902255639102, 0.14072681704264314, 0.1383458646616579, 0.13759398496241074, 0.13759398496063222, 0.13583959899771902, 0.13671679197996603, 0.13709273183066675, 0.1364661654132172, 0.1364661654128675, 0.13646616541406315, 0.13684210526276663, 0.13709273182957388], "Valid": []}, "thres": {"Train": [-0.4833343923091888, -0.4014824330806732, -0.34264829754823634, -0.2918769717216543, -0.23645371198654253, -0.15940365195274298, -0.0989321008324236, -0.10857572127137086, -0.16199320554733282, -0.17218454182210063, -0.18853351473813698, -0.20361506938934046, -0.19180580973625355, -0.2053791135549546, -0.20116432011127472, -0.19665087759505262, -0.20079118013381958, -0.19793006777763367, -0.2135025858879114, -0.20149034261703513, -0.1999503523111352, -0.20044350624068644, -0.1990970149638248, -0.20097668468952873, -0.2008161097765503, -0.20063680410384646, -0.1999602019786116, -0.20090152323254185, -0.201845154166077, -0.19925396144390103], "Valid": []}, "acc_val": {"Train": [0.8550751879699248, 0.8698621553884712, 0.8734962406015038, 0.8781328320802005, 0.8860275689223057, 0.8922932330827068, 0.8868421052631579, 0.8900375939849624, 0.8578320802005013, 0.8489974937343359, 0.8583959899749374, 0.8523182957393484, 0.8556390977443609, 0.8529448621553885, 0.8593358395989975, 0.8587719298245614, 0.856140350877193, 0.856328320802005, 0.8592105263157894, 0.8615914786967419, 0.86234335839599, 0.8624686716791979, 0.8641604010025062, 0.8632205513784461, 0.8629072681704261, 0.8634085213032582, 0.8635338345864662, 0.8635338345864662, 0.8631578947368421, 0.86296992481203], "Valid": []}, "f1_val": {"Train": [0.8550661068989286, 0.8698540008772478, 0.8734883138041231, 0.8781251958142741, 0.8860204273450717, 0.892286484115546, 0.886842105263158, 0.8900307036781754, 0.8578231718779372, 0.8489974937343359, 0.8583959899749374, 0.8523090419199197, 0.8556390977443609, 0.8529356475969674, 0.859327025502851, 0.8587719298245614, 0.8561223210928688, 0.8563193182530234, 0.8592017043674415, 0.8615828059402219, 0.8623347327526788, 0.8624600538880882, 0.8641604010025062, 0.8632119807005452, 0.8629072681704261, 0.8633742792679869, 0.8635167314199774, 0.8635338345864662, 0.8631407444541923, 0.8629613384297262], "Valid": []}}