{"roc_val": {"Train": [0.9545156123391184], "Valid": []}, "eer_val": {"Train": [0.09724310776891738], "Valid": []}, "thres": {"Train": [-0.4481129944322732], "Valid": []}, "acc_val": {"Train": [0.9027568922305764], "Valid": []}, "f1_val": {"Train": [0.9027447048502318], "Valid": []}}