{"roc_val": {"Train": [0.9080457644738413, 0.8838866747068173, 0.7609077518357297, 0.8486744508514394, 0.9621062210664505, 0.9634993812852934, 0.9662877745742802, 0.9662792083592441, 0.9692945553105823, 0.9733520518087196, 0.9730862557395996, 0.9745317868606352, 0.9793306260639066, 0.978417330921288, 0.9747836382937295, 0.9758464535398645, 0.9798308427710882, 0.9821835761081903, 0.9809642998473627, 0.9804496438464583, 0.9841512459092592, 0.9839646264784768, 0.9843085156500273, 0.9835476221883027, 0.9837816188340527, 0.9842014183327994, 0.9842677024641806, 0.9842109974183579, 0.9844938002901993, 0.9843058931790629], "Valid": []}, "eer_val": {"Train": [0.1665413533834442, 0.19536340852180933, 0.3259398496240559, 0.23759398496240605, 0.10689223057635364, 0.09799498746975813, 0.08421052631575814, 0.08646616541414442, 0.08032581453743999, 0.07518796992498848, 0.0766917293235897, 0.07456140350844144, 0.07017543859649134, 0.06641604009875374, 0.07481203007522623, 0.07092731829514126, 0.06917293233078786, 0.060526315789477154, 0.06265664160399141, 0.06303258145363394, 0.0577694235587937, 0.05300751879699249, 0.05814536340846047, 0.057393483708566395, 0.05814536340950735, 0.05701754385966609, 0.05614035087685189, 0.056641604010025506, 0.057518796993302666, 0.057017543859653144], "Valid": []}, "thres": {"Train": [-0.09554161690174942, -0.031755194067994125, -0.009846528060734201, -0.012192542199045421, -0.35289607942102286, -0.3257042169576145, -0.29107096791266873, -0.32073396444359015, -0.3498292863375341, -0.3610858321190318, -0.3347393572334064, -0.35719678799296556, -0.3590295712153117, -0.3453776240283641, -0.4079716205597257, -0.38369810581192965, -0.34631070494650623, -0.34366503357887335, -0.37748178839680757, -0.383406862616539, -0.34286054968810276, -0.3654160797595978, -0.33848839998242275, -0.34358108043659474, -0.3425291180625695, -0.33710807561875783, -0.33521562814686523, -0.33596968650817893, -0.33618110418331715, -0.3366698324680365], "Valid": []}, "acc_val": {"Train": [0.8334586466165413, 0.8045739348370927, 0.6741228070175439, 0.76234335839599, 0.893170426065163, 0.9019423558897243, 0.9158521303258146, 0.9134711779448621, 0.9196741854636592, 0.924812030075188, 0.9234962406015037, 0.9254385964912281, 0.9298872180451128, 0.9335839598997494, 0.925125313283208, 0.9290100250626566, 0.9307644110275689, 0.9394110275689223, 0.937406015037594, 0.9370300751879699, 0.9422305764411028, 0.9469298245614035, 0.9419172932330827, 0.9425438596491228, 0.9418546365914787, 0.9430451127819549, 0.943922305764411, 0.943295739348371, 0.9424185463659148, 0.9429197994987468], "Valid": []}, "f1_val": {"Train": [0.8334586466165413, 0.8045616893289053, 0.6741023873676296, 0.7623582482300607, 0.8931637320634125, 0.9019362115420765, 0.9158468575725295, 0.9134657559997493, 0.9196741854636592, 0.924812030075188, 0.9235106183048299, 0.9254385964912281, 0.9298828247383922, 0.9335756360446171, 0.9251206215928317, 0.9289966785736667, 0.9307513943723758, 0.9394072310295133, 0.9374020928629613, 0.9370261294567328, 0.9422233362576764, 0.9469264991540824, 0.9419136537377029, 0.9425330575922792, 0.9418546365914787, 0.9430486811603284, 0.9439187919042547, 0.9432921862272071, 0.9424149382793409, 0.9429162228209788], "Valid": []}}