{"roc_val": {"Train": [0.7518984726854729, 0.7744279794096771, 0.7828845845817551, 0.7870576032813864, 0.7658498925886142, 0.7579768421680768, 0.7548299869347554, 0.7535254332573288, 0.7657825406247449, 0.7750121701496849, 0.7949503614927041, 0.795090922795711, 0.8084623761785417, 0.8135981008285124, 0.8066265365795442, 0.8230667756483941, 0.8187608981727502, 0.8257194756942482, 0.8302846323201488, 0.8303720454017248, 0.8411046413025045, 0.8450883003247467, 0.8462271436737205, 0.8460083086789656, 0.8463613450920534, 0.8463843506008129, 0.8462544833261096, 0.8462272771527817, 0.8461820277510821, 0.8462170777821747], "Valid": []}, "eer_val": {"Train": [0.32355889724310355, 0.30363408521316976, 0.2924812030081886, 0.28734335839698766, 0.3011278195480806, 0.3127819548870921, 0.3169172932336965, 0.31904761904761925, 0.3040100250626566, 0.29674185463659153, 0.28320802004899565, 0.28145363408521273, 0.26867167919799373, 0.26215538847117786, 0.26829573934835477, 0.25438596491228077, 0.2588972431077694, 0.25162907268170426, 0.24436090225502158, 0.24411027568921598, 0.2345864661653079, 0.22994987468671507, 0.2284461152882377, 0.2288220551380205, 0.2274436090226061, 0.22794486215636875, 0.22807017543774208, 0.2284461152871026, 0.22844611528872627, 0.22832080200535143], "Valid": []}, "thres": {"Train": [-0.2279268354177464, -0.199562877416627, -0.151683956384724, -0.0892752557993981, -0.03258520364755825, -0.01311208074912196, -0.022744560614257097, -0.03718882426619532, -0.06041552126407623, -0.08605177700519562, -0.12050864100439816, -0.13540633022785184, -0.16842172294855076, -0.19106138497591016, -0.2101280838251059, -0.2090349793434143, -0.19950971007347107, -0.21187632779280344, -0.22129113972178827, -0.20826569199561962, -0.21063905954359158, -0.18839827179908722, -0.1883763819932975, -0.19655095040802045, -0.1973485052585626, -0.19982093572627477, -0.20170594751822607, -0.20285898447008374, -0.20382206141952036, -0.20376020669946426], "Valid": []}, "acc_val": {"Train": [0.6765037593984963, 0.6963032581453634, 0.7077694235588973, 0.7127192982456141, 0.6988721804511279, 0.687218045112782, 0.6830827067669173, 0.680889724310777, 0.6959273182957394, 0.7031954887218045, 0.7168546365914787, 0.718609022556391, 0.731328320802005, 0.7378446115288221, 0.7317669172932331, 0.7455513784461153, 0.7411027568922306, 0.7483709273182957, 0.7556390977443609, 0.7559523809523809, 0.7654135338345864, 0.7699874686716792, 0.7714912280701754, 0.7713032581453634, 0.7724937343358396, 0.7720551378446115, 0.7719298245614035, 0.7716165413533834, 0.7716165413533834, 0.7716165413533834], "Valid": []}, "f1_val": {"Train": [0.6764834889404098, 0.6962842283351086, 0.7078426459533952, 0.7127372971618319, 0.6988344404060659, 0.687218045112782, 0.6830827067669173, 0.6808697286797418, 0.6959463692751081, 0.7031768907826305, 0.7168368945422646, 0.7185913904379974, 0.7313283208020052, 0.7378446115288221, 0.7317501096559934, 0.7455354345510371, 0.7410703095626019, 0.7483709273182957, 0.7556084722396291, 0.7559370887900244, 0.765384133350044, 0.7699442251049696, 0.7714769095808008, 0.7713319132940734, 0.7724794786640766, 0.7720551378446115, 0.7719012407569872, 0.7716022307162103, 0.771630850197356, 0.7716022307162103], "Valid": []}}