{"roc_val": {"Train": [0.9564411420154395], "Valid": []}, "eer_val": {"Train": [0.09348370927319094], "Valid": []}, "thres": {"Train": [-0.457849562168124], "Valid": []}, "acc_val": {"Train": [0.9064536340852131], "Valid": []}, "f1_val": {"Train": [0.9064477724168181], "Valid": []}}