{"roc_val": {"Train": [0.8223661047983368, 0.8369233311976684, 0.8489483106261895, 0.8516496363088172, 0.8060108290777069, 0.798756854542371, 0.8187227938266719, 0.8268871662238302, 0.8373613152555575, 0.8519859250255964, 0.8568548171807966, 0.8619568815522516, 0.8596759756534191, 0.876075260205652, 0.8678882670334984, 0.8712394394507571, 0.8732339699499374, 0.8748817139967714, 0.8755672624543815, 0.8758241939435054, 0.8761029453332578, 0.8761015163221337, 0.876097032996024, 0.8760350358980157, 0.8760549242781138, 0.876098195049026, 0.8761658767846936, 0.8761651387240031, 0.8761716163843191, 0.8761778663450605], "Valid": []}, "eer_val": {"Train": [0.26766917293238557, 0.24962406015054134, 0.23395989974934708, 0.22731829573889292, 0.2741854636590696, 0.287719298244712, 0.26503759398496257, 0.2513784461152882, 0.24310776942461715, 0.22644110275692808, 0.2197994987455606, 0.21541353383465928, 0.22142857142857125, 0.20075187969924813, 0.20839598997561576, 0.20551378446039523, 0.2035087719289278, 0.20087719298231124, 0.20087719298193363, 0.20037593984961805, 0.20087719298334553, 0.20050125313310127, 0.2005012531328326, 0.20050125313180905, 0.2002506265679139, 0.2002506265680395, 0.20012531328329672, 0.20025062656747122, 0.20025062656491, 0.20037593984809943], "Valid": []}, "thres": {"Train": [-0.18430452942849013, -0.1523419320583463, -0.09698492288588595, -0.03899575397370525, -0.00840880194057974, -0.012853309512065125, -0.017008248716592792, -0.03200908750295639, -0.05816055834294611, -0.07098409533500802, -0.11850193887943711, -0.13385152816772994, -0.17499950528144834, -0.182803176343441, -0.21751792728927852, -0.20561537146549894, -0.20111246407029124, -0.2059218436479002, -0.2092529684304052, -0.2123479694128024, -0.2146244645120837, -0.21634709835054125, -0.21725798149903658, -0.21758601069438896, -0.21813361346802246, -0.21814538538516734, -0.21792083978656648, -0.21772894263272863, -0.21796028316007157, -0.21785870194409784], "Valid": []}, "acc_val": {"Train": [0.7323308270676692, 0.750375939849624, 0.7661027568922306, 0.7727443609022556, 0.7258771929824561, 0.712280701754386, 0.7348997493734336, 0.7486842105263158, 0.7568922305764411, 0.7734962406015038, 0.7802005012531328, 0.7845238095238095, 0.7786340852130326, 0.7993107769423559, 0.7915413533834587, 0.7945488721804511, 0.7965538847117795, 0.7991854636591479, 0.7991228070175439, 0.79968671679198, 0.7990601503759398, 0.799436090225564, 0.7994987468671679, 0.7994987468671679, 0.799749373433584, 0.79968671679198, 0.800125313283208, 0.799749373433584, 0.799749373433584, 0.7996240601503759], "Valid": []}, "f1_val": {"Train": [0.7323308270676692, 0.7503759398496241, 0.7660881007581928, 0.7727301209348957, 0.7258600162917476, 0.7122446421857377, 0.7348831380412306, 0.7486684629362742, 0.7568922305764411, 0.7734820477473526, 0.7801729540042611, 0.7845103076633875, 0.7786202142991415, 0.7992982016417068, 0.7915282912463186, 0.7945359984961463, 0.7965411366626982, 0.7991728805062974, 0.7990976312821154, 0.7996741650479353, 0.7990475593708879, 0.7994235227771163, 0.7994987468671678, 0.7994736182479006, 0.799749373433584, 0.7996741650479353, 0.8001753946379354, 0.799749373433584, 0.7997242762250909, 0.7995989472364957], "Valid": []}}