{"('', 'scnn_archi_name')":{"0":"SCNN_3_1_conv_1_dense_arg_dict_default","1":"SCNN_3_123_conv_1_dense_arg_dict_default","2":"SCNN_3_2_conv_1_dense_arg_dict_default","3":"SCNN_1_3_conv_1_dense_arg_dict_default"},"('', 'cut_off_freq')":{"0":33,"1":33,"2":33,"3":33},"('', 'SMA_winsize')":{"0":20,"1":20,"2":20,"3":20},"('Window Size', 125)":{"0":0.2113913617,"1":0.2279426311,"2":0.1923343225,"3":0.1980052753},"('Window Size', 250)":{"0":0.123419827,"1":0.1153027279,"2":0.1806054558,"3":0.146839654},"('Window Size', 500)":{"0":0.0941097724,"1":0.0895582329,"2":0.0918340027,"3":0.1030789826},"('Window Size', 750)":{"0":0.0688888889,"1":0.075959596,"2":0.0763636364,"3":0.1093939394},"('Window Size', 1000)":{"0":0.066802168,"1":0.0636856369,"2":0.060704607,"3":0.0658536585},"('', 'mean')":{"0":0.1129224036,"1":0.1144897649,"2":0.1203684049,"3":0.124634302},"('', 'var')":{"0":0.0035565683,"1":0.0043898571,"2":0.003779499,"3":0.0025071105}}