{"window_size":{"0":125,"1":250,"2":500,"3":750,"4":1000,"5":125,"6":250,"7":500,"8":750,"9":1000,"10":125,"11":250,"12":500,"13":750,"14":1000,"15":125,"16":250,"17":500,"18":750,"19":1000},"step_width":{"0":62,"1":125,"2":250,"3":375,"4":500,"5":62,"6":125,"7":250,"8":375,"9":500,"10":62,"11":125,"12":250,"13":375,"14":500,"15":62,"16":125,"17":250,"18":375,"19":500},"Mean_EER":{"0":0.1409000989,"1":0.0866932801,"2":0.0567603748,"3":0.0519191919,"4":0.0449864499,"5":0.1341575997,"6":0.0741184298,"7":0.0621820616,"8":0.0550505051,"9":0.052303523,"10":0.1262116716,"11":0.0915169661,"12":0.0647255689,"13":0.0733333333,"14":0.0402439024,"15":0.1302340917,"16":0.0849301397,"17":0.0589692102,"18":0.0556565657,"19":0.0536585366},"median_n_neighbors":{"0":16,"1":13,"2":9,"3":10,"4":9,"5":12,"6":11,"7":13,"8":11,"9":12,"10":15,"11":11,"12":12,"13":10,"14":10,"15":19,"16":13,"17":12,"18":11,"19":13},"median_contamination":{"0":0.0490306122,"1":0.0490306122,"2":0.0510693878,"3":0.0510693878,"4":0.0490306122,"5":0.0490306122,"6":0.0510693878,"7":0.0490306122,"8":0.0490306122,"9":0.0510693878,"10":0.0490306122,"11":0.0469918367,"12":0.0490306122,"13":0.0490306122,"14":0.0490306122,"15":0.0490306122,"16":0.0469918367,"17":0.0490306122,"18":0.0490306122,"19":0.0469918367},"Gini_coef":{"0":0.6413179413,"1":0.7966828686,"2":0.8667190776,"3":0.8934716818,"4":0.9064257028,"5":0.6026842522,"6":0.7600438859,"7":0.8553881115,"8":0.8731702345,"9":0.9011514105,"10":0.6408597469,"11":0.77507573,"12":0.8590715845,"13":0.8127640037,"14":0.9002244669,"15":0.6457496484,"16":0.7739696218,"17":0.8765670324,"18":0.8768098407,"19":0.8994949495},"scnn_archi_name":{"0":"SCNN_3_1_conv_1_dense_arg_dict_default","1":"SCNN_3_1_conv_1_dense_arg_dict_default","2":"SCNN_3_1_conv_1_dense_arg_dict_default","3":"SCNN_3_1_conv_1_dense_arg_dict_default","4":"SCNN_3_1_conv_1_dense_arg_dict_default","5":"SCNN_3_2_conv_1_dense_arg_dict_default","6":"SCNN_3_2_conv_1_dense_arg_dict_default","7":"SCNN_3_2_conv_1_dense_arg_dict_default","8":"SCNN_3_2_conv_1_dense_arg_dict_default","9":"SCNN_3_2_conv_1_dense_arg_dict_default","10":"SCNN_1_3_conv_1_dense_arg_dict_default","11":"SCNN_1_3_conv_1_dense_arg_dict_default","12":"SCNN_1_3_conv_1_dense_arg_dict_default","13":"SCNN_1_3_conv_1_dense_arg_dict_default","14":"SCNN_1_3_conv_1_dense_arg_dict_default","15":"SCNN_3_123_conv_1_dense_arg_dict_default","16":"SCNN_3_123_conv_1_dense_arg_dict_default","17":"SCNN_3_123_conv_1_dense_arg_dict_default","18":"SCNN_3_123_conv_1_dense_arg_dict_default","19":"SCNN_3_123_conv_1_dense_arg_dict_default"},"cut_off_freq":{"0":33,"1":33,"2":33,"3":33,"4":33,"5":33,"6":33,"7":33,"8":33,"9":33,"10":33,"11":33,"12":33,"13":33,"14":33,"15":33,"16":33,"17":33,"18":33,"19":33},"SMA_winsize":{"0":20,"1":20,"2":20,"3":20,"4":20,"5":20,"6":20,"7":20,"8":20,"9":20,"10":20,"11":20,"12":20,"13":20,"14":20,"15":20,"16":20,"17":20,"18":20,"19":20}}