{"('', 'mean rank')":{"0":12,"1":8,"2":6,"3":11,"4":10,"5":2,"6":1,"7":3,"8":9,"9":4,"10":5,"11":7},"('', 'scnn_archi_name')":{"0":"SCNN_1_3_conv_1_dense_arg_dict_default","1":"SCNN_3_123_conv_1_dense_arg_dict_default","2":"SCNN_3_1_conv_1_dense_arg_dict_default","3":"SCNN_3_2_conv_1_dense_arg_dict_default","4":"SCNN_1_3_conv_1_dense_arg_dict_default","5":"SCNN_3_123_conv_1_dense_arg_dict_default","6":"SCNN_3_1_conv_1_dense_arg_dict_default","7":"SCNN_3_2_conv_1_dense_arg_dict_default","8":"SCNN_1_3_conv_1_dense_arg_dict_default","9":"SCNN_3_123_conv_1_dense_arg_dict_default","10":"SCNN_3_1_conv_1_dense_arg_dict_default","11":"SCNN_3_2_conv_1_dense_arg_dict_default"},"('', 'cut_off_freq')":{"0":33,"1":33,"2":33,"3":33,"4":33,"5":33,"6":33,"7":33,"8":33,"9":33,"10":33,"11":33},"('', 'EMA_span')":{"0":"-","1":"-","2":"-","3":"-","4":20,"5":20,"6":20,"7":20,"8":"-","9":"-","10":"-","11":"-"},"('', 'SMA_winsize')":{"0":"-","1":"-","2":"-","3":"-","4":"-","5":"-","6":"-","7":"-","8":20,"9":20,"10":20,"11":20},"('', 'type')":{"0":"Real","1":"Real","2":"Real","3":"Real","4":"Real","5":"Real","6":"Real","7":"Real","8":"Real","9":"Real","10":"Real","11":"Real"},"('Window Size', 125)":{"0":0.1797944829,"1":0.147538191,"2":0.1494614793,"3":0.153016815,"4":0.1525827014,"5":0.1574403781,"6":0.1567479943,"7":0.1482195846,"8":0.1444114738,"9":0.1603692714,"10":0.156583141,"11":0.1457138147},"('Window Size', 250)":{"0":0.137369705,"1":0.1106897316,"2":0.1019183855,"3":0.1475937015,"4":0.1031159902,"5":0.1032601464,"6":0.0896429363,"7":0.0956642271,"8":0.106143269,"9":0.0901308494,"10":0.0953648259,"11":0.1107784431},"('Window Size', 500)":{"0":0.1000892459,"1":0.065015618,"2":0.0735162874,"3":0.0944667559,"4":0.0722891566,"5":0.0614904061,"6":0.0680053548,"7":0.0700803213,"8":0.0764167782,"9":0.0699464525,"10":0.0691432396,"11":0.0727130745},"('Window Size', 750)":{"0":0.0929292929,"1":0.0529292929,"2":0.0688552189,"3":0.0865993266,"4":0.0775757576,"5":0.0528282828,"6":0.0513131313,"7":0.0614141414,"8":0.09,"9":0.0578787879,"10":0.0551851852,"11":0.0610437711},"('Window Size', 1000)":{"0":0.0807588076,"1":0.0718608853,"2":0.0438572719,"3":0.0667118338,"4":0.0729448961,"5":0.0439927733,"6":0.0406052394,"7":0.0520776874,"8":0.0505871725,"9":0.0513550136,"10":0.0545167118,"11":0.0530261969},"('', 'mean')":{"0":0.1181883069,"1":0.0896067438,"2":0.0875217286,"3":0.1096776866,"4":0.0957017004,"5":0.0838023973,"6":0.0812629312,"7":0.0854911924,"8":0.0935117387,"9":0.0859360749,"10":0.0861586207,"11":0.0886550601},"('', 'variance')":{"0":0.001632452,"1":0.0015163548,"2":0.001623743,"3":0.001481488,"4":0.0011712473,"5":0.0022107958,"6":0.0021235052,"7":0.0014930009,"8":0.0012243567,"9":0.0019491565,"10":0.0018236136,"11":0.0015077729}}