{"roc_val": {"Train": [0.9436093837350268], "Valid": []}, "eer_val": {"Train": [0.11403508771763901], "Valid": []}, "thres": {"Train": [-0.3997703492611799], "Valid": []}, "acc_val": {"Train": [0.8860275689223057], "Valid": []}, "f1_val": {"Train": [0.8860204273450717], "Valid": []}}