{"roc_val": {"Train": [0.9258406825334011, 0.9366132750422421, 0.9411164110150061, 0.944573722840937, 0.9490938342095842, 0.9529492748161128, 0.9522975986331744, 0.951673756760322, 0.9293013548909869, 0.9196901087304727, 0.9215711192140752, 0.9183328465273458, 0.9224746389783982, 0.9195759213195898, 0.9248064239546234, 0.9260599022619205, 0.9236364878361318, 0.9250910955333195, 0.9240032411856709, 0.9274219854146645, 0.927435985012657, 0.9284233845892929, 0.9295835453294892, 0.9288279831784976, 0.9286377284062286, 0.9289517810817772, 0.9290348835748519, 0.9289259725127356, 0.9288099320984164, 0.9287182790937243], "Valid": []}, "eer_val": {"Train": [0.14536340852037746, 0.1305764411027854, 0.12681704260692608, 0.12180451127631763, 0.11403508771929596, 0.10802005012531336, 0.11340852130189875, 0.11065162907267961, 0.14210526315746805, 0.15150375939849622, 0.14185463659157163, 0.14786967418356142, 0.14498746867095308, 0.14724310776942356, 0.1408521303257199, 0.14110275689223067, 0.14385964912280708, 0.14385964912280688, 0.14047619047675006, 0.13872180451205157, 0.1380952380952848, 0.13734335839633852, 0.13571428571425867, 0.1369674185467181, 0.13709273182939952, 0.13634085213058939, 0.13684210526315352, 0.13671679197974745, 0.1368421052630897, 0.1370927318295611], "Valid": []}, "thres": {"Train": [-0.4831415414807268, -0.40152800083162454, -0.34210774302514463, -0.2919637560825039, -0.23708570003509455, -0.1594653278589249, -0.09903751313640555, -0.10885591059923133, -0.16177697479722722, -0.17224253714084625, -0.18907886743545912, -0.20422892272439605, -0.19187881052461497, -0.2056761234998703, -0.20155355334281266, -0.1973359435796738, -0.20130117237567904, -0.197923257946968, -0.21386207640219498, -0.20235444605416836, -0.20012266933918904, -0.2010249048472925, -0.19972234964370003, -0.2012300342321907, -0.20125827193251677, -0.20122477412235956, -0.20024624466895974, -0.20112855732434404, -0.20219695568080495, -0.19955140352248918], "Valid": []}, "acc_val": {"Train": [0.8546365914786967, 0.8693609022556391, 0.8731829573934837, 0.8781954887218045, 0.8860275689223057, 0.8920426065162907, 0.8865914786967418, 0.8894110275689223, 0.8579573934837093, 0.8485588972431077, 0.8582706766917293, 0.8520050125313283, 0.8550125313283208, 0.8526942355889724, 0.8592105263157894, 0.8589598997493735, 0.856140350877193, 0.856203007518797, 0.8594611528822055, 0.8614661654135338, 0.861904761904762, 0.86265664160401, 0.8643483709273183, 0.8630952380952381, 0.8629072681704261, 0.8636591478696742, 0.8632205513784461, 0.8632832080200501, 0.8631578947368421, 0.86296992481203], "Valid": []}, "f1_val": {"Train": [0.854618373229728, 0.86935271633561, 0.8731829573934837, 0.8781802230855997, 0.8860204273450717, 0.8920358418447272, 0.8865772653214689, 0.8894040980011279, 0.8579484930133467, 0.8485494078576353, 0.8582884350332038, 0.8519679117573327, 0.8549943601955132, 0.8526665413298239, 0.8592017043674415, 0.8589510620966225, 0.856140350877193, 0.8561939971176139, 0.8594523466382606, 0.8614922007141514, 0.861904761904762, 0.86265664160401, 0.8643398709192305, 0.8631038155504042, 0.8628900864770022, 0.8636591478696742, 0.8632119807005452, 0.8632660734427873, 0.8631407444541923, 0.8629613384297262], "Valid": []}}