{"window_size":{"0":125,"1":250,"2":500,"3":750,"4":1000,"5":125,"6":250,"7":500,"8":750,"9":1000,"10":125,"11":250,"12":500,"13":750,"14":1000,"15":125,"16":250,"17":500,"18":750,"19":1000},"step_width":{"0":62,"1":125,"2":250,"3":375,"4":500,"5":62,"6":125,"7":250,"8":375,"9":500,"10":62,"11":125,"12":250,"13":375,"14":500,"15":62,"16":125,"17":250,"18":375,"19":500},"Mean_EER":{"0":0.1450576986,"1":0.1102528277,"2":0.0793172691,"3":0.1187272727,"4":0.0497289973,"5":0.1832377184,"6":0.191590153,"7":0.1176572959,"8":0.1159393939,"9":0.1024932249,"10":0.2420639631,"11":0.1680439122,"12":0.0995983936,"13":0.1228888889,"14":0.1101626016,"15":0.1676722717,"16":0.1247305389,"17":0.0610307898,"18":0.0463434343,"19":0.1011382114},"median_nu":{"0":0.0561663265,"1":0.0388367347,"2":0.0673795918,"3":0.0429142857,"4":0.0357785714,"5":0.0245653061,"6":0.0367979592,"7":0.0357785714,"8":0.0439336735,"9":0.0439336735,"10":0.0449530612,"11":0.0347591837,"12":0.0337397959,"13":0.0480112245,"14":0.0347591837,"15":0.0704377551,"16":0.0449530612,"17":0.0592244898,"18":0.0439336735,"19":0.0571857143},"median_gamma":{"0":0.6551285569,"1":1.1513953993,"2":0.6551285569,"3":0.9032619781,"4":0.0083717336,"5":0.0126485522,"6":0.1206792641,"7":2.0235896477,"8":0.6551285569,"9":0.0018278316,"10":0.0686648845,"11":0.1206792641,"12":0.0686648845,"13":0.1663871764,"14":0.0008774524,"15":0.6551285569,"16":1.1513953993,"17":2.0235896477,"18":1.5874925235,"19":0.6551285569},"Gini_coef":{"0":0.6081795315,"1":0.7281723761,"2":0.7886300985,"3":0.753167716,"4":0.9025552528,"5":0.5838383475,"6":0.5830014971,"7":0.6508704062,"8":0.7112098507,"9":0.7732181679,"10":0.5145777148,"11":0.5586468878,"12":0.7184557945,"13":0.6561765942,"14":0.7237529042,"15":0.6106085931,"16":0.7142636155,"17":0.7972289245,"18":0.8645355032,"19":0.768149339},"scnn_archi_name":{"0":"SCNN_3_1_conv_1_dense_arg_dict_default","1":"SCNN_3_1_conv_1_dense_arg_dict_default","2":"SCNN_3_1_conv_1_dense_arg_dict_default","3":"SCNN_3_1_conv_1_dense_arg_dict_default","4":"SCNN_3_1_conv_1_dense_arg_dict_default","5":"SCNN_3_2_conv_1_dense_arg_dict_default","6":"SCNN_3_2_conv_1_dense_arg_dict_default","7":"SCNN_3_2_conv_1_dense_arg_dict_default","8":"SCNN_3_2_conv_1_dense_arg_dict_default","9":"SCNN_3_2_conv_1_dense_arg_dict_default","10":"SCNN_1_3_conv_1_dense_arg_dict_default","11":"SCNN_1_3_conv_1_dense_arg_dict_default","12":"SCNN_1_3_conv_1_dense_arg_dict_default","13":"SCNN_1_3_conv_1_dense_arg_dict_default","14":"SCNN_1_3_conv_1_dense_arg_dict_default","15":"SCNN_3_123_conv_1_dense_arg_dict_default","16":"SCNN_3_123_conv_1_dense_arg_dict_default","17":"SCNN_3_123_conv_1_dense_arg_dict_default","18":"SCNN_3_123_conv_1_dense_arg_dict_default","19":"SCNN_3_123_conv_1_dense_arg_dict_default"},"cut_off_freq":{"0":33,"1":33,"2":33,"3":33,"4":33,"5":33,"6":33,"7":33,"8":33,"9":33,"10":33,"11":33,"12":33,"13":33,"14":33,"15":33,"16":33,"17":33,"18":33,"19":33}}