{"('', 'scnn_archi_name')":{"0":"SCNN_3_123_conv_1_dense_arg_dict_default","1":"SCNN_3_1_conv_1_dense_arg_dict_default","2":"SCNN_3_2_conv_1_dense_arg_dict_default","3":"SCNN_1_3_conv_1_dense_arg_dict_default"},"('', 'cut_off_freq')":{"0":33,"1":33,"2":33,"3":33},"('Window Size', 125)":{"0":0.1676722717,"1":0.1450576986,"2":0.1832377184,"3":0.2420639631},"('Window Size', 250)":{"0":0.1247305389,"1":0.1102528277,"2":0.191590153,"3":0.1680439122},"('Window Size', 500)":{"0":0.0610307898,"1":0.0793172691,"2":0.1176572959,"3":0.0995983936},"('Window Size', 750)":{"0":0.0463434343,"1":0.1187272727,"2":0.1159393939,"3":0.1228888889},"('Window Size', 1000)":{"0":0.1011382114,"1":0.0497289973,"2":0.1024932249,"3":0.1101626016},"('', 'mean')":{"0":0.1001830492,"1":0.1006168131,"2":0.1421835572,"3":0.1485515519},"('', 'var')":{"0":0.0023974726,"1":0.0013597686,"2":0.001748018,"3":0.0034133047}}