{"('', 'scnn_archi_name')":{"0":"SCNN_3_2_conv_1_dense_arg_dict_default","1":"SCNN_3_1_conv_1_dense_arg_dict_default","2":"SCNN_3_123_conv_1_dense_arg_dict_default","3":"SCNN_1_3_conv_1_dense_arg_dict_default"},"('', 'cut_off_freq')":{"0":33,"1":33,"2":33,"3":33},"('', 'SMA_winsize')":{"0":20,"1":20,"2":20,"3":20},"('Window Size', 125)":{"0":0.1480547313,"1":0.1417804154,"2":0.1421002308,"3":0.149096604},"('Window Size', 250)":{"0":0.1024683965,"1":0.1007651364,"2":0.1063073852,"3":0.1096872921},"('Window Size', 500)":{"0":0.0723427041,"1":0.0758232932,"2":0.0744042838,"3":0.0736813922},"('Window Size', 750)":{"0":0.064989899,"1":0.0669292929,"2":0.0675757576,"3":0.1006666667},"('Window Size', 1000)":{"0":0.0546341463,"1":0.0664498645,"2":0.0614092141,"3":0.0538482385},"('', 'mean')":{"0":0.0884979755,"1":0.0903496005,"2":0.0903593743,"3":0.0973960387},"('', 'var')":{"0":0.0014256403,"1":0.0010210835,"2":0.0011358063,"3":0.0013233789}}