{"('', 'scnn_archi_name')":{"0":"SCNN_3_1_conv_1_dense_arg_dict_default","1":"SCNN_3_2_conv_1_dense_arg_dict_default","2":"SCNN_3_123_conv_1_dense_arg_dict_default","3":"SCNN_1_3_conv_1_dense_arg_dict_default"},"('', 'cut_off_freq')":{"0":33,"1":33,"2":33,"3":33},"('', 'EMA_span')":{"0":20,"1":20,"2":20,"3":20},"('Window Size', 125)":{"0":0.1436267722,"1":0.1310880317,"2":0.1416122651,"3":0.1209198813},"('Window Size', 250)":{"0":0.1017032601,"1":0.1065335995,"2":0.1047571524,"3":0.096154358},"('Window Size', 500)":{"0":0.0726639893,"1":0.0634270415,"2":0.0718741633,"3":0.0722222222},"('Window Size', 750)":{"0":0.0405454545,"1":0.0489494949,"2":0.0440606061,"3":0.0854949495},"('Window Size', 1000)":{"0":0.0265582656,"1":0.0422764228,"2":0.0335501355,"3":0.0498102981},"('', 'mean')":{"0":0.0770195483,"1":0.0784549181,"2":0.0791708645,"3":0.0849203418},"('', 'var')":{"0":0.0022353698,"1":0.0014909869,"2":0.0019802024,"3":0.0007041144}}