{"('', 'mean rank')":{"0":12,"1":5,"2":4,"3":11,"4":10,"5":1,"6":2,"7":3,"8":9,"9":8,"10":7,"11":6},"('', 'scnn_archi_name')":{"0":"SCNN_1_3_conv_1_dense_arg_dict_default","1":"SCNN_3_123_conv_1_dense_arg_dict_default","2":"SCNN_3_1_conv_1_dense_arg_dict_default","3":"SCNN_3_2_conv_1_dense_arg_dict_default","4":"SCNN_1_3_conv_1_dense_arg_dict_default","5":"SCNN_3_123_conv_1_dense_arg_dict_default","6":"SCNN_3_1_conv_1_dense_arg_dict_default","7":"SCNN_3_2_conv_1_dense_arg_dict_default","8":"SCNN_1_3_conv_1_dense_arg_dict_default","9":"SCNN_3_123_conv_1_dense_arg_dict_default","10":"SCNN_3_1_conv_1_dense_arg_dict_default","11":"SCNN_3_2_conv_1_dense_arg_dict_default"},"('', 'cut_off_freq')":{"0":33,"1":33,"2":33,"3":33,"4":33,"5":33,"6":33,"7":33,"8":33,"9":33,"10":33,"11":33},"('', 'EMA_span')":{"0":"-","1":"-","2":"-","3":"-","4":20,"5":20,"6":20,"7":20,"8":"-","9":"-","10":"-","11":"-"},"('', 'SMA_winsize')":{"0":"-","1":"-","2":"-","3":"-","4":"-","5":"-","6":"-","7":"-","8":20,"9":20,"10":20,"11":20},"('', 'type')":{"0":"Real","1":"Real","2":"Real","3":"Real","4":"Real","5":"Real","6":"Real","7":"Real","8":"Real","9":"Real","10":"Real","11":"Real"},"('Window Size', 125)":{"0":0.0,"1":27.0170802585,"2":31.2847369071,"3":16.8218849817,"4":25.9215474551,"5":28.0462819793,"6":28.3196302667,"7":27.1663251903,"8":22.9505566089,"9":19.9528193366,"10":19.1177965413,"11":27.8948973127},"('Window Size', 250)":{"0":0.0,"1":21.3243834265,"2":23.2663797217,"3":-13.592266159,"4":10.4273416738,"5":33.299173319,"6":22.7727676491,"7":24.9743799829,"8":16.6034706697,"9":21.3909954274,"10":26.1272802021,"11":18.4908109866},"('Window Size', 500)":{"0":0.0,"1":37.0254068238,"2":26.8178296102,"3":13.8942130989,"4":30.9041229856,"5":31.8706414912,"6":20.5864360955,"7":32.9024101619,"8":27.319440491,"9":24.6890420427,"10":25.0275274191,"11":19.3507605825},"('Window Size', 750)":{"0":0.0,"1":35.8993955755,"2":10.6371152875,"3":6.3711526686,"4":13.381504928,"5":48.7042312125,"6":52.5672201883,"7":34.1693879435,"8":0.8545820936,"9":37.0249426569,"10":43.0417564213,"11":26.7282707127},"('Window Size', 1000)":{"0":0.0,"1":17.0879675789,"2":46.289180955,"3":21.981799785,"4":8.412537893,"5":40.2932254434,"6":45.3488372115,"7":32.3154701395,"8":25.4297269439,"9":30.2224468818,"10":23.8220424468,"11":40.2527805809},"('', 'mean')":{"0":0.0,"1":27.5396859372,"2":27.8129389525,"3":9.1806983514,"4":19.1917851182,"5":34.6976627913,"6":31.9728688723,"7":29.514737815,"8":19.3589896392,"9":25.1465439408,"10":25.9259973147,"11":26.0485648953},"('', 'variance')":{"0":0.0,"1":40.7815726824,"2":47.8921502709,"3":17.5219707789,"4":52.7527758013,"5":28.647034492,"6":21.0324622962,"7":38.1288509557,"8":43.1218761472,"9":17.5132611033,"10":14.3197145555,"11":39.9359207986}}