{"roc_val": {"Train": [0.7403613042631642, 0.7046025072078692, 0.7093763701233032, 0.7415560831904322, 0.69076335104679, 0.8510394799655782, 0.8845845817551395, 0.9083923075231939, 0.8947356643488421, 0.9135797042732142, 0.8975711521912552, 0.9104825346574456, 0.9221853191876934, 0.9208092835472139, 0.9343867736383565, 0.9294598259433045, 0.9282442085790917, 0.938804278867595, 0.9424078209307731, 0.9415811694022023, 0.9424644396077914, 0.9423196776402157, 0.944091219590329, 0.9444626918172625, 0.9443768726327096, 0.9444863647213271, 0.9444203868066157, 0.9445034421894335, 0.9444257730793149, 0.9444164138416217], "Valid": []}, "eer_val": {"Train": [0.34097744360902266, 0.36766917293273194, 0.3532581453637152, 0.33320802004863365, 0.36203007518796954, 0.2299498746864378, 0.1894736842103056, 0.16954887218045386, 0.1796992481203244, 0.1620300751884029, 0.173558897242986, 0.16253132832084316, 0.14799498746867168, 0.15213032581554936, 0.13270676691728855, 0.14010025062672607, 0.1390977443607151, 0.1258145363416309, 0.12218045112781879, 0.12255639097809558, 0.12218045112778612, 0.1199248120298909, 0.12055137844611695, 0.11929824561403209, 0.11979949874696866, 0.1194235588972429, 0.1192982456128343, 0.11879699248120319, 0.11929824561555302, 0.11892230576441097], "Valid": []}, "thres": {"Train": [-0.07766670733690262, -0.004356436897071571, -0.000315066135954196, -5.3745287004813064e-05, -0.00023482285905629394, -0.0014436675701286112, -0.003252628725020409, -0.012054013088345604, -0.04200809448957737, -0.07371439784776833, -0.15877005457870436, -0.2001276761293527, -0.2319914847612381, -0.2227982729678486, -0.2757465541362741, -0.269907206297028, -0.27593827247611563, -0.2837611734867344, -0.3021406829357144, -0.30404174327871164, -0.31269224733113427, -0.31239712238308726, -0.31709492206573486, -0.3253790438175168, -0.3248820602894777, -0.32623821496963495, -0.3254624307151277, -0.3270477354526521, -0.3275411427022796, -0.32718520363171893], "Valid": []}, "acc_val": {"Train": [0.6590225563909774, 0.6323308270676692, 0.6466791979949875, 0.6668546365914787, 0.6380325814536341, 0.7700501253132832, 0.8102756892230576, 0.8303884711779449, 0.8202380952380952, 0.8380325814536341, 0.8264411027568922, 0.837468671679198, 0.8519423558897243, 0.8480576441102757, 0.8672305764411028, 0.8598370927318296, 0.8609649122807017, 0.8741228070175439, 0.8778822055137845, 0.8774436090225564, 0.8778822055137845, 0.8801378446115288, 0.8793859649122807, 0.880764411027569, 0.8801378446115288, 0.8806390977443609, 0.8806390977443609, 0.881140350877193, 0.880764411027569, 0.881077694235589], "Valid": []}, "f1_val": {"Train": [0.6590225563909774, 0.6323308270676692, 0.6466570587129519, 0.6668337615138793, 0.6380099003696973, 0.7700213059280611, 0.8102043374702268, 0.8303778432232595, 0.8202268312550912, 0.8380427291523088, 0.8264193507958391, 0.837468671679198, 0.8519145202732343, 0.8480861993359645, 0.8672056150905559, 0.859828310044489, 0.8609562002631744, 0.8741149194811705, 0.8778745535434551, 0.8774436090225564, 0.8778745535434551, 0.8801303339808257, 0.879378407168369, 0.8807569396578733, 0.8801303339808257, 0.8806316185224637, 0.8806166572664035, 0.8811329030641017, 0.8807718814610614, 0.881077694235589], "Valid": []}}