{"roc_val": {"Train": [0.7838279514482228, 0.7553964340894851, 0.8032990573023467, 0.8257559937663761, 0.8210443282389212, 0.8261123418453805, 0.836657682914673, 0.8477467421216393, 0.8353160991968557, 0.8427124304902882, 0.8437123846548189, 0.8371930456467875, 0.8490517299997152, 0.8405804959842789, 0.8434796463815789, 0.8435037380382775, 0.8358437415449134, 0.8528007683448678, 0.8491188860823934, 0.8372329625555366, 0.8456349218215994, 0.8534489468522158, 0.8517981005425496], "Valid": []}, "eer_val": {"Train": [0.2883074162670951, 0.31569976076481443, 0.27332535885166, 0.2509821428571436, 0.2522619047618122, 0.25014952153131875, 0.2400717703360259, 0.227272727272167, 0.24037081339611113, 0.2343002392355262, 0.2328050239244935, 0.2392344497608208, 0.22773809523817085, 0.2350892857141069, 0.23193779904239287, 0.23193779904263923, 0.23866626794172033, 0.2259226190477159, 0.2251794258360533, 0.23833333333333093, 0.23127990430716797, 0.22305622009660336, 0.22592703349229082], "Valid": []}, "thres": {"Train": [-0.06936684250825671, -0.041562765836641084, -0.16010405123233312, -0.1904514157346317, -0.21754920624547192, -0.21717128157617854, -0.20737615227721007, -0.1928900033234291, -0.21332898735977665, -0.18457822501674143, -0.20748892426508392, -0.20028455555440475, -0.1880808451346079, -0.18171467663982427, -0.20734505355327573, -0.1742401719093091, -0.18620082736009555, -0.18854497312082216, -0.17110395431507, -0.2091266949971509, -0.18439835310002053, -0.18841139972214915, -0.18819296360007384], "Valid": []}, "acc_val": {"Train": [0.7116945107398568, 0.6843078758949881, 0.7266855608591886, 0.7490304295942721, 0.7477476133651552, 0.7498508353221957, 0.7599194510739857, 0.7727177804295943, 0.7596360381861575, 0.765692124105012, 0.7671837708830549, 0.7607547732696898, 0.7722702863961813, 0.7649164677804295, 0.7680638424821002, 0.7680638424821002, 0.761321599045346, 0.7740900954653938, 0.7748060859188545, 0.7616795942720763, 0.7687052505966587, 0.7769391408114559, 0.7740751789976134], "Valid": []}, "f1_val": {"Train": [0.7121753633547772, 0.6848156311431466, 0.7271535998808727, 0.7494751261930643, 0.7481945830045117, 0.7502977963073257, 0.7603519899941931, 0.7731272613570376, 0.7600655151876117, 0.7661177451535094, 0.7676066823501385, 0.7611858072393205, 0.7726873427333503, 0.7653434978112622, 0.768481708134185, 0.768481708134185, 0.7617445167438466, 0.7745038190670458, 0.775211804469856, 0.7621089620464258, 0.7691253982907001, 0.777350961824787, 0.7744855721985647], "Valid": []}}