{"roc_val": {"Train": [0.7521711625555115, 0.7745160206280111, 0.7827836587081738, 0.786864247083875, 0.7653169106977973, 0.7585322328377334, 0.7580934243503494, 0.7530992895773267, 0.7700406482999478, 0.7812664257762201, 0.7964821907525707, 0.791556130300689, 0.8104994236845247, 0.8081413354815611, 0.8059962091946659, 0.8213089663381511, 0.8193763465681748, 0.823680771477566, 0.8236581192957331, 0.8240218340337057, 0.8361089283358772, 0.8380593243761033, 0.8396403445958254, 0.8409815971633344, 0.8402111481711798, 0.84053607546435, 0.8404882349985239, 0.8404376542860912, 0.8403911564625851, 0.8404169336247889], "Valid": []}, "eer_val": {"Train": [0.32393483709273946, 0.3026315789482185, 0.2921052631578948, 0.2875939849634608, 0.30112781954891327, 0.31140350877189227, 0.3155388471177964, 0.31716791979898323, 0.300751879699472, 0.2885964912282591, 0.2788220551378184, 0.2845864661658191, 0.2675438596491291, 0.2667919799498761, 0.2661654135345282, 0.25639097744360906, 0.2571428571428572, 0.2530075187967634, 0.2508771929824619, 0.2511278195490469, 0.23684210526315783, 0.23383458646641883, 0.23358395989949504, 0.23270676691729275, 0.2318295739348377, 0.23170426065232247, 0.23182957393513653, 0.23182957393483683, 0.23157894736847584, 0.23157894736842102], "Valid": []}, "thres": {"Train": [-0.22793690115213794, -0.1994504183532622, -0.15159699320793152, -0.08922220766546989, -0.0326916780322792, -0.01299593970179506, -0.02283011563122274, -0.03685723245142395, -0.06125197187066918, -0.08597284555435787, -0.11851723492145345, -0.14168705046186067, -0.17363654077053167, -0.20287254452705414, -0.2134986966850638, -0.20829278975725174, -0.19492827355861664, -0.20872181653968164, -0.21505291759968065, -0.209672018885616, -0.2143290638923645, -0.20140029489996336, -0.1965065449476236, -0.20425693690776797, -0.2041823118925096, -0.20699933171303783, -0.2090606292089871, -0.21017035841941822, -0.21119239926340522, -0.21107201278209686], "Valid": []}, "acc_val": {"Train": [0.6760651629072681, 0.6973684210526315, 0.7078320802005013, 0.712531328320802, 0.6989348370927319, 0.6886591478696742, 0.6843984962406015, 0.6828320802005012, 0.6992481203007519, 0.7113408521303258, 0.7212406015037593, 0.7156015037593985, 0.7323934837092732, 0.7331453634085213, 0.7337719298245614, 0.7436090225563909, 0.7429197994987469, 0.7469924812030075, 0.7490601503759399, 0.7488095238095238, 0.7631578947368421, 0.7661654135338346, 0.7663533834586466, 0.7673558897243108, 0.7681077694235589, 0.7682957393483709, 0.768170426065163, 0.7682330827067669, 0.7683583959899749, 0.768483709273183], "Valid": []}, "f1_val": {"Train": [0.6760651629072681, 0.6973684210526315, 0.7078137727927815, 0.7125673474501942, 0.6989159721787079, 0.6886396390751301, 0.6843787204712074, 0.6827923298658981, 0.6992481203007519, 0.7113227645842473, 0.7212231342815967, 0.7156549520766775, 0.7323767153330408, 0.7331286421454979, 0.7337552478225453, 0.7436090225563909, 0.7429036907074378, 0.7469607720265697, 0.7490444263425027, 0.7487937840716837, 0.7631578947368421, 0.7661654135338346, 0.7663094566647867, 0.7673413121122877, 0.7680932389247446, 0.7682957393483709, 0.7681704260651628, 0.768218560060154, 0.7683438811955635, 0.768469202330973], "Valid": []}}