{"roc_val": {"Train": [0.7003173268383992, 0.7102125300720474, 0.7017107540153642, 0.7070381467453094, 0.7029314435838971, 0.7371317940842079, 0.7659082543451361, 0.7992822045715795, 0.8154799357416097, 0.8027968731352191, 0.8129931815754927, 0.8216145627225959, 0.7887616126783124, 0.7864501636296254, 0.8349710193403307, 0.8380412026306368, 0.8414010511868644, 0.8459199062819958, 0.8538962223855378, 0.8552970851313749, 0.8578281543457641, 0.8562457129666271, 0.8600244031130457, 0.8614088793412101, 0.86153670517145], "Valid": []}, "eer_val": {"Train": [0.3710526315789495, 0.3570175438594411, 0.3626566416040136, 0.35263157894736846, 0.3617794486203439, 0.32543859649034435, 0.3149122807017543, 0.2776942355889727, 0.260776942355918, 0.2764411027568968, 0.2694235588973402, 0.26090225563909836, 0.28646616541402103, 0.2931077694237671, 0.24135338345864654, 0.2428571428570447, 0.23897243107717425, 0.2275689223061201, 0.21729323308262086, 0.21641604010023224, 0.21766917293256588, 0.2175438596487144, 0.21328320801965817, 0.21152882205512213, 0.21140350877224426], "Valid": []}, "thres": {"Train": [-0.050885152071714415, -0.002605410758405334, -0.00015341272228397613, -3.180991916451603e-05, -3.891224696409069e-05, -2.292129829580392e-05, -0.0004429653927218169, -0.004240396898239853, -0.012176346033811694, -0.019789349287748528, -0.06667824834585737, -0.07194769382476807, -0.0835840702057457, -0.13478077948095754, -0.12215352058410645, -0.11419460922479154, -0.10072040557854595, -0.1135676801204907, -0.12828065454958384, -0.13758552074432184, -0.151483848691036, -0.154555290937398, -0.14510260522334412, -0.1484425216913212, -0.1534919440746834], "Valid": []}, "acc_val": {"Train": [0.6288847117794486, 0.6429824561403509, 0.63734335839599, 0.6474310776942356, 0.6382832080200501, 0.6743734335839598, 0.6851503759398496, 0.7222431077694236, 0.7393483709273183, 0.7234962406015037, 0.7305137844611529, 0.7390350877192983, 0.7135338345864661, 0.7068295739348371, 0.7587092731829574, 0.7570175438596491, 0.7610275689223057, 0.7724310776942356, 0.7827694235588972, 0.7836466165413534, 0.7823308270676692, 0.7825187969924812, 0.7867167919799499, 0.7883458646616541, 0.7885964912280702], "Valid": []}, "f1_val": {"Train": [0.6288614574848048, 0.6429377114926684, 0.63734335839599, 0.6474089855254088, 0.6382605426405163, 0.6742713882795361, 0.6851306472836645, 0.7222257033648726, 0.739381029946122, 0.7234789147189674, 0.7304968983018986, 0.7390187355097437, 0.7135338345864661, 0.7068112037095057, 0.7586941537690332, 0.75695663073452, 0.7609976187492168, 0.7724310776942356, 0.7827558117676545, 0.783633059715521, 0.7823308270676692, 0.7825051694968357, 0.7866900614112046, 0.7882928052143394, 0.7885964912280703], "Valid": []}}