{"roc_val": {"Train": [0.8505403703494324], "Valid": []}, "eer_val": {"Train": [0.22180451127645912], "Valid": []}, "thres": {"Train": [-0.034274525940337856], "Valid": []}, "acc_val": {"Train": [0.7782581453634085], "Valid": []}, "f1_val": {"Train": [0.778244250892913], "Valid": []}}