{"roc_val": {"Train": [0.7792945788657105, 0.7855491485606246, 0.7553478464331254, 0.7343022970961237, 0.7705526896815975, 0.8377858022248603, 0.8442570005841671, 0.85742608400701, 0.8703472811100432, 0.8745899915829675, 0.8827942899228021, 0.8912438128529344, 0.8903125922575864, 0.8934949136626025, 0.8942782551617138, 0.9015276128918788, 0.9022870851941885, 0.9027469676698011, 0.903699364325601, 0.9034945524839668, 0.9036257859561183, 0.9036601685919059, 0.9035845723330884, 0.9034838820107913, 0.9034911055835076, 0.9034915531309476, 0.9034468612006206, 0.9034454321894962, 0.9034836700146356, 0.9034263054252171], "Valid": []}, "eer_val": {"Train": [0.2947368421052632, 0.28947368421015923, 0.3165413533834586, 0.3353383458655032, 0.306140350877941, 0.23583959899749407, 0.23082706766918162, 0.21604010025062328, 0.20350877192957745, 0.20325814536383555, 0.191353383458378, 0.18107769423560305, 0.18157894736842112, 0.17756892230576435, 0.18082706766908252, 0.17042606516290726, 0.17167919799498735, 0.16917293233077202, 0.16867167919908405, 0.16867167919737033, 0.16854636591478708, 0.16954887218022907, 0.16967418546365926, 0.16992481202999685, 0.16992481203008197, 0.16992481203006873, 0.16992481203007517, 0.16967418546369825, 0.16967418546360824, 0.16979949874842792], "Valid": []}, "thres": {"Train": [-0.25450775027275085, -0.1536892503499825, -0.08253264427185059, -0.04903306066993469, -0.03787973895671463, -0.03242586553096772, -0.05818104371428538, -0.10108894854784005, -0.144286885857564, -0.2121463567019846, -0.2517038583754497, -0.28724186867476625, -0.3351705372333527, -0.3503832370042801, -0.37498828768729003, -0.35944533348083496, -0.3515246212482452, -0.35765469074247824, -0.36291465163252523, -0.3682632148260241, -0.37201497952143353, -0.3758959770202429, -0.3774697035551072, -0.3785535246133301, -0.38005992770195535, -0.38050019741058005, -0.3800757825374603, -0.3804014027118743, -0.3809732869267399, -0.3804261982441602], "Valid": []}, "acc_val": {"Train": [0.7052005012531328, 0.7105889724310777, 0.6833959899749373, 0.6647243107769424, 0.693922305764411, 0.7642230576441102, 0.7691102756892231, 0.7840225563909774, 0.7964912280701755, 0.7967418546365915, 0.8086466165413534, 0.8188596491228071, 0.818358395989975, 0.8224310776942356, 0.8191729323308271, 0.8295112781954888, 0.8283834586466166, 0.8308270676691729, 0.831328320802005, 0.831265664160401, 0.8315789473684211, 0.8305137844611529, 0.8303884711779449, 0.8300751879699249, 0.8300125313283208, 0.8301378446115288, 0.8301378446115288, 0.8303258145363408, 0.8303258145363408, 0.8302005012531328], "Valid": []}, "f1_val": {"Train": [0.7051820289491822, 0.7105708377717901, 0.6834158260760603, 0.6647453167094792, 0.6939414823632605, 0.7642082837270506, 0.7690958080080206, 0.7840090231217495, 0.7964657225216193, 0.7967418546365915, 0.8086466165413534, 0.8188709980577658, 0.8183470142239488, 0.8224310776942356, 0.8191502694573255, 0.8294792254183118, 0.8283727050567078, 0.8308058653966662, 0.831328320802005, 0.8312339412170207, 0.8315578393282367, 0.830503164358669, 0.8303778432232595, 0.8300751879699249, 0.8300018798170311, 0.8301272009524405, 0.8301272009524405, 0.8303258145363408, 0.8303258145363408, 0.8302005012531328], "Valid": []}}