{"roc_val": {"Train": [0.6937998426517422, 0.7137911351059353, 0.7590950590762621, 0.7380106987393296, 0.787592179069227, 0.8174129952073166, 0.818766394369382, 0.8231438951388497, 0.8285023178246368, 0.8398298456039849, 0.8579231600304018, 0.8652855352667381, 0.873071525932626, 0.8902679474375162, 0.8858640178139584, 0.8989370591265131, 0.9082413898153906, 0.9041630627320181, 0.9170827051965753, 0.9241243930628575, 0.9265909604839165, 0.9275230604707256, 0.9277058404155754, 0.9278786094308453, 0.9278717548884743, 0.9277783116940221, 0.9279508765648458, 0.9280757501523234, 0.9281910053956947, 0.9282211009981093], "Valid": []}, "eer_val": {"Train": [0.37243107769374817, 0.35689223057645225, 0.313909774437221, 0.3296992481202996, 0.28634085213032284, 0.2533834586478782, 0.25626566416072494, 0.25087719298232086, 0.2411027568919771, 0.2320802005000117, 0.2196741854627044, 0.20914786967430066, 0.20676691729351143, 0.18483709273167986, 0.19273182957393475, 0.17080200501253143, 0.16190476190476186, 0.16779448621553877, 0.15250626566416714, 0.14398496240598246, 0.13909774436132566, 0.13784461152882208, 0.13796992481202994, 0.1374686716791875, 0.1370927318304641, 0.13759398496248354, 0.13734335839676654, 0.136967418546366, 0.13696741854636593, 0.13671679197861997], "Valid": []}, "thres": {"Train": [-0.09290473908183032, -0.02405335940420644, -0.008982525207115316, -0.006525240372866373, -0.0073170717805624, -0.008613386191433361, -0.01319276914000535, -0.027175612747668138, -0.04343051835894056, -0.044180739670941487, -0.05588287860150692, -0.05334754101932956, -0.07638669759037539, -0.10837964713572497, -0.12663470208644861, -0.21574378013610843, -0.23476047813892365, -0.3039633929729461, -0.2812306980292033, -0.281395882368074, -0.2883194684983262, -0.2963498532772064, -0.30082747340202326, -0.30432775616645613, -0.3075416386134549, -0.30893167853356807, -0.30917733907719086, -0.30904651681582135, -0.3098098933696747, -0.30949354171701343], "Valid": []}, "acc_val": {"Train": [0.6275689223057644, 0.6430451127819549, 0.6860275689223058, 0.6703634085213033, 0.7137218045112782, 0.7465538847117794, 0.743671679197995, 0.7491854636591478, 0.7587092731829574, 0.7678571428571429, 0.7802005012531328, 0.7908521303258146, 0.7931704260651629, 0.8152255639097744, 0.8073308270676691, 0.8291353383458646, 0.8381578947368421, 0.8322681704260652, 0.8474937343358396, 0.856077694235589, 0.8609649122807017, 0.8621553884711779, 0.8620927318295739, 0.862593984962406, 0.863032581453634, 0.862406015037594, 0.8627819548872181, 0.8630952380952381, 0.86296992481203, 0.8632832080200501], "Valid": []}, "f1_val": {"Train": [0.6275222458954756, 0.6430227457860768, 0.6860078952315308, 0.670342753305345, 0.7137038661570273, 0.7465380036343128, 0.7436556175198947, 0.7491697474779122, 0.7586336571607646, 0.7678134987779658, 0.7801453998495864, 0.7908521303258146, 0.793157466006642, 0.8152139858387116, 0.807318754307914, 0.8291246318691649, 0.8381477536186478, 0.832257660254402, 0.8474937343358396, 0.8560686759822045, 0.8609736232065661, 0.8621553884711779, 0.8620840904818597, 0.8625853750234977, 0.8630497431399573, 0.862406015037594, 0.8627991479764441, 0.8630866595651356, 0.8629613384297262, 0.8632660734427873], "Valid": []}}