{"roc_val": {"Train": [0.791244786464909, 0.8006758044861528, 0.8116885729360996, 0.815340685674085, 0.8436385763908519, 0.8856631553821899, 0.8859374784077989, 0.8849333468382736, 0.8858193965490168, 0.886316731678821, 0.8694945147957613, 0.8798617156927407, 0.8983249320041959, 0.8924979428521177, 0.890089996293993, 0.889307235821383, 0.8995850057474513, 0.9011525445820064, 0.9083334825158135, 0.907189033046275, 0.9078843490304709, 0.9107811822790057, 0.910298812507459, 0.9113414724153743, 0.9114320811427064, 0.9117471231336485, 0.9118168306103606, 0.9119464466303604, 0.9119528771804196, 0.91190045916797], "Valid": []}, "eer_val": {"Train": [0.2830827067674822, 0.2759398496233545, 0.26466165413535314, 0.2616541353380198, 0.23433583959899748, 0.18458646616541405, 0.18709273182957326, 0.1916040100250622, 0.18709273182957623, 0.1879699248120897, 0.20451127819545012, 0.19523809523809518, 0.1756892230576444, 0.18032581453709232, 0.18421052631588763, 0.18596491228135575, 0.17167919799584525, 0.1670426065161339, 0.15839598997446747, 0.16027568922305768, 0.15739348370927292, 0.1543859649122861, 0.1550125313279379, 0.1547619047617931, 0.154385964912281, 0.1538847117802054, 0.15401002506265657, 0.15413533834586382, 0.15426065162885222, 0.15438596491277293], "Valid": []}, "thres": {"Train": [-0.1379077732563408, -0.06994806230065378, -0.03541686013341003, -0.014510367065667452, -0.008378826547414064, -0.010021294467151167, -0.020334158092737132, -0.03954770788550376, -0.05428397345046218, -0.09589139372110532, -0.16514112800359054, -0.2450130134820938, -0.2577627673745156, -0.31141075491913156, -0.291283160448267, -0.28153750300410596, -0.2888474166398907, -0.33743724226937444, -0.32026034593569414, -0.3024884760379791, -0.3124148845672606, -0.31505206227302573, -0.33025851249676647, -0.3319393098352744, -0.33485157291094475, -0.33701992034964734, -0.33962475508451456, -0.3402408957481381, -0.34021606047937747, -0.34108117222789075], "Valid": []}, "acc_val": {"Train": [0.7168546365914787, 0.7241228070175438, 0.7352756892230576, 0.7384085213032582, 0.7656015037593985, 0.8153508771929825, 0.8129699248120301, 0.8084586466165413, 0.812907268170426, 0.8119674185463659, 0.7954887218045112, 0.8048245614035088, 0.8242481203007519, 0.8196741854636591, 0.8159147869674186, 0.8139724310776942, 0.8285087719298245, 0.8329573934837092, 0.8416040100250627, 0.8396616541353383, 0.8426691729323308, 0.8455513784461153, 0.8449874686716792, 0.8453007518796992, 0.8456140350877193, 0.8460526315789474, 0.8460526315789474, 0.8459273182957393, 0.8457393483709273, 0.8458646616541353], "Valid": []}, "f1_val": {"Train": [0.7168368945422646, 0.7241055203960148, 0.7352591014474592, 0.7383921298326962, 0.7656161894618132, 0.815339306974121, 0.8129582054013409, 0.8084466445265994, 0.812907268170426, 0.811955636318065, 0.7954887218045111, 0.8048123315997243, 0.8242591316333564, 0.819674185463659, 0.8159378523994487, 0.8139607744846169, 0.8285410010649628, 0.8329364582027823, 0.8415841584158416, 0.8396516072435617, 0.8426593144933894, 0.8455417006078075, 0.8449874686716792, 0.8452910583369886, 0.8456140350877194, 0.8460429851494454, 0.8460429851494454, 0.8459176640140358, 0.8457393483709273, 0.845903282385367], "Valid": []}}