{"optimizer_name": [{"best_val_loss": {"param": "Adamax", "value": 0.07818871736526489}, "best_roc_val": {"param": "Adamax", "value": 0.963552791389203}, "best_eer_val": {"param": "Adamax", "value": 0.09649453448929843}, "best_thres": {"param": "Nadam", "value": -0.3596996562776618}, "best_acc_val": {"param": "Adamax", "value": 0.9035667107001321}, "best_f1_val": {"param": "Adamax", "value": 0.9036757775683317}}], "optimizer_lr": [{"best_val_loss": {"param": 0.001, "value": 0.07669146358966827}, "best_roc_val": {"param": 0.0005, "value": 0.9632545651338391}, "best_eer_val": {"param": 0.0005, "value": 0.08956916099800014}, "best_thres": {"param": 0.1, "value": -0.4140379130840436}, "best_acc_val": {"param": 0.0005, "value": 0.9109265899226269}, "best_f1_val": {"param": 0.0005, "value": 0.9110776186887716}}], "batch_size": [{"best_val_loss": {"param": 128, "value": 0.07949912548065186}, "best_roc_val": {"param": 128, "value": 0.9591947848369151}, "best_eer_val": {"param": 128, "value": 0.10290237467034341}, "best_thres": {"param": 128, "value": -0.32948952858243197}, "best_acc_val": {"param": 128, "value": 0.8969616908850726}, "best_f1_val": {"param": 128, "value": 0.8970976253298153}}], "contrastive_loss_margin": [{"best_val_loss": {"param": 0.5, "value": 0.02297252230346203}, "best_roc_val": {"param": 1.3, "value": 0.9594665859810442}, "best_eer_val": {"param": 1.3, "value": 0.09724839803995483}, "best_thres": {"param": 1.5, "value": -0.555420588692153}, "best_acc_val": {"param": 1.3, "value": 0.9028118512926967}, "best_f1_val": {"param": 1.3, "value": 0.9029217719132895}}], "filters_streams": [{"best_val_loss": {"param": 128, "value": 0.14040355384349823}, "best_roc_val": {"param": 128, "value": 0.9610908399880452}, "best_eer_val": {"param": 128, "value": 0.10355253212366516}, "best_thres": {"param": 8, "value": -0.5386670862464603}, "best_acc_val": {"param": 128, "value": 0.8958294017739196}, "best_f1_val": {"param": 128, "value": 0.8958490566037735}}, {"best_val_loss": {"param": 256, "value": 0.13441559672355652}, "best_roc_val": {"param": 256, "value": 0.9715608821742039}, "best_eer_val": {"param": 256, "value": 0.08292499057665738}, "best_thres": {"param": 32, "value": -0.4352591841390802}, "best_acc_val": {"param": 256, "value": 0.9171541800339686}, "best_f1_val": {"param": 256, "value": 0.9172478793590952}}, {"best_val_loss": {"param": 256, "value": 0.11412563174962997}, "best_roc_val": {"param": 256, "value": 0.9711093048016207}, "best_eer_val": {"param": 256, "value": 0.07369614512367306}, "best_thres": {"param": 256, "value": -0.5213734507557162}, "best_acc_val": {"param": 256, "value": 0.9260237780713342}, "best_f1_val": {"param": 256, "value": 0.9260656356092041}}], "kernels_streams": [{"best_val_loss": {"param": 9, "value": 0.1097235307097435}, "best_roc_val": {"param": 9, "value": 0.9788634723479375}, "best_eer_val": {"param": 9, "value": 0.06784771956275915}, "best_thres": {"param": 5, "value": -0.5441916677756801}, "best_acc_val": {"param": 9, "value": 0.932251368182676}, "best_f1_val": {"param": 9, "value": 0.9323279924599435}}, {"best_val_loss": {"param": 5, "value": 0.11164283752441406}, "best_roc_val": {"param": 5, "value": 0.9778779795203252}, "best_eer_val": {"param": 5, "value": 0.0686015831134545}, "best_thres": {"param": 3, "value": -0.5297557711598547}, "best_acc_val": {"param": 5, "value": 0.9314965087752406}, "best_f1_val": {"param": 5, "value": 0.9315739868049011}}, {"best_val_loss": {"param": 9, "value": 0.1119501069188118}, "best_roc_val": {"param": 5, "value": 0.9771213381277459}, "best_eer_val": {"param": 9, "value": 0.06973237843948167}, "best_thres": {"param": 3, "value": -0.5540599226990324}, "best_acc_val": {"param": 9, "value": 0.9303642196640876}, "best_f1_val": {"param": 9, "value": 0.9304429783223374}}], "dense_layers": [{"best_val_loss": {"param": 32, "value": 0.11200963705778122}, "best_roc_val": {"param": 32, "value": 0.979559499806121}, "best_eer_val": {"param": 32, "value": 0.06916099773331615}, "best_thres": {"param": 16, "value": -0.5793221331837942}, "best_acc_val": {"param": 32, "value": 0.9309303642196641}, "best_f1_val": {"param": 32, "value": 0.9310214851111949}}], "input_dropout_streams": [{"best_val_loss": {"param": 0.1, "value": 0.11190832406282425}, "best_roc_val": {"param": 0.1, "value": 0.9797777384606311}, "best_eer_val": {"param": 0.1, "value": 0.06520919713525855}, "best_thres": {"param": 0.5, "value": -0.5845701694488031}, "best_acc_val": {"param": 0.1, "value": 0.9348933761086997}, "best_f1_val": {"param": 0.1, "value": 0.9349670122525918}}], "kernels_init_streams": [{"best_val_loss": {"param": "normal", "value": 0.1893780678510666}, "best_roc_val": {"param": "lecun_normal", "value": 0.9649511868617623}, "best_eer_val": {"param": "lecun_normal", "value": 0.10625444207625537}, "best_thres": {"param": "glorot_uniform", "value": -0.36124092340697517}, "best_acc_val": {"param": "lecun_normal", "value": 0.8937911403664829}, "best_f1_val": {"param": "lecun_normal", "value": 0.8936776491540516}}, {"best_val_loss": {"param": "glorot_uniform", "value": 0.18237827718257904}, "best_roc_val": {"param": "orthogonal", "value": 0.9663487235814414}, "best_eer_val": {"param": "orthogonal", "value": 0.09950248756268507}, "best_thres": {"param": "lecun_uniform", "value": -0.36440354585594936}, "best_acc_val": {"param": "orthogonal", "value": 0.900373599003736}, "best_f1_val": {"param": "orthogonal", "value": 0.9002493765586035}}, {"best_val_loss": {"param": "glorot_normal", "value": 0.17822080850601196}, "best_roc_val": {"param": "glorot_normal", "value": 0.9652336313242682}, "best_eer_val": {"param": "uniform", "value": 0.11435696473152315}, "best_thres": {"param": "glorot_normal", "value": -0.3731764695628047}, "best_acc_val": {"param": "uniform", "value": 0.8854296388542964}, "best_f1_val": {"param": "uniform", "value": 0.8853276353276353}}], "kernels_Max_Norm_constraint_streams": [{"best_val_loss": {"param": 5, "value": 0.11413584649562836}, "best_roc_val": {"param": 4, "value": 0.978487110386308}, "best_eer_val": {"param": 4, "value": 0.06764928193593088}, "best_thres": {"param": 5, "value": -0.534748013227156}, "best_acc_val": {"param": 4, "value": 0.9326287978863936}, "best_f1_val": {"param": 4, "value": 0.9327303561334086}}, {"best_val_loss": {"param": 5, "value": 0.11342956125736237}, "best_roc_val": {"param": 5, "value": 0.9777859546046503}, "best_eer_val": {"param": 5, "value": 0.06840513983217711}, "best_thres": {"param": 4, "value": -0.5050315856920726}, "best_acc_val": {"param": 5, "value": 0.9316852236270995}, "best_f1_val": {"param": 5, "value": 0.9317496229260935}}, {"best_val_loss": {"param": 5, "value": 0.11171874403953552}, "best_roc_val": {"param": 4, "value": 0.9794546540817607}, "best_eer_val": {"param": 5, "value": 0.06370147003392394}, "best_thres": {"param": 5, "value": -0.544211928636858}, "best_acc_val": {"param": 5, "value": 0.9364030949235704}, "best_f1_val": {"param": 5, "value": 0.9364750235626768}}], "strides_streams": [{"best_val_loss": {"param": 4, "value": 0.11078127473592758}, "best_roc_val": {"param": 4, "value": 0.9778165820920653}, "best_eer_val": {"param": 4, "value": 0.0627362055936416}, "best_thres": {"param": 2, "value": -0.5521637797386004}, "best_acc_val": {"param": 3, "value": 0.9371579543310059}, "best_f1_val": {"param": 3, "value": 0.9372290292177191}}, {"best_val_loss": {"param": 3, "value": 0.10936123877763748}, "best_roc_val": {"param": 3, "value": 0.9782687292783679}, "best_eer_val": {"param": 3, "value": 0.060686015831133075}, "best_thres": {"param": 1, "value": -0.5634424090397859}, "best_acc_val": {"param": 3, "value": 0.9396112474051708}, "best_f1_val": {"param": 3, "value": 0.9396681749622926}}, {"best_val_loss": {"param": 1, "value": 0.11068902164697647}, "best_roc_val": {"param": 1, "value": 0.9759920385627133}, "best_eer_val": {"param": 1, "value": 0.06727135298599292}, "best_thres": {"param": 2, "value": -0.6290621370627576},