{"roc_val": {"Train": [0.9522956435575152, 0.961557072505826, 0.961954800849241, 0.9762650831338999, 0.9865409136877281, 0.9909641742200113, 0.9928799834800032, 0.9938350732721528, 0.9946044779869474, 0.9964693060973236, 0.9964602452245903, 0.9955251851433095, 0.9977820805145697, 0.9969956061833782, 0.9977543325732879, 0.9969688161506522, 0.9970569280343717, 0.9982482365060521, 0.9989012945898581, 0.9987984686025843, 0.9986097449136625, 0.9985042650485864, 0.9988960339445104, 0.9988771741383535, 0.9989438822620461, 0.998882780258918, 0.998864768437384, 0.9989006978599381, 0.9989080470600059, 0.9988873028435751], "Valid": []}, "eer_val": {"Train": [0.10250626566415896, 0.08721804511278622, 0.08609022556391005, 0.06253132832080172, 0.04761904761904681, 0.03195488721852613, 0.02869674185463598, 0.031954887218051835, 0.026441102756895617, 0.02380952381103279, 0.025187969924815132, 0.024561403508671593, 0.018421052631395325, 0.02180451127745832, 0.019799498745821924, 0.02305764411082778, 0.023182957393483694, 0.01641604009848474, 0.012907268170426062, 0.013659147870423228, 0.014411027568943562, 0.01541353383473669, 0.012155388471399405, 0.01215538847117796, 0.012155388470913341, 0.011654135338117773, 0.012280701754384251, 0.011528822055139328, 0.011528822055150306, 0.011904761903786833], "Valid": []}, "thres": {"Train": [-0.47382286190986606, -0.5185089906056752, -0.45789274573326116, -0.4381382167339324, -0.43196502327918845, -0.36349159479267795, -0.3470162749290446, -0.349185287952432, -0.3641774654388466, -0.3773589432239701, -0.4005624130368324, -0.38155695796001343, -0.37839052081075886, -0.4211689829820028, -0.3853719234405493, -0.4754523634928423, -0.3731231987476348, -0.41971525549812555, -0.4094131290912628, -0.4013319015506915, -0.40102887153628763, -0.43093967437812963, -0.4098078310494419, -0.40622875094413763, -0.41019293069782325, -0.4070504307746366, -0.4070855081081388, -0.40561002492904985, -0.4059692323207924, -0.401565760369415], "Valid": []}, "acc_val": {"Train": [0.8975563909774437, 0.912781954887218, 0.9138471177944862, 0.937531328320802, 0.9524436090225564, 0.9680451127819549, 0.9713659147869674, 0.9680451127819549, 0.9734962406015037, 0.9761904761904762, 0.974874686716792, 0.9755012531328321, 0.9816416040100251, 0.9782581453634085, 0.9802005012531328, 0.9769423558897243, 0.9768796992481203, 0.9836466165413534, 0.9871553884711779, 0.9862781954887218, 0.9855263157894737, 0.9845864661654136, 0.9879072681704261, 0.9877819548872181, 0.9879072681704261, 0.9884085213032582, 0.9877819548872181, 0.9884711779448622, 0.9884085213032582, 0.9880952380952381], "Valid": []}, "f1_val": {"Train": [0.8975499718027444, 0.912781954887218, 0.9138417194059779, 0.9375274139983708, 0.9524406291120998, 0.9680451127819549, 0.9713641205589323, 0.9680451127819549, 0.9734979011340141, 0.9761904761904762, 0.9748731123503979, 0.9754997180274454, 0.9816404536625103, 0.9782567830064539, 0.9801980198019802, 0.9769423558897243, 0.9768782505169497, 0.983645591829062, 0.9871545836205277, 0.9862773356726612, 0.9855254088602042, 0.9845864661654136, 0.9879080258129189, 0.987781189297575, 0.9879065104329846, 0.9884077949746224, 0.987781189297575, 0.9884711779448622, 0.9884077949746224, 0.988093746083469], "Valid": []}}