{"roc_val": {"Train": [0.6421542360147096, 0.6349529403430604, 0.6229130400493018, 0.8927277379608867, 0.8912370987689218, 0.8970614017639477, 0.8949249542332578, 0.8949551004355778, 0.8971503276082158, 0.8973656581233088, 0.898086811466148, 0.8962557369823891, 0.8911979388041253, 0.8994378245809456, 0.8963985281708866, 0.9016961620495126, 0.9014430709187337, 0.9009580874003443, 0.9017401071950274, 0.9020094059989852, 0.9017567720121802, 0.9018655094642762, 0.9019132810095414, 0.9019359558740907, 0.9019458900313999, 0.9018761659788569, 0.9019215410079082, 0.9019562699913248], "Valid": []}, "eer_val": {"Train": [0.4099415204675786, 0.41441102756860826, 0.42472848788634265, 0.1710526315808723, 0.16950710108604855, 0.16428571428571465, 0.1671679197994988, 0.16862990810336684, 0.16390977443607896, 0.1658312447786158, 0.16604010025063515, 0.16758563074352498, 0.17439431913077855, 0.163324979114456, 0.16695906432584068, 0.1595655806174729, 0.16044277360037607, 0.16048454469522888, 0.15964912280701762, 0.15969089390186067, 0.159816207186179, 0.15998329156223826, 0.15981620718518957, 0.1598162071846275, 0.1597326649949529, 0.15973266499484148, 0.15985797827912268, 0.15969089390142016], "Valid": []}, "thres": {"Train": [-0.8028718829153023, -0.5383010506628308, -0.1790878772735582, -0.1332146376375488, -0.18608038127422333, -0.16823340952396398, -0.16950970391432443, -0.17304475108777387, -0.19361623749136364, -0.16229744255542777, -0.18748092651367462, -0.1627030372619628, -0.17430409789082618, -0.1772867590188986, -0.18652780353957618, -0.17656756937489362, -0.17006082832810737, -0.1768100187182706, -0.18129602074623108, -0.1804429441691953, -0.18196317553563962, -0.1810847371816633, -0.18142950534836436, -0.18104825913906097, -0.18074873089775417, -0.17892199754678292, -0.17978978157045955, -0.1807050257921219], "Valid": []}, "acc_val": {"Train": [0.5900584795321637, 0.5855889724310777, 0.5752715121136174, 0.8289264828738513, 0.8304720133667503, 0.8356934001670844, 0.8328529657477026, 0.831390977443609, 0.8360902255639098, 0.8341478696741854, 0.8339390142021721, 0.8324352548036759, 0.8256265664160402, 0.8366541353383459, 0.8330409356725146, 0.8404135338345865, 0.839578111946533, 0.8395363408521304, 0.8403508771929824, 0.8403091060985798, 0.8401837928153718, 0.8400375939849624, 0.8401629072681704, 0.8402046783625731, 0.8402673350041772, 0.8401629072681704, 0.8401211361737677, 0.8403299916457811], "Valid": []}, "f1_val": {"Train": [0.5900413551109069, 0.5855889724310777, 0.5752537699987468, 0.8289229098352097, 0.8304684726080327, 0.835689968462165, 0.8328494747175171, 0.8313874558783599, 0.8360902255639098, 0.8341444056893419, 0.8339355458551766, 0.8324317550491864, 0.825622924455398, 0.8366507236993254, 0.8330339613183508, 0.8404035340560185, 0.8395747613776394, 0.8395329894108063, 0.8403508771929823, 0.8403091060985798, 0.8401837928153718, 0.8400342530128031, 0.8401595689133023, 0.8402013408801354, 0.8402606625172312, 0.8401395358552839, 0.8401177969464693, 0.8403266567806345], "Valid": []}}