{"roc_val": {"Train": [0.7746153290494407, 0.7911357419237315, 0.7972795711082217, 0.8064380248867784, 0.8087455716358565, 0.8144531833970892, 0.8749402563426107, 0.8950579691710481, 0.9036470326819557, 0.9342414463476989, 0.9372333088359998, 0.9495003329124816, 0.9509246251593898, 0.9515502572220023, 0.9541051720780649, 0.9531328948938762, 0.9606222793826673, 0.9625457126525586], "Valid": []}, "eer_val": {"Train": [0.3130325814536341, 0.29724310776942575, 0.2929824561400984, 0.2809523809534686, 0.27807017543859663, 0.27192982456177606, 0.20689223057633246, 0.1820802005012536, 0.17255639097711664, 0.13258145363409113, 0.12857142857143056, 0.11604010025061653, 0.11165413533731186, 0.11365914786909825, 0.11177944862153569, 0.1126566416044055, 0.101629072681763, 0.09774436090287232], "Valid": []}, "thres": {"Train": [-0.1150522455573082, -0.056828994303941865, -0.02943967469035824, -0.014889114536361122, -0.00844220630824566, -0.010275516659022594, -0.01607709564268423, -0.029033862054348013, -0.05929823219775937, -0.09861851483583482, -0.1324988752603531, -0.24421729147433535, -0.21848663687696168, -0.29683360457400326, -0.31146180629729553, -0.34518224000997544, -0.35820633172992933, -0.3802444934847888], "Valid": []}, "acc_val": {"Train": [0.6869674185463659, 0.7026942355889725, 0.7070802005012531, 0.719047619047619, 0.7218671679197995, 0.7280701754385965, 0.7931077694235589, 0.8178571428571428, 0.8275062656641604, 0.8673558897243108, 0.8713659147869675, 0.8840225563909775, 0.8884085213032581, 0.8863408521303258, 0.8882832080200501, 0.887280701754386, 0.8983082706766917, 0.9022556390977443], "Valid": []}, "f1_val": {"Train": [0.686928186489535, 0.7026756062409925, 0.7070618459803246, 0.719047619047619, 0.721849739958644, 0.7280701754385965, 0.7930818398295526, 0.817845729682311, 0.8274954571088414, 0.8673475781690583, 0.8713578545021616, 0.8840152891785199, 0.8884015289178521, 0.8863266073442787, 0.8882762077824425, 0.8872736386991665, 0.8983018986152014, 0.9022556390977443], "Valid": []}}