{"roc_val": {"Train": [0.7802306204106758, 0.8068042678752018, 0.8492853531070785, 0.8416181038435688, 0.8677836351530455, 0.9060456828160628, 0.9120567710001821, 0.9486626261769713, 0.9240232159345731, 0.9057824699593595, 0.9348927927588394, 0.9382665780993837, 0.937495446008505, 0.9394824702734279, 0.9458177241348987, 0.9685314005565292, 0.96423456039849, 0.9718778069861369, 0.9785728497308434, 0.9793974284081131, 0.9796789828581479, 0.9826317438332673, 0.9831805861772224], "Valid": []}, "eer_val": {"Train": [0.30538847117794504, 0.2768170426064639, 0.23245614035087714, 0.2457393483709274, 0.21641604010015958, 0.16754385964912266, 0.16666666666666652, 0.11704260651595735, 0.13884711779470296, 0.1426065162907339, 0.1318295739348329, 0.11641604010024423, 0.1251879699248084, 0.1236842105263145, 0.10827067669168482, 0.07731829573934892, 0.07994987468588058, 0.07080200501253783, 0.06416040100250607, 0.05889724310669157, 0.05714285714347653, 0.052130325814531156, 0.05200501253131811], "Valid": []}, "thres": {"Train": [-0.07226426899433137, -0.010188953951000881, -0.004534051287919283, -0.00326487934216857, -0.0022608096090451944, -0.0020222100429236885, -0.009080546908080578, -0.014198813587419251, -0.021407941356307025, -0.009188261814415665, -0.06799457967281301, -0.10337241739034099, -0.149074261387188, -0.24550355970859494, -0.20314233005045076, -0.22862721979618092, -0.15905365347789138, -0.19883745412032494, -0.2430193573236461, -0.2238287776705209, -0.2473070621490625, -0.2557001560926432, -0.26538261771200705], "Valid": []}, "acc_val": {"Train": [0.6945488721804511, 0.7232456140350877, 0.7676065162907268, 0.7541979949874686, 0.7836466165413534, 0.8325187969924812, 0.8333959899749374, 0.8830200501253133, 0.8611528822055138, 0.8573308270676692, 0.8682330827067669, 0.8836466165413533, 0.8748120300751879, 0.8763157894736842, 0.8917919799498747, 0.9226190476190477, 0.9199248120300751, 0.9292606516290727, 0.9359022556390978, 0.9411027568922306, 0.9428571428571428, 0.9479323308270676, 0.9480576441102757], "Valid": []}, "f1_val": {"Train": [0.694529732439376, 0.7232282724481484, 0.7675919543831067, 0.7541825928942916, 0.783633059715521, 0.832508302525221, 0.8333855504730874, 0.8830127200952439, 0.8611528822055138, 0.8573218873362993, 0.8682248261169248, 0.8836393257722915, 0.8748120300751879, 0.8763157894736842, 0.8917851995739081, 0.9226141988846419, 0.9199047380295814, 0.9292562190613448, 0.9358982392380476, 0.9410953753603208, 0.9428571428571428, 0.9479290682373582, 0.9480543893727678], "Valid": []}}