{"roc_val": {"Train": [0.6556166811138121, 0.6424085589914637, 0.6618458034183203, 0.6941200981777752, 0.7070268324319571, 0.8079230736615975, 0.8519120796979918, 0.8412245526095941, 0.822850390386995, 0.8126155143497842, 0.8667987873819889, 0.8590556277912826, 0.8725033212731076, 0.87709592747533, 0.8730130935107191, 0.8915544578865711, 0.8980381483156513, 0.9082143956382183, 0.9149121864812406, 0.9178657954409835, 0.9187906718550762, 0.9194690831087744, 0.9198192693513233, 0.9199915201537681, 0.9204714323402493, 0.9204879994472397, 0.9205064117059566, 0.9206400006909504, 0.9204098435311336, 0.9205678905911394], "Valid": []}, "eer_val": {"Train": [0.39962406015037605, 0.4125313283193846, 0.38922305764411225, 0.3692982456139909, 0.36578947368421716, 0.26604010025163216, 0.22431077694090917, 0.23934837092797906, 0.2469924812046342, 0.2604010025062657, 0.21340852130325697, 0.22180451127822645, 0.20714285714285713, 0.20125313283190113, 0.2061403508771926, 0.18659147869674186, 0.1776942355890003, 0.1681704260651914, 0.1595238095238686, 0.15626566416040102, 0.15388471177851198, 0.1508771929834006, 0.1508771929828143, 0.15037593985019537, 0.14999999999980945, 0.15025062656534938, 0.15012531328227663, 0.15000000000088062, 0.15062656641542232, 0.15037593984913314], "Valid": []}, "thres": {"Train": [-0.2309378981590272, -0.009155408479245803, -0.00021918448328506248, -6.758623688559221e-05, -5.963938235709481e-06, -0.0001276589464400392, -0.00351109029724862, -0.009219123050571926, -0.011451502330619567, -0.015395594527944924, -0.08413672819733609, -0.09110155701637346, -0.08992410078644753, -0.1386334449052605, -0.17462674528360353, -0.18050716817378998, -0.17821694165469068, -0.2130335867404953, -0.2511164844036192, -0.2702602744102478, -0.2941336035725102, -0.3175384402276752, -0.3247857689858285, -0.32973676919971046, -0.33326217532152275, -0.3331880569457513, -0.3353069722648437, -0.3363648951061276, -0.3368274867533847, -0.33682730793904886], "Valid": []}, "acc_val": {"Train": [0.60031328320802, 0.587468671679198, 0.6107142857142858, 0.630764411027569, 0.6342105263157894, 0.7340225563909775, 0.7756265664160401, 0.7606516290726817, 0.7530075187969925, 0.7396616541353384, 0.7866541353383458, 0.7782581453634085, 0.7929197994987469, 0.7988095238095239, 0.793859649122807, 0.8134085213032581, 0.8223684210526315, 0.831766917293233, 0.8404761904761905, 0.843671679197995, 0.8461152882205514, 0.8490601503759398, 0.8491228070175438, 0.849624060150376, 0.849874686716792, 0.849812030075188, 0.849874686716792, 0.850062656641604, 0.8494360902255639, 0.849561403508772], "Valid": []}, "f1_val": {"Train": [0.6002882386114419, 0.5874169695450557, 0.6106898928504293, 0.6307412745159471, 0.6342105263157894, 0.734039220600213, 0.7755843830293915, 0.7606516290726817, 0.7530075187969923, 0.7396453411867913, 0.7866407669653488, 0.7782720380928514, 0.792906823735823, 0.7987969171000688, 0.793859649122807, 0.8133851359819526, 0.8223572905570524, 0.831756375712764, 0.8404761904761906, 0.8436618835766652, 0.8460960020052638, 0.8490506923992732, 0.8491228070175438, 0.849624060150376, 0.849837051892705, 0.8498026192117301, 0.8498558716631156, 0.8500720506233945, 0.8494266558055016, 0.8495331202607006], "Valid": []}}