{"roc_val": {"Train": [0.7825208933989108, 0.7896060326254232, 0.7715837133560719, 0.8599429416272512, 0.7708997587954849, 0.8634103271964372, 0.8729213776923511, 0.9322987606861766, 0.8993225073963103, 0.9542523131136111, 0.9584791160231405, 0.9523214913851044, 0.9582331612238617, 0.9562382067323696, 0.9591091607464779, 0.9552264747080734, 0.9582171437365341, 0.9537971181085546, 0.9561459255909197, 0.9596499158296745, 0.9556616400022612, 0.9580587747564401, 0.9579074016494871, 0.9580081783405883, 0.957699464827482, 0.9580845597703532, 0.9582886099961684], "Valid": []}, "eer_val": {"Train": [0.29824561403367855, 0.29185463659177857, 0.3036340852130326, 0.22230576441106542, 0.3091478696747218, 0.22631578947431802, 0.2080200501252515, 0.13621553884646678, 0.18145363408521611, 0.10789473684203549, 0.09874686716891456, 0.1146616541364203, 0.1028822055136361, 0.10037593984864951, 0.09924812030102302, 0.10526315789473666, 0.10238095238128748, 0.11165413533835108, 0.10588972430992429, 0.10213032581385675, 0.10714285714285712, 0.10401002506287106, 0.10413533834498796, 0.10451127819548892, 0.10576441102649708, 0.10463659147730736, 0.10501253132821968], "Valid": []}, "thres": {"Train": [-0.05053114891026054, -0.0015551544493064532, -0.00034386881452519447, -1.3967372069601518e-05, -0.0001024759912979904, -0.0002767013793347415, -0.005604645702987211, -0.018919443711623365, -0.021268734708428477, -0.0837880969047526, -0.1338733583690269, -0.1685435324920389, -0.16141241788862193, -0.20914289355229818, -0.2079423069954881, -0.24118554592132563, -0.23731184005741734, -0.2789796590805071, -0.2616784572600411, -0.28447839617696413, -0.28871747851371765, -0.2824620604516433, -0.3000438511367566, -0.2923293113708496, -0.2884386181827665, -0.28725060820485193, -0.2870967984199508], "Valid": []}, "acc_val": {"Train": [0.7017543859649122, 0.7081453634085213, 0.6964285714285714, 0.7777568922305764, 0.6909774436090226, 0.7736842105263158, 0.7919799498746867, 0.8638471177944862, 0.818609022556391, 0.8921679197994987, 0.9011904761904762, 0.8854010025062656, 0.8971177944862155, 0.899624060150376, 0.9006892230576441, 0.8947994987468672, 0.8975563909774437, 0.8882832080200501, 0.8941729323308271, 0.8978696741854637, 0.8929197994987469, 0.8959273182957393, 0.8958646616541354, 0.8954260651629072, 0.894235588972431, 0.8954260651629072, 0.8949874686716792], "Valid": []}, "f1_val": {"Train": [0.7017170071437524, 0.7081453634085212, 0.6964095494705181, 0.7777708163648894, 0.6910161633880466, 0.7736842105263158, 0.791953878932197, 0.8638385863775926, 0.8185976564947679, 0.8921611629801366, 0.9011842847296196, 0.885408182444709, 0.897104900363454, 0.8996114801353553, 0.9006830001879816, 0.8947929068237358, 0.8975499718027444, 0.8882762077824425, 0.8941663011466884, 0.8978568742950246, 0.8929130897925937, 0.8959207970424212, 0.8958516104775035, 0.8954195125007832, 0.8942223336257678, 0.8954195125007832, 0.894974307557338], "Valid": []}}