{"roc_val": {"Train": [0.8308753949409865, 0.8365565464412912, 0.8466515913844762, 0.8670349668029723, 0.8812195824774971, 0.884196346128479, 0.9090800466077474, 0.9144462189307856, 0.9264996215476033, 0.9231998228654342, 0.9263550951313121, 0.9414960490197927, 0.931847436573891, 0.9310927538143606, 0.9345139634801288, 0.9360221983530254, 0.9444788035251035, 0.9493751059980778], "Valid": []}, "eer_val": {"Train": [0.25025062656490865, 0.2457393483702119, 0.2322055137844597, 0.21253132832080202, 0.19912280701833407, 0.1911027568921996, 0.16315789473791623, 0.15388471177863877, 0.13659147869674795, 0.14636591478666994, 0.1398496240607859, 0.11942355889786888, 0.13621553884706095, 0.13834586466242355, 0.13233082706767327, 0.12731829573905373, 0.118421052631579, 0.11228070175477303], "Valid": []}, "thres": {"Train": [-0.11020324379185079, -0.05620754882688627, -0.026955047932763848, -0.012896204367280006, -0.00929200928659291, -0.012139340862631109, -0.02185902930799362, -0.04723165184250448, -0.07389387488365187, -0.10237763822076482, -0.15172475576431915, -0.26723486185110523, -0.2519199550151656, -0.23799556493761462, -0.2568112015724197, -0.2845083177088774, -0.3315600752830506, -0.34148538112647386], "Valid": []}, "acc_val": {"Train": [0.7497493734335839, 0.7543233082706767, 0.7678571428571429, 0.787531328320802, 0.8008771929824562, 0.8089598997493734, 0.8369047619047619, 0.8461152882205514, 0.8633458646616541, 0.8536340852130326, 0.8600877192982456, 0.8805764411027569, 0.8637844611528822, 0.8616541353383459, 0.8676065162907268, 0.8725563909774436, 0.881516290726817, 0.887719298245614], "Valid": []}, "f1_val": {"Train": [0.7497180097756612, 0.7543079140297011, 0.7678425966539256, 0.7875180149132152, 0.8008771929824562, 0.8089479290682373, 0.8369149802643945, 0.8460960020052638, 0.8633373018359546, 0.8536157413209676, 0.860078952315308, 0.8805764411027568, 0.8637673893971676, 0.8616541353383459, 0.8675982204398771, 0.8725244422160943, 0.8815088664703303, 0.887719298245614], "Valid": []}}