{"roc_val": {"Train": [0.764769442403, 0.7286139769850691, 0.699463147216412, 0.6850265937399891, 0.6866259634047525, 0.7973308270676691, 0.8324057951897287, 0.8526089974309208, 0.8527223290054711, 0.9045268638387949, 0.9286547823192066, 0.936351451938116, 0.9451001407026336, 0.9357127310758098, 0.943981931646158, 0.9536793267630228, 0.9463557075646509, 0.9474285808506229, 0.9567536400525123, 0.9551674141494086, 0.9564197853656699, 0.9562537295620002, 0.9606266763399728, 0.9611557873380192, 0.9607974510210362, 0.9601129703959146, 0.9609650143529249, 0.9608660514067123, 0.961630077700517, 0.9612746151092016], "Valid": []}, "eer_val": {"Train": [0.32493734335837055, 0.3417293233089502, 0.3516290726817043, 0.3646616541350047, 0.3681704260658031, 0.27318295739420023, 0.22907268170541153, 0.22017543859508448, 0.21679197995168503, 0.17857142857097275, 0.1436090225562873, 0.12744360902435564, 0.11992481203007355, 0.13120300751878172, 0.11904761904774244, 0.10814536340819499, 0.11654135338338557, 0.11215538847155242, 0.10200501253132517, 0.10513784461152618, 0.10087719298241986, 0.10162907268170432, 0.09473684210526319, 0.09473684210444505, 0.09598997493734336, 0.09812030075187927, 0.09498746867167947, 0.09699248120298617, 0.09461152882205519, 0.094862155389394], "Valid": []}, "thres": {"Train": [-0.1168128997087406, -0.04175827279687562, -0.028288517147302628, -0.006580376066263907, -0.004681099671876265, -0.09072766453036331, -0.19154536724133425, -0.23348079621777973, -0.21962107718038051, -0.2210448086257021, -0.26507158577440015, -0.2087899297483515, -0.3096995055675498, -0.38312646746635276, -0.29634258151057585, -0.3784901201724172, -0.2602155506610729, -0.24301263689998945, -0.30372327566146456, -0.32715964317321233, -0.30764847993850236, -0.2872468233108521, -0.3008036613464356, -0.29510796070030954, -0.29996147751808167, -0.3156279921531675, -0.2967341244220735, -0.31071037054061607, -0.3111112415790558, -0.30536437034665903], "Valid": []}, "acc_val": {"Train": [0.675125313283208, 0.6582706766917293, 0.6483082706766917, 0.6353383458646616, 0.6321428571428571, 0.7268170426065163, 0.7711779448621554, 0.7796365914786968, 0.7831453634085213, 0.8214912280701754, 0.856390977443609, 0.8725563909774436, 0.8801378446115288, 0.868859649122807, 0.8809523809523809, 0.8918546365914787, 0.8835213032581454, 0.8879072681704261, 0.8980576441102757, 0.8949248120300752, 0.8991854636591479, 0.8983082706766917, 0.9053258145363409, 0.9053258145363409, 0.9040100250626566, 0.9019423558897243, 0.9049498746867168, 0.9030701754385965, 0.9053258145363409, 0.9051378446115288], "Valid": []}, "f1_val": {"Train": [0.6751049564509055, 0.6582706766917293, 0.6482862334732752, 0.6352926431883694, 0.632258064516129, 0.7268170426065161, 0.7712352793786018, 0.779567533688499, 0.7831317751738832, 0.8214800426091861, 0.856390977443609, 0.8725563909774436, 0.8801303339808257, 0.8688514317939721, 0.8809523809523809, 0.8918410828424616, 0.883514004636882, 0.8879142910845185, 0.8980512563443824, 0.8949182279591453, 0.8991791465630679, 0.8983018986152014, 0.9053198821981329, 0.9053198821981329, 0.9040100250626566, 0.9019362115420765, 0.9049439187919042, 0.903064101760762, 0.9053198821981329, 0.9051378446115288], "Valid": []}}