{"roc_val": {"Train": [0.8002729271661471, 0.8178015143679302, 0.9448699556256277, 0.9526241093544221, 0.9549137925920342, 0.9540403980921393, 0.951430023122412, 0.9542402267154939, 0.9552240380608998, 0.9508067666381215, 0.9369712972908462, 0.9388683906926882, 0.9419060844816023, 0.9403739708153704, 0.9419529234182644, 0.9417411820068132, 0.9416158704684294, 0.941586777267591, 0.941498395808513, 0.9415769757169309, 0.9416268192410852, 0.9416261474837191, 0.9416122342545308, 0.9415986769695053, 0.9415923319158381], "Valid": []}, "eer_val": {"Train": [0.2778613199665796, 0.2539264828738502, 0.12138680033326113, 0.1076023391817577, 0.10242272347536706, 0.10580618212141857, 0.10843776106931842, 0.10421888053469387, 0.10355054302422732, 0.11186299081166216, 0.1310359231402329, 0.13145363408521313, 0.12811194653292765, 0.1319966583116234, 0.1263575605689786, 0.12827903091061288, 0.1285714285714431, 0.12827903091060985, 0.12903091061029312, 0.12878028404344263, 0.12898913951565752, 0.12886382623224846, 0.12898913951385313, 0.12878028404225328, 0.12886382623343212], "Valid": []}, "thres": {"Train": [-0.21003049115339772, -0.10011399537324892, -0.10824619233581494, -0.1897324621678407, -0.19798363745212857, -0.18483640253515937, -0.1744030267000174, -0.1817315146327145, -0.19455598791440332, -0.16790750622804965, -0.1884739994999031, -0.18046608567237857, -0.19112680852405595, -0.18675501644606124, -0.19008937478075416, -0.19182729721069414, -0.1909856051206618, -0.19366854216371263, -0.19227236509339357, -0.19196215271949776, -0.19255288690333933, -0.19170707464218165, -0.19201488792873037, -0.19138114154311445, -0.19121298193969238], "Valid": []}, "acc_val": {"Train": [0.7221595655806182, 0.74609440267335, 0.8785923141186299, 0.8924185463659148, 0.8975563909774437, 0.8941729323308271, 0.8915831244778614, 0.8958020050125314, 0.8964494569757727, 0.8881370091896408, 0.8689640768588137, 0.868546365914787, 0.8719089390142022, 0.8679615705931495, 0.8736215538847117, 0.8717000835421888, 0.8714076858813701, 0.8717209690893901, 0.8709690893901421, 0.8711988304093568, 0.871031746031746, 0.8711152882205514, 0.871031746031746, 0.8712197159565581, 0.8711779448621554], "Valid": []}, "f1_val": {"Train": [0.7221537626099125, 0.7460890996052549, 0.8785847066441088, 0.8924207932165159, 0.8975542513419245, 0.8941663011466884, 0.8915808600847972, 0.895799828734936, 0.8964494569757727, 0.8881370091896409, 0.8689586031162538, 0.868546365914787, 0.8719062637064265, 0.8679505388921381, 0.873618914346582, 0.8716974038722612, 0.8714050001044299, 0.8717209690893901, 0.8709690893901421, 0.8711961402702647, 0.8710290524029324, 0.8711125963365985, 0.8710290524029324, 0.8712143364384477, 0.8711833256756192], "Valid": []}}