{"roc_val": {"Train": [0.7567254288603715, 0.7291762379005158, 0.7305906055866483, 0.7665268277209314, 0.7517600156406054, 0.6991682684153995, 0.699280178830535, 0.7185407440908035, 0.7505322281267076, 0.8031585150218906, 0.84961294998147, 0.8771357199389451, 0.8950347124075854, 0.8991624345952599, 0.9026529905591046, 0.9081867576208693, 0.9101576230676942, 0.9125925638029911, 0.9100482723098472, 0.912074751414878, 0.9258171352566881, 0.9248888590523929, 0.9278731132342133, 0.9279937468985748, 0.9275662213177053], "Valid": []}, "eer_val": {"Train": [0.3216791979941005, 0.3385964912281115, 0.34799498746867136, 0.306265664160401, 0.3225563909774359, 0.3744360902263151, 0.354594820384294, 0.34360902255589687, 0.31854636591477603, 0.27355889724277754, 0.2246867167922425, 0.20426065163013096, 0.18132832080200353, 0.17731829573925145, 0.17305764411027563, 0.1642857142852816, 0.16378446115273695, 0.16052631578949453, 0.1644110275689213, 0.16365914786981015, 0.14799498746869702, 0.14774436090074528, 0.14348370927373896, 0.14147869674185462, 0.14285714285714293], "Valid": []}, "thres": {"Train": [-0.039766453206491297, -0.0011566400062294057, -5.048417369835075e-05, -8.049131671820457e-05, -7.689119956921693e-05, -7.1946533353299055e-06, -2.2165325574974267e-07, -5.853331003870261e-06, -0.00022495058510684106, -0.0023435805924209565, -0.01592312753200558, -0.04820093512552943, -0.1113138496875762, -0.11872082948683173, -0.19889651238918302, -0.1989353150126382, -0.1704938709735556, -0.20225359499454776, -0.25247749686241133, -0.20481781661511864, -0.20645979046822166, -0.22850294411147398, -0.21536102890997935, -0.23615089058876038, -0.24519184231758118], "Valid": []}, "acc_val": {"Train": [0.6783208020050125, 0.6613408521303258, 0.6520676691729324, 0.693734335839599, 0.6775062656641604, 0.6255639097744361, 0.6451127819548872, 0.656328320802005, 0.6815162907268171, 0.7263784461152882, 0.775375939849624, 0.7958020050125313, 0.818734335839599, 0.8226817042606517, 0.8270050125313283, 0.8357769423558897, 0.8362155388471177, 0.8394110275689223, 0.8355889724310777, 0.8363408521303258, 0.8519423558897243, 0.8521929824561404, 0.8567669172932331, 0.8585839598997493, 0.8570802005012531], "Valid": []}, "f1_val": {"Train": [0.6782804862764757, 0.6613196315558619, 0.6520458675355598, 0.693734335839599, 0.6774860580236857, 0.6255639097744361, 0.6448012040637149, 0.6562637087171774, 0.6814963343567892, 0.7263270038227737, 0.7753900131570703, 0.7958147985715182, 0.8187229776301774, 0.8226594811379871, 0.8269941725672034, 0.8357666520458676, 0.8361950119062539, 0.8394009649727426, 0.8355683669632785, 0.8363408521303258, 0.8519330785136913, 0.8521651939587641, 0.8568028063142071, 0.8585750986903942, 0.8570712450654803], "Valid": []}}