{"roc_val": {"Train": [0.7405699084804742, 0.7082873694260715, 0.7232894108705347, 0.7043030901187806, 0.7399321141198862, 0.8825272375801659, 0.8915488046557496, 0.9030597483684147, 0.8984849969535367, 0.9301479419099128, 0.9140405917676395, 0.9249303553369639, 0.9429657005923329, 0.926289973052933, 0.9477732708965397, 0.9465761521598482, 0.9427696748136004, 0.9480253578809178, 0.9527170683601233, 0.953058342912419, 0.9527115721634914, 0.9540186776464972, 0.9545155024151857, 0.9543944133516751, 0.954406819052644, 0.954470849743406, 0.9544973335594625, 0.9545266753977675, 0.9545065200595474, 0.9544918059559927], "Valid": []}, "eer_val": {"Train": [0.34072681704271324, 0.3637844611529625, 0.3488721804512292, 0.35852130325821885, 0.3182330827067669, 0.18822055137845897, 0.18646616541353364, 0.17030075187947874, 0.17731829573934976, 0.13947368421014258, 0.15939849624157018, 0.14636591478696717, 0.11779448621469973, 0.14260651629045357, 0.113157894737432, 0.11754385964990237, 0.121052631579873, 0.11240601503829095, 0.107518796991318, 0.10614035087719302, 0.10764411027512207, 0.104385964912737, 0.10426065162758488, 0.10313283208020084, 0.10325814536273074, 0.10375939849569435, 0.10300751879705286, 0.1028822055134841, 0.1030075187971336, 0.10338345864595846], "Valid": []}, "thres": {"Train": [-0.07754130661488601, -0.004294259473682115, -0.00018604166689335542, -4.8877333028943994e-05, -8.883391444669543e-07, -0.0007820175378583445, -0.003587108338251709, -0.01565627753734182, -0.043546237051487, -0.09415662288660505, -0.17167817056207776, -0.21636208891868572, -0.23865222930838367, -0.29397338628754516, -0.27826225757614115, -0.28455314040205126, -0.27729406952883373, -0.2897323966026427, -0.31839230656623674, -0.31522210836410525, -0.32812774181328686, -0.3285224437714439, -0.3337559998031617, -0.33626937866210976, -0.335421562194805, -0.33707511424992587, -0.33648455142981726, -0.33636888861645886, -0.3371389210224305, -0.3370687663553847], "Valid": []}, "acc_val": {"Train": [0.6592731829573935, 0.6361528822055138, 0.6511904761904762, 0.6414160401002507, 0.6817669172932331, 0.8118421052631579, 0.8135964912280702, 0.8297619047619048, 0.8226190476190476, 0.8604636591478697, 0.8406015037593985, 0.8536967418546366, 0.8822681704260652, 0.8573934837092732, 0.886967418546366, 0.8824561403508772, 0.8790100250626567, 0.8875313283208021, 0.8924812030075188, 0.893922305764411, 0.8924185463659148, 0.8955513784461153, 0.8958020050125314, 0.8968045112781955, 0.8966791979949875, 0.8962406015037594, 0.8969298245614035, 0.8971177944862155, 0.8969298245614035, 0.8964912280701754], "Valid": []}, "f1_val": {"Train": [0.6592731829573935, 0.636130083338555, 0.6511686195876935, 0.6413935710257536, 0.6817469766276082, 0.8118303151826556, 0.8135848110783884, 0.8297512375462122, 0.8226079328278715, 0.8604374255812496, 0.8406015037593985, 0.8536875744094242, 0.8822607932827871, 0.8573756109788194, 0.8869815812554818, 0.8824561403508772, 0.8790176054131947, 0.8875242809699855, 0.8924677277854368, 0.8939156588758693, 0.8924118052509556, 0.8955448336361927, 0.8957954759070118, 0.8967980449902876, 0.8966597731403145, 0.8962275974432887, 0.896923366125697, 0.897104900363454, 0.896923366125697, 0.8964652795186763], "Valid": []}}