{"roc_val": {"Train": [0.8969503175231311, 0.885212113931445, 0.8926391165884637, 0.9330896712332208, 0.9570759919849751, 0.9591157954409834, 0.9579955763468824, 0.9718061287303472, 0.9723372811728569, 0.9703408113014365, 0.9786020737935063, 0.9780926156242737, 0.9804718563325607, 0.9825095319753017, 0.9841489846169308, 0.9847299404526353, 0.9865320726628601, 0.9870231892387611, 0.9871366385889535, 0.9874616365475091, 0.9874342968951201, 0.9874935930050691, 0.9875015389350569, 0.9874987751333221, 0.9875176192360601, 0.987510929579588, 0.9875254081318583, 0.9875318151267894, 0.9875412842884153, 0.9875485078611316], "Valid": []}, "eer_val": {"Train": [0.18295739348413168, 0.20000000000000281, 0.19172932330826425, 0.14248120300751868, 0.10300751879699242, 0.1030075187960308, 0.10889724310694039, 0.08145363408444792, 0.07807017543859861, 0.08095238095183475, 0.06741854636591237, 0.06842105263157897, 0.059774436090578247, 0.06002506265695849, 0.05363408521303251, 0.05401002506312066, 0.04987468671679197, 0.04812030075086368, 0.04674185463659388, 0.046741854636604546, 0.04649122807018152, 0.046616541353631795, 0.04636591478696744, 0.046741854636520114, 0.04649122807009453, 0.046491228070096535, 0.04624060150285741, 0.0466165413533834, 0.046616541353399196, 0.04661654135338318], "Valid": []}, "thres": {"Train": [-0.05211943015459269, -0.026029862463474315, -0.009832018986344292, -0.0018731789896264672, -0.0017446601996198297, -0.010567735880567815, -0.019016562029703938, -0.05639341846092138, -0.09858406335115483, -0.1780559420585331, -0.21475988626480047, -0.3354489505290985, -0.2965460419655781, -0.3070541024211434, -0.32530239224433866, -0.31797301769260927, -0.3418670694033305, -0.36371383070857544, -0.36550282438596277, -0.37740069627763273, -0.38369768857956504, -0.38627269864095537, -0.3861010670661927, -0.3874462842940669, -0.38704332709304184, -0.3869335949419804, -0.3871291279789304, -0.38786262273788447, -0.38861092925073404, -0.38809823989868153], "Valid": []}, "acc_val": {"Train": [0.8170426065162907, 0.799937343358396, 0.8083333333333333, 0.8575814536340852, 0.8970551378446115, 0.8969924812030076, 0.8911027568922306, 0.9184210526315789, 0.9218671679197995, 0.9187969924812031, 0.9325814536340852, 0.931704260651629, 0.9402882205513784, 0.9400375939849624, 0.9464285714285714, 0.9460526315789474, 0.950125313283208, 0.9516917293233083, 0.9533208020050126, 0.9531954887218045, 0.9535714285714286, 0.9534461152882205, 0.9535714285714286, 0.9533208020050126, 0.9535714285714286, 0.9534461152882205, 0.9536340852130326, 0.9534461152882205, 0.9533834586466166, 0.9534461152882205], "Valid": []}, "f1_val": {"Train": [0.8170426065162907, 0.7999248073187543, 0.8083213233911899, 0.8575725296071183, 0.8970486872611066, 0.896979571374859, 0.891089108910891, 0.9184006016545498, 0.921862272072185, 0.9187664535539677, 0.9325814536340852, 0.9316957012156912, 0.9402919616565378, 0.9400413507925569, 0.9464252146124444, 0.9460560115280998, 0.950125313283208, 0.9516765904105297, 0.9533178770599661, 0.9531925559245567, 0.9535743374475283, 0.9534490320155378, 0.9535685193307851, 0.9533178770599661, 0.9535685193307851, 0.9534373629128282, 0.9536224617698671, 0.9534431981953757, 0.9533834586466166, 0.9534431981953757], "Valid": []}}