{"roc_val": {"Train": [0.8044837186952343, 0.7824728173818004, 0.7473941903631258, 0.7145006626842796, 0.6943981978756415, 0.7465943210155714, 0.8637942914931438, 0.9222068956853285, 0.9471841414312724, 0.9533263060533539, 0.9552654662973222, 0.9636085514538224, 0.9576383942311921, 0.9686400054019761, 0.9729198309055848, 0.9753898844856501, 0.9789161264690549, 0.9795839379149628, 0.9800244345198836, 0.9803190620661931, 0.9801767576836828, 0.9806756003417065, 0.9808472544142308, 0.9809334112222912, 0.9809915295758193, 0.9809737533055697, 0.9809723085910265, 0.981002584782759, 0.9810216016231054, 0.9810605382503877], "Valid": []}, "eer_val": {"Train": [0.2800751879699248, 0.29661654135338344, 0.33195488721804645, 0.3570175438596492, 0.36829573934829524, 0.3192982456140415, 0.21754385964914033, 0.14661654135197785, 0.11040100250601644, 0.11027568922307769, 0.10852130325814882, 0.09523809523809673, 0.10263157894841272, 0.0837092731834098, 0.07518796992401873, 0.07293233082706946, 0.06466165413534253, 0.061528822055114576, 0.06290726817055321, 0.0607769423558897, 0.06027568922305756, 0.059649122806999806, 0.059649122807017896, 0.0595238095238096, 0.05964912280701754, 0.0597744360899794, 0.05977443609042169, 0.05964912280690638, 0.059649122807191576, 0.0596491228075103], "Valid": []}, "thres": {"Train": [-0.22525775618851185, -0.12938719987869263, -0.0533026028424502, -0.014940056949853899, -0.0022845927160231286, -0.0016286451136693436, -0.005845267791301121, -0.011758982203893011, -0.026807473972431616, -0.057431802153587966, -0.07842648029327468, -0.12627862393856068, -0.1813501715662169, -0.2712435722352958, -0.2654978632923111, -0.25856582820415525, -0.2797757883866663, -0.2848290801048046, -0.28517815470697994, -0.2997468411922455, -0.30935161312421156, -0.3194378912448777, -0.32465490698814475, -0.32807445526123064, -0.3305507004261017, -0.3313396573064161, -0.33235454559335703, -0.332169890403666, -0.33298835158355405, -0.33253547549252194], "Valid": []}, "acc_val": {"Train": [0.7199874686716792, 0.7033834586466166, 0.6681704260651629, 0.6429197994987469, 0.6317669172932331, 0.6806390977443609, 0.7823934837092732, 0.8533834586466166, 0.8894736842105263, 0.8896616541353384, 0.8914160401002507, 0.9046992481203008, 0.8973684210526316, 0.9162280701754386, 0.924874686716792, 0.9270676691729324, 0.9354010025062657, 0.9384711779448621, 0.9370300751879699, 0.9392857142857143, 0.9397869674185464, 0.9404135338345865, 0.9402882205513784, 0.9404135338345865, 0.9402882205513784, 0.9401629072681704, 0.9402255639097744, 0.9404135338345865, 0.9402882205513784, 0.9403508771929825], "Valid": []}, "f1_val": {"Train": [0.7199699229275018, 0.7033462839954882, 0.6681288382002758, 0.6428974246506673, 0.631743843599223, 0.6806190864089229, 0.7823798483614263, 0.8533650833437774, 0.8894459764351967, 0.8896547402719468, 0.8914092361676798, 0.9046932765210853, 0.8973684210526317, 0.9162228209787582, 0.9248699793220128, 0.9270676691729324, 0.9353969546964095, 0.9384711779448621, 0.9370261294567328, 0.9392819098941037, 0.9397831944357415, 0.9404098001127891, 0.9402844789773795, 0.9404098001127891, 0.9402769944225104, 0.9401516575797455, 0.9402255639097744, 0.9404098001127891, 0.9402844789773795, 0.9403508771929825], "Valid": []}}