{"roc_val": {"Train": [0.7315458510445147, 0.9009271216037252, 0.9305119167770278, 0.9398531765315278, 0.9428374331603155, 0.9323184973264127, 0.9218271201797108, 0.939994688870614, 0.9303923747579176, 0.9488749991099908, 0.942878494620785, 0.9406059911853497, 0.9487107154427261, 0.9375847186325188, 0.9507416574995727, 0.9496588555016804, 0.9508630240373662, 0.9531811631351106, 0.9554081354843075, 0.9558476059644853, 0.955727829872978, 0.9570091096882832, 0.9570293217952551, 0.956704842272585, 0.9572357522891033, 0.9573500067640693, 0.9571111456731317, 0.95709620019509, 0.956897013485418, 0.9568551910671566], "Valid": []}, "eer_val": {"Train": [0.3415370813402894, 0.17166666666666663, 0.14148809523809447, 0.12407738095237705, 0.12326555023919393, 0.13559523809520047, 0.15233253588557366, 0.12717261904787203, 0.14598214285714287, 0.11447368420978496, 0.12342261904761927, 0.12631578947460076, 0.11776315789364522, 0.13038690476191742, 0.11318452380952385, 0.1170454545453105, 0.11229066985761103, 0.11113095238095241, 0.10720238095225913, 0.1067583732055398, 0.10720693780044573, 0.1036483253595008, 0.10351190476221486, 0.10336309523815353, 0.10297619047612672, 0.10309523809502628, 0.1033193779903004, 0.1033791866047516, 0.1036782296641058, 0.1036904761908042], "Valid": []}, "thres": {"Train": [-2.9332237318171018e-05, -0.026564023767908413, -0.20760291860926683, -0.32922537511303135, -0.3727527260779639, -0.3538929984682779, -0.35198804736159944, -0.3216797564712387, -0.28896247276238035, -0.35284119844431994, -0.3629154132235619, -0.38143384456638724, -0.337391495703659, -0.3141765412830365, -0.3331002000440546, -0.31806150078770973, -0.3474941551694642, -0.3740161336603619, -0.3199729488009168, -0.32590478658675526, -0.3326788544660433, -0.3425332307816477, -0.341083533849372, -0.33107935861263227, -0.3348937268767113, -0.3360683390071426, -0.3345462977882801, -0.33624613285090565, -0.3342940211288871, -0.3339482071382188], "Valid": []}, "acc_val": {"Train": [0.658472553699284, 0.8283412887828162, 0.8585471360381861, 0.8759248210023867, 0.8767452267303103, 0.864409307875895, 0.8476581145584725, 0.8728371121718377, 0.854027446300716, 0.8855310262529833, 0.8765811455847256, 0.8736873508353222, 0.8822046539379474, 0.869615155131265, 0.8868138424821003, 0.882950477326969, 0.887708830548926, 0.8888723150357996, 0.892810262529833, 0.893227923627685, 0.8927804295942721, 0.8963752983293556, 0.896494630071599, 0.8966437947494034, 0.8970316229116945, 0.8969272076372315, 0.8966885441527447, 0.8966139618138425, 0.8963305489260143, 0.8963156324582339], "Valid": []}, "f1_val": {"Train": [0.659011705835046, 0.8286786160900375, 0.8588314104949758, 0.8761833879130694, 0.8770002530552703, 0.8646878442347196, 0.8479642724227764, 0.8731002247726224, 0.8543229724901751, 0.8857695742780589, 0.8768383447454601, 0.8739505805299197, 0.8824448844098427, 0.8698849342800579, 0.8870530796939655, 0.8831926643742837, 0.8879461760590633, 0.8891072013336905, 0.8930368253401209, 0.8934504316760941, 0.8930070554612843, 0.8965989432164917, 0.8967149427682599, 0.8968637899468616, 0.897250792611226, 0.8971450686195707, 0.8969069095888779, 0.8968340205111412, 0.896549671042839, 0.8965363261539377], "Valid": []}}