{"roc_val": {"Train": [0.9776941570718776, 0.9837069647803719, 0.9835202825359137, 0.9877461982022726, 0.9891627172568012, 0.9831954494632571, 0.9892623318949002, 0.9903415336587081, 0.9929736936325775, 0.9932760786678476, 0.9935224653111475, 0.9930298176518992, 0.993540288691654, 0.9935625247328849, 0.9940836426906866, 0.9936435229678205, 0.9939306599832914, 0.9939402861791069, 0.9938990804077864, 0.9939851822538802, 0.9939432227184501, 0.9939094603677112, 0.9939550630963375, 0.9940783977487577, 0.9940047173070521, 0.9939274957443734, 0.9938281166575587, 0.9940261524739167, 0.9939611560228893, 0.9939534299407666], "Valid": []}, "eer_val": {"Train": [0.07280701754385951, 0.05476190476129382, 0.05526315789564694, 0.042481203007920076, 0.04160401002520456, 0.053132832080140205, 0.036340852130325375, 0.03182957393460753, 0.026691729322551178, 0.022055137843325523, 0.024561403508697212, 0.02380952381049538, 0.020802005012531488, 0.020551378446115258, 0.02155388471032304, 0.021553884711779523, 0.02130325814533797, 0.02142857142945589, 0.02180451127782432, 0.020927318296069725, 0.021052631580523264, 0.021679197994444517, 0.021428571428333543, 0.02117794486196366, 0.021553884711813374, 0.021428571428571536, 0.021804511278204496, 0.02155388471177872, 0.02142857142856429, 0.021428571429482946], "Valid": []}, "thres": {"Train": [-0.044386357069015496, -0.24276919662934834, -0.3737472891837492, -0.23418484628280808, -0.35738894343399835, -0.37453916668872933, -0.34018777310848203, -0.33537176251342166, -0.34760338067983865, -0.3642974495827686, -0.3673954308030304, -0.36329820752177133, -0.3563744723796848, -0.3685669302940368, -0.37684711813291183, -0.36986930668354046, -0.36826372146606373, -0.3726916015174635, -0.3729905486102517, -0.3721827268600689, -0.3716089427476168, -0.37222319841382345, -0.3722488582128143, -0.3698705732821158, -0.37282034754754906, -0.37307009100914007, -0.37278652191163275, -0.37242862582206404, -0.3732907176017516, -0.373464643956175], "Valid": []}, "acc_val": {"Train": [0.9272556390977443, 0.9452380952380952, 0.9447994987468672, 0.9575187969924812, 0.9583959899749374, 0.9468045112781955, 0.9636591478696742, 0.9681704260651629, 0.9733709273182958, 0.9779448621553885, 0.9754385964912281, 0.9763784461152882, 0.9791353383458646, 0.9795112781954888, 0.9783208020050125, 0.9785087719298246, 0.9780701754385965, 0.9787593984962406, 0.9781954887218045, 0.9790726817042607, 0.9788847117794486, 0.9782581453634085, 0.9785714285714285, 0.9788847117794486, 0.9783834586466166, 0.9785087719298246, 0.9781328320802005, 0.9785087719298246, 0.9786340852130326, 0.9785714285714285], "Valid": []}, "f1_val": {"Train": [0.9272510808947929, 0.9452312319839579, 0.9448029572081951, 0.9575187969924812, 0.9583959899749374, 0.9467945102462869, 0.9636591478696742, 0.9681664368968542, 0.9733692587254841, 0.9779420980072691, 0.9754355182353678, 0.9763828854225397, 0.9791340309543204, 0.9795099943605489, 0.978315367259965, 0.9785074252772731, 0.9780536744419362, 0.9787633903401617, 0.9781927559844592, 0.9790726817042607, 0.9788833886835014, 0.9782540577802845, 0.9785687429502444, 0.9788833886835014, 0.9783821041418636, 0.9785074252772731, 0.9781314618710445, 0.9785074252772731, 0.9786327464126826, 0.9785714285714285], "Valid": []}}