{"roc_val": {"Train": [0.8987045150470161, 0.9104437315092243, 0.9214659298622496, 0.9289512157586949, 0.8989451385355619, 0.8701648073818631, 0.876664617370494, 0.8839283908392535, 0.8902281628256106, 0.8945218073378935, 0.9047767916030678, 0.9040253044892933, 0.913623626736013, 0.910348568790397, 0.912086937267982, 0.9128349696295877, 0.9129001231148046, 0.9139232244144195, 0.9137880101255644, 0.915231350619657, 0.9158819746735258, 0.915481930075816, 0.9154971388370676, 0.9154085244439419, 0.9152881106274458, 0.9152415264351353, 0.9153201770089384, 0.9153830534984077, 0.9153947211386863, 0.9153334385462403], "Valid": []}, "eer_val": {"Train": [0.18208020050131077, 0.16791979949872007, 0.15714285714204526, 0.1454887218045115, 0.18182957393483717, 0.2116541353383463, 0.20388471177945666, 0.19511278195484064, 0.18734335839599142, 0.17932330827106857, 0.16929824561462686, 0.17418546365856882, 0.16052631578947388, 0.16416040100242513, 0.1626566416040195, 0.16453634085213026, 0.1639097744360871, 0.16328320802065763, 0.1617794486215585, 0.16077694235624015, 0.16002506265734404, 0.16165413533834583, 0.16165413533744946, 0.16190476190476036, 0.16215538847116293, 0.16265664160400667, 0.162155388471177, 0.1617794486215539, 0.16177944862155375, 0.1620300751868046], "Valid": []}, "thres": {"Train": [-0.1266967207193409, -0.1068244427442491, -0.06706059724082895, -0.02461493574082852, -0.005544970557093621, -0.010169829241931444, -0.012087750248611064, -0.026675637811421245, -0.049432027153671045, -0.0712125226855766, -0.10405849665403827, -0.13431882858268035, -0.15658427774906158, -0.19131174683565244, -0.20323488116264446, -0.1857919096946716, -0.19507807493209792, -0.20282301306746112, -0.20552516728639647, -0.20467109978208048, -0.2053929567338531, -0.20644883811473846, -0.2065388858316876, -0.20629176497459314, -0.20670131593942387, -0.20669116079807187, -0.20637764036655398, -0.20650742948055267, -0.20667855441570282, -0.2065751403568475], "Valid": []}, "acc_val": {"Train": [0.8178571428571428, 0.8321428571428572, 0.8428571428571429, 0.8544486215538847, 0.8182330827067669, 0.7882832080200501, 0.7960526315789473, 0.8048872180451128, 0.8127192982456141, 0.8206766917293233, 0.8307017543859649, 0.8258771929824561, 0.8394110275689223, 0.8359022556390977, 0.837280701754386, 0.8355263157894737, 0.8361528822055138, 0.8367167919799499, 0.8382832080200501, 0.8391604010025062, 0.8400375939849624, 0.8384085213032582, 0.8382832080200501, 0.8381578947368421, 0.837907268170426, 0.8374060150375939, 0.837907268170426, 0.8381578947368421, 0.8382832080200501, 0.8380325814536341], "Valid": []}, "f1_val": {"Train": [0.817845729682311, 0.8321323391189924, 0.8428374483017922, 0.8544395012218811, 0.8182216930885393, 0.7882699417256721, 0.7960398521210602, 0.8048872180451129, 0.8127075631305218, 0.8206766917293233, 0.8307017543859649, 0.8258662823485181, 0.8394009649727426, 0.8358919731812771, 0.8372705056707813, 0.8355160097750486, 0.836142615452096, 0.8367167919799499, 0.8382730747540573, 0.8391503227019237, 0.8400476160641563, 0.8383983958894667, 0.8382528044118569, 0.8381477536186478, 0.8378971113478288, 0.8373958268061908, 0.8378971113478288, 0.8381477536186478, 0.8382730747540573, 0.8380224324832383], "Valid": []}}