{"roc_val": {"Train": [0.7644080517710317, 0.7281759065583759, 0.7003981209288886, 0.6911469777199892, 0.688157596371882, 0.8050735312592259, 0.839755003109277, 0.8630302259407918, 0.9401231148045552, 0.940997967977588, 0.9289051105206627, 0.9387771355079427, 0.9424951240884163, 0.9552070024685774, 0.9501245281122607, 0.9543980094346141, 0.9667275645253485, 0.9607988643287417, 0.9680023209653206, 0.9673846426844053, 0.9681748622810158, 0.9677383464927983, 0.9683705425845316, 0.9703472025929486, 0.9693650950684983, 0.9688020725372328, 0.9687215689599941, 0.9686381052882834, 0.9692467541033034, 0.9691528869165394], "Valid": []}, "eer_val": {"Train": [0.3265664160409956, 0.3422305764411072, 0.3513784461133812, 0.35877192982581424, 0.3657894736842095, 0.2622807017552429, 0.23107769423579103, 0.2166666666666974, 0.13020050125313298, 0.12832080200493773, 0.14837092731883422, 0.12844611528936103, 0.1265664160401831, 0.10789473684210703, 0.12105263157950284, 0.11140350877186671, 0.08458646616519874, 0.0961152882205487, 0.08709273182958138, 0.08771929824446856, 0.08546365914786969, 0.08659147869682411, 0.08521303258215653, 0.08057644110177353, 0.08233082706885052, 0.08483709273207762, 0.08446115288220547, 0.08508771929825132, 0.08358395989924396, 0.08421052631523726], "Valid": []}, "thres": {"Train": [-0.11649479717019574, -0.041706632822752554, -0.027253273874438773, -0.005611434113239856, -0.004630611045286046, -0.12596873939042785, -0.20563228428369887, -0.26124501228333386, -0.2707047462463379, -0.2604428529738326, -0.320252478123097, -0.2380214482547181, -0.3215041756630054, -0.3823334972063709, -0.25919359922427143, -0.3375712633132832, -0.30320218205451455, -0.24024043977260545, -0.31030580401421637, -0.3413515686967157, -0.3238059878349304, -0.3318628072738844, -0.2928771674640938, -0.34932908415722624, -0.32161766290867394, -0.326202869415502, -0.31871357560157776, -0.3268345892429449, -0.3274301588532757, -0.3230885863296352], "Valid": []}, "acc_val": {"Train": [0.6733709273182957, 0.6577067669172932, 0.6486842105263158, 0.6411654135338346, 0.6342105263157894, 0.737719298245614, 0.768859649122807, 0.7832706766917293, 0.8697368421052631, 0.8716791979949875, 0.8516290726817043, 0.8715538847117794, 0.8734335839598998, 0.8919799498746868, 0.8788847117794486, 0.8886591478696741, 0.9153508771929825, 0.9038847117794486, 0.9129072681704261, 0.9122807017543859, 0.9144736842105263, 0.9135964912280702, 0.9149122807017543, 0.919360902255639, 0.9176691729323309, 0.9154135338345865, 0.9156015037593985, 0.9148496240601504, 0.9164786967418547, 0.9157894736842105], "Valid": []}, "f1_val": {"Train": [0.6733504605551727, 0.6576853186289867, 0.6486621968795038, 0.6411429287549345, 0.6342105263157894, 0.737719298245614, 0.7688451657372016, 0.7832570963092926, 0.8697286797418384, 0.8716631156786564, 0.8516290726817043, 0.8715538847117794, 0.8734335839598998, 0.8919934845257487, 0.878877122626731, 0.8886521711886709, 0.9153349627122893, 0.9038847117794485, 0.9129072681704261, 0.9122697079834565, 0.9144683250830253, 0.9136127294368226, 0.9149229419872197, 0.919345741680767, 0.9176691729323309, 0.9154347281383112, 0.9155962153017106, 0.9148442884892537, 0.916473463249577, 0.9157789196641183], "Valid": []}}