{"roc_val": {"Train": [0.8083357045495945, 0.7863972823663168, 0.780047440028643, 0.8322102012550172, 0.8825361728255475, 0.9119659738318225, 0.9172377293484337, 0.9077155686836137, 0.9402886366919804, 0.9309511639374125, 0.9301252269144038, 0.9464106067172946, 0.9397700155777917, 0.9461926903725479, 0.9601546629732226, 0.9626023862915434, 0.9666769445543684, 0.9671122982895837, 0.9685044377861949, 0.9690894058454406, 0.96944047933116, 0.9695674964353239, 0.9696361125244188, 0.9696724188290274, 0.9697702197222379, 0.9697677307303347, 0.9697650140388565, 0.9697468059245858, 0.9698086381366953, 0.9697632552559343], "Valid": []}, "eer_val": {"Train": [0.2785714285718363, 0.3043859649122869, 0.3070175438587968, 0.252631578947375, 0.1948621553884712, 0.15939849623897565, 0.15576441102756888, 0.16954887218044015, 0.12456140350857434, 0.1423558897243745, 0.1452380952380952, 0.12067669172877117, 0.12781954887218103, 0.12055137844623699, 0.09711779448621549, 0.09310776942464588, 0.08671679197870333, 0.08721804511204853, 0.08483709273214522, 0.0833333333333443, 0.08308270676691737, 0.08295739348362458, 0.08295739348370917, 0.0827067669163093, 0.08258145363381837, 0.08245614035088414, 0.08283208019921418, 0.08270676691649803, 0.08270676691619122, 0.08283208020138544], "Valid": []}, "thres": {"Train": [-0.06952856232725409, -0.03361173284550531, -0.013480879366386285, -0.003918965812772523, -0.000651877800313135, -0.002254252322009815, -0.00788037059828639, -0.03763608261942857, -0.06735595315691469, -0.10754507780075383, -0.17951191961765287, -0.26526835560797096, -0.32315084338188177, -0.30412919819358103, -0.3364100158214569, -0.3432655334509972, -0.3521640300744246, -0.3644646406171953, -0.3753349781037323, -0.3859622180461969, -0.39133295416831976, -0.3934476673600947, -0.3950892090797424, -0.3951517939555846, -0.3962855637071261, -0.39621275663376193, -0.3952181339255523, -0.3955388069151147, -0.39574846625233234, -0.3952325582509418], "Valid": []}, "acc_val": {"Train": [0.7214285714285714, 0.6956140350877194, 0.6929824561403509, 0.7473057644110276, 0.8051378446115288, 0.8406641604010026, 0.8442355889724311, 0.8305137844611529, 0.875438596491228, 0.8577067669172932, 0.8548245614035088, 0.8790726817042607, 0.8721177944862155, 0.8794486215538847, 0.9029448621553885, 0.9068922305764411, 0.9132832080200501, 0.912781954887218, 0.9151002506265664, 0.9166040100250626, 0.9169172932330827, 0.9170426065162908, 0.9171052631578948, 0.9172305764411027, 0.9175438596491228, 0.9174812030075188, 0.9171052631578948, 0.9172932330827067, 0.9172932330827067, 0.9171679197994987], "Valid": []}, "f1_val": {"Train": [0.7214285714285713, 0.6956140350877194, 0.692943977942098, 0.7472899304467698, 0.8051378446115288, 0.8406541763268375, 0.844235588972431, 0.830503164358669, 0.8754229853365082, 0.8577156819748136, 0.8548154646281094, 0.8790272032092266, 0.8721097813146186, 0.8794486215538846, 0.9029387806253525, 0.9068922305764412, 0.913272339892217, 0.9127710239378368, 0.9150949307600726, 0.9165987843849865, 0.9169172932330827, 0.9170426065162908, 0.9171000689266244, 0.9172150153537632, 0.9175335255044492, 0.917476032332853, 0.9170896785109984, 0.9172828675272591, 0.9172828675272591, 0.9171679197994987], "Valid": []}}