{"roc_val": {"Train": [0.8783969164766552, 0.8839793013234841, 0.892121029390519, 0.8875031563872087, 0.8925479268346306, 0.9238916998008808, 0.9332002468577456, 0.9435038175011463, 0.9545579566083129, 0.9541043162417321, 0.9495017697753155, 0.9535121481648986, 0.9563023787539023, 0.9548691434099033, 0.9624932318264333, 0.9636624220325248, 0.9663266405361776, 0.9685195287718041, 0.9693345676220626, 0.970188464582509, 0.971186880107537, 0.971615756182436, 0.9718835622891815, 0.972021234163102, 0.9721271694273277, 0.9721555612087864, 0.9720515103548344, 0.9721523891181587, 0.9722623915678921, 0.9722410035112846], "Valid": []}, "eer_val": {"Train": [0.20375939849597485, 0.19523809523810848, 0.18709273182956257, 0.19285714285665775, 0.18684210526315786, 0.14160401002468975, 0.13045112782001386, 0.11979949874617611, 0.1013784461157507, 0.10263157894735438, 0.11528822055119932, 0.10075187969956517, 0.09498746867168065, 0.09924812030058804, 0.08746867167949446, 0.0869674185467583, 0.08157894736842114, 0.0780701754391387, 0.07706766917292329, 0.07456140351060134, 0.07406015037548068, 0.07305764410932003, 0.07268170426068915, 0.07268170426065161, 0.07255639097612114, 0.07243107769427083, 0.0725563909774427, 0.07230576441102758, 0.07205513784460454, 0.07180451127821358], "Valid": []}, "thres": {"Train": [-0.08991445600984849, -0.04710510000586556, -0.02443929761648137, -0.01192407868802156, -0.005078820511698723, -0.004603828769171494, -0.018660796806220042, -0.04025748372070904, -0.07962413132192334, -0.1325016021728314, -0.2099578976630409, -0.24321490526201595, -0.22357746958732685, -0.23498594760889588, -0.30763775110296937, -0.30760857462906827, -0.354710787534714, -0.3580862283711602, -0.37519374489783874, -0.38392201066344456, -0.3939477503299204, -0.3993781208986543, -0.4004842936992811, -0.40062135457992554, -0.40230193734168157, -0.4018426984549227, -0.40120808283487935, -0.4027143716812134, -0.403944045305245, -0.40372520685199925], "Valid": []}, "acc_val": {"Train": [0.7963032581453634, 0.8046992481203008, 0.8129699248120301, 0.8071428571428572, 0.8132205513784461, 0.8583959899749374, 0.8695488721804512, 0.8802631578947369, 0.8986215538847118, 0.8974310776942356, 0.8847744360902255, 0.8993107769423558, 0.9050751879699248, 0.9006892230576441, 0.912468671679198, 0.9130325814536341, 0.9183583959899749, 0.9219924812030075, 0.9229949874686717, 0.9254385964912281, 0.9258771929824562, 0.9269423558897243, 0.9272556390977443, 0.9273809523809524, 0.9275062656641604, 0.9275062656641604, 0.9274436090225564, 0.9276315789473685, 0.9280075187969925, 0.9281328320802005], "Valid": []}, "f1_val": {"Train": [0.7962904943918793, 0.8046870104643148, 0.8129582054013409, 0.8071186865521994, 0.8132088476721598, 0.8583782428875799, 0.8695488721804512, 0.8802556551162353, 0.8986215538847118, 0.897424650667335, 0.884767215990977, 0.8993170853956519, 0.9050692399273138, 0.9006705521087925, 0.9124631869164735, 0.9130325814536341, 0.9183532802807194, 0.9219973685859282, 0.9229901622908705, 0.9254385964912281, 0.9258632575045435, 0.9269331996490787, 0.9272510808947929, 0.9273764020302023, 0.9275017231656119, 0.9275108075935092, 0.9274436090225564, 0.9276270443010214, 0.9280030077072497, 0.9281283288426592], "Valid": []}}