{"roc_val": {"Train": [0.8325615731056966, 0.7894412330952696, 0.8084031193271399, 0.9148371162869581, 0.9548702112423917, 0.961829424752357, 0.9574084647709499, 0.9695698048379093, 0.9660608130602194, 0.9762694015741107, 0.9739046237146751, 0.9740991262617696, 0.9769422302623727, 0.9753879529651195, 0.974393471146538, 0.9756317563960024, 0.9756689342403627, 0.9756966036645498, 0.9756738023002367, 0.9756272416630549, 0.9757404947205106, 0.9757669706848576, 0.9757512044522334, 0.9757807268798564, 0.9758276015854171, 0.9758350607094178, 0.9758315117367354, 0.975812267196814, 0.9758145127857237, 0.9757980713060849], "Valid": []}, "eer_val": {"Train": [0.25037593984952344, 0.2889724310776853, 0.26829573934882456, 0.16591478696741635, 0.11090225563909607, 0.09398496240511647, 0.10626566416051725, 0.07644110275620847, 0.0867167919810074, 0.06629072681759088, 0.07092731829596038, 0.07155388471177833, 0.06478696741921043, 0.06541353383455173, 0.06716791979824116, 0.06654135338345842, 0.06641604010048852, 0.06604010025062662, 0.06616541353528377, 0.06666666666664527, 0.06641604009988973, 0.06604010025088031, 0.06591478696741317, 0.0660401002500644, 0.06566416040100248, 0.0654135338344989, 0.06541353383374007, 0.06591478696676106, 0.06553884711777153, 0.06553884711700697], "Valid": []}, "thres": {"Train": [-0.11734222620725235, -0.014852123335003808, -0.00158944912254843, -0.020688502117991406, -0.06546729058027251, -0.15319815278047727, -0.18102364987138084, -0.2870042324062939, -0.2526116371156151, -0.2841643989088411, -0.2823372930289057, -0.288984119892119, -0.305188357830348, -0.3176492750644034, -0.31261488795243353, -0.31304055452346785, -0.3165167272095134, -0.3168146014213562, -0.31782937049898496, -0.3181747198104566, -0.31764712929709116, -0.3180353939536635, -0.31748390197753174, -0.31699404120418057, -0.31788402795791626, -0.31653386354445584, -0.3162595033645016, -0.3166310787199678, -0.3181817829608551, -0.31775373220264624], "Valid": []}, "acc_val": {"Train": [0.749624060150376, 0.7110902255639098, 0.7317042606516291, 0.8341478696741854, 0.8891604010025063, 0.905889724310777, 0.893734335839599, 0.9235588972431078, 0.9133458646616541, 0.9337092731829574, 0.9291353383458647, 0.9285087719298246, 0.9352130325814536, 0.9346491228070175, 0.9328947368421052, 0.9335213032581454, 0.9335213032581454, 0.9338972431077694, 0.9338345864661655, 0.9333959899749373, 0.9335839598997494, 0.9339598997493734, 0.9341478696741855, 0.9339598997493734, 0.9343358395989975, 0.9346491228070175, 0.9346491228070175, 0.9340852130325814, 0.9344611528822055, 0.9343358395989975], "Valid": []}, "f1_val": {"Train": [0.7495926807870659, 0.7110721223134281, 0.7317042606516291, 0.8341374772855442, 0.889153455730309, 0.9058661318626223, 0.893734335839599, 0.9235493169570121, 0.9133512937785854, 0.9337092731829574, 0.9291308979259353, 0.9285042922488879, 0.9352130325814536, 0.9346450278839525, 0.9328905319882198, 0.9335171376652673, 0.9335171376652673, 0.9338931010714958, 0.9338345864661655, 0.9333918165298577, 0.9335756360446171, 0.9339598997493734, 0.9341437433423146, 0.9339516230104024, 0.9343358395989975, 0.9346450278839525, 0.9346450278839525, 0.9340769519989973, 0.9344611528822055, 0.9343193782902983], "Valid": []}}