{"roc_val": {"Train": [0.8346406115539475, 0.8364378992594267, 0.8373943945075721, 0.8493269043536159, 0.8236675884573589, 0.8577715042619078, 0.8767373948656101, 0.8806050998423376, 0.8911494588601829, 0.8838844134144885, 0.8808179989447302, 0.8991882039057544, 0.9006767623947086, 0.8880892472409093, 0.8904488665272203, 0.9006675680429143, 0.9014423119201513, 0.9055216518740461, 0.9088523941432529, 0.9080444139798117, 0.9050589349313131, 0.9062943307516913, 0.9077775265230746, 0.9062166066796062, 0.9067085319815831, 0.9060649901696597, 0.9055035144251605, 0.9059253396649518, 0.906099419915704, 0.9061041387930981], "Valid": []}, "eer_val": {"Train": [0.23909774436061845, 0.24210526315789294, 0.2422305764420889, 0.2249373433583958, 0.2531328320806066, 0.21704260651802038, 0.19686716791911485, 0.1899749373446676, 0.17543859649184051, 0.18884711779448804, 0.19185463659147686, 0.16754385964882068, 0.16829573934843636, 0.18659147869674325, 0.17944862155358063, 0.1689223057643185, 0.16766917293233086, 0.1616541353383445, 0.1571428571428572, 0.15827067669155392, 0.16190476190476222, 0.1612781954887437, 0.1588972431065272, 0.16102756892216058, 0.1588972431073993, 0.1605263157894739, 0.1620300751879695, 0.16102756892352035, 0.1612781954883062, 0.1609022556389121], "Valid": []}, "thres": {"Train": [-0.11137024313206596, -0.04572980105876919, -0.015536081977193542, -0.0049458141438663, -0.005232763011008746, -0.009201887063725914, -0.02168043330311038, -0.049169760197439925, -0.07855183631192941, -0.1444034278392792, -0.22334721684455863, -0.25639352202400584, -0.2843574583530921, -0.3168028593063369, -0.34180620312675325, -0.2913234233855988, -0.28411930799484253, -0.30877053737640275, -0.303419440984726, -0.29607164859763413, -0.29939521849155437, -0.3106732368469245, -0.3051503896697951, -0.29682797193523164, -0.3084712028502888, -0.31286439299583446, -0.3216139078140258, -0.320481359958822, -0.3209409415717577, -0.321423888206458], "Valid": []}, "acc_val": {"Train": [0.7609022556390977, 0.7579573934837093, 0.7578320802005013, 0.775125313283208, 0.7468671679197995, 0.7829573934837093, 0.8031328320802005, 0.8099624060150376, 0.8245614035087719, 0.8110902255639098, 0.8082080200501253, 0.8323934837092731, 0.8316416040100251, 0.8133458646616541, 0.8204887218045113, 0.831077694235589, 0.8322681704260652, 0.8384085213032582, 0.8427944862155389, 0.8417293233082707, 0.8381578947368421, 0.8386591478696742, 0.8411027568922306, 0.8390350877192982, 0.8411027568922306, 0.8394110275689223, 0.8380325814536341, 0.8389097744360903, 0.8387218045112782, 0.8390977443609022], "Valid": []}, "f1_val": {"Train": [0.7608722897606217, 0.7579422269565762, 0.7578472526784036, 0.775111222507676, 0.7468671679197995, 0.7829573934837092, 0.8031081589171576, 0.8099504981515133, 0.8245614035087719, 0.8110783883701985, 0.8081960022557804, 0.8323619728019052, 0.8316310545773545, 0.8133341688075694, 0.8204549727392366, 0.8310565233738564, 0.832257660254402, 0.8383983958894667, 0.8427846356287989, 0.8417094874044367, 0.8381477536186478, 0.8386490381602857, 0.8410828424614615, 0.8390250015665143, 0.8410828424614615, 0.8394009649727426, 0.8380224324832383, 0.8388996804311046, 0.8387015916781552, 0.8390775786439403], "Valid": []}}