{"roc_val": {"Train": [0.9535283226864153], "Valid": []}, "eer_val": {"Train": [0.098872180451132], "Valid": []}, "thres": {"Train": [-0.4341022372245821], "Valid": []}, "acc_val": {"Train": [0.9010651629072681], "Valid": []}, "f1_val": {"Train": [0.9010589635942101], "Valid": []}}