{"optimizer_name": [{"best_val_loss": {"param": "Adam", "value": 0.12863989174365997}, "best_roc_val": {"param": "Adadelta", "value": 0.9192292393192063}, "best_eer_val": {"param": "Adadelta", "value": 0.169932312076969}, "best_thres": {"param": "SGD", "value": -0.656082570552035}, "best_acc_val": {"param": "Adadelta", "value": 0.8299235011563779}, "best_f1_val": {"param": "Adadelta", "value": 0.8297720797720799}}], "optimizer_lr": [{"best_val_loss": {"param": 0.0003, "value": 0.1554577499628067}, "best_roc_val": {"param": 0.0003, "value": 0.9159337163234669}, "best_eer_val": {"param": 0.0003, "value": 0.17919486996793751}, "best_thres": {"param": 0.0002, "value": -0.4340161223363936}, "best_acc_val": {"param": 0.0003, "value": 0.8208503824942182}, "best_f1_val": {"param": 0.0003, "value": 0.8206589492430988}}], "batch_size": [{"best_val_loss": {"param": 512, "value": 0.1219831332564354}, "best_roc_val": {"param": 512, "value": 0.9294195215585769}, "best_eer_val": {"param": 512, "value": 0.16245101531914538}, "best_thres": {"param": 64, "value": -0.5818210244181397}, "best_acc_val": {"param": 512, "value": 0.837573385518591}, "best_f1_val": {"param": 512, "value": 0.8373998219056099}}], "contrastive_loss_margin": [{"best_val_loss": {"param": 0.5, "value": 0.03616013005375862}, "best_roc_val": {"param": 1.1, "value": 0.9279764088610842}, "best_eer_val": {"param": 1.1, "value": 0.16530103313170852}, "best_thres": {"param": 1.4, "value": -0.5565910016806644}, "best_acc_val": {"param": 1.1, "value": 0.8347269169186977}, "best_f1_val": {"param": 1.1, "value": 0.8345503116651826}}], "filters_streams": [{"best_val_loss": {"param": 16, "value": 0.143246591091156}, "best_roc_val": {"param": 16, "value": 0.9317170572401365}, "best_eer_val": {"param": 16, "value": 0.16173851086618687}, "best_thres": {"param": 64, "value": -0.46764683723448053}, "best_acc_val": {"param": 16, "value": 0.8384629069560576}, "best_f1_val": {"param": 16, "value": 0.8382614891343071}}, {"best_val_loss": {"param": 32, "value": 0.14450421929359436}, "best_roc_val": {"param": 32, "value": 0.9345454264632864}, "best_eer_val": {"param": 32, "value": 0.14926968293538628}, "best_thres": {"param": 32, "value": -0.4700504672093367}, "best_acc_val": {"param": 32, "value": 0.8509162070805907}, "best_f1_val": {"param": 32, "value": 0.8507303170644815}}, {"best_val_loss": {"param": 32, "value": 0.14910538494586945}, "best_roc_val": {"param": 32, "value": 0.9171443915341101}, "best_eer_val": {"param": 32, "value": 0.17206982543640162}, "best_thres": {"param": 8, "value": -0.4819971919058389}, "best_acc_val": {"param": 32, "value": 0.8279665539939512}, "best_f1_val": {"param": 32, "value": 0.8277827248441674}}]}