{"roc_val": {"Train": [0.9258412478564834], "Valid": []}, "eer_val": {"Train": [0.14536340852110868], "Valid": []}, "thres": {"Train": [-0.48318424820891287], "Valid": []}, "acc_val": {"Train": [0.8546365914786967], "Valid": []}, "f1_val": {"Train": [0.854618373229728], "Valid": []}}