{"roc_val": {"Train": [0.9486537458935559], "Valid": []}, "eer_val": {"Train": [0.11516290726862226], "Valid": []}, "thres": {"Train": [-0.3668992221369905], "Valid": []}, "acc_val": {"Train": [0.8848997493734336], "Valid": []}, "f1_val": {"Train": [0.8849069607167471], "Valid": []}}