{"roc_val": {"Train": [0.6912087628218416, 0.7856802328502961, 0.7595729533734086, 0.9113063203120584, 0.7990247862764681, 0.9186116842859028, 0.8694974042248478, 0.933800070351317, 0.9625160331907463, 0.9691503508143793, 0.9718453558708802, 0.9718427648067538, 0.9710535109704085, 0.9733372905949084, 0.9745410518778149, 0.97174934516743, 0.9728700824743565, 0.9733442786163404, 0.9740811772539116, 0.9740057380292837, 0.9738238139207669, 0.9740963467566158, 0.9741629920666327, 0.9742220761804259, 0.9742261198108052, 0.974136586767671, 0.9740626943298095, 0.9742622455260959, 0.974229810114258, 0.9740281311047042], "Valid": []}, "eer_val": {"Train": [0.36716791979934726, 0.2819548872180432, 0.3225563909774436, 0.16378446115288087, 0.2815789473684927, 0.14987468671679186, 0.21616541353492633, 0.14661654135279847, 0.09999999999955018, 0.08070175438577946, 0.0771929824561149, 0.07656641604003489, 0.07719298245585852, 0.0708020050125312, 0.0731829573934295, 0.07468671679089628, 0.07343358395882649, 0.07205513784461144, 0.0709273182957394, 0.07130325814497754, 0.07205513784531177, 0.07180451127928902, 0.07192982456140352, 0.0714285714282019, 0.07130325814399244, 0.07130325814559464, 0.07192982456261016, 0.07155388471276852, 0.07142857142857141, 0.07167919799556163], "Valid": []}, "thres": {"Train": [-0.009336973540483729, -2.2501997591461966e-05, -0.0003994089493062347, -0.019328063353896058, -0.02533214911818691, -0.10033858567476271, -0.21129482984593126, -0.20897437632043242, -0.3277960419653517, -0.2434966762859884, -0.3209638297557821, -0.35237759351729425, -0.3196635842322317, -0.3244378070036568, -0.35351148247717856, -0.32346802949832604, -0.33082515001279716, -0.3363271057605743, -0.3404532372951508, -0.3471203148361729, -0.3411090075972992, -0.3402746319800903, -0.34129951894283295, -0.34058949351281825, -0.3415271043775656, -0.3412551581860309, -0.3412095606333103, -0.34148052334788803, -0.34095531702041626, -0.3409502506256198], "Valid": []}, "acc_val": {"Train": [0.6327067669172932, 0.7181077694235589, 0.6772556390977443, 0.8362781954887218, 0.718358395989975, 0.850187969924812, 0.7837719298245615, 0.8534461152882206, 0.900062656641604, 0.919360902255639, 0.9228696741854636, 0.9233709273182957, 0.9226190476190477, 0.9292606516290727, 0.9268796992481203, 0.9253132832080201, 0.9266290726817042, 0.9280075187969925, 0.9290726817042606, 0.9286340852130326, 0.9280075187969925, 0.9282581453634086, 0.9280701754385965, 0.9286340852130326, 0.9287593984962406, 0.9286340852130326, 0.9280075187969925, 0.9283834586466165, 0.9286340852130326, 0.9283834586466165], "Valid": []}, "f1_val": {"Train": [0.6326146903985961, 0.7180901058963594, 0.6771544970228768, 0.8362679365875055, 0.7183407481671784, 0.8501785826179584, 0.7837583808509305, 0.8534369321386052, 0.9000563945109342, 0.9193558493639952, 0.9228648411554609, 0.9233565206492449, 0.9225947978690066, 0.9292562190613448, 0.9268751174885644, 0.925303922797343, 0.9266244752177454, 0.9280030077072497, 0.9290726817042606, 0.928620668045372, 0.9280120293214711, 0.928262640185452, 0.9280701754385965, 0.9286296133842972, 0.9287549345197067, 0.9286296133842972, 0.9280030077072497, 0.9283789711134783, 0.9286296133842972, 0.9283879456174425], "Valid": []}}