{"roc_val": {"Train": [0.9441576607558997], "Valid": []}, "eer_val": {"Train": [0.11992481203036641], "Valid": []}, "thres": {"Train": [-0.5715718269349153], "Valid": []}, "acc_val": {"Train": [0.8800125313283208], "Valid": []}, "f1_val": {"Train": [0.8800050128454164], "Valid": []}}