{"roc_val": {"Train": [0.909233681007029, 0.9287648789894536, 0.9190508461002129, 0.929051576309194, 0.9227412280701754, 0.9242169176073014, 0.928720375500154, 0.9296670561114566, 0.9204262614556441, 0.9248272780949869, 0.9250890933474036, 0.9244328239144226, 0.9237342180639568, 0.9254491020785046, 0.9244846923072092, 0.9246576026532497, 0.9248954466366417, 0.9247336857180546, 0.9248917170746414, 0.9247938298126268, 0.9251112116129925, 0.9250848926828349, 0.9253220614192122, 0.9251724078366341, 0.9253195802790183, 0.9255630617898128, 0.9254958982669708, 0.9255912808336633, 0.9256706930232851, 0.9257960691201689], "Valid": []}, "eer_val": {"Train": [0.1659147869675419, 0.1383458646616584, 0.16491228070164154, 0.1408521303262707, 0.15614035087765282, 0.15225563909774428, 0.14436090225563897, 0.1456140350857651, 0.15526315789473938, 0.1550125313293608, 0.1483709273174479, 0.15050125313107943, 0.15000000000020905, 0.14874686716791985, 0.15000000000002653, 0.15012531328320797, 0.14987468671730747, 0.1498746867183537, 0.14962406015037724, 0.14962406015062044, 0.14949874686716824, 0.14912280701764255, 0.14899749373574425, 0.149122807017544, 0.14899749373431637, 0.14837092731829568, 0.14849624060150426, 0.14812030075195537, 0.14837092731817464, 0.14824561403508774], "Valid": []}, "thres": {"Train": [-0.014098277315497966, -0.16954557597637446, -0.2005341053008952, -0.18784117698687425, -0.24534745514412645, -0.23706918954849243, -0.2432807013392448, -0.19438382983071784, -0.23591813445091298, -0.21765327453647587, -0.2226615101097749, -0.23660176992403043, -0.23662137985238557, -0.23855273425579074, -0.2382021546363973, -0.23600582778453827, -0.23769381642353418, -0.23643904924411735, -0.23435124382376704, -0.23644696176055832, -0.23517937213182466, -0.23434638977055172, -0.23584616184244886, -0.23438562452793127, -0.2342897057533166, -0.23416278958320616, -0.23296982049942067, -0.2351517081260891, -0.23514521121973883, -0.23344202339649203], "Valid": []}, "acc_val": {"Train": [0.8341478696741854, 0.8615914786967419, 0.8350877192982457, 0.8590852130325815, 0.8439849624060151, 0.8478070175438597, 0.8556390977443609, 0.8544486215538847, 0.8446741854636591, 0.8452380952380952, 0.8516290726817043, 0.8493107769423559, 0.85, 0.8511904761904762, 0.849937343358396, 0.849874686716792, 0.850187969924812, 0.850062656641604, 0.8504385964912281, 0.85031328320802, 0.8505639097744361, 0.8509398496240601, 0.8510651629072682, 0.8508145363408521, 0.8510651629072682, 0.8516917293233083, 0.8514411027568922, 0.8518170426065163, 0.8515664160401003, 0.8517543859649123], "Valid": []}, "f1_val": {"Train": [0.834158260760604, 0.8615828059402219, 0.8350670510088983, 0.859076383232032, 0.8440045107129432, 0.8477974810451783, 0.8556390977443609, 0.8544395012218811, 0.8446644526599411, 0.8452768729641694, 0.8516104775034465, 0.8492635537449075, 0.85, 0.8511811517012344, 0.8499279403471396, 0.849874686716792, 0.8501973560553849, 0.850053261482549, 0.8504292248887775, 0.850303903753368, 0.850554546024187, 0.8509305094304155, 0.8510744940793182, 0.850805188295006, 0.851055830565825, 0.8516824362428724, 0.8514317939720535, 0.8518077573782818, 0.8515385097449395, 0.8517543859649124], "Valid": []}}