{"roc_val": {"Train": [0.7672270274684203, 0.7216785384513916, 0.7289388650196922, 0.7654885569186123, 0.8564626556993988, 0.9363208145677477, 0.9367629914384961, 0.9483185799712314, 0.9604316398766339, 0.9634305296449143, 0.9594332164998963, 0.9639003131261739, 0.9667016695875027, 0.9692709766270312, 0.9667904410148177, 0.9707152200677132, 0.9740790886991917, 0.9711744665548583, 0.9734965860767206, 0.9770079647740906, 0.9770217680793463, 0.976705933065747, 0.976055772262737, 0.976252850170539, 0.9761646911765629, 0.9762283999472365, 0.9762266254608953, 0.9761891492515751, 0.9762223933894888, 0.97624163792941], "Valid": []}, "eer_val": {"Train": [0.32167919799483163, 0.3570175438592075, 0.3426065162907268, 0.30814536340852133, 0.210526315789184, 0.12919799498751058, 0.12781954887218053, 0.11967418546362306, 0.09486215538866484, 0.09436090225613465, 0.10187969924811931, 0.09185463659028242, 0.08571428571423242, 0.0817042606516365, 0.08684210526251311, 0.07932330827070254, 0.07343358395989982, 0.08007518797036171, 0.07769423558837084, 0.0671679198005531, 0.06791979949957468, 0.06779448621622802, 0.06879699248159854, 0.06892230576503382, 0.06942355889630117, 0.06854636591478705, 0.0685463659152712, 0.06892230576529783, 0.06829573934852752, 0.06867167919796], "Valid": []}, "thres": {"Train": [-0.06596122309563958, -0.003422118257728929, -0.0001652355604164768, -1.4309676771517843e-05, -0.00022890180116503733, -0.0016097855987028964, -0.004990763030946256, -0.02230495028197702, -0.04364112950863855, -0.08683726936614221, -0.12109472602605814, -0.21462383866297702, -0.25791725516313846, -0.30302950739860907, -0.34058067202529935, -0.28280460834503324, -0.2787899971008301, -0.2913661301141453, -0.34697800874658835, -0.33416280150454664, -0.3398544788371985, -0.34061941504530796, -0.34451800584839276, -0.349139690400291, -0.34951534867240713, -0.3521066308021546, -0.3519137501719967, -0.35138890147266016, -0.3521049022675556, -0.3512552380561731], "Valid": []}, "acc_val": {"Train": [0.6783208020050125, 0.6429197994987469, 0.6574561403508772, 0.6917919799498747, 0.7894736842105263, 0.8708646616541353, 0.8721177944862155, 0.8803884711779448, 0.9051378446115288, 0.9057644110275689, 0.8981829573934837, 0.9081453634085213, 0.9144110275689223, 0.918233082706767, 0.9130952380952381, 0.9207393483709273, 0.9265037593984963, 0.9198621553884712, 0.9221804511278195, 0.9329573934837093, 0.9320175438596491, 0.9323308270676691, 0.931265664160401, 0.931015037593985, 0.9306390977443609, 0.931390977443609, 0.9315789473684211, 0.931077694235589, 0.931704260651629, 0.931328320802005], "Valid": []}, "f1_val": {"Train": [0.6783208020050125, 0.6428526665413298, 0.6574346763581679, 0.6917726674603673, 0.7894472991602958, 0.8708727523338137, 0.8721097813146186, 0.8803809762516449, 0.9051378446115288, 0.9057762185189825, 0.8981765774797918, 0.9081338513598196, 0.9144003007895726, 0.9182279591453099, 0.9130788995425205, 0.9207343818534997, 0.9264991540823359, 0.9198571339056332, 0.9221609425921282, 0.9329657937601804, 0.9320132840403534, 0.9323393058513971, 0.9312699705532236, 0.9310107149570774, 0.9306347515508492, 0.931386678363306, 0.931587520360857, 0.931077694235589, 0.931704260651629, 0.9313197142499059], "Valid": []}}