{"roc_val": {"Train": [0.9444647254100162, 0.9593475936080804, 0.969685507628721, 0.9765595693494389, 0.9817341913681447, 0.985634810710988, 0.986905955364602, 0.9832508118667597, 0.9822546968926074, 0.9836669524688916, 0.9842788675950528, 0.9854139028649318, 0.9868520690824806, 0.986797052154195, 0.9872020276254546, 0.9875432864743313, 0.9873459965703734, 0.9874864008391907, 0.9875279677891469, 0.9876834316367359, 0.9877385977475016, 0.9877273383961156, 0.9877176415349151, 0.9877654662973223, 0.987719973492629, 0.9877605354237725, 0.9877209471046036, 0.9877684185400846, 0.9878011130583351, 0.987758839454526], "Valid": []}, "eer_val": {"Train": [0.11967418546365105, 0.10000000000022193, 0.08521303258202756, 0.06654135338345486, 0.054761904760044056, 0.051503759398496135, 0.053258145365102046, 0.061403508771692025, 0.059022556390418784, 0.056265664160227484, 0.05639097744356106, 0.05563909774436097, 0.052756892230267007, 0.051754385965207025, 0.05125313283184594, 0.0521303258145365, 0.05388471177944877, 0.05213032581458503, 0.05263157894724429, 0.05250626566445913, 0.05250626566416068, 0.05238095238120457, 0.052506265664595764, 0.052380952380952445, 0.05238095238045133, 0.05238095238007601, 0.052506265663863246, 0.05250626566415914, 0.052005012530720006, 0.05213032581453957], "Valid": []}, "thres": {"Train": [-0.5760806004206267, -0.6523674527807529, -0.5682839155204247, -0.5100407600402811, -0.4545583426920932, -0.38975411653518677, -0.3407685458664274, -0.3203885555266759, -0.31396797299340906, -0.3216140270231152, -0.3289114534854471, -0.33947896957397466, -0.3413861691947652, -0.3451904654507041, -0.34519922733282016, -0.3435783088207246, -0.34306884805361454, -0.34623884558681783, -0.3440557718274313, -0.34740906953864803, -0.3452796936035157, -0.344846278429194, -0.3453238308430749, -0.34516528248786926, -0.3452686667421753, -0.3442891240107383, -0.34235948324162546, -0.3444281518459314, -0.34635654091803975, -0.3427077531814582], "Valid": []}, "acc_val": {"Train": [0.8803258145363408, 0.900062656641604, 0.9147869674185464, 0.9335213032581454, 0.9453007518796992, 0.9484962406015037, 0.9467418546365914, 0.9385964912280702, 0.9410401002506266, 0.943796992481203, 0.943609022556391, 0.9442982456140351, 0.9472431077694236, 0.9482456140350877, 0.9487468671679198, 0.9478070175438597, 0.9461152882205514, 0.9478696741854636, 0.9473684210526315, 0.9474937343358396, 0.9474310776942356, 0.9477443609022557, 0.9474937343358396, 0.9475563909774436, 0.9475563909774436, 0.9475563909774436, 0.9474937343358396, 0.9475563909774436, 0.9479323308270676, 0.9478070175438597], "Valid": []}, "f1_val": {"Train": [0.8803258145363408, 0.9000563945109342, 0.9147869674185464, 0.9335171376652673, 0.945297324393759, 0.9484962406015037, 0.9467418546365914, 0.9385887955884196, 0.9410364057898365, 0.9437934707688451, 0.943601955132222, 0.9442947553104831, 0.9472364958014788, 0.9482456140350877, 0.9487404436646197, 0.9478037471019487, 0.9461152882205514, 0.9478696741854636, 0.947361824790074, 0.9474937343358396, 0.9474277836957202, 0.9477509084074678, 0.9474937343358396, 0.9475531048311298, 0.9475465313028765, 0.9475465313028765, 0.947487153778669, 0.9475531048311298, 0.9479225418311712, 0.9478037471019487], "Valid": []}}