{"roc_val": {"Train": [0.8467941784285273, 0.8682646858374005, 0.8754077235695755, 0.8663739235306311, 0.8785520505524462, 0.8863972117009316, 0.8850559748368415, 0.8856216433941997, 0.8722928797557804, 0.8943309715391234, 0.898769919786936, 0.8775605052732082, 0.9114728158114587, 0.9179447914900033, 0.9334114185840542, 0.9224560461303634, 0.9406330911866131, 0.9519483153372152, 0.9515698315337215, 0.9530741955138474, 0.95334920948989, 0.9537131362240188, 0.9536823653745894, 0.9536913006199708, 0.9537820742332022, 0.9537317290720535, 0.9535528435751032, 0.9535606952845773, 0.953567463458144, 0.9536484459896609], "Valid": []}, "eer_val": {"Train": [0.23546365914787834, 0.20664160401000817, 0.1894736842105264, 0.20551378446115282, 0.193107769424552, 0.18107769423561787, 0.18571428571346338, 0.18909774436154445, 0.20375939849601452, 0.17832080200537676, 0.17531328320802078, 0.20927318295739344, 0.1541353383465349, 0.1515037593994558, 0.13082706766917226, 0.13959899749373442, 0.11516290726809358, 0.09774436090079401, 0.10037593984962401, 0.09598997493624062, 0.09548872180483337, 0.09511278195488784, 0.0949874686716992, 0.09536340852141875, 0.09536340852167388, 0.09523809523810517, 0.09548872180292149, 0.09548872180560332, 0.09561403508897713, 0.0954887218050828], "Valid": []}, "thres": {"Train": [-0.04791685938835156, -0.02502509579062351, -0.015535041689872742, -0.010151900351047514, -0.008904092945163028, -0.0040896353311838255, -0.00935299601404638, -0.012341421097537898, -0.02838671021163143, -0.023868623189641835, -0.02852549031376844, -0.028467399999499318, -0.05834741145375596, -0.05694219842568813, -0.15917900204658506, -0.2094650467236837, -0.18696032464502815, -0.2658898532389284, -0.3085332512855529, -0.33814057707786244, -0.3564637005329925, -0.36525002121925376, -0.3681666553020743, -0.368289381265782, -0.36979269981433294, -0.370385229587574, -0.3711356520632574, -0.3718776404866431, -0.3718939721584981, -0.3717659711851668], "Valid": []}, "acc_val": {"Train": [0.7644736842105263, 0.7934210526315789, 0.8104636591478697, 0.7945488721804511, 0.8068295739348371, 0.818922305764411, 0.8142857142857143, 0.8109022556390978, 0.7963032581453634, 0.8216791979949875, 0.8246240601503759, 0.7907894736842105, 0.8458020050125313, 0.8484962406015037, 0.869235588972431, 0.8604636591478697, 0.8848997493734336, 0.9023182957393484, 0.89968671679198, 0.9038220551378446, 0.9045112781954887, 0.9048245614035088, 0.9049498746867168, 0.9046992481203008, 0.9046365914786968, 0.9048245614035088, 0.9045739348370927, 0.9045112781954887, 0.9043859649122807, 0.9045739348370927], "Valid": []}, "f1_val": {"Train": [0.7644589259978696, 0.793408108277461, 0.8104517826931511, 0.7945359984961463, 0.806817469766276, 0.818922305764411, 0.814262438902118, 0.8109022556390978, 0.7962904943918793, 0.8216791979949875, 0.8246130709944233, 0.7907763644338618, 0.8457923428786265, 0.8484962406015036, 0.8692273952002004, 0.8604549157215363, 0.8848925371263864, 0.9023121749483052, 0.8996804311047059, 0.9037919147602631, 0.9045112781954887, 0.9048185976564947, 0.9049439187919042, 0.9047052189712423, 0.9046365914786968, 0.9048305244032329, 0.9045679553856758, 0.9045112781954887, 0.9043859649122808, 0.9045799135392519], "Valid": []}}