{"roc_val": {"Train": [0.7900907884442379, 0.7683870625812652, 0.9530325578985056, 0.9547356887763825, 0.9559417863790638, 0.9546602757241197, 0.9556317686097728, 0.955746307602758, 0.9568698881009263, 0.9554895636822494, 0.9569395458501447, 0.9579155552135699, 0.9584527142138275, 0.9583272028930582, 0.9584323067484919, 0.9585334472354655, 0.9585297927009113, 0.9585127309362238, 0.9585111937459914, 0.9585129071634809, 0.958485642538538, 0.9585152591866746, 0.9584873899801021, 0.9584966323145654, 0.9584923217260639, 0.9584991169444077], "Valid": []}, "eer_val": {"Train": [0.288262322472849, 0.3065580618211269, 0.10041771094333582, 0.09795321637425095, 0.09477861319967096, 0.09615705931551825, 0.09674185463626721, 0.09561403508859487, 0.09427736006731402, 0.09870509607300348, 0.09682539682472321, 0.09352548036699543, 0.09323308270827319, 0.09277360066833537, 0.09248120300751884, 0.09264828738531007, 0.09239766081848343, 0.09231411862990813, 0.09252297410150105, 0.09248120300735749, 0.09252297410305918, 0.09256474519632392, 0.09235588972417494, 0.09252297410192144, 0.09252297410150731, 0.09239766081974247], "Valid": []}, "thres": {"Train": [-0.2636185288429261, -0.2081912010908063, -0.132825642824171, -0.1850325465202308, -0.18791671097278834, -0.18083414435403816, -0.17923100292677094, -0.1976600438361055, -0.1910009682179938, -0.17872098088238245, -0.18765868246541823, -0.18838346004460893, -0.19419807195677155, -0.18866463005542716, -0.19209469854831696, -0.190595775842731, -0.19285221397859098, -0.19223627448081973, -0.19230447709554935, -0.19062896072857685, -0.18988357484441443, -0.19047954678535456, -0.19008249044412123, -0.19004197418689725, -0.18986812233915187, -0.18966451287298983], "Valid": []}, "acc_val": {"Train": [0.7117167919799499, 0.6934628237259817, 0.8995405179615706, 0.9020676691729324, 0.9052005012531328, 0.9038220551378446, 0.9032163742690058, 0.9043859649122807, 0.9057226399331663, 0.9012949039264829, 0.9031746031746032, 0.9064327485380117, 0.9068295739348371, 0.9072472848788639, 0.9074979114452799, 0.9073308270676692, 0.9075187969924812, 0.9076649958228905, 0.9074561403508772, 0.9075187969924812, 0.9074561403508772, 0.9074561403508772, 0.9076232247284879, 0.9074979114452799, 0.9074770258980785, 0.9076441102756893], "Valid": []}, "f1_val": {"Train": [0.7117107709016479, 0.6934564213956014, 0.8995321246553597, 0.9020656237598947, 0.9051985212723741, 0.9038200463668832, 0.9032082880775336, 0.9043859649122808, 0.9057226399331663, 0.9012907807343666, 0.9031705585028613, 0.9064249310719358, 0.9068354113150805, 0.907245347647194, 0.9074959794481924, 0.90732889158086, 0.9075072064168442, 0.9076630673155246, 0.9074503415000941, 0.9075149337900497, 0.9074542074813593, 0.9074542074813593, 0.9076174363473066, 0.9074959794481924, 0.9074731609507498, 0.9076479679211394], "Valid": []}}