{"roc_val": {"Train": [0.732103692816, 0.7750713170771542, 0.8283263139050634, 0.8262677213082832, 0.7546214062725736, 0.8182794470512121, 0.8622593136977784, 0.8711952971400934, 0.8702568215651914, 0.8845164760271607, 0.875791766383377, 0.884650072863864, 0.9030626377975013, 0.9018821018712195, 0.9009629807601711, 0.9287039104653865, 0.9097274436090225, 0.9354135338345865, 0.9369700488690398, 0.940828708676453, 0.9435916545750342, 0.9446539751634726, 0.9456601638808803, 0.946064102926489, 0.9463632687608747, 0.9463113689612502, 0.9462329774938599, 0.9461720560800497, 0.9461326012399418, 0.9462995835453295], "Valid": []}, "eer_val": {"Train": [0.3486215538848564, 0.30789473684210567, 0.2536340852135733, 0.2530075187971531, 0.31954887218044015, 0.2560150375935303, 0.2077694235583183, 0.19385964912286036, 0.2003759398490878, 0.17105263157894762, 0.18696741854625498, 0.175438596491344, 0.15238095238133592, 0.15814536340860882, 0.1535087719297023, 0.14035087719327546, 0.16040100250593817, 0.12568922305690272, 0.12431077694234943, 0.11779448621611065, 0.11478696741854719, 0.11290726817115933, 0.11240601503622173, 0.11215538847110675, 0.11165413533927153, 0.11152882205479588, 0.1112781954887236, 0.11127819548872066, 0.11152882205526853, 0.11152882205574181], "Valid": []}, "thres": {"Train": [-0.07878287881615853, -0.014386148191988468, -0.007640046998864493, -0.004500873386861729, -0.006173034198582143, -0.005323646590109647, -0.011738488450608415, -0.017061511054636012, -0.024675928056223432, -0.027675425633788116, -0.04278786480426311, -0.0757084414362943, -0.07529687881470337, -0.12948374450209124, -0.07295154035091309, -0.30573141574867263, -0.18929952383035353, -0.18063823878744803, -0.20972285419702233, -0.19650313258185292, -0.20468021929264177, -0.21384286880598416, -0.22225481271607442, -0.22841377556317552, -0.2304578423503068, -0.22939915955012707, -0.2285796403884903, -0.22837734222412093, -0.22919715940963864, -0.22968527674702546], "Valid": []}, "acc_val": {"Train": [0.6513784461152882, 0.6920426065162907, 0.7463032581453634, 0.7469298245614036, 0.6805137844611528, 0.743922305764411, 0.7921679197994987, 0.806077694235589, 0.799436090225564, 0.8288847117794487, 0.8130952380952381, 0.8246867167919799, 0.8476817042606516, 0.8418546365914787, 0.8464285714285714, 0.8596491228070176, 0.8394736842105263, 0.8743107769423559, 0.8756892230576441, 0.8821428571428571, 0.8851503759398496, 0.8870927318295739, 0.887593984962406, 0.8879072681704261, 0.8882832080200501, 0.8884711779448622, 0.8886591478696741, 0.8887844611528822, 0.8884085213032581, 0.8884085213032581], "Valid": []}, "f1_val": {"Train": [0.6513784461152882, 0.6920233097311862, 0.746287361363494, 0.7469139670405414, 0.6804937652735135, 0.7438741618098641, 0.7921288462743623, 0.806065542953819, 0.7993732372297085, 0.8288739895983458, 0.8130835265367504, 0.8247086831224157, 0.8476912474155757, 0.8418546365914787, 0.8463996991915773, 0.8596491228070176, 0.8394334419654049, 0.8742950244391529, 0.8756892230576441, 0.8821354721473776, 0.8851431793972052, 0.8870927318295739, 0.8875798972302293, 0.8879002443762141, 0.8882762077824425, 0.8884572001503948, 0.8886521711886709, 0.8887774923240804, 0.8884015289178521, 0.8884015289178521], "Valid": []}}