{"roc_val": {"Train": [0.795424486969303], "Valid": []}, "eer_val": {"Train": [0.3003759398509654], "Valid": []}, "thres": {"Train": [-0.048126783222277425], "Valid": []}, "acc_val": {"Train": [0.6996240601503759], "Valid": []}, "f1_val": {"Train": [0.6996240601503759], "Valid": []}}