{"roc_val": {"Train": [0.7801862189935993, 0.8051093429061376, 0.8493005226097827, 0.8394206302096092, 0.86188463012167, 0.8958404705372454, 0.9047714524406255, 0.9236566353226424, 0.9168855801785164, 0.9109644568815523, 0.9199026859127769, 0.9456756867105106, 0.9334326731616007, 0.9599999450380337, 0.9348570753324413, 0.971473404689669, 0.9648483834900535, 0.977702723286914, 0.9741428524318314, 0.9743570470662872, 0.9780751612741125, 0.9820379975628294, 0.9826352849542402], "Valid": []}, "eer_val": {"Train": [0.3053884711779198, 0.2798245614030175, 0.2340852130317917, 0.2471177944862357, 0.2225563909774436, 0.17769423558911956, 0.17769423558875586, 0.153759398496241, 0.14423558897241273, 0.15037593984962414, 0.14110275689268575, 0.09974937343356431, 0.13634085213037056, 0.08734335839599044, 0.1312030075193186, 0.06817042606516012, 0.0803258145363387, 0.06378446115296334, 0.064285714285716, 0.06704260651718327, 0.058521303258145356, 0.05162907268277495, 0.05087719298245382], "Valid": []}, "thres": {"Train": [-0.07198327034711464, -0.010295774787663118, -0.004392806906245607, -0.0031753189396113344, -0.0022271850791115025, -0.002824298804626841, -0.005683052819220274, -0.0172945335507393, -0.02016990911215489, -0.030240362510085113, -0.05678466707470736, -0.12487868219613821, -0.17093725502491625, -0.20873607695102692, -0.21321980655206485, -0.22679342329501262, -0.1993921548128124, -0.1747371554376109, -0.21401950716972526, -0.22581271827378963, -0.2519572973251343, -0.25768032670529156, -0.26622231304645144], "Valid": []}, "acc_val": {"Train": [0.6946741854636591, 0.7201754385964912, 0.7659774436090225, 0.7528195488721805, 0.7773182957393484, 0.8222431077694236, 0.8222431077694236, 0.8461779448621554, 0.8558270676691729, 0.849624060150376, 0.8588972431077694, 0.9003132832080201, 0.8635964912280701, 0.9125939849624061, 0.868796992481203, 0.9318922305764411, 0.9197368421052632, 0.9361528822055137, 0.9356516290726817, 0.9329573934837093, 0.9415413533834587, 0.9483082706766918, 0.9491228070175438], "Valid": []}, "f1_val": {"Train": [0.6946550535747854, 0.7201403684672264, 0.7659627796227835, 0.7528040604047872, 0.7773461972183937, 0.822231969421643, 0.8222096885379457, 0.846168306284855, 0.8558180337113854, 0.849624060150376, 0.8588972431077694, 0.9003070367817533, 0.8635879441067735, 0.912588508051883, 0.868796992481203, 0.9318879629049438, 0.9197318127702238, 0.9361488815088664, 0.9356475969672285, 0.9329573934837093, 0.9415376903314744, 0.9483050316435866, 0.9491228070175438], "Valid": []}}