{"roc_val": {"Train": [0.733190000376882, 0.7791704511906332, 0.8432823364802984, 0.8326655140357159, 0.7684178255789851, 0.809972464054874, 0.8360696776402159, 0.872310475436712, 0.8694050681214315, 0.8864213635592741, 0.8866412742382271, 0.8953940458916715, 0.9000793886344935, 0.9148163956256556, 0.9183552317510568, 0.9443670894027048, 0.9384147320054522, 0.9465202165815542, 0.9449609927073324, 0.9513726358502774], "Valid": []}, "eer_val": {"Train": [0.3483709273182956, 0.3020050125313285, 0.23533834586466523, 0.24448621553916572, 0.3051378446121892, 0.2610275689214131, 0.24047619047619317, 0.19949874686717195, 0.20501253132830322, 0.1700501253130145, 0.18107769423522507, 0.1587719298239436, 0.15275689223019503, 0.1390977443590733, 0.1377192982456141, 0.11290726817042614, 0.12042606516280677, 0.10689223057637862, 0.10989974937311976, 0.09937343358395975], "Valid": []}, "thres": {"Train": [-0.07677678018808365, -0.014528605155646803, -0.007447075564414269, -0.004556042607874418, -0.008078156039124132, -0.0047020060010198985, -0.01011777389794592, -0.021446427330374808, -0.02660761959850705, -0.03558733314274934, -0.04396689310667359, -0.07215294986962552, -0.08795133233062878, -0.13146196305722072, -0.16654831469058992, -0.2706466019153595, -0.32024550437924704, -0.23688505589950812, -0.2081630527972918, -0.22144490480422968], "Valid": []}, "acc_val": {"Train": [0.6516917293233083, 0.6979323308270676, 0.7645989974937344, 0.7554511278195488, 0.6947994987468672, 0.7389724310776943, 0.7595238095238095, 0.8004385964912281, 0.7950501253132832, 0.8298872180451128, 0.818922305764411, 0.8412280701754385, 0.8471177944862155, 0.8609022556390977, 0.862280701754386, 0.88703007518797, 0.8795112781954887, 0.893170426065163, 0.8899122807017544, 0.9006892230576441], "Valid": []}, "f1_val": {"Train": [0.6516699041293315, 0.697913403095432, 0.764584247133279, 0.7554358042483865, 0.6947803747101949, 0.7389397167564857, 0.7595238095238096, 0.8004260918603923, 0.7950372830377843, 0.8298552359466066, 0.8188996114801353, 0.8412081714500564, 0.8470794685384809, 0.8608848226594811, 0.862280701754386, 0.8870229964283476, 0.8794886256815191, 0.8931637320634125, 0.8898777812597933, 0.9006830001879816], "Valid": []}}