{"roc_val": {"Train": [0.7718237558181167, 0.7757053993239853, 0.9198124880915739, 0.9461378130302084, 0.9461259630557876, 0.9477110661644366, 0.9449650825755561, 0.9489046952524727, 0.9473163930084192, 0.9470622907519425, 0.9454122880300165, 0.9458545643557517, 0.9503493932198918, 0.9500426007583704, 0.9499527754571614, 0.9503552357641529, 0.9503806569821935, 0.9503475969232464, 0.9503694002480441, 0.9502878890347563, 0.9502651757840717, 0.9502757860608079, 0.9502975265719296, 0.9502856600216776, 0.950281981059583, 0.9502876002663301, 0.9502925887190825], "Valid": []}, "eer_val": {"Train": [0.3097326649958256, 0.3069757727646643, 0.15325814536268098, 0.10977443609030431, 0.10868838763575618, 0.10476190476202656, 0.11140350877192912, 0.10442773600668324, 0.10768588136931281, 0.1057644110275533, 0.1130743525482786, 0.1124477861320084, 0.10204678362574005, 0.10279866332480572, 0.10350877192989895, 0.10250626566416046, 0.10309106098579779, 0.10329991645842358, 0.10279866332498, 0.10288220551315463, 0.10296574770316386, 0.10300751879699255, 0.10309106098581207, 0.10296574770311548, 0.10296574770258984, 0.10304928989007413, 0.10288220551378438], "Valid": []}, "thres": {"Train": [-0.3794641047716151, -0.23106163740142693, -0.13329461216914404, -0.17933917045600298, -0.19572662562131884, -0.17213962972170266, -0.18956138193607294, -0.20008184015750885, -0.20171169936643277, -0.17129823565482805, -0.18892322480685056, -0.1849544793367397, -0.18874938786030743, -0.18998450040814652, -0.18967075645925027, -0.18314790725708008, -0.19017075002193448, -0.1927844733000975, -0.19379816949367534, -0.1913734525441836, -0.19044531881810872, -0.19072379171848297, -0.19056731462478713, -0.19059096276779117, -0.19052468240261078, -0.1902641654012349, -0.1898067146539688], "Valid": []}, "acc_val": {"Train": [0.6902673350041771, 0.6930451127819549, 0.8467209690893901, 0.8902046783625731, 0.8913116123642439, 0.8952172096908939, 0.8886173767752715, 0.8955931495405179, 0.8922723475355054, 0.8942564745196324, 0.8869256474519632, 0.8875313283208021, 0.8979323308270677, 0.8971595655806182, 0.8964703425229741, 0.8974728487886383, 0.8969298245614035, 0.8966791979949875, 0.8971804511278195, 0.8970342522974102, 0.8970133667502088, 0.8969715956558062, 0.8968880534670008, 0.8970342522974102, 0.8970551378446115, 0.8969715956558062, 0.8971386800334169], "Valid": []}, "f1_val": {"Train": [0.6902673350041771, 0.6930387017272709, 0.8467113645382961, 0.8902023851793062, 0.8913116123642439, 0.8952150211992732, 0.88861505043965, 0.8955909689007706, 0.8922633469796974, 0.8942542659621129, 0.8869256474519632, 0.8875289793019905, 0.8979301990434219, 0.8971509733478152, 0.896468180204265, 0.8974707074082584, 0.8969276718394286, 0.8966770400384303, 0.8971783036404269, 0.8970213477043908, 0.8970112157730946, 0.8969694438062615, 0.8968858998725954, 0.8970342522974102, 0.8970529877399277, 0.8969694438062615, 0.8971365316735939], "Valid": []}}