{"roc_val": {"Train": [0.8213091155206311, 0.8043396241229641, 0.7781569289765766, 0.7471184304746831, 0.7049138196368113, 0.7979064515926406, 0.9104102047097694, 0.8952368860748362, 0.8909741694461718, 0.9194434237222127, 0.9348640319470355, 0.9275753528558237, 0.9616827312642506, 0.9679708120552005, 0.9676089738757921, 0.9656888775824272, 0.9724282039685681, 0.972367235444501, 0.9713077257680542, 0.9743330915006815, 0.9737971809222303, 0.9741212209722301], "Valid": []}, "eer_val": {"Train": [0.2642857142852115, 0.2799498746875988, 0.3075187969924818, 0.3305764411027569, 0.36215538847153206, 0.28182957393543095, 0.16065162907260577, 0.18847117794512916, 0.18822055137833282, 0.1581453634097436, 0.13383458646610472, 0.15012531328317272, 0.10125313283196788, 0.083208020050123, 0.08947368420952054, 0.08922305764518754, 0.0761904761904748, 0.07644110275693679, 0.0791979949867935, 0.07380952380952298, 0.07481203007518877, 0.07468671679142809], "Valid": []}, "thres": {"Train": [-0.1966096162795456, -0.11678827554006414, -0.04431787505745889, -0.011229068040847778, -0.0011398891219880404, -0.0016010359395306282, -0.005626120138912079, -0.015741054899995426, -0.029260771349069792, -0.04876638203868958, -0.08972535282373297, -0.14373624324797027, -0.18208636343474735, -0.22838224470615337, -0.2492962926624696, -0.2634595036510109, -0.26933747529983487, -0.2928470373154116, -0.29887595772691183, -0.2972285449504844, -0.3001391291618355, -0.3079727292057861], "Valid": []}, "acc_val": {"Train": [0.7357769423558898, 0.7201127819548873, 0.6924185463659148, 0.6694235588972431, 0.6379072681704261, 0.7181077694235589, 0.8393483709273183, 0.8115914786967419, 0.8117794486215539, 0.8417919799498746, 0.8662280701754386, 0.849937343358396, 0.8988095238095238, 0.9168546365914787, 0.9104636591478696, 0.9107769423558897, 0.9238721804511278, 0.9234962406015037, 0.9207393483709273, 0.9262531328320802, 0.925250626566416, 0.925187969924812], "Valid": []}, "f1_val": {"Train": [0.735760385989097, 0.7201303176492702, 0.6923992731374146, 0.6693821280862263, 0.637884579234288, 0.7180901058963594, 0.8393282366211304, 0.8115796729118367, 0.8117558591302169, 0.8417820665455229, 0.8662196879503729, 0.8499279403471396, 0.8988031831568395, 0.9168494266558055, 0.910446825844457, 0.9107769423558897, 0.9238674102387368, 0.9234914468325083, 0.9207244469511814, 0.926248511811517, 0.925245942728241, 0.925169215342191], "Valid": []}}