{"roc_val": {"Train": [0.906673874535964], "Valid": []}, "eer_val": {"Train": [0.1761904761904763], "Valid": []}, "thres": {"Train": [-0.2068148106336594], "Valid": []}, "acc_val": {"Train": [0.8237468671679198], "Valid": []}, "f1_val": {"Train": [0.8237358230465568], "Valid": []}}