{"roc_val": {"Train": [0.872012707206613, 0.8794122838424381, 0.88882451272291, 0.9029856910446542, 0.9279234662470712, 0.9641347730227827, 0.972641739059428, 0.9785038096494368, 0.9828031387993795, 0.98617712828437, 0.9784677074892746, 0.9880942958901013, 0.9918065998329156, 0.989590282096218, 0.9856013231700805, 0.9928437478407799, 0.9920114195262593, 0.993803682137675, 0.9944668218164459, 0.9947522157524137, 0.9950911112367384, 0.9952897673381449], "Valid": []}, "eer_val": {"Train": [0.21365914786967422, 0.20576441102756896, 0.19360902255639098, 0.17656641604007803, 0.1423558897243282, 0.09674185463660331, 0.08245614035087814, 0.07067669172932624, 0.052756892231183156, 0.05338345864652818, 0.06491228070180266, 0.04661654135364322, 0.03784461152905031, 0.043734335839290324, 0.05852130325814524, 0.03558897243108916, 0.03822055137844613, 0.03157894736842173, 0.030952380952380936, 0.029824561403268418, 0.029072681703639233, 0.02819548872273041], "Valid": []}, "thres": {"Train": [-0.07103784382343292, -0.04262971878051758, -0.02735105622559786, -0.01593682169914176, -0.008985000662505916, -0.008513568900525733, -0.01472937874495984, -0.0281815826892853, -0.04615353047861097, -0.09645947068927299, -0.15383401513100264, -0.28391847014439564, -0.20615009963537032, -0.2789207994935319, -0.342749089002609, -0.326815545558952, -0.3434052914381027, -0.3748107254505159, -0.38901278376579285, -0.39042511582356454, -0.39478453993679014, -0.3967448771022588], "Valid": []}, "acc_val": {"Train": [0.7862781954887218, 0.7942982456140351, 0.806453634085213, 0.8234962406015037, 0.8575814536340852, 0.9031954887218046, 0.9174812030075188, 0.9292606516290727, 0.9472431077694236, 0.9466165413533835, 0.9350250626566416, 0.9533834586466166, 0.962155388471178, 0.956265664160401, 0.9415413533834587, 0.9643483709273183, 0.9617794486215538, 0.968358395989975, 0.969110275689223, 0.9702380952380952, 0.9709899749373434, 0.9718671679197995], "Valid": []}, "f1_val": {"Train": [0.7862648035591203, 0.7942853562253275, 0.8064415063600475, 0.8234851807757377, 0.8575725296071183, 0.9031894228961714, 0.917476032332853, 0.9292562190613448, 0.9472431077694236, 0.9466098508585036, 0.9350209912901811, 0.9533834586466166, 0.962155388471178, 0.9562601829803233, 0.9415376903314744, 0.964346136976001, 0.9617794486215538, 0.9683564133091046, 0.9691083401215616, 0.9702362303402468, 0.9709881571527038, 0.9718689305181379], "Valid": []}}