{"roc_val": {"Train": [0.6563213720391203, 0.6430511193397026, 0.6620592364369572, 0.678492354005314, 0.6657365296072261, 0.686396128165024, 0.8230708114270637, 0.8416079201763808, 0.8406851480204269, 0.8372611352943763, 0.7927127342164936, 0.8478813967877086, 0.8299936558187448, 0.8356799109302077, 0.8983915459073749, 0.8963300324746704, 0.8951532967757739, 0.8986442531768016, 0.91245117021878, 0.9184299564701226, 0.9240355274150287], "Valid": []}, "eer_val": {"Train": [0.39862155388396614, 0.4144110275689224, 0.38872180451127825, 0.3805764411037282, 0.3857142857142867, 0.38082706766906477, 0.2501253132829652, 0.23721804511415612, 0.2385964912280702, 0.2409774436090181, 0.2843358395991076, 0.23233082706766922, 0.24436090225563914, 0.24022556390854374, 0.17543859649034482, 0.17731829573976374, 0.1765664160398208, 0.17744360902328749, 0.1605263157907385, 0.15513784461306446, 0.14686716792132937], "Valid": []}, "thres": {"Train": [-0.2295722514388575, -0.009390504099428671, -0.0001723881141515449, -8.581821748529701e-05, -2.680055786186143e-06, -6.264478724913595e-05, -0.0015568751841780071, -0.003623431315650098, -0.020221414044499397, -0.027157127857208096, -0.017104966565968577, -0.05108996853232384, -0.04267538338899613, -0.176633134484216, -0.23215410113317578, -0.16523845493815906, -0.15055750608433566, -0.1761306822301368, -0.20489411056060142, -0.2412870228291649, -0.28112828731565526], "Valid": []}, "acc_val": {"Train": [0.6011904761904762, 0.5855263157894737, 0.6112155388471178, 0.6194235588972431, 0.6142230576441102, 0.619172932330827, 0.749874686716792, 0.7628446115288221, 0.7613408521303258, 0.7590852130325815, 0.7156015037593985, 0.7676065162907268, 0.7555764411027569, 0.7598370927318295, 0.8245614035087719, 0.8227443609022557, 0.8234335839598997, 0.8226190476190476, 0.8395363408521304, 0.8448621553884712, 0.8531328320802005], "Valid": []}, "f1_val": {"Train": [0.6010654967094955, 0.5855003446331225, 0.6111911773920672, 0.6194235588972431, 0.6141988846418948, 0.6191252036596064, 0.7498433387642562, 0.7628594699580228, 0.7613258976126325, 0.7590701171752616, 0.7155836831881698, 0.7675919543831067, 0.7555611253837962, 0.7598220439877185, 0.8245394159669132, 0.8227554664494705, 0.8234335839598997, 0.8226301610174801, 0.8395463943361945, 0.8448621553884712, 0.8531328320802006], "Valid": []}}