{"roc_val": {"Train": [0.8536586767671057, 0.8645488643287418, 0.8742975546636014, 0.8879924199596736, 0.92597957142229, 0.9424113227931986, 0.9638644229621675, 0.9594669160369595, 0.9672350754706315, 0.9730446259759674, 0.9802297331675052, 0.9838416215978543, 0.9853548030477194, 0.9865235300029521, 0.9868277837450771, 0.9868192567885881, 0.9872025615416988, 0.987598915835956, 0.987634735334577, 0.9877953027933243, 0.9879902293327304, 0.9880126538149887, 0.9881023674474407, 0.9881548168667282, 0.9881307278220613, 0.9881273044767307, 0.9881453162982645, 0.9881688871301061, 0.9881749015395632, 0.9881779008925823], "Valid": []}, "eer_val": {"Train": [0.23609022556487416, 0.2221804511278377, 0.21177944862235829, 0.19711779448621558, 0.15025062656653163, 0.1314536340868396, 0.09649122807049579, 0.10388471177866998, 0.08922305764411138, 0.07907268170426034, 0.0617794486215549, 0.054636591479625435, 0.050626566416667254, 0.049122807017049464, 0.04749373433584225, 0.04686716791979905, 0.046616541353385575, 0.04461152882241014, 0.044611528822497304, 0.04348370927318058, 0.043358395989966825, 0.04373433583919317, 0.04298245614035248, 0.043358395990499246, 0.04360902255639078, 0.04348370927318011, 0.042982456140353675, 0.0431077694240002, 0.04323308270706774, 0.043107769424059236], "Valid": []}, "thres": {"Train": [-0.0804763063788449, -0.04564806818962255, -0.02637737058104421, -0.012888194993138313, -0.007239772006869337, -0.008829102851451387, -0.017326915636662017, -0.03340856730925988, -0.061386466957628776, -0.12949688732624048, -0.1627975851297379, -0.21307615935807872, -0.26174852252040304, -0.2974430322643289, -0.34573605656623946, -0.364714682102203, -0.37536859512329324, -0.38099184632318134, -0.38349935412433545, -0.3924629092216475, -0.39164614677428755, -0.39405405521356746, -0.3928356170654298, -0.39423033595240004, -0.394320964813232, -0.39431124925612915, -0.395763516426089, -0.39588570594833977, -0.3966063559059393, -0.39528235793196953], "Valid": []}, "acc_val": {"Train": [0.7639097744360902, 0.7778195488721804, 0.7881578947368421, 0.8029448621553885, 0.849812030075188, 0.868546365914787, 0.9035087719298246, 0.8961152882205514, 0.9108395989974938, 0.9209899749373434, 0.9381578947368421, 0.9455513784461153, 0.9493734335839599, 0.9506892230576441, 0.9524436090225564, 0.9531954887218045, 0.9533208020050126, 0.9555137844611529, 0.9553884711779449, 0.9565789473684211, 0.9565789473684211, 0.956265664160401, 0.9569548872180451, 0.9566416040100251, 0.956453634085213, 0.9565789473684211, 0.9569548872180451, 0.9568295739348371, 0.9568922305764411, 0.9568922305764411], "Valid": []}, "f1_val": {"Train": [0.7639097744360903, 0.7778195488721803, 0.7881446205902626, 0.802932514568582, 0.8498214397594136, 0.868546365914787, 0.9035087719298246, 0.8961022684546935, 0.9108340121561501, 0.9209850241243186, 0.9381540196754183, 0.94556161122596, 0.9493734335839599, 0.9506737699780633, 0.9524406291120998, 0.9531925559245567, 0.9533178770599661, 0.9555193584763815, 0.9553884711779449, 0.9565762265806128, 0.9565707839819515, 0.9562601829803233, 0.9569521899868413, 0.9566416040100251, 0.9564509054452033, 0.9565762265806128, 0.9569521899868413, 0.9568268688514319, 0.9568976318757048, 0.9568922305764411], "Valid": []}}