{"roc_val": {"Train": [0.8248357029792526, 0.9175249370292899, 0.9432595979296613, 0.9403206952217636, 0.8912177530291895, 0.950243340180024, 0.9452002499984298, 0.9576215444626605, 0.9632933210218528, 0.9838017820239823, 0.9716896407685881, 0.9812743560027889, 0.9837883713042003, 0.9891360449997172, 0.9851687332366003, 0.9880191707338521, 0.9887086450461995, 0.9897260931149929, 0.9885993413986093, 0.9895631308848563, 0.9888199822865434, 0.9887507773192379, 0.988969149063134, 0.9894101638808802, 0.9888847274828676, 0.9886614013102933, 0.9882463128372309, 0.98921141355896, 0.9891625916294496, 0.9885066833751045], "Valid": []}, "eer_val": {"Train": [0.23771929824561752, 0.15375939849623993, 0.12994987468786162, 0.13045112781989232, 0.19411027568922928, 0.10889724310776927, 0.12493734335918587, 0.0959899749373453, 0.10087719298245612, 0.04949874686716514, 0.06979949874686778, 0.06165413533834582, 0.05463659147869677, 0.0388471177948075, 0.05250626566577527, 0.045864661654618465, 0.04335839598912029, 0.041729323307688866, 0.04310776942477436, 0.04185463659099188, 0.04373433584099383, 0.04398496240510318, 0.043483709273307025, 0.04160401002506368, 0.04335839599017935, 0.043984962405488305, 0.04561403508731822, 0.042355889724111896, 0.0419799498744185, 0.04436090225564236], "Valid": []}, "thres": {"Train": [-0.006721974350512057, -0.19892235100269315, -0.2133576273919098, -0.44241484999660746, -0.5311971306800886, -0.2283238321542739, -0.39441499114162476, -0.4989131987094911, -0.654087021946907, -0.32802996039390403, -0.49415180087089705, -0.3590732663869856, -0.47645775973796844, -0.30162262916753674, -0.35243424773422405, -0.34079827368263366, -0.3291491866097708, -0.3326494693747677, -0.3345755934719463, -0.3295391499980672, -0.33619433641578744, -0.3332508802412314, -0.33171904087077464, -0.3203543722629564, -0.33478760719300665, -0.3250113725650844, -0.3365856409066509, -0.32410252094194175, -0.32368043064611685, -0.3413285613060034], "Valid": []}, "acc_val": {"Train": [0.7622180451127819, 0.8463032581453634, 0.8700501253132832, 0.8695488721804512, 0.805952380952381, 0.8911654135338346, 0.875062656641604, 0.9039473684210526, 0.8992481203007519, 0.950563909774436, 0.9301378446115288, 0.9383458646616541, 0.9454260651629073, 0.9609649122807018, 0.9474937343358396, 0.9541979949874687, 0.9566416040100251, 0.9582080200501253, 0.9570175438596491, 0.9581453634085213, 0.9562030075187969, 0.956015037593985, 0.9565789473684211, 0.9583333333333334, 0.956453634085213, 0.955952380952381, 0.9543233082706767, 0.9576441102756892, 0.9580827067669173, 0.9557017543859649], "Valid": []}, "f1_val": {"Train": [0.7622031455604987, 0.8462936274202645, 0.8700501253132832, 0.8695488721804512, 0.8059402218184096, 0.8911585938968607, 0.875062656641604, 0.9039413497086283, 0.8992354931695702, 0.9505608120809573, 0.9301334670092111, 0.9383458646616541, 0.9454226455291685, 0.960957573478724, 0.9474937343358396, 0.9541951250078325, 0.9566361699461087, 0.9582001629378956, 0.9570229294574615, 0.9581401178092495, 0.9562002631743843, 0.9560095250031332, 0.9565816678152999, 0.9583307224763457, 0.9564454471391866, 0.9559385772485115, 0.9543147208121827, 0.957638801854869, 0.9580800802055267, 0.9556989786327464], "Valid": []}}