{"roc_val": {"Train": [0.7399565564914793, 0.7499499610555211, 0.7456198453527302, 0.8066113592251305, 0.8371653836973385, 0.836265946821942, 0.8818286081745718, 0.8822265328107235, 0.8861249772300426, 0.8993223503621209, 0.8928011758720109, 0.8975131830202072, 0.9080831700177763, 0.9036172825547577, 0.9033357830666893, 0.919387291851182, 0.9215898062826238, 0.9203223126739153, 0.9273593994384457, 0.9294003727991659, 0.929716686767043, 0.929822048856477, 0.9303946975835579, 0.9306892230576441, 0.9319408405097956, 0.9319657539839575, 0.9323282360035428, 0.9325778968096935, 0.9326232404319068, 0.9326793251926809], "Valid": []}, "eer_val": {"Train": [0.3320802005001027, 0.3258145363392967, 0.33095238095238877, 0.2734335839598995, 0.23947368421052134, 0.24298245614033923, 0.19461152882350496, 0.19197994987468658, 0.1854636591489644, 0.17330827067664648, 0.18721804511278192, 0.17568922305752208, 0.15877192982456145, 0.17130325814536498, 0.17067669172878966, 0.1518796992481412, 0.15275689223057634, 0.15576441102761307, 0.1426065162909814, 0.14010025062656553, 0.1378446115296474, 0.13872180451127827, 0.13872180451128072, 0.13671679198002523, 0.13571428571428484, 0.13533834586457033, 0.13558897243103954, 0.13471177944862184, 0.13483709273178737, 0.13521303258104236], "Valid": []}, "thres": {"Train": [-0.1016095653175075, -0.041368689387975305, -0.01492913067340887, -0.005417254753410815, -0.004133978392928831, -0.01044453307986249, -0.016674015671019032, -0.03981065377593039, -0.08488847315384149, -0.14568774402140333, -0.25284314155578613, -0.3089476823806159, -0.29929205775260925, -0.39217352867126576, -0.4247628748415494, -0.348521709442146, -0.3426626821358998, -0.3534778952598833, -0.36362641387525246, -0.3830543557802835, -0.39547428488862285, -0.39051599800586706, -0.4145696163177502, -0.4025312960148371, -0.4071239233016966, -0.40381908416746476, -0.4064885675907094, -0.409699946641922, -0.4111219644546468, -0.41117593646038775], "Valid": []}, "acc_val": {"Train": [0.6677944862155388, 0.6742481203007519, 0.668984962406015, 0.7266290726817043, 0.7605889724310777, 0.7570802005012531, 0.8053258145363409, 0.8080827067669173, 0.8145363408521303, 0.8267543859649122, 0.812844611528822, 0.8243734335839599, 0.8411654135338346, 0.8286340852130326, 0.8293233082706767, 0.8480576441102757, 0.8472431077694236, 0.8442355889724311, 0.8573308270676692, 0.8599624060150376, 0.8621553884711779, 0.8613408521303259, 0.8612155388471178, 0.8632832080200501, 0.8642230576441102, 0.8647243107769423, 0.8644736842105263, 0.8652255639097745, 0.8652255639097745, 0.8644736842105263], "Valid": []}, "f1_val": {"Train": [0.667711205815994, 0.6742277085030391, 0.6689642208158406, 0.7266119431042046, 0.7605739708001754, 0.75706497900871, 0.8053136161413621, 0.808070681120371, 0.8145363408521303, 0.8267435302963845, 0.8128328842659315, 0.8243624287236042, 0.8411554608684755, 0.8286233473275268, 0.8293019175335256, 0.8480481233159972, 0.8472431077694236, 0.844235588972431, 0.8573397656788423, 0.8599536311798984, 0.8621553884711779, 0.8613321636694028, 0.8612068425339933, 0.8632832080200501, 0.8642315644383185, 0.8647158343254591, 0.8644651920546401, 0.865217118867097, 0.865217118867097, 0.8644142167617377], "Valid": []}}