{"roc_val": {"Train": [0.9304389105596071], "Valid": []}, "eer_val": {"Train": [0.13395989974943195], "Valid": []}, "thres": {"Train": [-0.49776926636699426], "Valid": []}, "acc_val": {"Train": [0.8660401002506266], "Valid": []}, "f1_val": {"Train": [0.8660401002506266], "Valid": []}}