{"roc_val": {"Train": [0.9170283949221424], "Valid": []}, "eer_val": {"Train": [0.14899749373433574], "Valid": []}, "thres": {"Train": [-0.09507366269826888], "Valid": []}, "acc_val": {"Train": [0.8510651629072682], "Valid": []}, "f1_val": {"Train": [0.851055830565825], "Valid": []}}