{"roc_val": {"Train": [0.9064370198679658, 0.8623714989227454, 0.7255356671754575, 0.8862428706477975, 0.9739281238811314, 0.9750977773380821, 0.976509467591284, 0.9695235896759443, 0.9782275393998782, 0.9840386523953998, 0.9808615366737645, 0.9835250406718552, 0.9872043046212023, 0.9838785089289641, 0.9870318339708922, 0.9834847299954146, 0.9836001344212663, 0.9885252762231391, 0.9888558331920027, 0.9903049446925585, 0.9893178591843016, 0.9898138202649481, 0.9903621522477873, 0.9901878285940415, 0.9902831169402203, 0.9904491962990182, 0.9903343100859919, 0.9903817815214729, 0.99031298484306, 0.9904066243302491], "Valid": []}, "eer_val": {"Train": [0.16641604010118055, 0.22844611528821981, 0.3416040100255747, 0.18771929824561495, 0.08383458646614411, 0.07669172932203741, 0.07017543859780266, 0.0844611528821544, 0.06842105263208863, 0.06378446115288365, 0.0635338345862811, 0.06365914787118694, 0.05250626566416004, 0.05977443608984613, 0.051002506265058874, 0.054887218045178515, 0.048245614035199745, 0.046741854638330194, 0.047744360902255686, 0.04636591478696752, 0.04511278195548893, 0.04285714285738097, 0.04385964912280708, 0.04285714285714279, 0.0453634085215485, 0.04498746867068002, 0.04348370927318267, 0.0447368421044724, 0.04548872180452085, 0.043984962406077646], "Valid": []}, "thres": {"Train": [-0.10399397462627871, -0.03693569079041478, -0.020038766786491, -0.012117185629904288, -0.29145044088360483, -0.3039407730098861, -0.30745005607699827, -0.3848443229992065, -0.4032663106922623, -0.3559525460004807, -0.3268766105174467, -0.3902414441123951, -0.36268550157546964, -0.36117437481853065, -0.3646636009210916, -0.39124709367761046, -0.3672064840795423, -0.34483847022115793, -0.34590025246143347, -0.3753333091735844, -0.37118658423534184, -0.3672046661377668, -0.34731140732765203, -0.3496316373348236, -0.3532870709897337, -0.3472678661329634, -0.34610179066658, -0.3452996611581787, -0.3484274744987611, -0.3462329059839646], "Valid": []}, "acc_val": {"Train": [0.8336466165413534, 0.7716165413533834, 0.6584586466165413, 0.812218045112782, 0.9162280701754386, 0.9233709273182957, 0.9298245614035088, 0.9155388471177945, 0.9315162907268171, 0.9362155388471178, 0.9364661654135338, 0.9362781954887218, 0.9475563909774436, 0.9402255639097744, 0.9488721804511279, 0.9451127819548872, 0.9517543859649122, 0.9534461152882205, 0.9522556390977444, 0.9535714285714286, 0.9550125313283208, 0.9570802005012531, 0.956077694235589, 0.9572055137844612, 0.9546365914786967, 0.9550751879699249, 0.9565789473684211, 0.9553258145363408, 0.9544486215538847, 0.956077694235589], "Valid": []}, "f1_val": {"Train": [0.8336570390326421, 0.7716022307162103, 0.6584800451099555, 0.8122062785888841, 0.9162228209787582, 0.9233661256970989, 0.9298245614035088, 0.9155388471177945, 0.9315119994987154, 0.9362155388471178, 0.9364582027823035, 0.936274202644276, 0.9475531048311298, 0.9402180724401553, 0.9488593632489345, 0.9451127819548872, 0.9517543859649122, 0.9534548643738646, 0.9522556390977444, 0.9535685193307851, 0.9550181681493547, 0.9570775111222507, 0.9560749420389749, 0.9572028322576601, 0.9546365914786967, 0.955072372955699, 0.9565762265806128, 0.9553230152265181, 0.9544457672786515, 0.9560749420389749], "Valid": []}}