{"1000": {"SCNN_3_1_conv_1_dense_arg_dict_default": {"lr_epoch_log_dict": "{0: 0.001, 1: 0.001, 2: 0.001, 3: 0.001, 4: 0.001, 5: 0.001, 6: 0.001, 7: 0.001, 8: 0.001, 9: 0.00020000001, 10: 4.0000003e-05, 11: 8.000001e-06, 12: 1.6000001e-06, 13: 1e-06, 14: 1e-06, 15: 1e-06, 16: 1e-06, 17: 1e-06, 18: 1e-06, 19: 1e-06}", "loss_record_dict": {"loss": [1.0785611867904663, 0.3632183372974396, 0.12752053141593933, 0.05385322496294975, 0.03229853883385658, 0.02289561554789543, 0.0202375166118145, 0.018801085650920868, 0.01854347251355648, 0.016750779002904892, 0.01610478386282921, 0.016211174428462982, 0.016072170808911324, 0.015979623422026634, 0.015833672136068344, 0.015961891040205956, 0.016102055087685585, 0.015959016978740692, 0.015949567779898643, 0.01580079272389412], "val_loss": [0.5885295271873474, 0.21046137809753418, 0.09200307726860046, 0.05390142649412155, 0.04347079247236252, 0.035578928887844086, 0.03162993863224983, 0.02515670284628868, 0.03160862252116203, 0.02859790064394474, 0.02846073918044567, 0.030362466350197792, 0.030040254816412926, 0.03000633604824543, 0.02985350228846073, 0.029720691964030266, 0.02975817769765854, 0.029762769117951393, 0.02971356175839901, 0.029776403680443764]}, "metric_record_dict": {"roc_val": {"Train": [0.9323078620044218, 0.9309180382817801, 0.9295473899141274, 0.9433240236656355, 0.9631966979944852, 0.9792171814784882, 0.9840281588445484, 0.9834001401574847, 0.986435416766157, 0.9881915338827302, 0.9879846737572868, 0.987587148844155, 0.9876995213050491, 0.9877080530709249, 0.9877812441713678, 0.9878142073856222, 0.9878080455547116, 0.9878089137487088, 0.9878292623388293, 0.9878384323446172], "Valid": [0.9667667565779428, 0.9603589006972871, 0.9387474050177632, 0.9120579225102033, 0.9038523475046772, 0.9285399051867743, 0.9293346995998681, 0.9616136326864837, 0.931980891511702, 0.9453381978093652, 0.9467411783263944, 0.9372726423356776, 0.9388636237611879, 0.9389199607337632, 0.9396996264542219, 0.9403020522609609, 0.9400834141673939, 0.9400718935730021, 0.9403257264494362, 0.9401053159567322]}, "eer_val": {"Train": [0.1295648795664497, 0.1334557402396582, 0.13741785852332652, 0.1223776223777994, 0.08682983683078771, 0.06494008504056756, 0.05477855477906497, 0.05633938925396959, 0.05305373018940929, 0.04331779331800359, 0.04387321221491442, 0.04351204351259264, 0.04351204351207285, 0.04367993815227404, 0.043706293706969865, 0.04370629370623725, 0.043609168609211935, 0.04380341880287595, 0.04380341880337404, 0.04370629370684198], "Valid": [0.08158175988599925, 0.0858567866049163, 0.12290701816886349, 0.16993231207693996, 0.18881368008550037, 0.15067519545114272, 0.1560384752404702, 0.10331314570716066, 0.1599147121540176, 0.1339508371927324, 0.13430708941895783, 0.14854299929050296, 0.1467661691541065, 0.1467759173494999, 0.14499465621660132, 0.1435678749110109, 0.14392324093808412, 0.14356787491043332, 0.1428571428571452, 0.1439258995368808]}, "thres": {"Train": [-0.06717849522835945, -0.06909500026897537, -0.08000095177384922, -0.1089571863413738, -0.12855160236385918, -0.14658542089724771, -0.16502650082115602, -0.18504697810765056, -0.19258419929736845, -0.17547436058532445, -0.18613281741213747, -0.18652111292005918, -0.18665529787541432, -0.18690044758604998, -0.18724784255028964, -0.1865938454865944, -0.1868420392275244, -0.1864890456198008, -0.1863962262868482, -0.18663606047641304], "Valid": [-0.1043361522201588, -0.10661251607628931, -0.11591049753020656, -0.14820839579860448, -0.15428825086934903, -0.17986641824243685, -0.21281448839014008, -0.23658130204588398, -0.21550600230718386, -0.21711721482469157, -0.22170081318456472, -0.21324382722413696, -0.2134165614843213, -0.21300698935688364, -0.2131978092050909, -0.21336795389652102, -0.21294470131396323, -0.2130017280577803, -0.21317293643951452, -0.2128628148625338]}, "acc_val": {"Train": [0.8704223987599302, 0.8665956210036815, 0.8626235225731448, 0.8775915520248014, 0.9131466770005813, 0.9350900988180585, 0.9452625460182136, 0.9436640186010463, 0.946957953884906, 0.9566944390621972, 0.9561615965898081, 0.9566944390621972, 0.9565491183879093, 0.9563553574888588, 0.9565491183879093, 0.9562100368145708, 0.9566944390621972, 0.9562100368145708, 0.9561615965898081, 0.9562584770393334], "Valid": [0.9185198363280556, 0.913894324853229, 0.8767123287671232, 0.8302793097313645, 0.8114214552570717, 0.8494929727806441, 0.8439779398683508, 0.8968155132538694, 0.8400640455434976, 0.8662159758050169, 0.8656822629425369, 0.8514499199430706, 0.8534068671054973, 0.8532289628180039, 0.8553638142679238, 0.8566091442803772, 0.8560754314178972, 0.8564312399928838, 0.8571428571428571, 0.8560754314178972]}, "f1_val": {"Train": [0.8707042389675672, 0.8668793503480278, 0.8629156999226605, 0.8778577988302962, 0.913343965975545, 0.9352406727237579, 0.945394800425244, 0.9437974194171943, 0.9470835548253032, 0.9567990721948392, 0.9562654037597256, 0.9568074210068607, 0.9566561971490698, 0.9564587058425554, 0.9566645731677859, 0.9563073948767521, 0.9568115942028985, 0.9563116180166247, 0.9562611763568701, 0.9563620548011404], "Valid": [0.9184182401140008, 0.9138176638176638, 0.8766245326686843, 0.8300676879230495, 0.8111863199144995, 0.849305308158176, 0.8438112199465717, 0.8966868542928395, 0.839893143365984, 0.8660491628072675, 0.8655387355298308, 0.8512911843276937, 0.8532240826505164, 0.8530721282279609, 0.8551576696953501, 0.8564303526897044, 0.8558703010867629, 0.8562266167824693, 0.8569902048085485, 0.8559216384683883]}}, "report_dict": {"Training_samples": "(array([0., 1.], dtype=float32), array([10296, 10348]))", "Validation_samples": "(array([0., 1.], dtype=float32), array([2814, 2807]))", "smoothing": null, "Butter_cut_off_freq": 20, "scaler": "RobustScaler"}, "ReduceLROnPlateau_args": {"mointored_metric": "val_loss", "factor": 0.2, "patience": 1, "verbose": 1, "min_lr": 1e-06}, "arg_dict": {"input_dropout_streams": [0.2, 0.2, 0.2], "filters_streams": [[32], [32], [32]], "kernels_streams": [[7], [5], [3]], "kernels_init_streams": [["glorot_normal"], ["glorot_normal"], ["glorot_normal"]], "kernels_Max_Norm_constraint_streams": [[3], [3], [3]], "conv_kernel_regularizer_streams": [["l2"], ["l2"], ["l2"]], "conv_kernel_regularizer_strength_streams": [[[0.02]], [[0.02]], [[0.02]]], "strides_streams": [[1], [1], [1]], "paddings_streams": [["same"], ["same"], ["same"]], "dropouts_streams": [[0.5], [0.5], [0.5]], "activations_streams": [["tanh"], ["tanh"], ["tanh"]], "dense_layers": [32], "dense_kernel_Max_Norm_constraints": [3], "dense_kernel_regularizer": ["l2"], "dense_kernel_regularizer_strength": [[0.02]], "dense_kernel_inits": ["glorot_normal"], "dense_dropouts": [0], "dense_activations": ["tanh"], "loss_func_name": "k_contrastive_loss", "contrastive_loss_margin": 0.5, "optimizer_name": "Adam", "optimizer_lr": 0.001, "optimizer_decay": null, "batch_size": 256}}}}