{"1000": {"SCNN_3_1_conv_1_dense_arg_dict_default": {"lr_epoch_log_dict": "{0: 0.001, 1: 0.001, 2: 0.001, 3: 0.001, 4: 0.001, 5: 0.001, 6: 0.001, 7: 0.001, 8: 0.001, 9: 0.001, 10: 0.001, 11: 0.001, 12: 0.00020000001, 13: 0.00020000001, 14: 0.00020000001, 15: 4.0000003e-05, 16: 4.0000003e-05, 17: 4.0000003e-05, 18: 8.000001e-06, 19: 8.000001e-06, 20: 8.000001e-06, 21: 8.000001e-06, 22: 8.000001e-06, 23: 1.6000001e-06, 24: 1.6000001e-06, 25: 1.6000001e-06, 26: 1e-06, 27: 1e-06, 28: 1e-06, 29: 1e-06}", "loss_record_dict": {"loss": [10.64107608795166, 3.104517936706543, 0.8030233383178711, 0.2328673154115677, 0.09715116769075394, 0.06417115032672882, 0.0546102337539196, 0.051636889576911926, 0.05054868757724762, 0.050802819430828094, 0.05036329850554466, 0.05032677575945854, 0.03752024844288826, 0.036514293402433395, 0.03640254959464073, 0.033195532858371735, 0.032974887639284134, 0.033046185970306396, 0.032076504081487656, 0.03214987367391586, 0.0325237475335598, 0.032088279724121094, 0.03248951956629753, 0.03206551820039749, 0.03222069516777992, 0.03198985755443573, 0.03242717310786247, 0.03201482817530632, 0.03200530633330345, 0.03188088536262512], "val_loss": [5.398622989654541, 1.3792496919631958, 0.39790698885917664, 0.1335466206073761, 0.06611485034227371, 0.05020098760724068, 0.0450475700199604, 0.04355984553694725, 0.044355422258377075, 0.04223380237817764, 0.043951261788606644, 0.042836111038923264, 0.029966508969664574, 0.030253859236836433, 0.03031584806740284, 0.026602325960993767, 0.026746738702058792, 0.02692211978137493, 0.026174534112215042, 0.026087723672389984, 0.026042167097330093, 0.02599509432911873, 0.026011144742369652, 0.02586868591606617, 0.0258803553879261, 0.02587023563683033, 0.025881119072437286, 0.025853579863905907, 0.02584386058151722, 0.025836564600467682]}, "metric_record_dict": {"roc_val": {"Train": [0.853908425621156, 0.8183805277124437, 0.8799477901397758, 0.9254147353860663, 0.9365920453248117, 0.9390122760983475, 0.9386040987316596, 0.9389251855509426, 0.9397166843855413, 0.9411188411558855, 0.9438615791453698, 0.9449477174721989, 0.9469841407977603, 0.9485923718867284, 0.9486286660458804, 0.9483306038356933, 0.9481217617250345, 0.9479001110153668, 0.9480177035904391, 0.9481611490534309, 0.948143657942653, 0.94820317694303, 0.9482186240174901, 0.948214510915838, 0.9481665594924196, 0.9481745166338003, 0.9481696943766909, 0.9481664572906038, 0.9481613638858195, 0.9481752633327816], "Valid": [0.9041676446511906, 0.8741902984441627, 0.9349701692565215, 0.9631596711338721, 0.9761226819234784, 0.9777787990172807, 0.9785952420198363, 0.9778888143637252, 0.9781058066580933, 0.9806362862262558, 0.97854675424344, 0.9827084740175149, 0.9799201103748904, 0.9793911758323757, 0.9794210534178311, 0.9803067465866757, 0.9800313917207185, 0.9793678814437152, 0.9796094341261274, 0.9798269328202492, 0.9798532656074304, 0.9800060717330442, 0.9799791059461712, 0.979977333547034, 0.9799288457706379, 0.9799502411602226, 0.9799249211725485, 0.9799358087672484, 0.9799710035501155, 0.9799697375507318]}, "eer_val": {"Train": [0.21522921522791044, 0.25032375032283005, 0.1848988532407427, 0.15261590261670163, 0.13448588448735427, 0.1304066304075636, 0.1322843822851872, 0.1329318829318862, 0.13033114289408215, 0.12969437969617176, 0.1273031825795645, 0.12399637399613991, 0.12179487179544177, 0.11744620538586813, 0.11823361823376367, 0.11881636881651458, 0.11926961927067574, 0.12004662004669736, 0.11965811965837282, 0.11944337069964835, 0.11950779538719238, 0.11939911939775431, 0.11933436933433593, 0.11939911939960188, 0.11959336959415395, 0.11939911939970273, 0.11963664476224571, 0.11944337069965205, 0.11959336959313477, 0.11952861952991783], "Valid": [0.160625444207496, 0.22230138938384103, 0.13539445629009922, 0.0828002842930149, 0.05700035625233039, 0.05806911293241608, 0.05970149253634423, 0.06163163519771996, 0.06555040969006058, 0.06020662629141283, 0.06555040969006048, 0.057000356252226526, 0.0664534470498871, 0.06626291414321335, 0.06661916636978978, 0.06626291414321334, 0.06590666191663695, 0.06661916636978978, 0.06626291414321345, 0.06590666191663702, 0.06590666191663695, 0.06590666191663698, 0.06590666191663701, 0.06590666191663698, 0.06590666191663701, 0.06590666191663701, 0.06590666191663701, 0.065906661916637, 0.065906661916637, 0.06590666191663704]}, "thres": {"Train": [-0.09649237990358464, -0.08516544848668657, -0.06980723614371481, -0.09987047314648981, -0.14677007496383887, -0.1544529944660925, -0.16042400896552764, -0.14748711884021798, -0.16602099016686225, -0.15374304354247328, -0.15918345535220813, -0.1664227396249703, -0.16117915511144376, -0.16359470028372358, -0.16490790247929835, -0.16480167210103522, -0.16503776609923346, -0.16417616605759877, -0.16460432112217666, -0.16481065008808002, -0.16430766431230995, -0.16453827917513006, -0.1646560579538342, -0.16475109755996953, -0.16464519500752098, -0.16464003920564893, -0.16476084456671009, -0.16459519015484717, -0.1644926667213354, -0.1645350903277968], "Valid": [-0.1267730891704526, -0.1202739845351612, -0.10438648611307312, -0.15750929713249792, -0.25573420517170514, -0.27882902887258487, -0.2782069444654968, -0.2671938522065802, -0.28761212761859944, -0.2909769073735632, -0.2577773607473675, -0.3044576293363832, -0.27841520309434564, -0.2872734165307731, -0.28546757304421555, -0.2864909868808161, -0.2865534717407044, -0.2839942600619211, -0.28456012208690246, -0.2856093007977795, -0.28553371193530425, -0.286474415349072, -0.28676598722723656, -0.2869099035227388, -0.2868182007323602, -0.2870124195493227, -0.2867257071477814, -0.2863096530523681, -0.28702130027299455, -0.2864132775398925]}, "acc_val": {"Train": [0.7847639346379901, 0.7496932119098366, 0.8151198088225796, 0.847477878964025, 0.8655299360589033, 0.8695666214557902, 0.8677581863979849, 0.8670477297681328, 0.8696957953884906, 0.8702770780856424, 0.8727313828069495, 0.875960731124459, 0.8782212749467158, 0.8825808951753537, 0.8818058515791514, 0.8811922753988245, 0.8807078731511981, 0.8799328295549959, 0.8803203513530969, 0.8805786992184977, 0.8805141122521475, 0.8806109927016728, 0.880675579668023, 0.8806432861848479, 0.8804495252857973, 0.8806432861848479, 0.8803849383194471, 0.8805786992184977, 0.8804172318026222, 0.8805464057353226], "Valid": [0.8393524283935243, 0.7777975449208326, 0.8644369329300836, 0.9170966020281088, 0.9428927237146415, 0.9420032022771749, 0.9404020636897349, 0.9386230208148016, 0.9345312222024551, 0.939868350827255, 0.9343533179149618, 0.9430706280021348, 0.9336417007649884, 0.9338196050524817, 0.933997509339975, 0.9341754136274685, 0.9341754136274685, 0.9334637964774951, 0.9338196050524817, 0.9345312222024551, 0.9341754136274685, 0.9343533179149618, 0.9345312222024551, 0.9343533179149618, 0.9343533179149618, 0.9343533179149618, 0.9343533179149618, 0.9343533179149618, 0.9341754136274685, 0.9343533179149618]}, "f1_val": {"Train": [0.7851732473811442, 0.7501531122070721, 0.8154951819265848, 0.8478169808280973, 0.8658245794934589, 0.8698482260819128, 0.8680521991300144, 0.8673347726613605, 0.8699771211291206, 0.8705571488415558, 0.8730061547385042, 0.8762205536399085, 0.8784920251329145, 0.8828381774827608, 0.8820724320144349, 0.8814564201707749, 0.8809692595218147, 0.8801959141586647, 0.8805825868402397, 0.8808403686279566, 0.8807759231810273, 0.8808687526181808, 0.8809332001417846, 0.8809124887227736, 0.8807191648408299, 0.8809124887227736, 0.8806470322871689, 0.8808403686279566, 0.8806754100473689, 0.8808196668492445],