{"1000": {"SCNN_3_1_conv_1_dense_arg_dict_default": {"lr_epoch_log_dict": "{0: 0.001, 1: 0.001, 2: 0.001, 3: 0.001, 4: 0.001, 5: 0.001, 6: 0.001, 7: 0.001, 8: 0.001, 9: 0.001, 10: 0.001, 11: 0.001, 12: 0.001, 13: 0.001, 14: 0.001, 15: 0.001, 16: 0.001, 17: 0.00020000001, 18: 0.00020000001, 19: 0.00020000001, 20: 0.00020000001, 21: 0.00020000001, 22: 4.0000003e-05, 23: 4.0000003e-05, 24: 4.0000003e-05, 25: 4.0000003e-05, 26: 4.0000003e-05, 27: 8.000001e-06, 28: 8.000001e-06, 29: 8.000001e-06}", "loss_record_dict": {"loss": [0.5052685141563416, 0.2168130725622177, 0.1210288479924202, 0.0850466787815094, 0.06921037286520004, 0.06170066073536873, 0.05841538682579994, 0.056558333337306976, 0.054289352148771286, 0.053219910711050034, 0.0526077039539814, 0.05149945616722107, 0.04973307251930237, 0.04956035315990448, 0.047780781984329224, 0.04638039320707321, 0.045220982283353806, 0.04090938717126846, 0.04003256559371948, 0.039127178490161896, 0.039434704929590225, 0.03875903785228729, 0.038163188844919205, 0.03779561072587967, 0.03793206065893173, 0.03752606734633446, 0.03789396956562996, 0.03744858503341675, 0.03750054910778999, 0.03725128248333931], "val_loss": [0.6156958341598511, 0.3973640501499176, 0.2557888329029083, 0.19435204565525055, 0.15679095685482025, 0.15603125095367432, 0.15475791692733765, 0.15658818185329437, 0.1502613127231598, 0.15999199450016022, 0.16083744168281555, 0.14813610911369324, 0.16441747546195984, 0.1589537113904953, 0.156578928232193, 0.1494905650615692, 0.16186529397964478, 0.15317688882350922, 0.16181208193302155, 0.1547441929578781, 0.16828642785549164, 0.16815054416656494, 0.16603517532348633, 0.16646647453308105, 0.16898652911186218, 0.1653001308441162, 0.16535979509353638, 0.16650336980819702, 0.1674596220254898, 0.16780084371566772]}, "metric_record_dict": {"roc_val": {"Train": [0.9133144523195741, 0.9369097970276943, 0.9665557452629834, 0.9802783210325731, 0.9792152010575862, 0.9737881860816244, 0.9736007828876017, 0.9753624939892818, 0.9709938074960301, 0.973564515843217, 0.9726332628040687, 0.9789634107195471, 0.9778929838361612, 0.976613073473578, 0.9771348486800748, 0.9778665860457026, 0.9745767408782, 0.9776760057309438, 0.9772986323044306, 0.9779653771367146, 0.976985786810149, 0.9781823223913482, 0.9777088469287445, 0.9770153617213437, 0.977201601066116, 0.977482356233081, 0.977003507353575, 0.97714970652978, 0.9771451449915887, 0.9771012706906116], "Valid": [0.929694180124873, 0.9494877798143488, 0.9682844682891208, 0.9657245858852714, 0.9682428485593813, 0.9471939630059789, 0.9528756099901531, 0.956613995395307, 0.9436418219351611, 0.9441313522468577, 0.9417746627440944, 0.954534385682661, 0.9458139920277487, 0.9455364216628699, 0.9324383287390215, 0.94923508633736, 0.9248732861216843, 0.9343663033754835, 0.9323619415012069, 0.937309815242582, 0.9295201210346051, 0.928557945677992, 0.9307692193265442, 0.929930051635051, 0.9267020222314555, 0.929796093075262, 0.9290826074725866, 0.9291651506324048, 0.9285726629208276, 0.9279840048573864]}, "eer_val": {"Train": [0.1745264785465809, 0.13809431774254732, 0.09324009323953769, 0.06919211441868287, 0.06983294483263881, 0.083916083917216, 0.08030537301895349, 0.07847707847648286, 0.08527583527640092, 0.07991882489403172, 0.08352758352669903, 0.07044839582528054, 0.07352369852370158, 0.0753768844221105, 0.07373405488983378, 0.07294094794233019, 0.07867132867251067, 0.07342657342724132, 0.07177544677470517, 0.0725524475527502, 0.07247777348279859, 0.07093158098183477, 0.07073830691920965, 0.07119269619301317, 0.07209122535755795, 0.07102821801314348, 0.0721639471638964, 0.07167832167943579, 0.07160804020100726, 0.07177544677602044], "Valid": [0.13555397221205867, 0.11815920398029052, 0.08795309168563278, 0.09097370291329358, 0.08724235963024951, 0.11809761311040005, 0.11371712864331611, 0.11204132525828847, 0.12361952262206831, 0.1190476190480358, 0.12775408670861227, 0.11407249466912957, 0.12344139650868667, 0.12668798862753014, 0.13501959387231297, 0.11318407960197177, 0.14392324093703027, 0.13006396588582142, 0.1343070894193688, 0.12771642322764487, 0.13930348258837158, 0.13770433546581912, 0.13323833273957977, 0.13734896943748254, 0.1403695806688565, 0.1362664766654029, 0.1368159203974217, 0.13646055437073432, 0.13699360341205105, 0.13751335945819113]}, "thres": {"Train": [-0.020869699049385366, -0.03996995604367609, -0.08425673842418288, -0.14521867853023565, -0.20089982449991786, -0.22382059693385153, -0.22712314241196588, -0.23042733967268345, -0.2318862080579227, -0.21772401012383, -0.21320310235008225, -0.22011585174193946, -0.21748019754886885, -0.21401988965782082, -0.22077705550133883, -0.21724154055180925, -0.21435087919284102, -0.20872877538240653, -0.2016210705037563, -0.2057605236772234, -0.19727478981317587, -0.19819376643878306, -0.1943355295526302, -0.1980693191290404, -0.19800116844363005, -0.19696309975343784, -0.19650407135483325, -0.19576075673149587, -0.19628797823460278, -0.19599351286945726], "Valid": [-0.027827787912095503, -0.05922989547253123, -0.12478296458741578, -0.20198422670335267, -0.2524487078188634, -0.2615145322242764, -0.2696110904219976, -0.26396827485198954, -0.2549029917193884, -0.25611543655405283, -0.24737174808961132, -0.26074233651155826, -0.25268446747599993, -0.25516104698159386, -0.25827544853276085, -0.26306539773939763, -0.25590422749466984, -0.25320389866882315, -0.25278691676193793, -0.256889497104131, -0.24615907669094325, -0.24316504597690985, -0.24388692817238108, -0.24816073477151512, -0.2438638508321338, -0.2467652657877962, -0.24661485850790438, -0.24399755895128908, -0.24403221905275435, -0.24396348419474187]}, "acc_val": {"Train": [0.8254698701801977, 0.8619453594264678, 0.906801007556675, 0.930827359038946, 0.9301976361170315, 0.9161499709358651, 0.9197345475683008, 0.9215268358845186, 0.9146967641929858, 0.9200736291416393, 0.9164890525092036, 0.9295679131951172, 0.9264677388103081, 0.9246270102693277, 0.9262739779112575, 0.9270490215074598, 0.9212846347607053, 0.926613059484596, 0.9282600271265259, 0.9275334237550862, 0.9275334237550862, 0.9290835109474908, 0.9292772718465414, 0.9288413098236776, 0.92796938577795, 0.9289866304979655, 0.9278725053284247, 0.9283084673512885, 0.9284053478008137, 0.9282115869017632], "Valid": [0.8645258850738303, 0.8817826009606832, 0.912026329834549, 0.9090909090909091, 0.912826899128269, 0.8819605052481765, 0.886319160291763, 0.8880982031666963, 0.8764454723358833, 0.8808930795232165, 0.8722647215797901, 0.8859633517167764, 0.8766233766233766, 0.8733321473047501, 0.8650595979363103, 0.886852873154243, 0.8561643835616438, 0.8700409179861235, 0.8656822629425369, 0.8722647215797901, 0.8607009428927237, 0.8623020814801636, 0.8668386408112435, 0.8625689379114037, 0.8595445650240171, 0.863814267923857, 0.8631026507738836, 0.8635474114926169, 0.8629247464863903, 0.8625689379114037]}, "f1_val": {"Train": [0.8258326485232271, 0.8622389791183295, 0.9070082165297244, 0.9309878213802436, 0.9303561935140883, 0.9163485236553424, 0.9199168720699821, 0.9217013049782503, 0.9148905321154125, 0.920259037309105, 0.9166747220879651, 0.9297312971196597, 0.9266383143243766, 0.9248018557896772, 0.9264450028996714, 0.9272182485984922, 0.9214634382098497, 0.9267868361281593, 0.9284229858392539, 0.9277085145452787, 0.9277015271602552, 0.9292480185578967, 0.929441329982602, 0.9290098100807036, 0.9281330046880286, 0.9291513628455441, 0.9280363443042868, 0.928474772859076, 0.9285714285714287, 0.9283781171467234],