{"1000": {"SCNN_3_1_conv_1_dense_arg_dict_default": {"lr_epoch_log_dict": "{0: 0.001, 1: 0.001, 2: 0.001, 3: 0.001, 4: 0.001, 5: 0.001, 6: 0.001, 7: 0.001, 8: 0.001, 9: 0.001, 10: 0.001, 11: 0.00020000001, 12: 4.0000003e-05, 13: 8.000001e-06, 14: 1.6000001e-06, 15: 1e-06, 16: 1e-06, 17: 1e-06, 18: 1e-06, 19: 1e-06}", "loss_record_dict": {"loss": [1.3458563089370728, 0.6298943758010864, 0.303610235452652, 0.15581028163433075, 0.08876123279333115, 0.056875795125961304, 0.03922424465417862, 0.03088255412876606, 0.026617541909217834, 0.02503170445561409, 0.0247111227363348, 0.02219848334789276, 0.021422330290079117, 0.021254418417811394, 0.021187324076890945, 0.021011454984545708, 0.02125178836286068, 0.021279659122228622, 0.021123602986335754, 0.021143510937690735], "val_loss": [0.8743723630905151, 0.4162828326225281, 0.2054625302553177, 0.11228887736797333, 0.06911038607358932, 0.052067842334508896, 0.04412684589624405, 0.037856269627809525, 0.03501417115330696, 0.029129566624760628, 0.031154897063970566, 0.030519435182213783, 0.030569059774279594, 0.03071729466319084, 0.030720701441168785, 0.030731137841939926, 0.030744580551981926, 0.03080100752413273, 0.0308438278734684, 0.03086378425359726]}, "metric_record_dict": {"roc_val": {"Train": [0.8862257859286271, 0.8902471009641477, 0.8913551370729087, 0.9006925588209411, 0.9080871595065159, 0.9254066207704592, 0.9495571685004426, 0.9493958205122197, 0.9635979115588703, 0.965226920381298, 0.9682176844490817, 0.9725615593657727, 0.9729770394693568, 0.9733588758823103, 0.9733685245680317, 0.9733745878471912, 0.9733293854440453, 0.9732885240108857, 0.9732914805634173, 0.973258259237434], "Valid": [0.9174553209827497, 0.9119746830507243, 0.9100837863712128, 0.914508327617346, 0.9194606640065487, 0.9119122692811072, 0.9116843893920393, 0.9268738499978098, 0.9196874044961715, 0.9550013179053584, 0.9452471724536765, 0.9434360337353389, 0.943520349294294, 0.9436032722539272, 0.9437073374032683, 0.9436451768335279, 0.943587573861569, 0.9433190553922837, 0.9431314975835869, 0.9429573593683573]}, "eer_val": {"Train": [0.18269230769200095, 0.17752222651720143, 0.18370699652093941, 0.18206416698877048, 0.1762659451101662, 0.1553923463471201, 0.12053224553312403, 0.11858974358961398, 0.09644375724777732, 0.09304584304493577, 0.08867521367479597, 0.08022533022596157, 0.07915695415745602, 0.0784770784771992, 0.07867132867135596, 0.07857420357519027, 0.07886557886646653, 0.07885581754928492, 0.07886557886637063, 0.07886557886551364], "Valid": [0.14356787491188633, 0.15955934612599298, 0.1731385821160713, 0.17093105898999117, 0.15493958777480504, 0.16102600641255108, 0.17776986106163165, 0.15568222301389373, 0.1719971570715381, 0.12366737739824213, 0.14392589953677573, 0.13395083719270465, 0.1368008550053418, 0.13501959387245327, 0.1350195938724617, 0.13501959387220475, 0.13537584609873754, 0.135732098325575, 0.1360883505523508, 0.13680085500530703]}, "thres": {"Train": [-0.0970627740025137, -0.1237479574042349, -0.1437692004232076, -0.1572878640800248, -0.1487103972203368, -0.14227738854174238, -0.14202919602399022, -0.14440737664699005, -0.1749539486127882, -0.18684665858731378, -0.1900022923945689, -0.19226825237276174, -0.1897059231996825, -0.18980315327648792, -0.1898672878742652, -0.19002649188107615, -0.18986095488090277, -0.18984950946603388, -0.18984253704552667, -0.1898133307695198], "Valid": [-0.11767118424181332, -0.15924398601038228, -0.20144568585285064, -0.23319421708563298, -0.23635444045061818, -0.20450628933467316, -0.19458680101054862, -0.21320020650836294, -0.22926554083810236, -0.27127203345269957, -0.2457710985456172, -0.26356143130922494, -0.2601987142069381, -0.26599687048026943, -0.2672717942301175, -0.2679203681071442, -0.26754714396223434, -0.26712350944925434, -0.2673957158354413, -0.2679814349980666]}, "acc_val": {"Train": [0.8173319124200736, 0.8225634566944391, 0.8162662274752955, 0.817961635341988, 0.8237260220887425, 0.8446521991862043, 0.8794807207905445, 0.8813698895562876, 0.903555512497578, 0.9068978880062003, 0.9113059484596009, 0.9199283084673513, 0.9208486727378415, 0.9214783956597559, 0.9212846347607053, 0.9213815152102306, 0.9210908738616547, 0.92118775431118, 0.9210908738616547, 0.9211393140864174], "Valid": [0.8564312399928838, 0.8405977584059776, 0.8270770325564846, 0.8292118840064046, 0.8452232698808041, 0.8389966198185377, 0.8228073296566447, 0.8443337484433375, 0.8281444582814446, 0.8763565201921366, 0.8560754314178972, 0.8662159758050169, 0.8633695072051236, 0.865148550080057, 0.8646148372175769, 0.865148550080057, 0.8647927415050702, 0.8644369329300836, 0.864081124355097, 0.8631916029176303]}, "f1_val": {"Train": [0.8176939811457578, 0.8229151559100798, 0.8166481365108522, 0.8183312385188048, 0.8240924251945666, 0.8449751051384928, 0.8797486708554857, 0.881616474114178, 0.9037745879851143, 0.9070959010054138, 0.9114988641306976, 0.9201256342111621, 0.9210322830079257, 0.9216567589773332, 0.9214634382098497, 0.9215600985935913, 0.9212701174423662, 0.921366777826108, 0.9212701174423662, 0.9213146447559207], "Valid": [0.8562778272484417, 0.8403990024937654, 0.8268614178838618, 0.8289989312433202, 0.845030281439259, 0.8388245770258237, 0.8225231646471846, 0.8441674087266251, 0.8279301745635909, 0.8761802957420274, 0.8559216384683883, 0.8660491628072675, 0.8631991449946562, 0.8649804061275383, 0.8645184262061599, 0.8649804061275383, 0.8646241539009619, 0.8642679016743855, 0.8639116494478091, 0.8630454140694568]}}, "report_dict": {"Training_samples": "(array([0., 1.], dtype=float32), array([10296, 10348]))", "Validation_samples": "(array([0., 1.], dtype=float32), array([2814, 2807]))", "smoothing": null, "Butter_cut_off_freq": 30, "scaler": "RobustScaler"}, "ReduceLROnPlateau_args": {"mointored_metric": "val_loss", "factor": 0.2, "patience": 1, "verbose": 1, "min_lr": 1e-06}, "arg_dict": {"input_dropout_streams": [0.2, 0.2, 0.2], "filters_streams": [[32], [32], [32]], "kernels_streams": [[7], [5], [3]], "kernels_init_streams": [["glorot_normal"], ["glorot_normal"], ["glorot_normal"]], "kernels_Max_Norm_constraint_streams": [[3], [3], [3]], "conv_kernel_regularizer_streams": [["l2"], ["l2"], ["l2"]], "conv_kernel_regularizer_strength_streams": [[[0.02]], [[0.02]], [[0.02]]], "strides_streams": [[1], [1], [1]], "paddings_streams": [["same"], ["same"], ["same"]], "dropouts_streams": [[0.5], [0.5], [0.5]], "activations_streams": [["tanh"], ["tanh"], ["tanh"]], "dense_layers": [32], "dense_kernel_Max_Norm_constraints": [3], "dense_kernel_regularizer": ["l2"], "dense_kernel_regularizer_strength": [[0.02]], "dense_kernel_inits": ["glorot_normal"], "dense_dropouts": [0], "dense_activations": ["tanh"], "loss_func_name": "k_contrastive_loss", "contrastive_loss_margin": 0.5, "optimizer_name": "Adam", "optimizer_lr": 0.001, "optimizer_decay": null, "batch_size": 256}}}}