{"1000": {"SCNN_3_1_conv_1_dense_arg_dict_default": {"lr_epoch_log_dict": "{0: 0.001, 1: 0.001, 2: 0.001, 3: 0.001, 4: 0.001, 5: 0.001, 6: 0.001, 7: 0.001, 8: 0.001, 9: 0.001, 10: 0.001}", "loss_record_dict": {"loss": [0.6163505911827087, 0.23274759948253632, 0.13093826174736023, 0.09810635447502136, 0.08507102727890015, 0.07727325707674026, 0.07328088581562042, 0.07049479335546494, 0.06660646200180054, 0.06328407675027847, 0.061146680265665054], "val_loss": [0.40051794052124023, 0.18122999370098114, 0.15076372027397156, 0.1414489895105362, 0.14283783733844757, 0.16097597777843475, 0.13290369510650635, 0.15042395889759064, 0.12442881613969803, 0.14079837501049042, 0.1359117478132248]}, "metric_record_dict": {"roc_val": {"Train": [0.9107259076584282, 0.9624574976686927, 0.978185692607911, 0.9834416835644515, 0.9855402783647975, 0.9904969154205074, 0.991110672942747, 0.9927005395970026, 0.9941239232379342, 0.9948473570271302, 0.9939005569560171], "Valid": [0.9392549834559675, 0.952214600976445, 0.9302451307904114, 0.9231580410650655, 0.9151590700055532, 0.9029190889791292, 0.9228385452820584, 0.9093687562184738, 0.9363269825362117, 0.9231124943599889, 0.9191022367705585]}, "eer_val": {"Train": [0.16405677655677425, 0.09890109890090408, 0.0718864468867445, 0.06437728937723178, 0.06117216117170799, 0.04793956043989357, 0.045970695970675914, 0.04065934065934067, 0.0360347985356955, 0.03365384615384609, 0.037042124542099486], "Valid": [0.10382653061212516, 0.13205782312946104, 0.17151360544218053, 0.17772108843548123, 0.17644557823134333, 0.18401360544228598, 0.17159863945578174, 0.18052721088435397, 0.14940476190475782, 0.15926870748299118, 0.1721938775510144]}, "thres": {"Train": [-0.17330007255077357, -0.3141812086104634, -0.3944694995881855, -0.39312671124932375, -0.4027183949944679, -0.42643448710517273, -0.41245651245115295, -0.43170782923698425, -0.3946585953237331, -0.42212811112403864, -0.4410875439643064], "Valid": [-0.23304577171795723, -0.40928933024411657, -0.46575699001550935, -0.46819889172919305, -0.4633826673031185, -0.47580784559254824, -0.502018690109252, -0.4912473559379578, -0.5069367885589564, -0.5292682647705066, -0.4859688282012919]}, "acc_val": {"Train": [0.8359661172161172, 0.9010989010989011, 0.9280906593406594, 0.9356227106227106, 0.9388507326007326, 0.9520833333333333, 0.9540750915750916, 0.9593177655677656, 0.964010989010989, 0.9663690476190476, 0.9629807692307693], "Valid": [0.8962585034013606, 0.8679421768707483, 0.8285289115646258, 0.8223214285714285, 0.8235969387755102, 0.8159438775510204, 0.8284438775510204, 0.8194302721088436, 0.8506377551020409, 0.8407738095238095, 0.8278061224489796]}, "f1_val": {"Train": [0.8359623617756817, 0.9010943724529511, 0.9280890130268551, 0.9356227106227106, 0.9388493326312416, 0.952084430301504, 0.9540729886899584, 0.9593168341766066, 0.96401263678403, 0.9663682776620344, 0.9629799217015041], "Valid": [0.8962496810953312, 0.8679421768707483, 0.8285216208172116, 0.822313873889196, 0.8235894383264595, 0.8159360517028784, 0.8284365831880607, 0.8194225944980653, 0.8506314043964456, 0.8407670394149411, 0.8278061224489796]}}, "report_dict": {"Training_samples": "(array([0., 1.], dtype=float32), array([21840, 21840]))", "Validation_samples": "(array([0., 1.], dtype=float32), array([11760, 11760]))", "smoothing": null, "Butter_cut_off_freq": 15, "scaler": "RobustScaler"}, "ReduceLROnPlateau_args": {"mointored_metric": "val_loss", "factor": 0.2, "patience": 5, "verbose": 1, "min_lr": 1e-06}, "arg_dict": {"input_dropout_streams": [0.1, 0.1, 0.1], "filters_streams": [[32], [32], [32]], "kernels_streams": [[7], [5], [3]], "kernels_init_streams": [["glorot_normal"], ["glorot_normal"], ["glorot_normal"]], "kernels_Max_Norm_constraint_streams": [[3], [3], [3]], "conv_kernel_regularizer_streams": [["l2"], ["l2"], ["l2"]], "conv_kernel_regularizer_strength_streams": [[[0.01]], [[0.01]], [[0.01]]], "strides_streams": [[1], [1], [1]], "paddings_streams": [["same"], ["same"], ["same"]], "dropouts_streams": [[0.3], [0.3], [0.3]], "activations_streams": [["tanh"], ["tanh"], ["tanh"]], "dense_layers": [32], "dense_kernel_Max_Norm_constraints": [3], "dense_kernel_regularizer": ["l2"], "dense_kernel_regularizer_strength": [[0.01]], "dense_kernel_inits": ["glorot_normal"], "dense_dropouts": [0], "dense_activations": ["tanh"], "loss_func_name": "k_contrastive_loss", "contrastive_loss_margin": 1.0, "optimizer_name": "Adam", "optimizer_lr": 0.001, "optimizer_decay": null, "batch_size": 256}}}}