{"1000": {"SCNN_3_1_conv_0_dense_arg_dict_default": {"lr_epoch_log_dict": "{0: 0.001, 1: 0.001, 2: 0.001, 3: 0.001, 4: 0.001, 5: 0.001, 6: 0.001, 7: 0.001, 8: 0.001, 9: 0.001, 10: 0.001, 11: 0.00020000001, 12: 0.00020000001, 13: 0.00020000001, 14: 0.00020000001, 15: 0.00020000001, 16: 0.00020000001, 17: 4.0000003e-05, 18: 4.0000003e-05, 19: 4.0000003e-05, 20: 4.0000003e-05, 21: 4.0000003e-05, 22: 8.000001e-06, 23: 8.000001e-06, 24: 8.000001e-06, 25: 1.6000001e-06, 26: 1.6000001e-06, 27: 1e-06, 28: 1e-06, 29: 1e-06}", "loss_record_dict": {"loss": [1.6172157526016235, 0.09316860139369965, 0.05315737426280975, 0.049653008580207825, 0.047429367899894714, 0.04626745358109474, 0.045163389295339584, 0.0441555418074131, 0.043165113776922226, 0.04332549497485161, 0.042500343173742294, 0.0374685674905777, 0.03688271716237068, 0.0370011031627655, 0.03688696771860123, 0.03650777041912079, 0.036548227071762085, 0.035771824419498444, 0.035226210951805115, 0.03532622382044792, 0.03596054017543793, 0.0352008119225502, 0.035686641931533813, 0.035013291984796524, 0.03548635169863701, 0.03482648730278015, 0.03568112477660179, 0.035156045109033585, 0.03518792241811752, 0.03468799963593483], "val_loss": [0.26535564661026, 0.06291596591472626, 0.03672477602958679, 0.03381131961941719, 0.03240292891860008, 0.03176822513341904, 0.032313667237758636, 0.031037405133247375, 0.030441200360655785, 0.03143443912267685, 0.030808188021183014, 0.025260696187615395, 0.025060422718524933, 0.025188105180859566, 0.024851692840456963, 0.024898633360862732, 0.024949509650468826, 0.023997629061341286, 0.023954035714268684, 0.023861374706029892, 0.024010231718420982, 0.023855114355683327, 0.023657307028770447, 0.023670032620429993, 0.023690132424235344, 0.0236336849629879, 0.02363807149231434, 0.023633630946278572, 0.023623289540410042, 0.02361578494310379]}, "metric_record_dict": {"roc_val": {"Train": [0.9324170177153042, 0.9368146367083361, 0.9391133724660332, 0.9412983784601489, 0.9436996747829758, 0.9432063653893958, 0.9441505036789151, 0.94397263914723, 0.9453886056772283, 0.9451148695849765, 0.9470192585931537, 0.9467505512473945, 0.9466301658512714, 0.9464003640253478, 0.9470548873976269, 0.9472716073911152, 0.9470403288532396, 0.9469711152806116, 0.9471877664443058, 0.9473630759305929, 0.9469566443377808, 0.9471926783887227, 0.9471791105762243, 0.9471984434054399, 0.947160624562055, 0.9471702753335275, 0.9471656929378228, 0.9471638533051367, 0.9471695244630433, 0.9471780760435574], "Valid": [0.9694520678707333, 0.9806537570177511, 0.9818148050525529, 0.9827529105958832, 0.984795094201748, 0.9843698450087596, 0.9828525447473813, 0.9837954610883697, 0.9859065150607085, 0.9816526305314993, 0.983366160697353, 0.9836664557511693, 0.9832851367367956, 0.9826470730474048, 0.9837000047348377, 0.9834727578454615, 0.9830816273358637, 0.9826523902448164, 0.98289305672766, 0.9830586494470495, 0.9825542752925787, 0.9830285186617171, 0.9828784977347473, 0.9828215277624802, 0.9827572149937878, 0.9827797497828179, 0.9827618991915075, 0.9827586075931098, 0.9827772177840505, 0.9827921565767782]}, "eer_val": {"Train": [0.13812653008630324, 0.13606494008503847, 0.1333851333851628, 0.12859362859321954, 0.12399637399660958, 0.12406112406074261, 0.12153587153682026, 0.1216653716660614, 0.1192696192679558, 0.12002319288751433, 0.11842786842758056, 0.1175106300734441, 0.11745661745797481, 0.11686638319804138, 0.1166796166805362, 0.11673753382296087, 0.11732711732606972, 0.1170596572606621, 0.11609686609703952, 0.1159673659678576, 0.11712408194803288, 0.11667961667768957, 0.11629111629114972, 0.11629111629239378, 0.11629111629180928, 0.11629111628972681, 0.11629111629271156, 0.1164853664851639, 0.11635586635633083, 0.11635586635525222], "Valid": [0.07980049875311766, 0.055575347345929, 0.05343783398646242, 0.05521909511934457, 0.05664410402565008, 0.05756929637494592, 0.06412540078375498, 0.06376914855717859, 0.0627003918774492, 0.06590666191663651, 0.06234413965087279, 0.06590666191678003, 0.06661916636978983, 0.06626291414321342, 0.06467661691526863, 0.06590666191663702, 0.06680881307647993, 0.06733167082294267, 0.06697541859636794, 0.06661916636946441, 0.06768792304951883, 0.06680881307824857, 0.0673316708229438, 0.0673316708229427, 0.06733167082294275, 0.06733167082294265, 0.06733167082336095, 0.06733167082299416, 0.06733167082294264, 0.06733167082294265]}, "thres": {"Train": [-0.041024048499125325, -0.049301201867647665, -0.11052732169628783, -0.13241785764692765, -0.1415345817804838, -0.14148074388442877, -0.14515879750269842, -0.1408227682113757, -0.15268877148593973, -0.1446422558633526, -0.14393800497047118, -0.14814706169181133, -0.14582175016404603, -0.14446187783126255, -0.14749653637423335, -0.14997421946357842, -0.15013587474776902, -0.14748018905146038, -0.1485354453325486, -0.14882722496992057, -0.14813854002471794, -0.1487369686360351, -0.14843057096004517, -0.14845377206805427, -0.14829203486452086, -0.14825430512405677, -0.1482711881400748, -0.14818616211408328, -0.1481491774322859, -0.14816389977924868], "Valid": [-0.05466756130537834, -0.08481493279189378, -0.19839676279782995, -0.23255565634550082, -0.24306961573530309, -0.24930246174316628, -0.22875072405745564, -0.2385327542511901, -0.25212690445996283, -0.22708649950488904, -0.23336875784278213, -0.23904768691552883, -0.23846607192306934, -0.23471513627621898, -0.24211987853045586, -0.24240693953492107, -0.24218423664490307, -0.2389222629250632, -0.24126210927666036, -0.24172838024797746, -0.23992180534431756, -0.24202652275614578, -0.240881330354554, -0.24095930251991962, -0.2407714022959856, -0.24097799188329694, -0.24083920584995305, -0.24089852186515007, -0.24100867030230147, -0.24097089170666408]}, "acc_val": {"Train": [0.8618807724601175, 0.8639475553833237, 0.8665956210036815, 0.8714073499967706, 0.8760576115739843, 0.875928437641284, 0.8784473293289414, 0.878318155396241, 0.8807078731511981, 0.879997416521346, 0.8815797971969257, 0.8824840147258284, 0.8825486016921785, 0.8831621778725053, 0.8832913518052057, 0.8832590583220307, 0.8826131886585287, 0.8829684169734547, 0.8838726345023574, 0.8840018084350578, 0.8829038300071046, 0.8833236452883808, 0.8836788736033069, 0.8837111670864819, 0.8837111670864819, 0.8836788736033069, 0.883743460569657, 0.8834528192210812, 0.8836465801201318, 0.8836465801201318], "Valid": [0.9199430706280022, 0.9444938623020814, 0.9471624266144814, 0.9446717665895749, 0.9432485322896281, 0.9425369151396549, 0.9359544565024017, 0.936132360789895, 0.9373776908023483, 0.9338196050524817, 0.937733499377335, 0.9343533179149618, 0.9338196050524817, 0.9338196050524817, 0.9352428393524284, 0.9341754136274685, 0.9332858921900018, 0.9327521793275217, 0.9331079879025085, 0.9332858921900018, 0.9323963707525351, 0.9331079879025085, 0.9327521793275217, 0.9327521793275217, 0.9325742750400284, 0.9325742750400284, 0.9325742750400284, 0.9325742750400284, 0.9325742750400284, 0.9325742750400284]}, "f1_val": {"Train": [0.8621789707730481, 0.864241291528373, 0.866883639996133, 0.8716808455787575, 0.8763371568501095, 0.8761923176076309, 0.8787136688792937, 0.8785847779854353, 0.8809615880381542, 0.8802603596055939, 0.8818354654722392, 0.8827452875785403, 0.8828097309489286, 0.8834181865051235, 0.8835470773989818, 0.8835186080231996, 0.8828590764074635, 0.8832248501643359, 0.8841270864213443, 0.8842559773152026, 0.8831604047174066, 0.8835755486095447, 0.8839337500805569, 0.8839697116159175, 0.8839697116159175, 0.8839262696571282, 0.8840056708338703, 0.8836969482130773, 0.8839052682455293, 0.8838977862275642],