{"1000": {"SCNN_1_3_conv_1_dense_arg_dict_default": {"lr_epoch_log_dict": "{0: 0.001, 1: 0.001, 2: 0.001, 3: 0.001, 4: 0.001, 5: 0.001, 6: 0.001, 7: 0.001, 8: 0.001, 9: 0.001, 10: 0.001, 11: 0.001, 12: 0.001, 13: 0.001, 14: 0.00020000001, 15: 0.00020000001, 16: 0.00020000001, 17: 0.00020000001, 18: 0.00020000001, 19: 4.0000003e-05, 20: 4.0000003e-05, 21: 4.0000003e-05, 22: 4.0000003e-05, 23: 4.0000003e-05, 24: 8.000001e-06, 25: 8.000001e-06, 26: 8.000001e-06, 27: 8.000001e-06, 28: 8.000001e-06, 29: 1.6000001e-06}", "loss_record_dict": {"loss": [1.4154198169708252, 0.49123653769493103, 0.21503625810146332, 0.13196764886379242, 0.1026906743645668, 0.09118450433015823, 0.08543404936790466, 0.08252239227294922, 0.08222426474094391, 0.07953818887472153, 0.08079755306243896, 0.07801400870084763, 0.07664269208908081, 0.07504153996706009, 0.06769706308841705, 0.06481984257698059, 0.06423346698284149, 0.06391769647598267, 0.06325552612543106, 0.06069008633494377, 0.060624152421951294, 0.0605672150850296, 0.060716237872838974, 0.06014888733625412, 0.05970408022403717, 0.059296511113643646, 0.05965876579284668, 0.05923185124993324, 0.05942506343126297, 0.058596689254045486], "val_loss": [0.9832934737205505, 0.47637939453125, 0.2402571141719818, 0.14587199687957764, 0.11100142449140549, 0.10113470256328583, 0.09494217485189438, 0.10404768586158752, 0.09077715873718262, 0.10845548659563065, 0.10310307145118713, 0.10144542157649994, 0.09779254347085953, 0.11369837820529938, 0.10651323944330215, 0.10303690284490585, 0.09844735264778137, 0.10916002839803696, 0.10225796699523926, 0.1042545735836029, 0.10646914690732956, 0.10481248050928116, 0.10317569226026535, 0.10314325988292694, 0.10401492565870285, 0.10550171881914139, 0.10741330683231354, 0.10434651374816895, 0.1045026108622551, 0.10571688413619995]}, "metric_record_dict": {"roc_val": {"Train": [0.9057447486370949, 0.9300897342789498, 0.9568734393156988, 0.9774311562519428, 0.9799958904858402, 0.9853597713329063, 0.9855960421166258, 0.9883250058042289, 0.9830752009554676, 0.988725407489903, 0.9817626981209316, 0.9839730402580713, 0.9871642116580752, 0.9885902320309935, 0.9927214181901078, 0.993698150515893, 0.9921803878486329, 0.991224679896404, 0.9923165394391719, 0.9936733436322731, 0.9942714495164243, 0.99512273015607, 0.9947131537716675, 0.9933630557905782, 0.994831429951743, 0.9948217718801406, 0.9947056309880045, 0.9947508615487934, 0.9950698125586994, 0.9948294964602464], "Valid": [0.9638294481078247, 0.959137401191913, 0.9704107459040487, 0.964496708908002, 0.9690256792782993, 0.9670558158872289, 0.9753430478530045, 0.960067056189357, 0.9811012877998931, 0.9535906147920888, 0.9575184411800229, 0.9612044616856681, 0.9628351954918268, 0.944780129456033, 0.9536858021207516, 0.9604416495820051, 0.9606399525604712, 0.953602641786234, 0.9580084620664808, 0.955394948763739, 0.9526681601661396, 0.9531123835248917, 0.9580512370206578, 0.9592440932899753, 0.9571055671310099, 0.9564264059366256, 0.9544991592498092, 0.9578927022478325, 0.9573119566805394, 0.9556875845212839]}, "eer_val": {"Train": [0.17655585620408892, 0.14403651903645706, 0.11219559335129324, 0.07441051410901044, 0.07060994560847814, 0.057595182595807703, 0.05440664862770807, 0.04943667443627867, 0.05778894472361727, 0.04749417249395604, 0.06590645535411592, 0.05469655972168533, 0.05392346347079168, 0.05001942501919538, 0.03574203574090759, 0.03253690753560763, 0.037587412588418204, 0.03923463471201841, 0.036713286713286046, 0.03311965812097249, 0.03175990675954432, 0.03059440559456908, 0.031371406370311834, 0.03331390831545025, 0.03078865578807216, 0.030827212988016998, 0.031020487050638746, 0.0309829059829718, 0.03053730189408561, 0.030982905982164403], "Valid": [0.0929818311364347, 0.10891968727887166, 0.09541577825193859, 0.08830845771141439, 0.09310589907560007, 0.08550053437833939, 0.08244491826582352, 0.10171001068757192, 0.07142857142857137, 0.09310589907692404, 0.0822942643391521, 0.09743498396899382, 0.08817242607774115, 0.1035891968712411, 0.09814748842180265, 0.08653162757602394, 0.09079601990125594, 0.1063412896330662, 0.1024225151411723, 0.09975062344139654, 0.10199004975040352, 0.09618810117579879, 0.09458496615615075, 0.09725685785536173, 0.0972568578557314, 0.09743498396825447, 0.1009239516700145, 0.09636622728891557, 0.09850374064834326, 0.09985785358768692]}, "thres": {"Train": [-0.024345635062073906, -0.04091049358248489, -0.11298718157424732, -0.213685567429917, -0.28870820999113195, -0.3054225146783181, -0.3492929024911609, -0.3814144432539871, -0.43191747404822045, -0.3653818368910862, -0.3587762628072115, -0.43472019871275625, -0.39648470417327236, -0.396772533655072, -0.3672216832619994, -0.3875455558293846, -0.39904078841277174, -0.4017554134429925, -0.4025416076183304, -0.3958961963674702, -0.3947255015371743, -0.40389069914823345, -0.39075711369276883, -0.3944502472898519, -0.3868469893929978, -0.38583586862937885, -0.3908303219020081, -0.39132770895973484, -0.3888549972419157, -0.38771131634412787], "Valid": [-0.04402765933600644, -0.07954473793538631, -0.18989065289501714, -0.33790743350981733, -0.3790094554417785, -0.4658320547636603, -0.4418060779571638, -0.45229484156480704, -0.6085911989212036, -0.4339362680917767, -0.5156352402563404, -0.5212209759314949, -0.4448563814907815, -0.42163360118623167, -0.4405011747493807, -0.5468022823323165, -0.47660812735642594, -0.511504506826999, -0.46086326248940046, -0.4748227462506949, -0.4687854349610433, -0.4935823401758591, -0.5006129020765984, -0.5014631981564286, -0.49636562837147646, -0.49875342228997693, -0.4939552843569179, -0.5093169256933237, -0.5004252794377254, -0.49366289376952577]}, "acc_val": {"Train": [0.8234353807401666, 0.8559872117806626, 0.887812439449719, 0.9256442549893431, 0.9293741522960667, 0.9424045727572176, 0.945601627591552, 0.9505909707421042, 0.9422592520829297, 0.9524316992830847, 0.9341212943228057, 0.9453594264677389, 0.9460860298391784, 0.9498643673706646, 0.9642511141251695, 0.9673028482852161, 0.9625072660337144, 0.9608118581670219, 0.9633307498546794, 0.9669637667118776, 0.9682232125557062, 0.9693857779500097, 0.9686591745785701, 0.9669153264871149, 0.9692404572757217, 0.9691920170509591, 0.9689982561519086, 0.9690466963766712, 0.9695310986242976, 0.9690466963766712], "Valid": [0.9070450097847358, 0.8910336239103362, 0.9045543497598292, 0.911759473403309, 0.9068671054972425, 0.9146059420032023, 0.9175413627468422, 0.8983276996975628, 0.9286603807151752, 0.9068671054972425, 0.9177192670343355, 0.9025974025974026, 0.911759473403309, 0.8964597046788828, 0.9017968333036827, 0.913360611990749, 0.9091798612346558, 0.8937021882227362, 0.8976160825475894, 0.9002846468599893, 0.8980608432663227, 0.9041985411848426, 0.9054438711972959, 0.9027753068848959, 0.9029532111723892, 0.9026863547411492, 0.8991282689912827, 0.9036648283223626, 0.9015299768724426, 0.900106742572496]}, "f1_val": {"Train": [0.8238023879731233, 0.8562865567747862, 0.8880618656355728, 0.9258131554782273, 0.9295311744804254, 0.9425409558787997, 0.9457304402454937, 0.9507055867001739, 0.9423931954378504, 0.9525374577090382, 0.934274115600232, 0.9454861782331336, 0.9462136954525684, 0.9499734158248344, 0.9643340421418907, 0.9673739668422834, 0.9626014688828759, 0.9609046537476441, 0.9634175808244334, 0.9670467723231543, 0.9682969263483471, 0.9694597467865081, 0.9687333881022567, 0.9670032368713465, 0.9693132943507466, 0.9692664540446506, 0.9690731613027931, 0.9691229765643875, 0.9696032474749915, 0.9691199922679166],