{"1000": {"SCNN_3_1_conv_1_dense_arg_dict_default": {"lr_epoch_log_dict": "{0: 1e-05, 1: 1e-05, 2: 1e-05, 3: 1e-05, 4: 1e-05, 5: 1e-05, 6: 1e-05, 7: 1e-05, 8: 1e-05, 9: 1e-05, 10: 1e-05, 11: 1e-05, 12: 1e-05, 13: 1e-05, 14: 1e-05, 15: 1e-05, 16: 1e-05, 17: 1e-05, 18: 1e-05, 19: 1e-05, 20: 1e-05, 21: 1e-05, 22: 1e-05, 23: 1e-05, 24: 1e-05, 25: 1e-05, 26: 1e-05, 27: 1e-05, 28: 1e-05, 29: 1e-05}", "loss_record_dict": {"loss": [2.443249464035034, 2.3240694999694824, 2.2145538330078125, 2.1087989807128906, 2.00384521484375, 1.9072901010513306, 1.813449740409851, 1.7303041219711304, 1.6523929834365845, 1.574161410331726, 1.5003193616867065, 1.4290486574172974, 1.3665106296539307, 1.304135799407959, 1.24102783203125, 1.185157060623169, 1.1292903423309326, 1.075217843055725, 1.0226945877075195, 0.9738662838935852, 0.9283027648925781, 0.8812276721000671, 0.838404655456543, 0.7972146272659302, 0.754851758480072, 0.7168915271759033, 0.6803019642829895, 0.6442424654960632, 0.6096712350845337, 0.5765251517295837], "val_loss": [1.933591365814209, 1.842502236366272, 1.7436912059783936, 1.6511248350143433, 1.572677493095398, 1.5091232061386108, 1.457227349281311, 1.400519847869873, 1.3480528593063354, 1.3090535402297974, 1.2420088052749634, 1.2124744653701782, 1.1623073816299438, 1.1372689008712769, 1.0932942628860474, 1.0565242767333984, 1.0081149339675903, 0.9726030826568604, 0.93806391954422, 0.8875817656517029, 0.8668616414070129, 0.821530282497406, 0.7805205583572388, 0.7521295547485352, 0.7204483151435852, 0.6848418116569519, 0.6563100814819336, 0.6218910217285156, 0.5876837968826294, 0.5594350695610046]}, "metric_record_dict": {"roc_val": {"Train": [0.8835167015370919, 0.8952714569500422, 0.9068651647229633, 0.9165757362510358, 0.9239332298558719, 0.9315541569841916, 0.9376870136799593, 0.9428550956624014, 0.9461948737171002, 0.9497519302252101, 0.9506281256861078, 0.9523761521732145, 0.9541630549796379, 0.9567497099387321, 0.9574230436595146, 0.9580090135994658, 0.9570001158593159, 0.9587980564618563, 0.959350927092278, 0.9576373420956915, 0.9593343563192811, 0.956973136144232, 0.9565211637351181, 0.9560620909069885, 0.9550465244983509, 0.9537561207207516, 0.9533099112426037, 0.9524920959618486, 0.9517451346971544, 0.950256716987003], "Valid": [0.8924924400846802, 0.9012980987980854, 0.9082781547501942, 0.9137256234983665, 0.9163154151376558, 0.9164975607989874, 0.914468163786898, 0.9127320988320143, 0.9108123690165388, 0.9058350291395079, 0.901282796030535, 0.9001447100595552, 0.8978719563159315, 0.897823231164651, 0.8948682778281224, 0.8932176678316393, 0.8897653508122272, 0.8909001768347938, 0.8887678857227933, 0.8866642694968336, 0.8860040033432511, 0.881274435370605, 0.8799769284272312, 0.8793204760967922, 0.8787583565454321, 0.876615953263354, 0.8767031489709071, 0.8763216084066411, 0.8758244187986729, 0.8713072063976519]}, "eer_val": {"Train": [0.1976495726502578, 0.18444055943921486, 0.1701631701626399, 0.1583880943175191, 0.1489898989886109, 0.13888888888855044, 0.13160450660362444, 0.12475840742172402, 0.12053224553234788, 0.114804793196753, 0.11295648795744882, 0.10955710955812203, 0.10751748251713422, 0.10475454194090439, 0.10343822843920895, 0.10217560217505811, 0.10460372960366433, 0.1007187257192734, 0.10101010101109927, 0.10523772709702364, 0.10224197912605719, 0.1073637417858523, 0.10823347506764584, 0.10910320834943958, 0.11064940085040584, 0.11169386169397366, 0.11334498834395701, 0.11402486402628745, 0.11625874126063175, 0.11857363741785848], "Valid": [0.197898111863199, 0.19308870680441687, 0.18631991449993876, 0.18204488778054825, 0.1795511221945137, 0.17830423940112897, 0.1815105094406842, 0.18079800498753112, 0.18329177057355783, 0.18685429283933003, 0.1875667972924831, 0.1877449234057713, 0.19047619047771402, 0.19065387348921867, 0.19189765458506106, 0.19260838663846316, 0.19665122907018054, 0.1939793373708586, 0.19616204690710776, 0.19793887704412821, 0.19633972992112503, 0.20431065194154216, 0.2059346126504196, 0.20611229566497175, 0.2053794086211747, 0.20753375977337188, 0.20859985785472068, 0.2094763092269377, 0.20913290689399727, 0.21410803127219996]}, "thres": {"Train": [-0.6507906317717982, -0.6550359129895007, -0.6322921514509853, -0.6089079538777121, -0.5967116355895814, -0.5969022512432417, -0.5990290641777102, -0.5891698128613995, -0.5851762890816496, -0.6019097767283569, -0.559283554555872, -0.5844841003422138, -0.5725147724150399, -0.6002369154640168, -0.5924924016001416, -0.5958120822905877, -0.5751926898956264, -0.5794166326523496, -0.5817264914523735, -0.5477955841538894, -0.5688751190899857, -0.5353957447574366, -0.5151977790659995, -0.5171507084788989, -0.507307504888755, -0.4869451522828614, -0.48306062817474116, -0.4629564881325187, -0.4412408769139349, -0.42463295663421474], "Valid": [-0.7521879900423367, -0.7548926763255097, -0.7297825346565732, -0.7034623682350291, -0.6894195645626445, -0.6893077842510185, -0.7027725365691055, -0.6929918390854338, -0.6872956749804247, -0.7062962061647364, -0.6541424280092901, -0.686803800209502, -0.6654753685004364, -0.7002555131908803, -0.6875789761546512, -0.6845478415493998, -0.6529879031930477, -0.6527295711331831, -0.6516094803775592, -0.6036885380748239, -0.6299760937687681, -0.5825811823704566, -0.5578005313869737, -0.5558318495751671, -0.5437414937482078, -0.5199263095863533, -0.5138537883760876, -0.49247886682686826, -0.47093886137007795, -0.4485768377780853]}, "acc_val": {"Train": [0.802363882968417, 0.8155880643286185, 0.8298779306335982, 0.8416489052509204, 0.8510463088548731, 0.8611218756055028, 0.8684363495446619, 0.8752664212361946, 0.8794322805657818, 0.8851966673125363, 0.8870373958535167, 0.8904282115869018, 0.8925111412516954, 0.895272234063166, 0.8965316799069948, 0.8978395659755861, 0.895417554737454, 0.8992443324937027, 0.8989536911451269, 0.8947878318155397, 0.8977911257508235, 0.8926564619259834, 0.8917845378802558, 0.8909126138345282, 0.8893625266421237, 0.8882968416973455, 0.8866983142801783, 0.8859717109087386, 0.8837919007944197, 0.8814667700058129], "Valid": [0.8021704323074186, 0.8068848959259918, 0.8136452588507384, 0.8180039138943248, 0.8204945739192314, 0.821917808219178, 0.8185376267568049, 0.8192492439067781, 0.8166696317381249, 0.813200498132005, 0.812399928838285, 0.8123109766945383, 0.8094645080946451, 0.8093755559508984, 0.8080412737946985, 0.8073296566447251, 0.8034157623198719, 0.8060843266322718, 0.8037715708948585, 0.802081480163672, 0.8036826187511119, 0.7957658779576587, 0.7940757872264722, 0.7938089307952322, 0.7946984522326989, 0.7923856964952856, 0.7914072229140723, 0.7906066536203522, 0.7908735100515922, 0.785892190001779]}, "f1_val": {"Train": [0.8027651551774145, 0.8159535895576504, 0.8302233394566373, 0.841978053850244, 0.851355924010248, 0.8614105476869531, 0.8687161639597835, 0.8755377253613031, 0.8796945236599159, 0.8854519091348478, 0.8872885451909135, 0.8906718221362978, 0.8927449369230026, 0.8955050749154181, 0.8967617206379894, 0.8980617719561119, 0.895645028759244, 0.8994683421942967, 0.8991783470275496, 0.895021749637506, 0.8980183663605608, 0.8928951184146932, 0.8920251329144514, 0.8911551474142098, 0.8896085065248913, 0.8885451909134847, 0.8869447532505196, 0.886225229579507, 0.8840558697018027, 0.881724587945285], "Valid": [0.8019590382902938, 0.8066957528269967, 0.8134627370670465, 0.8178094390026714, 0.8203027604630453, 0.8216957605985037, 0.8183437221727516, 0.8190560997328583, 0.8164900721218058, 0.8130008904719501, 0.8122161873386164, 0.8121104185218165, 0.8092609082813891, 0.809154866862588, 0.8078361531611754, 0.8071237756010684, 0.8032056990204808, 0.8058771148708815, 0.8035268970431065, 0.8018876324459087, 0.8034553388547512, 0.7955476402493321, 0.7938373853415265, 0.7935886019590382, 0.7944790739091718, 0.7921638468388247, 0.7912029204879353, 0.7903829029385574, 0.7906314008371182, 0.7856443138302609]}}, "report_dict": {"Training_samples": "(array([0., 1.], dtype=float32), array([10296, 10348]))",