{"1000": {"SCNN_3_1_conv_1_dense_arg_dict_default": {"lr_epoch_log_dict": "{0: 0.001, 1: 0.001, 2: 0.001, 3: 0.001, 4: 0.001, 5: 0.001, 6: 0.001, 7: 0.001, 8: 0.001, 9: 0.00020000001, 10: 4.0000003e-05, 11: 8.000001e-06, 12: 1.6000001e-06, 13: 1e-06, 14: 1e-06, 15: 1e-06, 16: 1e-06, 17: 1e-06, 18: 1e-06, 19: 1e-06}", "loss_record_dict": {"loss": [1.0746774673461914, 0.3609260320663452, 0.12707677483558655, 0.05437446013092995, 0.03187043219804764, 0.02343180775642395, 0.020106466487050056, 0.018823524937033653, 0.01845366135239601, 0.016368156298995018, 0.01578040048480034, 0.015827737748622894, 0.015733567997813225, 0.015638843178749084, 0.015518488362431526, 0.015611336566507816, 0.015719227492809296, 0.01556180790066719, 0.015639543533325195, 0.015505409799516201], "val_loss": [0.5864962935447693, 0.20883582532405853, 0.08747223764657974, 0.05245514586567879, 0.04167623445391655, 0.03726501390337944, 0.033092815428972244, 0.02905130572617054, 0.03412209823727608, 0.031526416540145874, 0.0308221485465765, 0.03248031437397003, 0.03223050385713577, 0.032192256301641464, 0.03205941244959831, 0.03192554786801338, 0.03194723650813103, 0.03200232982635498, 0.03203146532177925, 0.032067492604255676]}, "metric_record_dict": {"roc_val": {"Train": [0.9309471298201004, 0.9307007832930716, 0.9348659744992369, 0.9449492405921184, 0.964860453348567, 0.9774448831029814, 0.9839204464735968, 0.9849701258669175, 0.9860882471048686, 0.9892074663407289, 0.9890384453947461, 0.9885089878446082, 0.9886349322895033, 0.9886664031486703, 0.9887071613371382, 0.9887213527892885, 0.9887263460780082, 0.9887033225117879, 0.9887058566996719, 0.9887139144785551], "Valid": [0.9658701758143985, 0.962003940296482, 0.9516180611523278, 0.9289156538038597, 0.9148560343480825, 0.9186662493932699, 0.9270666617039491, 0.9418104905266532, 0.9187213203664613, 0.9283243054917281, 0.9306916610392995, 0.9219248052070048, 0.9229564681047913, 0.9230854734419915, 0.9237754431061145, 0.9243684372174447, 0.9242113266939261, 0.92401205839093, 0.923852415868644, 0.9236693523577593]}, "eer_val": {"Train": [0.12907925407879572, 0.13413219945883265, 0.13258600695786518, 0.11985236985248222, 0.08780108780126243, 0.06662781662698967, 0.0589549339549339, 0.0510878010880464, 0.05273892773943922, 0.04108391608491724, 0.04020979021081497, 0.04186091685963401, 0.041958041959680184, 0.04186091686044125, 0.04147241647340899, 0.04155392346347054, 0.04155392346347118, 0.04145728643181206, 0.04156954156997176, 0.04155392346345829], "Valid": [0.0833630210188814, 0.08457711442674717, 0.10331314570690076, 0.14606341289633068, 0.16850730317064477, 0.17732764747753416, 0.16138225863901892, 0.14998218738877334, 0.1872778962329229, 0.16986496090925235, 0.15995724973281183, 0.1724260776629854, 0.169864960909683, 0.169509594882193, 0.1681510509440683, 0.16815105094406835, 0.16844349680058746, 0.16815105094406835, 0.16844349680096835, 0.16850730317064466]}, "thres": {"Train": [-0.0680910497903347, -0.07053800099459126, -0.08287600349241755, -0.11172933131461507, -0.1340300738812404, -0.1496850699177808, -0.17173412442207336, -0.19801269471667746, -0.18000498414065774, -0.17596217989921617, -0.18316349387195513, -0.18627680838094246, -0.18561944365575048, -0.18538375198812632, -0.18519942462473785, -0.18463922385594309, -0.18445442302442674, -0.18454331391718726, -0.18463651835930348, -0.18457976425412698], "Valid": [-0.09944688515770168, -0.10673133283832838, -0.12447852286459411, -0.1463945780757657, -0.16696339055635684, -0.16313955187805523, -0.2337938567695861, -0.2145706488010259, -0.20401191711418384, -0.2153270244597067, -0.21825516446867507, -0.21161102308448115, -0.2132234871387414, -0.21357427537424095, -0.21396237964790651, -0.2139789332772728, -0.2133217602966548, -0.21332912559521167, -0.21344715356823615, -0.21315878720726453]}, "acc_val": {"Train": [0.870858360782794, 0.8659174578570045, 0.8674191048246463, 0.8801588839372214, 0.9121778725053284, 0.9332978105018407, 0.940999806239101, 0.9490408835496996, 0.9472485952334819, 0.9588742491765162, 0.9597461732222438, 0.9581476458050765, 0.9580023251307886, 0.9581476458050765, 0.958486727378415, 0.958486727378415, 0.9585351676031777, 0.9585836078279403, 0.9583898469288897, 0.958486727378415], "Valid": [0.9167407934531222, 0.9154954634406689, 0.8968155132538694, 0.8539405799679772, 0.8315246397438179, 0.8226294253691514, 0.8386408112435509, 0.850026685643124, 0.8128446895570183, 0.8302793097313645, 0.8400640455434976, 0.8276107454189646, 0.8302793097313645, 0.8306351183063512, 0.8320583526062978, 0.8318804483188045, 0.8315246397438179, 0.8318804483188045, 0.8317025440313112, 0.8315246397438179]}, "f1_val": {"Train": [0.8711205646330852, 0.8662026295436969, 0.8677074774034511, 0.8804253262445626, 0.9123773621381276, 0.933442892358258, 0.941130981150314, 0.9491689215307306, 0.9473735079495482, 0.9589716329193447, 0.9598414922920794, 0.9582447322636768, 0.9581017735466101, 0.9582447322636768, 0.9585850287536848, 0.9585850287536848, 0.9586313551130872, 0.9586816797950999, 0.9584883777122698, 0.9585850287536848], "Valid": [0.9166369789811186, 0.9153750222697309, 0.8966868542928395, 0.8537845057880676, 0.8313446126447018, 0.8224398931433661, 0.8384683882457703, 0.84986642920748, 0.8126113288208051, 0.8300676879230495, 0.839893143365984, 0.8274265360641139, 0.8300676879230495, 0.830423940149626, 0.8318489490559315, 0.8317008014247551, 0.8312845180830215, 0.8317008014247551, 0.8314926968293552, 0.8313446126447018]}}, "report_dict": {"Training_samples": "(array([0., 1.], dtype=float32), array([10296, 10348]))", "Validation_samples": "(array([0., 1.], dtype=float32), array([2814, 2807]))", "smoothing": null, "Butter_cut_off_freq": 25, "scaler": "RobustScaler"}, "ReduceLROnPlateau_args": {"mointored_metric": "val_loss", "factor": 0.2, "patience": 1, "verbose": 1, "min_lr": 1e-06}, "arg_dict": {"input_dropout_streams": [0.2, 0.2, 0.2], "filters_streams": [[32], [32], [32]], "kernels_streams": [[7], [5], [3]], "kernels_init_streams": [["glorot_normal"], ["glorot_normal"], ["glorot_normal"]], "kernels_Max_Norm_constraint_streams": [[3], [3], [3]], "conv_kernel_regularizer_streams": [["l2"], ["l2"], ["l2"]], "conv_kernel_regularizer_strength_streams": [[[0.02]], [[0.02]], [[0.02]]], "strides_streams": [[1], [1], [1]], "paddings_streams": [["same"], ["same"], ["same"]], "dropouts_streams": [[0.5], [0.5], [0.5]], "activations_streams": [["tanh"], ["tanh"], ["tanh"]], "dense_layers": [32], "dense_kernel_Max_Norm_constraints": [3], "dense_kernel_regularizer": ["l2"], "dense_kernel_regularizer_strength": [[0.02]], "dense_kernel_inits": ["glorot_normal"], "dense_dropouts": [0], "dense_activations": ["tanh"], "loss_func_name": "k_contrastive_loss", "contrastive_loss_margin": 0.5, "optimizer_name": "Adam", "optimizer_lr": 0.001, "optimizer_decay": null, "batch_size": 256}}}}