{"1000": {"SCNN_3_1_conv_1_dense_arg_dict_default": {"lr_epoch_log_dict": "{0: 0.001, 1: 0.001, 2: 0.001, 3: 0.001, 4: 0.001, 5: 0.001, 6: 0.001, 7: 0.00020000001, 8: 4.0000003e-05, 9: 8.000001e-06, 10: 1.6000001e-06, 11: 1e-06, 12: 1e-06, 13: 1e-06, 14: 1e-06, 15: 1e-06, 16: 1e-06, 17: 1e-06, 18: 1e-06, 19: 1e-06}", "loss_record_dict": {"loss": [1.0663832426071167, 0.3523288667201996, 0.12292883545160294, 0.05239967629313469, 0.031189700588583946, 0.023023763671517372, 0.01948726177215576, 0.01713162660598755, 0.016499854624271393, 0.016202274709939957, 0.016349194571375847, 0.016520008444786072, 0.01632949896156788, 0.01630081795156002, 0.01624709740281105, 0.01631254330277443, 0.016497766599059105, 0.016188526526093483, 0.01636994630098343, 0.016285579651594162], "val_loss": [0.5752808451652527, 0.2053733915090561, 0.08807806670665741, 0.052707016468048096, 0.04028741642832756, 0.032544832676649094, 0.03296271339058876, 0.034770261496305466, 0.034171126782894135, 0.033625949174165726, 0.03378630429506302, 0.034136608242988586, 0.03426968678832054, 0.034482572227716446, 0.03442082181572914, 0.03431345894932747, 0.034441735595464706, 0.034523189067840576, 0.034576162695884705, 0.03467739000916481]}, "metric_record_dict": {"roc_val": {"Train": [0.9288701845174111, 0.9300224187400453, 0.9335108832294279, 0.9432284331600624, 0.967296188033287, 0.9799517252225507, 0.9873555850797828, 0.9888933021301595, 0.9895131457148271, 0.989848925609459, 0.989825564151521, 0.9897560241588074, 0.9897238869020857, 0.9896828049007214, 0.9896925662170153, 0.9896984511644349, 0.9896722176268946, 0.9896612783825288, 0.9896630757787502, 0.9896392450267595], "Valid": [0.9652637621096007, 0.9587391810857667, 0.9480074309099826, 0.9220276043569622, 0.910421934806602, 0.9530770621420862, 0.9256476029947469, 0.9193855902430945, 0.9203711707633141, 0.9226821260383411, 0.9219296160046629, 0.9201355682780054, 0.919463829005008, 0.9183515219464791, 0.9185877574314796, 0.9191152993746724, 0.9184176071143088, 0.9180221089068374, 0.9176720600772412, 0.9170764073672049]}, "eer_val": {"Train": [0.12713675213606546, 0.13247863247836847, 0.13257575757564735, 0.11722999223010803, 0.08673271173240772, 0.06429681429587963, 0.04642579642753292, 0.04145728643216344, 0.04108391608289557, 0.040209790208490415, 0.040112665112934605, 0.0405011655001874, 0.04068419018167751, 0.04068419018132566, 0.040695415694420124, 0.040684190181647206, 0.04068419018167731, 0.0406841901816776, 0.04079254079189251, 0.04068419018167845], "Valid": [0.0879942999642308, 0.09168443496943139, 0.11115069469184181, 0.15675097969362298, 0.1734948343428487, 0.12224591329072992, 0.17349483434271462, 0.17848236551478444, 0.17705735660859193, 0.17306325515216067, 0.17385108656949635, 0.17598859992875038, 0.17812611328820782, 0.18017057569156783, 0.17990737442109017, 0.17812611328861486, 0.1801705756944011, 0.17990737442076088, 0.180525941720511, 0.1812366737739728]}, "thres": {"Train": [-0.06787867099034144, -0.06864769756790788, -0.08088947832582898, -0.11524847894908846, -0.14481492340558028, -0.141337633132375, -0.1571083664906266, -0.1740770599051356, -0.17490218579734831, -0.17568643391059227, -0.17584733664994157, -0.17595443129485408, -0.176298927833986, -0.17640762877223348, -0.1764214485869078, -0.17629995990784794, -0.1761337054434732, -0.17630966172445958, -0.17673711478680526, -0.1770970320432037], "Valid": [-0.09143087751878277, -0.09941705316317542, -0.1198211031161693, -0.1499094497087293, -0.19034973909136044, -0.17187961935997598, -0.19512946376033555, -0.21126027929682534, -0.21791909956508038, -0.221350938081715, -0.22091640749408653, -0.2191010199468631, -0.2184357409391022, -0.21661615371682924, -0.21668390795922934, -0.2179479081414347, -0.21692028641744127, -0.21631093972037777, -0.21597898006440602, -0.21465286612510306]}, "acc_val": {"Train": [0.872892850222825, 0.8675644254989343, 0.867467545049409, 0.8827262158496415, 0.9132919976748692, 0.9356713815152102, 0.9535458244526255, 0.9585351676031777, 0.9587773687269909, 0.9597946134470063, 0.9598914938965317, 0.9594555318736679, 0.9593586514241426, 0.9593586514241426, 0.9592617709746173, 0.9593586514241426, 0.9593586514241426, 0.9593586514241426, 0.959164890525092, 0.9593586514241426], "Valid": [0.9121152819782957, 0.9082013876534425, 0.888987724604163, 0.8430884184308842, 0.8265433196940046, 0.8776018502045899, 0.8265433196940046, 0.8217399039316847, 0.822985233944138, 0.8270770325564846, 0.826187511119018, 0.8238747553816047, 0.821917808219178, 0.8199608610567515, 0.8203166696317381, 0.821917808219178, 0.8197829567692582, 0.8199608610567515, 0.8194271481942715, 0.8188934353317915]}, "f1_val": {"Train": [0.8731631863882444, 0.867846094354215, 0.8677494199535963, 0.8829812944076563, 0.9134847752537457, 0.9358144030932818, 0.9536558256415213, 0.9586353532424857, 0.9588670307893082, 0.9598878793736709, 0.9599884024354886, 0.9595476294040888, 0.9594548881264197, 0.9594548881264197, 0.9593543086366053, 0.9594548881264197, 0.9594548881264197, 0.9594548881264197, 0.9592576482528635, 0.9594548881264197], "Valid": [0.9120057000356252, 0.9080869255432846, 0.8888493053081581, 0.842948717948718, 0.8263579697239537, 0.8774492340577129, 0.8263579697239537, 0.8215176344852155, 0.8227960819234194, 0.8268614178838618, 0.8260017809439002, 0.8237179487179487, 0.8217275155832592, 0.8197363733523334, 0.8200926255789098, 0.8217275155832592, 0.8195903829029385, 0.8198005698005699, 0.8192341941228851, 0.8186676166726042]}}, "report_dict": {"Training_samples": "(array([0., 1.], dtype=float32), array([10296, 10348]))", "Validation_samples": "(array([0., 1.], dtype=float32), array([2814, 2807]))", "smoothing": null, "Butter_cut_off_freq": 45, "scaler": "RobustScaler"}, "ReduceLROnPlateau_args": {"mointored_metric": "val_loss", "factor": 0.2, "patience": 1, "verbose": 1, "min_lr": 1e-06}, "arg_dict": {"input_dropout_streams": [0.2, 0.2, 0.2], "filters_streams": [[32], [32], [32]], "kernels_streams": [[7], [5], [3]], "kernels_init_streams": [["glorot_normal"], ["glorot_normal"], ["glorot_normal"]], "kernels_Max_Norm_constraint_streams": [[3], [3], [3]], "conv_kernel_regularizer_streams": [["l2"], ["l2"], ["l2"]], "conv_kernel_regularizer_strength_streams": [[[0.02]], [[0.02]], [[0.02]]], "strides_streams": [[1], [1], [1]], "paddings_streams": [["same"], ["same"], ["same"]], "dropouts_streams": [[0.5], [0.5], [0.5]], "activations_streams": [["tanh"], ["tanh"], ["tanh"]], "dense_layers": [32], "dense_kernel_Max_Norm_constraints": [3], "dense_kernel_regularizer": ["l2"], "dense_kernel_regularizer_strength": [[0.02]], "dense_kernel_inits": ["glorot_normal"], "dense_dropouts": [0], "dense_activations": ["tanh"], "loss_func_name": "k_contrastive_loss", "contrastive_loss_margin": 0.5, "optimizer_name": "Adam", "optimizer_lr": 0.001, "optimizer_decay": null, "batch_size": 256}}}}