{"125": {"SCNN_3_1_conv_1_dense_arg_dict_default": {"lr_epoch_log_dict": "{0: 0.001, 1: 0.001, 2: 0.001, 3: 0.001, 4: 0.001, 5: 0.001, 6: 0.001, 7: 0.001, 8: 0.001, 9: 0.001, 10: 0.001, 11: 0.001, 12: 0.001, 13: 0.001, 14: 0.001, 15: 0.001, 16: 0.001, 17: 0.001, 18: 0.001, 19: 0.001, 20: 0.001, 21: 0.00020000001, 22: 0.00020000001, 23: 0.00020000001, 24: 0.00020000001, 25: 0.00020000001, 26: 0.00020000001, 27: 0.00020000001, 28: 0.00020000001, 29: 0.00020000001}", "loss_record_dict": {"loss": [0.6529422402381897, 0.3579057455062866, 0.2445829212665558, 0.20265589654445648, 0.18680864572525024, 0.1800110936164856, 0.17436881363391876, 0.17185944318771362, 0.170816108584404, 0.16922810673713684, 0.16828054189682007, 0.16448691487312317, 0.16280095279216766, 0.16182009875774384, 0.15996016561985016, 0.15788617730140686, 0.15796980261802673, 0.15659858286380768, 0.1556628793478012, 0.15498314797878265, 0.1549714207649231, 0.1507079154253006, 0.14936068654060364, 0.14901073276996613, 0.14942646026611328, 0.14836463332176208, 0.14793848991394043, 0.14756830036640167, 0.147342249751091, 0.1482143998146057], "val_loss": [0.6346196532249451, 0.39734071493148804, 0.2602677345275879, 0.19266968965530396, 0.17917513847351074, 0.18015450239181519, 0.1647481471300125, 0.1625872403383255, 0.15721245110034943, 0.16112707555294037, 0.16499453783035278, 0.1533500701189041, 0.16191625595092773, 0.16671840846538544, 0.15815965831279755, 0.15161077678203583, 0.1615733504295349, 0.15657645463943481, 0.15717847645282745, 0.1546974629163742, 0.16722816228866577, 0.1539572924375534, 0.15164177119731903, 0.149379700422287, 0.15265464782714844, 0.14648433029651642, 0.14959725737571716, 0.14701063930988312, 0.1509333848953247, 0.1491667479276657]}, "metric_record_dict": {"roc_val": {"Train": [0.7959928773552178, 0.806046061699328, 0.8203066033202291, 0.8350511795199175, 0.8482076224091589, 0.8462556641914971, 0.8608077829002161, 0.8631450503068208, 0.8682021770964078, 0.8705130185549107, 0.8697313295303246, 0.8771655433268789, 0.8747447181142096, 0.875889964548401, 0.8844613576143824, 0.8847994088922289, 0.8821535665672214, 0.8872596923488401, 0.8901928271069652, 0.8894072335558614, 0.8839936450827444, 0.8965578060270272, 0.8973255523253107, 0.8972509298780076, 0.8985063008545808, 0.8985322997450945, 0.8993373361487973, 0.8989208611418217, 0.8986939433885703, 0.8992288541355995], "Valid": [0.8137896102722176, 0.8313917017285194, 0.8530860887176921, 0.8684320901472586, 0.8619660457699291, 0.8416717433241954, 0.8741322998473964, 0.8728811759564435, 0.8882438094529136, 0.8828706073935884, 0.8724903619466918, 0.888065129464895, 0.8746268625066433, 0.8705826116503846, 0.882084928176057, 0.8915364048250781, 0.8708592483407178, 0.8787147428666632, 0.8801553710403655, 0.8800950778197162, 0.8635001679981182, 0.8844557493969413, 0.8874254041513132, 0.8913762084280616, 0.8857685749328575, 0.8967361491438427, 0.8886306513895988, 0.891896312624875, 0.8873196615527886, 0.8886368389615867]}, "eer_val": {"Train": [0.25699300699403926, 0.2522338772340724, 0.24391186702780243, 0.23357170467723234, 0.2230382682643992, 0.22912640123695407, 0.2143409354466874, 0.20930458430527854, 0.20516041747197522, 0.20172882672922657, 0.2079448329450077, 0.19930069930187394, 0.2020202020197816, 0.20075757575877637, 0.190278314650174, 0.1909479409476703, 0.19104506604577692, 0.18960185543100125, 0.18570318570427854, 0.1880341880344803, 0.19502719502787724, 0.18181818181822143, 0.17909867909727128, 0.17897178198673758, 0.17752222651720037, 0.17744755244805357, 0.1761849261855269, 0.17812742812832388, 0.17803030303146744, 0.1790015540008172], "Valid": [0.264517278232989, 0.2437810945267371, 0.22085998578386778, 0.20627003918804854, 0.2178393745553971, 0.23400852878487613, 0.20003562522265758, 0.20146063412896334, 0.18514570007127745, 0.190060562878477, 0.19847192608428366, 0.1828358208948769, 0.1977199857498004, 0.20324189526187678, 0.18905472636759155, 0.18471677947988668, 0.20398009950243373, 0.19793887704249608, 0.1921980762379765, 0.19273245457783464, 0.20894193088706803, 0.18631991449946564, 0.18364802280014245, 0.18240114000712482, 0.1886355539721438, 0.1764392324093792, 0.18407960199065826, 0.18204488778022634, 0.1852511578197363, 0.18631991449946078]}, "thres": {"Train": [-0.055927798152008476, -0.09431587904694014, -0.15792676903794248, -0.24937405545807365, -0.30997270804953153, -0.3440083638207997, -0.36015670473277583, -0.34960246086133684, -0.41342775516174546, -0.37602189183236445, -0.41077333688745943, -0.39240771532092755, -0.39474946260450283, -0.3844563364991001, -0.38603521965855936, -0.3915383815764295, -0.3871395885944813, -0.39113459305547593, -0.3814673423767908, -0.39136862754826746, -0.39698231220246033, -0.3960932195186661, -0.39575254917054575, -0.4056050997283074, -0.3923561620951896, -0.4102681875229443, -0.39583966135985554, -0.396203517914218, -0.40450599789661695, -0.3957181572906902], "Valid": [-0.06841002131563767, -0.11509345471856387, -0.19443233311142116, -0.29697372113691023, -0.35688006877894185, -0.3818043768408365, -0.40866180786170864, -0.4137045904213651, -0.4798069000244548, -0.427534772069189, -0.4688720107078868, -0.4532236456869223, -0.4472397731203313, -0.4480800681429419, -0.42851194739321313, -0.46539501849553166, -0.42616820335382455, -0.45560097694348217, -0.4466590269941741, -0.43777564086224147, -0.44612571527733963, -0.445910532203993, -0.4560976422338414, -0.4794446622344323, -0.4571802108513465, -0.4744960367679589, -0.4455311596399476, -0.45425691625908354, -0.47291726959019226, -0.44546838383424187]}, "acc_val": {"Train": [0.7429761674094167, 0.7477233094361558, 0.756103468320093, 0.7664696764192986, 0.7769812051927921, 0.7708777368726991, 0.7857004456500678, 0.79068978880062, 0.7948556481302074, 0.798294904088355, 0.792046115093974, 0.8006684751017245, 0.7979558225150165, 0.7992637085836078, 0.8097752373571013, 0.8090970742104243, 0.8089517535361364, 0.8104049602790157, 0.8143286184847898, 0.8120034876961829, 0.8049796551055997, 0.8181553962410386, 0.8209164890525092, 0.8209649292772718, 0.8225150164696764, 0.8225150164696764, 0.8238713427630304, 0.8218368533229994, 0.8219337337725247, 0.8209164890525092], "Valid": [0.7355452766411671, 0.7560932218466465, 0.7792207792207793, 0.7938089307952322, 0.7822451521081658, 0.7661448140900196, 0.799946628713752, 0.7986123465575521, 0.8149795410069383, 0.8100871731008717, 0.8014588151574453, 0.8172033446006048, 0.8023483365949119, 0.7969222558263654, 0.8109766945383384, 0.8154243017256716, 0.7960327343888988, 0.8019035758761787, 0.8078633695072052, 0.8073296566447251, 0.7911403664828323, 0.813734210994485, 0.8164027753068849, 0.8175591531755916, 0.8114214552570717, 0.8235189468066181, 0.8158690624444049, 0.8180039138943248, 0.8148016367194449, 0.813734210994485]}, "f1_val": {"Train": [0.743448409244754, 0.7481868291267768, 0.7565633612145239, 0.7669100227239762, 0.7774124927480178, 0.7713208276929027, 0.7861148713981823, 0.7911046652163403, 0.7952622673434857, 0.7987044377840086, 0.7924583031182015, 0.8010635726371768, 0.7983367983367983, 0.799671275258629, 0.8101522842639595, 0.8094754653130287, 0.8093396500048342, 0.8107899062167649, 0.8147145550345627, 0.8123942572630154, 0.8053756163588901, 0.8185246060137291, 0.821271452743534, 0.8213457076566125, 0.8228753746495214, 0.8228753746495214, 0.824245939675174, 0.822198588417287, 0.8222952721647491, 0.8212541700913795],