{"1000": {"SCNN_3_1_conv_1_dense_arg_dict_default": {"lr_epoch_log_dict": "{0: 0.001, 1: 0.001, 2: 0.001, 3: 0.001, 4: 0.001, 5: 0.001, 6: 0.001, 7: 0.001, 8: 0.001, 9: 0.001, 10: 0.001, 11: 0.001, 12: 0.001, 13: 0.001, 14: 0.001, 15: 0.00020000001, 16: 0.00020000001, 17: 4.0000003e-05, 18: 4.0000003e-05, 19: 8.000001e-06, 20: 8.000001e-06, 21: 1.6000001e-06, 22: 1.6000001e-06, 23: 1e-06, 24: 1e-06, 25: 1e-06, 26: 1e-06, 27: 1e-06, 28: 1e-06, 29: 1e-06}", "loss_record_dict": {"loss": [23.573345184326172, 14.369396209716797, 8.432230949401855, 4.912354469299316, 2.81012225151062, 1.540473461151123, 0.7980157136917114, 0.41850385069847107, 0.22501011192798615, 0.132450670003891, 0.0861775279045105, 0.0658569261431694, 0.057864610105752945, 0.054117634892463684, 0.05241045355796814, 0.04045046493411064, 0.039234619587659836, 0.036106500774621964, 0.03561859205365181, 0.03501461446285248, 0.03490407392382622, 0.034845538437366486, 0.03490523248910904, 0.034657709300518036, 0.03473392128944397, 0.03463365137577057, 0.03464105352759361, 0.03482700139284134, 0.03472869470715523, 0.035085320472717285], "val_loss": [17.80375099182129, 10.606496810913086, 6.193528652191162, 3.5954716205596924, 2.0140249729156494, 1.0870708227157593, 0.5646830797195435, 0.2961341440677643, 0.15912361443042755, 0.0928664430975914, 0.06158776208758354, 0.051909320056438446, 0.046519048511981964, 0.042472001165151596, 0.04278392344713211, 0.029690617695450783, 0.03008764237165451, 0.026657888665795326, 0.02677217125892639, 0.026037897914648056, 0.026073580607771873, 0.025922060012817383, 0.02591143548488617, 0.025893602520227432, 0.025885092094540596, 0.025873450562357903, 0.025887908414006233, 0.025878233835101128, 0.025878703221678734, 0.02586950547993183]}, "metric_record_dict": {"roc_val": {"Train": [0.8992942408759474, 0.8827077042915852, 0.8672653206862716, 0.8606212338213691, 0.8705324332498665, 0.9011602619666981, 0.9360171152667287, 0.9389771077234838, 0.938032831774376, 0.9382567507386312, 0.9366402955321105, 0.9320573669179681, 0.9392254065137715, 0.937935457951403, 0.9343741496391765, 0.9379708521088498, 0.9378492063974766, 0.9379636578310234, 0.9374479130531025, 0.9373922876290484, 0.9374586974304311, 0.9374898914061072, 0.9374755403939787, 0.9374905718824833, 0.9375022009891067, 0.9374848089515175, 0.9375062979261859, 0.9375062791544239, 0.9375038575971123, 0.9374896473731997], "Valid": [0.9425340091744442, 0.9381198491232574, 0.9363832777686203, 0.9330429383946977, 0.936212241251881, 0.9283064549004177, 0.9679389454073213, 0.967713344317144, 0.9783286225496265, 0.9802932003932701, 0.9798311106182156, 0.9760976784356502, 0.9793730720411885, 0.9805585538640961, 0.979681596090999, 0.9802011622380742, 0.9792597650963463, 0.9795660103472662, 0.9793699070427292, 0.979423712016537, 0.9794391572090182, 0.9794705539937344, 0.9794580205998357, 0.9794713135933646, 0.9794894173845516, 0.9794957473814702, 0.9795065083762317, 0.979510686174198, 0.9794962537812236, 0.9794832139875713]}, "eer_val": {"Train": [0.16032083494412266, 0.18550893550855188, 0.20718979512933336, 0.21327792810205423, 0.19443370699651943, 0.1652097902103757, 0.13596830305372212, 0.12956487956331625, 0.12968689601855538, 0.13082750582735514, 0.13306138306104648, 0.13973714727483572, 0.12611132586006957, 0.13121600621632398, 0.1379176379166111, 0.1290792540781414, 0.1292037108617757, 0.12872052570545034, 0.1293969849246229, 0.12985625485588304, 0.12966200466199013, 0.1295648795657533, 0.12966200466082212, 0.12966200466178576, 0.12966200466125305, 0.12966200466282585, 0.12966200466194688, 0.12966200466139632, 0.1296620046617035, 0.12966200466118], "Valid": [0.11970074812977322, 0.14178838617701578, 0.15033843961524743, 0.162757640368614, 0.15425721410758822, 0.14321339508380412, 0.08635394456383289, 0.08229426433915185, 0.06555040969006058, 0.05664410402564949, 0.058781617385108724, 0.05628785179907371, 0.05700035625222655, 0.056644104025673624, 0.061987887424296347, 0.0587816173850166, 0.060562878517990686, 0.05985037406470188, 0.0600568585638787, 0.059701492536394264, 0.05949412183828174, 0.060056858563044636, 0.06005685856382042, 0.060056858563030585, 0.05949412183826156, 0.06020662629141422, 0.05970149253733828, 0.059701492537357057, 0.060056858564020175, 0.05970149253710071]}, "thres": {"Train": [-0.327108126489392, -0.3507772386072988, -0.29440764656017476, -0.22318486457494188, -0.1652657955585411, -0.09768429398543119, -0.08355361623829845, -0.10386840999125344, -0.14764876409092156, -0.13736844062802636, -0.15697166323654502, -0.16370565013669844, -0.17415553866768602, -0.160087093710979, -0.1577905863522776, -0.16619981825328323, -0.16435637654857074, -0.1652692922919839, -0.16506245058385569, -0.16471725702268636, -0.16524372994899644, -0.1653475463390741, -0.1648674458265281, -0.16493569314475184, -0.1648553162812203, -0.1650136262183274, -0.16499565541743552, -0.16488061845288124, -0.16483673453328754, -0.1647657304999148], "Valid": [-0.408253236180708, -0.4487889843390463, -0.3918171465439349, -0.3074338436123939, -0.22874986166668654, -0.12750528741656372, -0.12827792763748536, -0.1589370443580899, -0.25992516311591074, -0.25389322789628976, -0.2633126201814802, -0.29052839478352416, -0.2934499899496758, -0.2782180130556271, -0.27844664196817454, -0.27936309505763485, -0.27839219622183914, -0.28010303919148294, -0.280659198760853, -0.2800946235654215, -0.28090082866296606, -0.28104886412473057, -0.28043693304038897, -0.2808372676364674, -0.2809374275573174, -0.2807254377297332, -0.28114843368530906, -0.2809855043888193, -0.2808688282964109, -0.280542105436265]}, "acc_val": {"Train": [0.8397112962604146, 0.8145223793838403, 0.7928695989149389, 0.7867176903700833, 0.8055609378027514, 0.8347703933346251, 0.864076729316024, 0.8704708389846929, 0.8703255183104049, 0.8692113931408642, 0.8668862623522573, 0.8602983917845379, 0.8739100949428406, 0.8688238713427631, 0.8620906801007556, 0.8709552412323193, 0.8708099205580314, 0.8712943228056578, 0.8706161596589809, 0.8701317574113544, 0.8703255183104049, 0.8706161596589809, 0.8703739585351676, 0.8703255183104049, 0.8701317574113544, 0.8704223987599302, 0.8702770780856424, 0.870180197636117, 0.8702286378608797, 0.8702770780856424], "Valid": [0.8802704145169898, 0.8583881871553104, 0.8498487813556307, 0.8373954812310976, 0.8457569827432841, 0.8567870485678705, 0.9135385162782423, 0.9179861234655755, 0.9343533179149618, 0.9436043408646149, 0.9407578722647216, 0.9439601494396015, 0.9430706280021348, 0.9434264365771216, 0.9386230208148016, 0.9416473937021882, 0.9395125422522683, 0.9402241594022416, 0.9400462551147483, 0.9404020636897349, 0.9405799679772282, 0.9400462551147483, 0.9400462551147483, 0.9400462551147483, 0.9405799679772282, 0.9402241594022416, 0.9402241594022416, 0.9402241594022416, 0.9400462551147483, 0.9404020636897349]}, "f1_val": {"Train": [0.8400444723739546, 0.8148900169204737, 0.7932701605105396, 0.787140439932318, 0.8059557188436623, 0.8351138396094165, 0.8643658159319413, 0.8707463263727764, 0.8706075692396925, 0.8694895591647331, 0.8671565309871412, 0.8605955143078112, 0.8741843491710571, 0.869115514741421, 0.8623773384250978, 0.8712296983758702, 0.8710909178790661, 0.8715742665184397, 0.8708975784233167, 0.8704017015516992, 0.8705950596993282, 0.870922534190306, 0.8706496519721579, 0.8705950596993282, 0.8703766378184983, 0.8707167367454449, 0.8705404621483128, 0.8704312512086636, 0.8704858593183467, 0.8705404621483128],