{"1000": {"SCNN_3_1_conv_1_dense_arg_dict_default": {"lr_epoch_log_dict": "{0: 1e-04, 1: 1e-04, 2: 1e-04, 3: 1e-04, 4: 1e-04, 5: 1e-04, 6: 1e-04, 7: 1e-04, 8: 1e-04, 9: 1e-04, 10: 1e-04, 11: 1e-04, 12: 1e-04, 13: 1e-04, 14: 1e-04, 15: 1e-04, 16: 1e-04, 17: 1e-04, 18: 1e-04, 19: 1e-04, 20: 1e-04, 21: 1e-04, 22: 1e-04, 23: 1e-04, 24: 1e-04, 25: 1e-04, 26: 2e-05, 27: 2e-05, 28: 2e-05, 29: 2e-05}", "loss_record_dict": {"loss": [1.135354995727539, 0.8435112237930298, 0.6641274094581604, 0.5403580069541931, 0.4486689865589142, 0.3788042664527893, 0.32283779978752136, 0.27989324927330017, 0.24482455849647522, 0.21959471702575684, 0.19784969091415405, 0.1813284307718277, 0.167271226644516, 0.1569696068763733, 0.14736780524253845, 0.14038324356079102, 0.13373908400535583, 0.1274130642414093, 0.12284494191408157, 0.11845508217811584, 0.11538781970739365, 0.11193020641803741, 0.10969965159893036, 0.10734006017446518, 0.10457713156938553, 0.10243436694145203, 0.10002277046442032, 0.09915145486593246, 0.09917724132537842, 0.09856667369604111], "val_loss": [0.7450579404830933, 0.612206220626831, 0.5120589733123779, 0.43429872393608093, 0.374146431684494, 0.3226831555366516, 0.28150591254234314, 0.25150352716445923, 0.23062020540237427, 0.20811401307582855, 0.19224968552589417, 0.18617433309555054, 0.1622598022222519, 0.15518517792224884, 0.15328538417816162, 0.14087632298469543, 0.14228372275829315, 0.13429874181747437, 0.12895630300045013, 0.13249769806861877, 0.13146471977233887, 0.12336957454681396, 0.13381865620613098, 0.12807747721672058, 0.12887872755527496, 0.12613801658153534, 0.12633273005485535, 0.12572181224822998, 0.12474282085895538, 0.1293630599975586]}, "metric_record_dict": {"roc_val": {"Train": [0.9020987421342561, 0.9137608072788783, 0.9196130073594316, 0.9240610608628583, 0.929545691069657, 0.9337971432156299, 0.9366898858346482, 0.939610847105049, 0.9401582082232934, 0.9444999900885096, 0.946263798934605, 0.9471249722928792, 0.9535558494838066, 0.9565952558801418, 0.9573577132344526, 0.9618706090971263, 0.9627380756886458, 0.9657234663395273, 0.9684632284832807, 0.9674820425569363, 0.9696068840106336, 0.9708397570303252, 0.9708401043079241, 0.9733828849660412, 0.973683805698446, 0.973107010457223, 0.9752442694315517, 0.9758782856966082, 0.9759682916029553, 0.9762338369496757], "Valid": [0.9371033149181063, 0.9373902220284399, 0.9365918828170714, 0.9362921891129621, 0.9337466283271413, 0.9358146541454264, 0.9386579779862961, 0.9381044672307453, 0.9401185140003073, 0.9428061040919885, 0.944993371227227, 0.9379414065101233, 0.9525045455707872, 0.9530287800905899, 0.9519570641373012, 0.9571532636577911, 0.9572315657196738, 0.959164999978478, 0.9618344229790029, 0.9534886068917462, 0.9548302497386344, 0.9596093974121452, 0.9539591788626718, 0.9605846125624106, 0.9519416347698122, 0.9583950191533046, 0.9559849044765485, 0.9566972032048016, 0.9549328906386687, 0.951202734229509]}, "eer_val": {"Train": [0.16307303807163648, 0.15287490287462044, 0.15423465423396057, 0.1527831465017397, 0.14918414918307177, 0.142773892774809, 0.13751449555470996, 0.13258600695788245, 0.1318958818964014, 0.12446849632779275, 0.1227661227672224, 0.12111499611449747, 0.11130536130547941, 0.10703185703106244, 0.10533436412833394, 0.10156551990723628, 0.09945609945754284, 0.09393119443370536, 0.09054889833784205, 0.09197746697664977, 0.08571704677232315, 0.08090520590509237, 0.08165829145730331, 0.07604895105024981, 0.07536907536773865, 0.07760295260254477, 0.07402396598376487, 0.07177544677530118, 0.0722610722606686, 0.07122149207576345], "Valid": [0.12825080156750912, 0.12148200926240028, 0.12005700035668641, 0.12130388314926993, 0.13074456715342042, 0.1318133238332734, 0.12914143213394377, 0.12771642322769117, 0.12846481876357532, 0.12420042644049831, 0.1186922530215503, 0.1330602066262914, 0.1141788386177463, 0.11435696473141675, 0.11833688699362689, 0.10554371002110022, 0.10163468372302405, 0.1008193801211258, 0.09725685785536195, 0.11904761904800605, 0.11774136088385208, 0.1058069112930717, 0.12153518123740137, 0.1072319201996898, 0.1279317697235592, 0.10242251514071962, 0.1180976131100774, 0.11756323477021734, 0.12117981521017833, 0.13306020662629134]}, "thres": {"Train": [-0.28517347574215235, -0.2983409464358362, -0.30473577976219696, -0.30882110637636045, -0.31045731902116314, -0.316797822714049, -0.315911561699976, -0.32175244712950246, -0.3445691168308737, -0.3503769501369802, -0.35019329190329906, -0.3615819811820433, -0.3614870011807396, -0.3672843575471029, -0.38036270626825297, -0.37345001311159165, -0.390329629183222, -0.38809119397072256, -0.3872149224257344, -0.38261651992727136, -0.38664897246726193, -0.3811259567737457, -0.39792686041875963, -0.40319636464153547, -0.38943937420434005, -0.39187997579531375, -0.38837929946094296, -0.38858431577658664, -0.3799737989900283, -0.3852697783828381], "Valid": [-0.4376442135123536, -0.4774559306308836, -0.5111475341144776, -0.523307088753232, -0.5285846517736664, -0.5466278713639329, -0.5526162111550978, -0.5720952159151804, -0.6103140711786273, -0.6274680495275219, -0.6241157650955508, -0.610714853255826, -0.6431587500465217, -0.6396395856052974, -0.6637573242187528, -0.6491498351096885, -0.6733825802798578, -0.6898262611351108, -0.6811448113373599, -0.6544907689095342, -0.6718910290719015, -0.6526580611962502, -0.7041260004057677, -0.724751874633832, -0.6954799890520652, -0.6781850657855484, -0.6899306733511029, -0.6991284416798047, -0.680564999580824, -0.6982998391339309]}, "acc_val": {"Train": [0.836950203448944, 0.8471710908738617, 0.8456210036814571, 0.8472195310986242, 0.8508525479558225, 0.8571982173997288, 0.8625266421236194, 0.8674191048246463, 0.8680972679713234, 0.8755570625847704, 0.8773009106762255, 0.8788994380933928, 0.8886843634954467, 0.8929471032745592, 0.8946909513660143, 0.8984692888975004, 0.9005522185622942, 0.906122844409998, 0.9094652199186204, 0.9080120131757411, 0.9143092423948848, 0.9191048246463863, 0.9183782212749467, 0.924045727572176, 0.9246754504940903, 0.9223987599302461, 0.9259833365626816, 0.9282600271265259, 0.9277756248788994, 0.9287928695989149], "Valid": [0.8716420565735634, 0.8786692759295499, 0.8798256537982565, 0.8785803237858032, 0.8693293008361501, 0.8681729229674435, 0.8708414872798435, 0.8723536737235368, 0.8714641522860701, 0.87573385518591, 0.8812488880982031, 0.8667496886674969, 0.8858743995730297, 0.8856075431417897, 0.8816046966731899, 0.8945027575164561, 0.8983276996975628, 0.899306173278776, 0.9027753068848959, 0.8808930795232165, 0.8823163138231631, 0.8942359010852161, 0.8784024194983099, 0.8929016189290162, 0.87199786514855, 0.8976160825475894, 0.8818715531044298, 0.8825831702544031, 0.8787582280732966, 0.8670165450987369]}, "f1_val": {"Train": [0.8372812530213671, 0.847488761057669, 0.8459121017260552, 0.8475444702242846, 0.851162565862619, 0.8575019334880124, 0.8628190255220417, 0.8677074774034511, 0.8683841654985741, 0.8758277345449272, 0.8775796239911071, 0.8791569992266048, 0.8889318511358144, 0.8931747873163187, 0.8949250845819237, 0.8986950217496376, 0.900778116089121, 0.9063315611406477, 0.9096708713933594, 0.9082120933829573, 0.9145038905804457, 0.9192846785886902, 0.9185636266975981, 0.924229245191843, 0.9248465516408101, 0.9225712904784921, 0.9261550357626137, 0.9284229858392539, 0.9279396839205452, 0.928958051420839], "Valid": [0.8715163387053692, 0.8785179907374421, 0.879707951206482, 0.8784614014780519, 0.8691780211951197, 0.8680320569902048, 0.8707034728406056, 0.8722058954492831, 0.8713153441980587, 0.8755899902039362, 0.8811114079615282, 0.8666310541310541, 0.8857422744678956, 0.8854853072128228, 0.881467628462018, 0.8943712148200926, 0.8981918589115525, 0.8991806198788742, 0.9026627482411612, 0.8807551874610383, 0.8821800694629977, 0.894113456229406, 0.8782616439576098, 0.8927680798004988, 0.8718496749487932, 0.8974975509840591, 0.8817453250222619, 0.8824367652297826, 0.8786178644580996, 0.8668625879419362]}},