{"1000": {"SCNN_3_1_conv_1_dense_arg_dict_default": {"lr_epoch_log_dict": "{0: 0.001, 1: 0.001, 2: 0.001, 3: 0.001, 4: 0.001, 5: 0.001, 6: 0.001, 7: 0.001, 8: 0.001, 9: 0.00020000001, 10: 0.00020000001, 11: 4.0000003e-05, 12: 8.000001e-06, 13: 1.6000001e-06, 14: 1e-06, 15: 1e-06, 16: 1e-06, 17: 1e-06, 18: 1e-06, 19: 1e-06}", "loss_record_dict": {"loss": [1.3274489641189575, 0.6090836524963379, 0.2876471281051636, 0.1446840465068817, 0.08139028400182724, 0.05256585776805878, 0.0372513011097908, 0.029628058895468712, 0.02619941718876362, 0.023626500740647316, 0.022648639976978302, 0.02229226380586624, 0.022120727226138115, 0.022050075232982635, 0.021985385566949844, 0.02180091105401516, 0.022064078599214554, 0.02214360050857067, 0.021855346858501434, 0.021896788850426674], "val_loss": [0.8564473390579224, 0.4008786380290985, 0.19513797760009766, 0.10492885857820511, 0.06597203761339188, 0.050421666353940964, 0.03885282576084137, 0.02993318811058998, 0.030942700803279877, 0.029630599543452263, 0.03010682947933674, 0.03061734512448311, 0.030846571549773216, 0.030820654705166817, 0.030792299658060074, 0.030772076919674873, 0.030769724398851395, 0.030788259580731392, 0.03080821968615055, 0.030817488208413124]}, "metric_record_dict": {"roc_val": {"Train": [0.8837745926978146, 0.8860306956980226, 0.8873778699771645, 0.8996471922399637, 0.907995041776932, 0.9215331286685655, 0.94921763425339, 0.9509324769580373, 0.9623286541712808, 0.9724399981273291, 0.9730959961258085, 0.9729877065231723, 0.9733076899799938, 0.9734047775335946, 0.9734628151290792, 0.9734818027664471, 0.9734522888634795, 0.9734328178532373, 0.973432672372081, 0.9734073961944082], "Valid": [0.9161070316390969, 0.9083541780131861, 0.9033474036504838, 0.9067314200031448, 0.911259266798989, 0.9071974343762891, 0.9282106187470707, 0.9531434638097618, 0.9456607744523349, 0.9525661680907893, 0.9535875763935677, 0.9533928656883529, 0.9512922562109297, 0.9515326061939273, 0.9517849198711009, 0.9519584883866078, 0.951915507707531, 0.9517458004901442, 0.9517033262108209, 0.9516671819284159]}, "eer_val": {"Train": [0.18220668220698172, 0.17877850792423503, 0.1840935446463536, 0.18084693084769662, 0.167085427135679, 0.15394279087746718, 0.11616161616247783, 0.11732711732816223, 0.10011596443757172, 0.07964257964285229, 0.0805167055163841, 0.0797255508310779, 0.0785742035746874, 0.07847707847700715, 0.0784770784778447, 0.07827599536142428, 0.07818570318702897, 0.07808857808908566, 0.07817935833011158, 0.0782828282827209], "Valid": [0.14356787491079864, 0.16245101531884573, 0.17313858211613822, 0.1756323477021733, 0.17057569296223646, 0.1524520255850322, 0.1513859275043662, 0.09868186676166725, 0.13326226012694617, 0.11833688699250591, 0.11578197363732363, 0.1186319914499462, 0.12112575703598069, 0.12041325258287794, 0.12005700035628021, 0.11970074812967595, 0.11975835110164956, 0.11970074812969989, 0.11975835110001043, 0.11975835110250631]}, "thres": {"Train": [-0.09681303799154826, -0.12266592284542821, -0.14701270113639706, -0.16676954925070747, -0.16046886775062327, -0.152747926625176, -0.1362664401531858, -0.13161998987203438, -0.1726041324623862, -0.1757226288319841, -0.1842667013406366, -0.18741179673216435, -0.18659536540525612, -0.18636572360980255, -0.18631631135973478, -0.18624232694431822, -0.18620699644111344, -0.1858966797592404, -0.185835468634289, -0.18577107787132177], "Valid": [-0.11645659804343327, -0.15332852255673776, -0.1912655906932907, -0.2245453553752709, -0.2235195636746528, -0.20760612189690195, -0.2168556302782712, -0.19466170323013962, -0.24258179962611198, -0.28676196932742837, -0.2965677989242647, -0.305495513421936, -0.3007856303468306, -0.30160043642815026, -0.3020283744816787, -0.30276215314270555, -0.302195280790337, -0.30185429242781314, -0.30177044868375535, -0.30211940407757426]}, "acc_val": {"Train": [0.8178163146677001, 0.8212555706258478, 0.815927145901957, 0.8191242007362914, 0.8329781050184073, 0.8460569657043209, 0.8838403410191823, 0.8826777756248789, 0.8999224956403797, 0.9203158302654524, 0.9194923464444875, 0.9203158302654524, 0.9214299554349932, 0.9215268358845186, 0.9215268358845186, 0.9217690370083317, 0.9217690370083317, 0.921865917457857, 0.9218174772330944, 0.9217205967835691], "Valid": [0.8564312399928838, 0.837573385518591, 0.8268991282689913, 0.8244084682440846, 0.8295676925813912, 0.8475360256182174, 0.8487813556306707, 0.9014410247286959, 0.8667496886674969, 0.8816936488169365, 0.8843622131293364, 0.8815157445294431, 0.8788471802170432, 0.8797367016545099, 0.8800925102294965, 0.8802704145169898, 0.8800925102294965, 0.8804483188044832, 0.8802704145169898, 0.8800925102294965]}, "f1_val": {"Train": [0.8181950016918837, 0.8216184859325147, 0.8163008798221019, 0.8194914434883497, 0.833317219375423, 0.84638437741686, 0.884098598356694, 0.8829386176897052, 0.9001449975833736, 0.9204968343724325, 0.9196713388110198, 0.9204968343724325, 0.9216122172820413, 0.9217013049782503, 0.921708872994394, 0.9219467401285583, 0.9219467401285583, 0.9220434005123, 0.9219988401314517, 0.9218946350894152], "Valid": [0.8562266167824693, 0.8373998219056099, 0.8267141585040072, 0.8242208370436331, 0.8293551834698966, 0.8473187243898094, 0.8485928037050231, 0.9013181332383328, 0.8665597719579549, 0.8815250311776234, 0.8842180263626648, 0.8813680085500535, 0.8787177203918076, 0.8795867474171714, 0.8799429996437478, 0.8801424755120214, 0.8799429996437478, 0.8802992518703242, 0.8800997683947978, 0.8799429996437478]}}, "report_dict": {"Training_samples": "(array([0., 1.], dtype=float32), array([10296, 10348]))", "Validation_samples": "(array([0., 1.], dtype=float32), array([2814, 2807]))", "smoothing": null, "Butter_cut_off_freq": 25, "scaler": "RobustScaler"}, "ReduceLROnPlateau_args": {"mointored_metric": "val_loss", "factor": 0.2, "patience": 1, "verbose": 1, "min_lr": 1e-06}, "arg_dict": {"input_dropout_streams": [0.2, 0.2, 0.2], "filters_streams": [[32], [32], [32]], "kernels_streams": [[7], [5], [3]], "kernels_init_streams": [["glorot_normal"], ["glorot_normal"], ["glorot_normal"]], "kernels_Max_Norm_constraint_streams": [[3], [3], [3]], "conv_kernel_regularizer_streams": [["l2"], ["l2"], ["l2"]], "conv_kernel_regularizer_strength_streams": [[[0.02]], [[0.02]], [[0.02]]], "strides_streams": [[1], [1], [1]], "paddings_streams": [["same"], ["same"], ["same"]], "dropouts_streams": [[0.5], [0.5], [0.5]], "activations_streams": [["tanh"], ["tanh"], ["tanh"]], "dense_layers": [32], "dense_kernel_Max_Norm_constraints": [3], "dense_kernel_regularizer": ["l2"], "dense_kernel_regularizer_strength": [[0.02]], "dense_kernel_inits": ["glorot_normal"], "dense_dropouts": [0], "dense_activations": ["tanh"], "loss_func_name": "k_contrastive_loss", "contrastive_loss_margin": 0.5, "optimizer_name": "Adam", "optimizer_lr": 0.001, "optimizer_decay": null, "batch_size": 256}}}}