{"1000": {"SCNN_3_1_conv_1_dense_arg_dict_default": {"lr_epoch_log_dict": "{0: 0.001, 1: 0.001, 2: 0.001, 3: 0.001, 4: 0.001, 5: 0.001, 6: 0.001, 7: 0.001, 8: 0.001, 9: 0.001, 10: 0.001, 11: 0.001, 12: 0.001, 13: 0.00020000001, 14: 0.00020000001, 15: 0.00020000001, 16: 0.00020000001, 17: 4.0000003e-05, 18: 4.0000003e-05, 19: 4.0000003e-05, 20: 8.000001e-06, 21: 8.000001e-06, 22: 8.000001e-06, 23: 1.6000001e-06, 24: 1.6000001e-06, 25: 1e-06, 26: 1e-06, 27: 1e-06, 28: 1e-06, 29: 1e-06}", "loss_record_dict": {"loss": [1.617214322090149, 0.09316456317901611, 0.05314025655388832, 0.04960831254720688, 0.047405701130628586, 0.046254727989435196, 0.04511027783155441, 0.044121090322732925, 0.043137118220329285, 0.043370652943849564, 0.04251603037118912, 0.04225150868296623, 0.04200302064418793, 0.036973077803850174, 0.03639867901802063, 0.0359770730137825, 0.03596089035272598, 0.0351523719727993, 0.03461845591664314, 0.03473004698753357, 0.03512964025139809, 0.03439391776919365, 0.035094279795885086, 0.03438660129904747, 0.034874580800533295, 0.03423008322715759, 0.035112492740154266, 0.03458398953080177, 0.03461326286196709, 0.03410487249493599], "val_loss": [0.26535388827323914, 0.062894806265831, 0.036889392882585526, 0.033907681703567505, 0.03252742066979408, 0.031934186816215515, 0.03206054866313934, 0.03126562386751175, 0.03072543814778328, 0.031711868941783905, 0.030583258718252182, 0.031095903366804123, 0.031029995530843735, 0.02531548961997032, 0.02496938966214657, 0.025066815316677094, 0.02506307326257229, 0.024140233173966408, 0.02408631704747677, 0.024070344865322113, 0.02384800836443901, 0.023794792592525482, 0.023833785206079483, 0.023793892934918404, 0.02378673665225506, 0.023778095841407776, 0.023780956864356995, 0.023777328431606293, 0.0237649567425251, 0.02376004122197628]}, "metric_record_dict": {"roc_val": {"Train": [0.93241978759309, 0.9366205471169392, 0.9381660137764375, 0.9415451374445061, 0.9431079012399075, 0.9448340919961846, 0.9434837056599716, 0.9438616479751643, 0.9468586473965935, 0.9464452327082787, 0.9488240529746134, 0.947729173263898, 0.9472645408655588, 0.9467822963828635, 0.9474005506250063, 0.9485523233751554, 0.9485129277037536, 0.9478573906563211, 0.9480679597690936, 0.9483370383785922, 0.9480393244888798, 0.9480695908266453, 0.9480294296844998, 0.9480315404648608, 0.9480186630360576, 0.9480193867917743, 0.9480232871467894, 0.9480151527165442, 0.9480235770662262, 0.9480312547169267], "Valid": [0.9694542200696856, 0.9807103471902029, 0.981403481852785, 0.9830411786555543, 0.9849851207092433, 0.9839268718243989, 0.9828709017384452, 0.9832952647318652, 0.9848948549531847, 0.9803261163772465, 0.9839958687908111, 0.983235889360769, 0.980832136330916, 0.9817860668665426, 0.9827261980088868, 0.9820045783601713, 0.9814086724502582, 0.9810598896200458, 0.9812842247108394, 0.9812483969282805, 0.9812467511290814, 0.9813584122747249, 0.98122510253962, 0.9812138351451051, 0.9812266217388805, 0.9812280143382026, 0.9812196587422701, 0.9812159873440573, 0.9812471309288967, 0.9812540939255071]}, "eer_val": {"Train": [0.13812653008606862, 0.13649313649264996, 0.13539238539093482, 0.128334628332953, 0.12529137529052273, 0.12192437192499599, 0.1233488733479246, 0.12185962185978691, 0.11784511784471555, 0.11765086765092916, 0.11847700038653117, 0.11596443757247776, 0.11609686609672445, 0.11655011655051978, 0.11538461538401809, 0.11383061383031169, 0.11434861434769007, 0.11467236467187, 0.11447811447845838, 0.11396727225861099, 0.11441336441256024, 0.11441336441501597, 0.11447811447844987, 0.11447811447744774, 0.11447811447974185, 0.11454286454175265, 0.11448266975868807, 0.11447811447858575, 0.11454286454330584, 0.11448266975906773], "Valid": [0.07980049875311766, 0.0552190951193445, 0.053794086213038834, 0.05521909511943331, 0.05700035625230172, 0.05756929637389325, 0.06056287851752464, 0.06376914855717855, 0.06234413965087287, 0.06875667972924386, 0.05985037406483792, 0.06840042750267214, 0.07053794086213037, 0.06965174129247415, 0.06804417527609118, 0.0700071073208807, 0.07053794086195851, 0.07018168863555428, 0.0705379408617231, 0.07089419308860874, 0.07053794086213037, 0.07053794086212972, 0.07053794086248652, 0.07089419308831192, 0.07071783937287203, 0.07089419308846294, 0.07071783937411892, 0.07089419308828689, 0.07036247334817254, 0.07053794086223886]}, "thres": {"Train": [-0.04102784496305517, -0.04935982078312649, -0.10963400453327751, -0.13447208702541377, -0.14339570701112023, -0.13852743804477968, -0.13884824514375982, -0.14134177565576622, -0.1506388634442786, -0.13828583061695549, -0.13922631331224572, -0.15729899150342797, -0.14521911740302612, -0.14581230282787952, -0.14937745034694122, -0.14859479665750733, -0.14874011278146043, -0.14719884097563596, -0.14824496209631924, -0.1479346590425242, -0.14833694696424615, -0.14850001037183988, -0.14833307266238818, -0.14835749566522693, -0.14833144843627213, -0.14827762544149006, -0.1482875988860786, -0.14825536310685233, -0.14823743700981587, -0.14822357960383092], "Valid": [-0.05467177727360897, -0.0848862391945982, -0.19692409357613, -0.22980377331989174, -0.24377900130565347, -0.24391226470418156, -0.2341726056654075, -0.23489446113085807, -0.24162748617647295, -0.22156700584804534, -0.23269972907486106, -0.2481801377195967, -0.2387075883226544, -0.23763082921463966, -0.2410429381066341, -0.23891521990320586, -0.23989809525572156, -0.2361111716364982, -0.2384258422468412, -0.23788693346582665, -0.23817536907451706, -0.23830521667835977, -0.23841808643432302, -0.2383769034370995, -0.23837070166985247, -0.23839404611205317, -0.2383799552914792, -0.23828281724143927, -0.23837997019307144, -0.2384970481705079]}, "acc_val": {"Train": [0.8618807724601175, 0.8634308596525221, 0.8645934250468256, 0.8716656978621714, 0.8746689917974553, 0.8781243944971905, 0.876606600787961, 0.8781243944971905, 0.8821610798940773, 0.882354840793128, 0.8815152102305754, 0.884066395401408, 0.8838726345023574, 0.8834528192210812, 0.8846476780985597, 0.8861331783246141, 0.8856164825938125, 0.8853581347284118, 0.8855518956274624, 0.8860362978750888, 0.8855518956274624, 0.8855841891106375, 0.8855518956274624, 0.8855518956274624, 0.8855196021442873, 0.8854550151779371, 0.8855196021442873, 0.8855196021442873, 0.8854550151779371, 0.8855196021442873], "Valid": [0.9199430706280022, 0.9450275751645615, 0.9464508094645081, 0.9448496708770682, 0.9428927237146415, 0.9425369151396549, 0.9393346379647749, 0.9363102650773883, 0.9375555950898417, 0.9313289450275751, 0.9400462551147483, 0.9316847536025619, 0.9295499021526419, 0.9304394235901086, 0.9318626578900552, 0.9299057107276285, 0.9295499021526419, 0.9299057107276285, 0.9297278064401352, 0.9293719978651486, 0.9295499021526419, 0.9295499021526419, 0.9295499021526419, 0.9293719978651486, 0.9293719978651486, 0.9293719978651486, 0.9293719978651486, 0.9293719978651486, 0.9295499021526419, 0.9295499021526419]}, "f1_val": {"Train": [0.8621789707730481, 0.8637081439943279, 0.8648770584254456, 0.8719386439804073, 0.8749315200928104, 0.8783992782575074, 0.8768650704134575, 0.8783914416446478, 0.8824154931846743, 0.8826164008377638, 0.8817786370227163, 0.8843204227621319, 0.8841196184583657, 0.8837119381343644, 0.8849004317844945, 0.8863753544728022, 0.8858597576695024, 0.8856093317007153, 0.8858100270653434, 0.8862896729498954, 0.8857953080690899, 0.8858385693571774, 0.8858100270653434, 0.8858026680415028, 0.8857741259867892, 0.8857023168884736, 0.8857741259867892, 0.8857741259867892, 0.8857096826164009, 0.8857741259867892],