{"125": {"SCNN_4_1_conv_1_dense_arg_dict_default": {"lr_epoch_log_dict": "{0: 0.001, 1: 0.001, 2: 0.001, 3: 0.001, 4: 0.001, 5: 0.001, 6: 0.001, 7: 0.001, 8: 0.001, 9: 0.001, 10: 0.001, 11: 0.001, 12: 0.001, 13: 0.001, 14: 0.001, 15: 0.001, 16: 0.001, 17: 0.00020000001, 18: 0.00020000001, 19: 0.00020000001, 20: 0.00020000001, 21: 0.00020000001, 22: 4.0000003e-05, 23: 4.0000003e-05, 24: 4.0000003e-05, 25: 4.0000003e-05, 26: 4.0000003e-05, 27: 8.000001e-06, 28: 8.000001e-06, 29: 8.000001e-06}", "loss_record_dict": {"loss": [1.846785306930542, 0.6496771574020386, 0.3022153675556183, 0.20650805532932281, 0.18040023744106293, 0.17086270451545715, 0.1674448698759079, 0.16388161480426788, 0.162126824259758, 0.1610744297504425, 0.15846051275730133, 0.1556294709444046, 0.1549379676580429, 0.15458998084068298, 0.1513528674840927, 0.14877238869667053, 0.14962820708751678, 0.1434636265039444, 0.14212173223495483, 0.14161889255046844, 0.1418110579252243, 0.1410142183303833, 0.14025749266147614, 0.13952811062335968, 0.13961777091026306, 0.13980276882648468, 0.13972941040992737, 0.13895569741725922, 0.13935737311840057, 0.13911668956279755], "val_loss": [1.1892881393432617, 0.5649381279945374, 0.37019312381744385, 0.21797674894332886, 0.16875484585762024, 0.1634851098060608, 0.15178067982196808, 0.15928739309310913, 0.15052543580532074, 0.1521124392747879, 0.15616029500961304, 0.14040100574493408, 0.1438561975955963, 0.1612548679113388, 0.15468274056911469, 0.15853671729564667, 0.15779583156108856, 0.15610729157924652, 0.1480887234210968, 0.14681661128997803, 0.15306997299194336, 0.14880646765232086, 0.151063472032547, 0.14828801155090332, 0.1519303172826767, 0.14690731465816498, 0.14923521876335144, 0.1490865796804428, 0.14975190162658691, 0.15005333721637726]}, "metric_record_dict": {"roc_val": {"Train": [0.7750873947542387, 0.7918121384370902, 0.8107272417163219, 0.8466419166614857, 0.8587404393538429, 0.8597969657473908, 0.8665408714572804, 0.8685269191949228, 0.8750787897784902, 0.8784147102360766, 0.8786726905626693, 0.8876440019414507, 0.8828161909977237, 0.8865070479331689, 0.8914054923247521, 0.8883332916600215, 0.891070012778314, 0.8983086623572709, 0.9011961066464351, 0.9035352559221905, 0.9022406941992852, 0.9045412111886311, 0.9056565401269693, 0.9059640497478727, 0.9059850553496669, 0.9064621678411783, 0.9063532587703926, 0.9064514726297196, 0.9064910528901156, 0.9065917540079212], "Valid": [0.7928116206843032, 0.8172521027616764, 0.8290029191413789, 0.8846084605726015, 0.8763286347032206, 0.8748345022305645, 0.8927175189501118, 0.8726328027023518, 0.9022601159047755, 0.8935145130371351, 0.8911463504149566, 0.9138784454489728, 0.9047454309449241, 0.8760539761369244, 0.8878574264410048, 0.8920343540326764, 0.8823099595665117, 0.8827588512979913, 0.8980947722074649, 0.9001646337248563, 0.8887047914785076, 0.898060131299328, 0.892609845702527, 0.897291448123523, 0.8905855285129647, 0.9001192634719425, 0.8954179905855223, 0.8958225406885872, 0.8947532776091045, 0.8941786721388225]}, "eer_val": {"Train": [0.280054116737386, 0.265054390055657, 0.2521367521378741, 0.2241012756087384, 0.21425796425871735, 0.21454933954935074, 0.20767298028605385, 0.2068764568761443, 0.19706682206686393, 0.1967529957477063, 0.19881507381414668, 0.1866744366738438, 0.19240481740448437, 0.1902783146501456, 0.18278943278842352, 0.1865094704290691, 0.1827406262079626, 0.17579642579666743, 0.1723038268264399, 0.16996891996873761, 0.172494172495138, 0.16841491841560946, 0.1680517974487821, 0.16695804195929448, 0.16824507151130205, 0.1665695415695779, 0.16666666666574476, 0.16783216783214608, 0.16718206416715684, 0.16724941724835535], "Valid": [0.2860696517408231, 0.2616672604203776, 0.25080156750979804, 0.18827930174556873, 0.20202558635369366, 0.20199501246882584, 0.1841824011400372, 0.20433546552960205, 0.16993231207694545, 0.18070362473479598, 0.18301350391000237, 0.16138225863911182, 0.17146410803224518, 0.20306376914855626, 0.1889918061985532, 0.18436052725327096, 0.20184790334126695, 0.19878874242963127, 0.1838261489134307, 0.18105899076127807, 0.19296375266548296, 0.180703624731673, 0.18988243676516878, 0.18638948116579673, 0.1941574634841464, 0.18265813788192903, 0.18692253020538535, 0.18727789623241242, 0.1894100923953405, 0.18976545842161652]}, "thres": {"Train": [-0.051993845040016445, -0.05998885259033217, -0.08315168321147154, -0.17819196277824656, -0.3201279044153298, -0.3594588935375283, -0.3679366212094882, -0.37404599785789105, -0.43601265549660134, -0.3964487323208188, -0.4217236638066806, -0.42125540971737974, -0.4125324487685308, -0.39758181676792104, -0.4021712541578395, -0.4325412424964525, -0.410999326999463, -0.3925786316395806, -0.4123854036606736, -0.41378456354131965, -0.40624508261698933, -0.4171214699752824, -0.40324799559224184, -0.4063510298737406, -0.402979009864265, -0.4085810482502062, -0.4090102314920015, -0.408521920442567, -0.408510507650712, -0.40649244189185785], "Valid": [-0.06486426293849103, -0.07485808044523372, -0.10346289484429544, -0.21785800619759443, -0.386833250522427, -0.4077067876843134, -0.4226651493450726, -0.42423930764210616, -0.5133176893367407, -0.45110633969317754, -0.4931850433356713, -0.4998448700678885, -0.4502174854280348, -0.4348453017244311, -0.4376432515884563, -0.515918708947524, -0.446963906288253, -0.4442449731571117, -0.47357950937420945, -0.468358486891337, -0.4671104252339434, -0.46617209911205854, -0.46078947743868415, -0.4609499573707652, -0.456910812559964, -0.4664250612258154, -0.4648562073703344, -0.4631052315231277, -0.4619649350643597, -0.45995113253592257]}, "acc_val": {"Train": [0.720015500871924, 0.7349350900988181, 0.7479170703352064, 0.7759155202480139, 0.7857004456500678, 0.7854582445262546, 0.7923367564425499, 0.7931602402635148, 0.802896725440806, 0.8032358070141445, 0.8012013175741135, 0.8133598139895369, 0.8075954272427824, 0.8097752373571013, 0.8172350319705484, 0.8134566944390622, 0.817283472195311, 0.8241619841116062, 0.8276981205192792, 0.8300232513078861, 0.8275043596202286, 0.8317670993993412, 0.8319608602983918, 0.8331234256926953, 0.8317670993993412, 0.8334625072660338, 0.8333171865917458, 0.832203061422205, 0.8328327843441193, 0.8327843441193568], "Valid": [0.7140188578544743, 0.7383917452410603, 0.7492439067781533, 0.8117772638320584, 0.7979896815513254, 0.7982565379825654, 0.8158690624444049, 0.7955879736701654, 0.8301014054438712, 0.8193381960505248, 0.8170254403131115, 0.8387297633872977, 0.8285892190001779, 0.797011207970112, 0.811065646682085, 0.8156911581569116, 0.798078633695072, 0.801280910869952, 0.8162248710193916, 0.8188934353317915, 0.8069738480697385, 0.8193381960505248, 0.8101761252446184, 0.8135563067069916, 0.8059953744885252, 0.8173812488880982, 0.8130225938445117, 0.8127557374132717, 0.8105319338196051, 0.8102650773883651]}, "f1_val": {"Train": [0.7205029013539652, 0.7354221061792863, 0.7484045639141366, 0.7763488686907754, 0.7861148713981823, 0.7858834904520184, 0.7927483683828861, 0.7935602397988782, 0.8032874063330916, 0.803635308904573, 0.801585766776252, 0.8137297558617356, 0.807967511119706, 0.8101522842639595, 0.8175972927241963, 0.8138444433702324, 0.8176544522865706, 0.8245189983563763, 0.8280562672209602, 0.8303601643703167, 0.827862909073331, 0.8321492436324972, 0.8323101464687969, 0.8334863937358017, 0.8321167883211678, 0.8338167053364269, 0.8336475707034083, 0.8325437493957265, 0.8331802581331271, 0.8331238518804989],