{"1000": {"SCNN_3_1_conv_1_dense_arg_dict_default": {"lr_epoch_log_dict": "{0: 0.001, 1: 0.001, 2: 0.001, 3: 0.001, 4: 0.001, 5: 0.001, 6: 0.001, 7: 0.001, 8: 0.001, 9: 0.001, 10: 0.001, 11: 0.001, 12: 0.001, 13: 0.001, 14: 0.001, 15: 0.001, 16: 0.00020000001, 17: 0.00020000001, 18: 4.0000003e-05, 19: 4.0000003e-05, 20: 4.0000003e-05, 21: 8.000001e-06, 22: 8.000001e-06, 23: 1.6000001e-06, 24: 1.6000001e-06, 25: 1e-06, 26: 1e-06, 27: 1e-06, 28: 1e-06, 29: 1e-06}", "loss_record_dict": {"loss": [20.69060707092285, 10.520907402038574, 5.397253036499023, 2.9999823570251465, 1.6885346174240112, 0.9063187837600708, 0.4671790599822998, 0.24342302978038788, 0.13327161967754364, 0.08319465070962906, 0.059944797307252884, 0.05275866761803627, 0.05129159241914749, 0.05058977007865906, 0.049741074442863464, 0.04918771609663963, 0.03666739910840988, 0.03472390025854111, 0.0317406989634037, 0.03137102723121643, 0.031372349709272385, 0.03090202435851097, 0.030583929270505905, 0.030567239969968796, 0.03037392720580101, 0.030323246493935585, 0.03026038222014904, 0.030502451583743095, 0.03022519312798977, 0.03042580746114254], "val_loss": [14.10335922241211, 7.157138347625732, 3.9229800701141357, 2.236258029937744, 1.2324665784835815, 0.6443813443183899, 0.3331335186958313, 0.18096931278705597, 0.10679356008768082, 0.07193725556135178, 0.05799588933587074, 0.055035363882780075, 0.05451337993144989, 0.05148797482252121, 0.050555579364299774, 0.05095984786748886, 0.03746863454580307, 0.03861573338508606, 0.034573979675769806, 0.0341179333627224, 0.03413620963692665, 0.03372613713145256, 0.03365984186530113, 0.033511340618133545, 0.03350092098116875, 0.033489301800727844, 0.03345741331577301, 0.03344465792179108, 0.03340578079223633, 0.03337728977203369]}, "metric_record_dict": {"roc_val": {"Train": [0.933391935958857, 0.9217091467888724, 0.9467444076668082, 0.9555541129456379, 0.9393552883357678, 0.9438358498382174, 0.9452776384913031, 0.9491793070081145, 0.9540204177452923, 0.9579670634041044, 0.9606764622226548, 0.9601266513894559, 0.9590110690323291, 0.9633205681596677, 0.9563425457257598, 0.957975928368758, 0.9607977465776074, 0.9611363985518412, 0.9612229786116044, 0.9609737600049739, 0.960758419736, 0.9607011048533565, 0.9607169435276316, 0.9607176943981158, 0.9607243677595437, 0.9607543650353856, 0.9607342557852317, 0.9607304357316436, 0.9607526239544504, 0.9607682655252235], "Valid": [0.9679529980004806, 0.9651512147643887, 0.9552210953983706, 0.9759255025194654, 0.9438641947269099, 0.9453932687825567, 0.9545969577022011, 0.944462126235837, 0.9548481952798986, 0.9527789825871913, 0.9592998922128124, 0.9546211382904298, 0.941021772910601, 0.9599970780734224, 0.9601550747965096, 0.9582431625272285, 0.9534888284416383, 0.9511367281866407, 0.9520209654561942, 0.9539253450291421, 0.9536234041761268, 0.9526813740347071, 0.9530402848599894, 0.9530838352387891, 0.9531530854050781, 0.9531007996305307, 0.9532327167663135, 0.9532905729381491, 0.953434137268262, 0.9536031481859875]}, "eer_val": {"Train": [0.13229609586393512, 0.14234634712021174, 0.12451437451452566, 0.11616161616123033, 0.1316196366447625, 0.1270396270406337, 0.12499999999914466, 0.11936674436562954, 0.1152874902860476, 0.10732323232210154, 0.10421522921634568, 0.10470085469966808, 0.10372960372792688, 0.09760340162350041, 0.10936285936228074, 0.1072261072260722, 0.10295260295269971, 0.10175879396984926, 0.10256410256420712, 0.10295260295219594, 0.10275835275871638, 0.10291843834523488, 0.10262852725164288, 0.1029526029542172, 0.1030150753764557, 0.10285547785545687, 0.10275835275911087, 0.10304972805033666, 0.10295260295148577, 0.1031468531470291], "Valid": [0.09048806555041349, 0.10224438902743176, 0.09665955934528235, 0.0691129319558246, 0.1247334754797495, 0.10972568578566891, 0.09832561453509082, 0.11435696473102949, 0.10625444207636345, 0.10153188457428008, 0.10660980810270654, 0.10021321961580301, 0.10651941574634631, 0.0965443534021074, 0.08835055219095528, 0.09226932668329382, 0.10046312789441816, 0.10305614783164854, 0.101888136800855, 0.10056858564275799, 0.09985785358878539, 0.10260064125403683, 0.10224438902743134, 0.10199004975182661, 0.10199004975114351, 0.10188813680084148, 0.10188813680085497, 0.10163468372427259, 0.10153188457381332, 0.1011756323477022]}, "thres": {"Train": [-0.22019718939335503, -0.16247323754444765, -0.035123012959960474, -0.07790073007342771, -0.11005742788015302, -0.12213733792324584, -0.12556482851481895, -0.13270165026170075, -0.12737333774541948, -0.12479074299304097, -0.12730364501513516, -0.1345921903842816, -0.13974477350711462, -0.14754373883482166, -0.15321145951725762, -0.16032250225543945, -0.1546372324228488, -0.15586617368100278, -0.1537114381790248, -0.1534473150966361, -0.15564732253589314, -0.15487798816290374, -0.15486199335137407, -0.15486226976101655, -0.15485622754407175, -0.1548418700694927, -0.15486963093294762, -0.15476554632241615, -0.15473400056323733, -0.15455013513569069], "Valid": [-0.33608737216329015, -0.2452744965979056, -0.05331642925735106, -0.13290313105482113, -0.14387121796608074, -0.16790611380506779, -0.19156463670165758, -0.17409304207463597, -0.18518765270755416, -0.17369143492662242, -0.17483335733424518, -0.1794380843637361, -0.1902863062044906, -0.21256855398981903, -0.21655359057862994, -0.22416757910527227, -0.2157139763829925, -0.21405912935721674, -0.21169674067648867, -0.21259695291490743, -0.21618628501841738, -0.21306775649043475, -0.21293007669752076, -0.2135056257249278, -0.2128846645354823, -0.21319455673866006, -0.2135044153491755, -0.2139441519975766, -0.21375321498329378, -0.21388316983148048]}, "acc_val": {"Train": [0.8677097461732223, 0.8576826196473551, 0.8754601821352451, 0.883743460569657, 0.8683879093198993, 0.8729897306723503, 0.8750242201123813, 0.8805948459600853, 0.8847607052896725, 0.8927049021507459, 0.895950397209843, 0.8951753536136408, 0.8962410385584189, 0.9024413873280372, 0.890670412710715, 0.8928017826002712, 0.8970645223793838, 0.8982270877736873, 0.8974036039527223, 0.8970645223793838, 0.8972098430536718, 0.8971614028289091, 0.8974036039527223, 0.8971129626041465, 0.8970160821546213, 0.8971614028289091, 0.8972098430536718, 0.8969192017050959, 0.8970645223793838, 0.8968223212555706], "Valid": [0.9096246219533891, 0.8978829389788294, 0.9033979718911226, 0.9309731364525885, 0.8752890944671766, 0.8904109589041096, 0.9017968333036827, 0.885785447429283, 0.8936132360789895, 0.8985945561288027, 0.8932574275040028, 0.899839886141256, 0.8936132360789895, 0.9035758761786159, 0.9119373776908023, 0.9078455790784558, 0.8996619818537627, 0.8969934175413627, 0.8980608432663227, 0.8994840775662694, 0.9001956947162426, 0.8975271304038427, 0.8978829389788294, 0.8978829389788294, 0.8978829389788294, 0.898238747553816, 0.898238747553816, 0.8984166518413094, 0.898772460416296, 0.8989503647037893]}, "f1_val": {"Train": [0.8679974865870752, 0.857985305491106, 0.8757310648170524, 0.883979503045538, 0.8686741746821982, 0.8732721121314645, 0.8752900232018561, 0.8808430415236621, 0.8850113586930254, 0.892938276378752, 0.8962017976224992, 0.8953881852460601, 0.8964617169373551, 0.9026582890285162, 0.8909082120933829, 0.8930349461066267, 0.8972983422744188, 0.8984582668793196, 0.8976317061382311, 0.8972884141331142, 0.8974383760270661, 0.8973850838609889, 0.8976317061382311, 0.8973516334815387, 0.8972450459159014, 0.8973850838609889, 0.8974383760270661, 0.897148380860319, 0.8972884141331142, 0.8970517158047366],