{"125": {"SCNN_1_3_conv_1_dense_arg_dict_default": {"lr_epoch_log_dict": "{0: 0.001, 1: 0.001, 2: 0.001, 3: 0.001, 4: 0.001, 5: 0.001, 6: 0.001, 7: 0.001, 8: 0.001, 9: 0.00020000001, 10: 0.00020000001, 11: 0.00020000001, 12: 0.00020000001, 13: 0.00020000001, 14: 0.00020000001, 15: 0.00020000001, 16: 0.00020000001, 17: 0.00020000001, 18: 4.0000003e-05, 19: 4.0000003e-05, 20: 4.0000003e-05, 21: 4.0000003e-05, 22: 4.0000003e-05, 23: 4.0000003e-05, 24: 8.000001e-06, 25: 8.000001e-06, 26: 1.6000001e-06, 27: 1.6000001e-06, 28: 1e-06, 29: 1e-06}", "loss_record_dict": {"loss": [35.84418487548828, 11.614681243896484, 4.198325157165527, 1.5926859378814697, 0.5690944790840149, 0.4069305956363678, 0.3727432191371918, 0.3607787787914276, 0.3546522557735443, 0.26713860034942627, 0.23710870742797852, 0.23236334323883057, 0.2301017940044403, 0.22912655770778656, 0.2257138192653656, 0.22599858045578003, 0.2234400510787964, 0.22125978767871857, 0.19913484156131744, 0.1921796202659607, 0.18983936309814453, 0.18968810141086578, 0.1883038580417633, 0.18854092061519623, 0.183479905128479, 0.18299470841884613, 0.18159733712673187, 0.18053239583969116, 0.18144094944000244, 0.18018966913223267], "val_loss": [19.24662208557129, 5.655587673187256, 2.447807550430298, 1.0797853469848633, 0.7689421772956848, 0.6946243047714233, 0.6721327900886536, 0.6299161314964294, 0.5168535113334656, 0.36386775970458984, 0.31157565116882324, 0.27237921953201294, 0.26942306756973267, 0.2300994098186493, 0.2530791163444519, 0.23773951828479767, 0.2292807549238205, 0.2296994924545288, 0.19615094363689423, 0.1907542645931244, 0.19268734753131866, 0.18608473241329193, 0.18684732913970947, 0.19701601564884186, 0.18247908353805542, 0.18411146104335785, 0.1818798929452896, 0.18196412920951843, 0.18150733411312103, 0.18159513175487518]}, "metric_record_dict": {"roc_val": {"Train": [0.6327392995280556, 0.6302759166469795, 0.6336431269103489, 0.6720768342554286, 0.7548809471484638, 0.7613672741324338, 0.8531104463234311, 0.8502664873754437, 0.8351949048053343, 0.8980851928616819, 0.9049864283961402, 0.9184670417314513, 0.92349463019125, 0.9249019586970896, 0.9111994175324474, 0.9305436401978614, 0.9298937610225643, 0.9257283419774048, 0.938047482643181, 0.9387599374769934, 0.938660282278372, 0.9389061552837801, 0.9403094147121359, 0.938507379967365, 0.9405432464530922, 0.9406694393623898, 0.940980635082842, 0.9409497879272359, 0.9409525407067995, 0.9408868402714824], "Valid": [0.7350855276535294, 0.7327052597988558, 0.7350274807439081, 0.7648590211237459, 0.7783887978790528, 0.7740392995265559, 0.8309758064523539, 0.7906491688886207, 0.8284542000005697, 0.8669903419314429, 0.8410357700355559, 0.8647336103964932, 0.8701470647283455, 0.8816241814742565, 0.8487204733724331, 0.8874118052207579, 0.8789693221048972, 0.8747950900446081, 0.8904732686056311, 0.89633534032763, 0.8943891264516665, 0.9009035654998389, 0.8988565333071651, 0.8889724102831835, 0.89910254929531, 0.8980270390636635, 0.8988337463921101, 0.8985118582462769, 0.8986178449660992, 0.8988404768014963]}, "eer_val": {"Train": [0.4192307692322584, 0.42018427255196056, 0.41654167559454375, 0.3880437111637086, 0.3215127490890243, 0.315705128204003, 0.226068376067952, 0.22799145299155393, 0.24220085470218183, 0.17500000000096494, 0.17190170940212637, 0.1520248553674734, 0.14230769230654172, 0.14027777777731515, 0.1665598290596862, 0.13316905935291443, 0.1340261409899292, 0.13884722519856024, 0.1220085470096086, 0.12159845725339613, 0.12222222222139356, 0.12307692307759893, 0.11826923076840609, 0.1215811965823464, 0.11858974358854632, 0.11945575316048852, 0.11869658119559137, 0.11774158988643439, 0.11795586029569323, 0.11806299550031452], "Valid": [0.33883058470759647, 0.3361218361224868, 0.3351895480831008, 0.3144142214606982, 0.29536679536717275, 0.29685157421289354, 0.23444873444869577, 0.2839982839978028, 0.25144570571856945, 0.21053758834858782, 0.23359073359070903, 0.20699270699332104, 0.2002570143499041, 0.18897468897546424, 0.22393822393930735, 0.18382668382745326, 0.1960531960541534, 0.1991861212251036, 0.18397943885198498, 0.17712572285285938, 0.1766973656024939, 0.17160017159931618, 0.1741741741725959, 0.18296868296811464, 0.1726726726725722, 0.17219961447847373, 0.17288717288601577, 0.1724581724590316, 0.17284215035339107, 0.17305632897836792]}, "thres": {"Train": [-0.07927379757186637, -0.004408727616251072, -0.0004203624483930337, -1.0704393986078728e-05, -0.0007466256761505459, -0.004363266285506348, -0.00786196440458068, -0.02669238671660577, -0.07496542483574256, -0.10204084217549797, -0.16334033012391433, -0.20950964931658045, -0.22567224502518046, -0.2969655692575585, -0.28766721487038055, -0.25564722737562373, -0.3457987223827075, -0.33268064169169853, -0.3277954161168421, -0.31738356386758193, -0.3140410780905883, -0.31884360313461413, -0.3286928236473617, -0.32361355423993476, -0.3250229060646726, -0.32333402007735207, -0.32493594288791583, -0.3265743599711644, -0.3282805376979302, -0.3261334221177089], "Valid": [-0.10608107656954247, -0.006347048096365555, -0.0005943175884408067, -1.3307101669844091e-05, -0.0008738320320845075, -0.005478532068889359, -0.009619054384528881, -0.029797503724683802, -0.08797714314509608, -0.11916705588439332, -0.18724015355109908, -0.23701453208943085, -0.25875599965161317, -0.34673187136685923, -0.32200950384263716, -0.3018195629120491, -0.3959925472743184, -0.3798191508968024, -0.3749055787809241, -0.3686873397637701, -0.36585929784275206, -0.37490364909057305, -0.3858587145800306, -0.37256687879547873, -0.37936291098593466, -0.37965021997332693, -0.38266339898068585, -0.38420361280454846, -0.3857178747921991, -0.38330814613216463]}, "acc_val": {"Train": [0.5807210869797796, 0.5798117042901466, 0.5835027281480689, 0.6120145501230341, 0.6785064726650262, 0.684123248100995, 0.7738846688777148, 0.7719589172996684, 0.757783245961271, 0.8249705787953354, 0.8281801647587461, 0.8480261046325024, 0.8577083556221248, 0.8597410933989516, 0.8334224884989836, 0.8668556756178453, 0.8659997860276024, 0.8611854070824864, 0.8779822402910025, 0.8784101850861239, 0.8778217609928319, 0.8770193645019793, 0.8816732641489248, 0.8785706643842944, 0.8814592917513641, 0.880549909061731, 0.8813523055525837, 0.8822616882422167, 0.882047715844656, 0.8819407296458757], "Valid": [0.6612367377558676, 0.6639159789947486, 0.6649876754903011, 0.6857785875040189, 0.7045332761761869, 0.703247240381524, 0.7656199764226771, 0.7161075983281535, 0.7486871717929482, 0.789518808273497, 0.7664773336191191, 0.7929482370592649, 0.7998070946308006, 0.8109527381845462, 0.776015432429536, 0.8160968813631979, 0.8038795413138999, 0.8007716214767978, 0.8160968813631979, 0.8228485692851785, 0.8233844175329547, 0.8284213910620513, 0.8257421498231701, 0.8170614082091952, 0.8273496945664988, 0.8277783731647198, 0.8269210159682778, 0.827456864216054, 0.8272425249169435, 0.827028185617833]}, "f1_val": {"Train": [0.5803619231181067, 0.5794742759248355, 0.5831459471035443, 0.6116614017240456, 0.6781966159777255, 0.6837341331476622, 0.7736061271490546, 0.771702458094575, 0.7575238299239584, 0.824764353041988, 0.8279961443718539, 0.8478388945423384, 0.8575254418853776, 0.8595607927155865, 0.8332083556507767, 0.8666916608644422, 0.8658347169407101, 0.8610144073697178, 0.877831931872958, 0.8782604038348241, 0.8776647027316551, 0.8768810582123924, 0.8815084636811658, 0.8784406126164721, 0.88130690948045, 0.8804027636441542, 0.8811997857525442, 0.8821166514916181, 0.881902415510685, 0.8817952975202185],