{"125": {"SCNN_3_1_conv_1_dense_arg_dict_default": {"lr_epoch_log_dict": "{0: 1e-04, 1: 1e-04, 2: 1e-04, 3: 1e-04, 4: 1e-04, 5: 1e-04, 6: 1e-04, 7: 1e-04, 8: 1e-04, 9: 1e-04, 10: 1e-04, 11: 1e-04, 12: 1e-04, 13: 1e-04, 14: 1e-04, 15: 1e-04, 16: 1e-04, 17: 1e-04, 18: 1e-04, 19: 1e-04, 20: 1e-04, 21: 1e-04, 22: 1e-04, 23: 1e-04, 24: 1e-04, 25: 1e-04, 26: 1e-04, 27: 1e-04, 28: 1e-04, 29: 1e-04}", "loss_record_dict": {"loss": [14.844990730285645, 12.05052661895752, 9.619245529174805, 7.459709167480469, 5.541902542114258, 3.88409423828125, 2.5670924186706543, 1.6263943910598755, 0.9845647811889648, 0.5840765237808228, 0.38081470131874084, 0.29443687200546265, 0.254001259803772, 0.23375378549098969, 0.22260141372680664, 0.21410690248012543, 0.20773622393608093, 0.2025500386953354, 0.19804491102695465, 0.19431264698505402, 0.19053977727890015, 0.18746204674243927, 0.18513038754463196, 0.1826881319284439, 0.18064622581005096, 0.17866769433021545, 0.17735137045383453, 0.17569950222969055, 0.17370915412902832, 0.17305152118206024], "val_loss": [12.419692039489746, 9.95633316040039, 7.744233131408691, 5.868782997131348, 4.308306694030762, 3.0205187797546387, 2.0049548149108887, 1.265202283859253, 0.7632887363433838, 0.47320377826690674, 0.34417298436164856, 0.28646421432495117, 0.25670257210731506, 0.24662604928016663, 0.23271410167217255, 0.22731491923332214, 0.22521892189979553, 0.21707716584205627, 0.21223711967468262, 0.20855215191841125, 0.2063305526971817, 0.2017301321029663, 0.20018532872200012, 0.19744455814361572, 0.19569131731987, 0.19384896755218506, 0.19444970786571503, 0.19193807244300842, 0.1893736720085144, 0.18779516220092773]}, "metric_record_dict": {"roc_val": {"Train": [0.7328589678598263, 0.7597851455054407, 0.7729490733053577, 0.7817323908730158, 0.783130222379879, 0.7826044025228435, 0.8041918812643399, 0.8594245654376149, 0.8845639386178534, 0.8964504651712755, 0.9005988189161267, 0.9007615114586268, 0.9065591938205262, 0.9068667209240698, 0.9100816932418925, 0.9112646251794604, 0.9124957137070804, 0.912496308064646, 0.915329748948396, 0.9164659562049673, 0.9176063009030042, 0.9196041211726308, 0.91981385287103, 0.9203183901149217, 0.9230628293600478, 0.9219125986193293, 0.9241067424257672, 0.9239395843396531, 0.9247653765648272, 0.92559983886306], "Valid": [0.8264318903581841, 0.8523531283261604, 0.8621892136956824, 0.8568596165081679, 0.8450872068640382, 0.8341104400944053, 0.829659921791846, 0.8379074365715674, 0.8549094272062567, 0.8447684269285944, 0.8445056602573002, 0.847320210184414, 0.8546459229950483, 0.8457091699349809, 0.8602365008503402, 0.8567903709102689, 0.85389441320746, 0.8640301820132816, 0.8619507786107642, 0.8667786715026147, 0.8669147512321255, 0.8690975006073858, 0.8701514162212503, 0.8703488780716369, 0.8744185546242307, 0.8730293005807765, 0.8710206793176454, 0.8715373296427414, 0.8768997509718173, 0.87987923868527]}, "eer_val": {"Train": [0.3312271062273361, 0.30476190476232384, 0.291941391941386, 0.28177655677810376, 0.28305860805861, 0.28310439560439393, 0.2662087912088408, 0.21126373626286424, 0.18548534798534796, 0.17367216117216128, 0.1701007326007353, 0.17087912087883383, 0.16263736263734233, 0.16410256410256413, 0.16016483516485355, 0.15879120879069558, 0.1566391941391941, 0.15650183150321106, 0.15343406593482917, 0.1521520146524073, 0.15091575091574644, 0.14761904761904768, 0.14816849816850017, 0.14803113553113476, 0.14523809523809628, 0.1469780219777316, 0.1434065934065935, 0.14395604395604383, 0.14299450549449957, 0.14404761904804556], "Valid": [0.25586734693924157, 0.23120748299168958, 0.2198979591833433, 0.22202380952371162, 0.23290816326411912, 0.24566326530612245, 0.24685374149654293, 0.24141156462714564, 0.21930272108933618, 0.2346938775510204, 0.2345238095238106, 0.23392857142973378, 0.2247448979592231, 0.2357142857136518, 0.2184523809523811, 0.2238945578217844, 0.226530612244898, 0.21496598639455775, 0.2176020408164607, 0.21267006802721072, 0.21488095238177804, 0.21232993197278915, 0.21173469387714583, 0.21122448979591957, 0.20595238095218404, 0.20884353741496592, 0.21020408163265308, 0.2120748299310413, 0.20416666666474548, 0.20187074829930843]}, "thres": {"Train": [-0.8450831879270074, -0.8191584944725978, -0.7029465436935406, -0.6260988712311435, -0.5865083336830144, -0.5145257711410521, -0.42425382137299683, -0.36918261647203965, -0.3550616092979908, -0.3513824939727783, -0.35479757189750744, -0.3615410327910689, -0.368550151586528, -0.37350326776504517, -0.3777750730514589, -0.380347430705648, -0.37600846091906226, -0.37824052572374506, -0.3934019804005797, -0.38039457798011334, -0.38515895605087175, -0.39692917466163635, -0.39636254310608054, -0.39890176057815513, -0.39953815937042264, -0.4003551900385655, -0.4041169583797457, -0.4113978147506711, -0.4144527912139891, -0.40697565674799707], "Valid": [-0.9650416970255807, -0.9314104318604962, -0.8000509738921012, -0.7026635011036635, -0.6494199633586987, -0.5682845711708069, -0.4585606008767828, -0.38370022177700225, -0.3698768019677576, -0.3544965088367462, -0.35582423210144054, -0.36339041590832116, -0.3778392076492578, -0.37903839349735996, -0.38450850546360027, -0.3828103840348404, -0.3800846338272095, -0.3847184181213379, -0.39798375964165056, -0.3861959179242451, -0.3931735157967372, -0.40508510917425156, -0.4021728411315155, -0.40758433938026456, -0.4051811695097069, -0.41361308842897415, -0.4121519128481547, -0.41698044538495965, -0.42381393909397586, -0.41695769627888696]}, "acc_val": {"Train": [0.6688186813186813, 0.6952152014652014, 0.7080815018315019, 0.7182234432234432, 0.7169184981684982, 0.7168956043956044, 0.733768315018315, 0.7887362637362637, 0.814514652014652, 0.826304945054945, 0.8298763736263737, 0.829143772893773, 0.8373855311355312, 0.8358745421245422, 0.8398122710622711, 0.8412087912087912, 0.8433836996336996, 0.8434981684981685, 0.8465430402930403, 0.8478479853479853, 0.8491071428571428, 0.8523580586080586, 0.851808608058608, 0.8519917582417582, 0.854739010989011, 0.8530448717948718, 0.8565705128205128, 0.8560668498168498, 0.8570283882783882, 0.8559523809523809], "Valid": [0.7440901360544218, 0.7688350340136054, 0.7801020408163265, 0.7779761904761905, 0.7670918367346938, 0.7542517006802721, 0.7531462585034013, 0.7585884353741497, 0.7806972789115646, 0.7653486394557824, 0.7654336734693877, 0.7660289115646258, 0.7752125850340136, 0.764328231292517, 0.781547619047619, 0.7761054421768707, 0.7735119047619048, 0.7850765306122449, 0.7823554421768707, 0.7873299319727891, 0.7851190476190476, 0.7877125850340136, 0.7882653061224489, 0.788732993197279, 0.7940901360544218, 0.791156462585034, 0.7898384353741497, 0.7879676870748299, 0.7957908163265306, 0.798171768707483]}, "f1_val": {"Train": [0.668803516644535, 0.6952082236314934, 0.7080748185626959, 0.7182234432234432, 0.7169120172165113, 0.7168956043956044, 0.7337622198310401, 0.7887265900453316, 0.814514652014652, 0.8263009684287644, 0.8298724787655395, 0.82913986126056, 0.8373818081915795, 0.8358707845875594, 0.8398086036768241, 0.8412015202161272, 0.8433801140135994, 0.8434981684981684, 0.8465395270038234, 0.8478479853479853, 0.8491036882712515, 0.8523546784495981, 0.8518052153208636, 0.8519883696971083, 0.8547356853407816, 0.8530415073605164, 0.8565672291032305, 0.856063554568557, 0.8570251150438426, 0.8559523809523808], "Valid": [0.7440792550703687, 0.7688252051532805, 0.7800833404201039, 0.7779761904761905, 0.7670720299345182, 0.7542098996427964, 0.7531462585034013, 0.7585884353741497, 0.7806972789115646, 0.7653386623580934, 0.7654236999872445, 0.7660189633913006, 0.7752030273395977, 0.7643182108082827, 0.7815476190476192, 0.7760864019049238, 0.7735022747565797, 0.7850673923211021, 0.7823461881882732, 0.7873299319727891, 0.7851190476190476, 0.7877035588247799, 0.7882653061224489, 0.7887240103745908, 0.7940813810110975, 0.7911564625850341, 0.7898294995535524, 0.7879586717122327, 0.7957647659140197, 0.7981631872103405]}},