{"125": {"SCNN_1_3_conv_1_dense_arg_dict_default": {"lr_epoch_log_dict": "{0: 0.001, 1: 0.001, 2: 0.001, 3: 0.001, 4: 0.001, 5: 0.001, 6: 0.001, 7: 0.001, 8: 0.001, 9: 0.001, 10: 0.001, 11: 0.001, 12: 0.001, 13: 0.001, 14: 0.001, 15: 0.001, 16: 0.001, 17: 0.001, 18: 0.001, 19: 0.001, 20: 0.001, 21: 0.001, 22: 0.001, 23: 0.001, 24: 0.001, 25: 0.00020000001, 26: 0.00020000001, 27: 0.00020000001, 28: 0.00020000001, 29: 0.00020000001}", "loss_record_dict": {"loss": [35.80144500732422, 11.513904571533203, 4.102830410003662, 1.5182008743286133, 0.5778567790985107, 0.42414259910583496, 0.38491204380989075, 0.3691268265247345, 0.3656506836414337, 0.35924410820007324, 0.3555184006690979, 0.3579789996147156, 0.34954866766929626, 0.3510676920413971, 0.3529299199581146, 0.34643375873565674, 0.34309396147727966, 0.3476467430591583, 0.34397512674331665, 0.3430129885673523, 0.34051138162612915, 0.34130212664604187, 0.3404662013053894, 0.3372139036655426, 0.34483247995376587, 0.24616771936416626, 0.21329334378242493, 0.21070431172847748, 0.20994047820568085, 0.20645301043987274], "val_loss": [19.17951011657715, 5.590789794921875, 2.376923084259033, 1.0944595336914062, 0.7748379111289978, 0.7069342136383057, 0.6743303537368774, 0.6089279055595398, 0.546829342842102, 0.45480647683143616, 0.38889816403388977, 0.35968828201293945, 0.3564530909061432, 0.35480019450187683, 0.36268022656440735, 0.35847505927085876, 0.3395899534225464, 0.372214138507843, 0.33870020508766174, 0.3544445037841797, 0.3414085805416107, 0.3366391062736511, 0.34886398911476135, 0.3519669771194458, 0.34648218750953674, 0.2326158881187439, 0.2273065447807312, 0.225721076130867, 0.23150810599327087, 0.22685039043426514]}, "metric_record_dict": {"roc_val": {"Train": [0.6447034747060192, 0.6330944080917297, 0.6385900663688857, 0.6364111240222767, 0.752956439466778, 0.8311950874845936, 0.8428845970709051, 0.7941726575391135, 0.8638376906228309, 0.8896241900761667, 0.9002108880959052, 0.9018588301385065, 0.9116112241982718, 0.9187572739767671, 0.9044032454641519, 0.9258443078241664, 0.9041720405960015, 0.9065155259056588, 0.9207315148276956, 0.9240757127696007, 0.9215948402952903, 0.9263543389300031, 0.9173759681085051, 0.8835333247716739, 0.912709360045711, 0.9408593296449521, 0.9412976740214527, 0.937499353297109, 0.938539726557993, 0.9350644940196579], "Valid": [0.7431184205654113, 0.7359877700421713, 0.7278377955717857, 0.7333357590371941, 0.794681970469077, 0.8507951163230667, 0.8305449224275524, 0.7446374716668142, 0.7961037407385663, 0.8561792830372826, 0.8745612944584886, 0.8670147827354939, 0.8760790362311031, 0.8603249395710308, 0.8444958666098097, 0.8661119890505198, 0.8671505394572433, 0.8410801034489188, 0.8778749529445611, 0.8540231401122383, 0.8630998666873586, 0.8727746349292719, 0.8492178345465988, 0.8418983650296565, 0.8647045524856618, 0.8789596744190875, 0.8749495219296034, 0.8622650891873422, 0.8540828868522164, 0.860809207457312]}, "eer_val": {"Train": [0.4079708592243399, 0.4161324786328197, 0.4080128205122735, 0.40972222222262766, 0.3134615384610486, 0.24262820512791966, 0.22948717948555744, 0.2821581196583025, 0.2086538461542538, 0.17763016927369032, 0.1697649572640984, 0.16659524319691452, 0.16089743589610492, 0.1536324786336553, 0.16573816155988855, 0.14123931623958022, 0.16359545746732396, 0.16559829059767206, 0.14966788086522692, 0.14377544461111755, 0.14722222222041148, 0.14006410256538607, 0.15064102564134288, 0.19734304692525573, 0.1588675213664719, 0.1211538461521937, 0.12170559245768164, 0.1264957264946191, 0.12813370473537597, 0.13087606837752214], "Valid": [0.33583208395802777, 0.3350493350501482, 0.3367653367663219, 0.33075933075956077, 0.2767052767050253, 0.22243672243798351, 0.23859498822017566, 0.3168168168169052, 0.2797082797076661, 0.21771771771718387, 0.2067782067794317, 0.20925251659891891, 0.2044187044194001, 0.2191047333476152, 0.22586872586789286, 0.21171171171130498, 0.20484770484590123, 0.2240308417219993, 0.19841269841291936, 0.2230802230794145, 0.21385671385624946, 0.2003432003441321, 0.22522522522519198, 0.24116513171989915, 0.21192621192648375, 0.197769197769217, 0.20141570141457457, 0.2147147147140126, 0.2207207207216979, 0.21149721149724968]}, "thres": {"Train": [-0.08118143260561982, -0.0037856381386542335, -0.00016230657638504904, -1.9636021534102358e-05, -0.00062655925285028, -0.002151699038220568, -0.010195126757018093, -0.04147981852293757, -0.07915900647642213, -0.13327854983820994, -0.20767661929111017, -0.26222348088673564, -0.2827454209324755, -0.33440089225879854, -0.41363323365745436, -0.28024289011959613, -0.41673043486467654, -0.35242959856958445, -0.36512965237860917, -0.3623336859898336, -0.4024854302401699, -0.3730776906014538, -0.33564752340328374, -0.35306316954512657, -0.4000480175018164, -0.32561987638429757, -0.3207059107451054, -0.322388023138003, -0.33698545002007546, -0.3757480978969796], "Valid": [-0.09927805410377383, -0.004704456776389407, -0.00019908243848493033, -2.371925984335092e-05, -0.0006836732500231868, -0.0023519708774987183, -0.011401707559231965, -0.04340926557779481, -0.0805970281362073, -0.1401283144950649, -0.21313731372378147, -0.26534304312101775, -0.3016113042832083, -0.3535934737150466, -0.4203977584836803, -0.3008340299129231, -0.44244071841226373, -0.3559607994341965, -0.3818749189377662, -0.4042672514914696, -0.4209004640577895, -0.39572533965122336, -0.3459364473819595, -0.39622831013967225, -0.4515720605851441, -0.35147944092750744, -0.3469546735285053, -0.3583432435988306, -0.350773215294229, -0.38976135849952875]}, "acc_val": {"Train": [0.5920616240504974, 0.58382368674441, 0.5919546378517171, 0.5902428586712314, 0.6865839306729432, 0.7573553011661496, 0.7704076174173532, 0.7178239007168076, 0.791323419278913, 0.8224029100246069, 0.8302663956349631, 0.8334759815983738, 0.8390927570343426, 0.8463143254520167, 0.8343318711886166, 0.8587247245105382, 0.8364181020648337, 0.834438857387397, 0.8503798010056702, 0.85626404193859, 0.8526265111800577, 0.8599015726971221, 0.8493099390178667, 0.802663956349631, 0.8411789879105596, 0.8788916229806355, 0.8783031988873435, 0.8734888199422275, 0.8719375200599123, 0.8691023857922328], "Valid": [0.6642374879434144, 0.6648805058407459, 0.6632729610974172, 0.669274461472511, 0.7233951344979102, 0.7778373164719752, 0.7614403600900225, 0.683206515914693, 0.7203943843103633, 0.7823384417532955, 0.7931625763583753, 0.7908048440681599, 0.7955203086485907, 0.7809452363090773, 0.7741935483870968, 0.7881256028292788, 0.795198799699925, 0.7759082627799807, 0.8015218090236845, 0.7769799592755332, 0.7861965491372843, 0.7999142642803558, 0.7747293966348731, 0.7588682885006967, 0.7882327724788339, 0.802164826921016, 0.7984138891865824, 0.7852320222912871, 0.7792305219161934, 0.788661451077055]}, "f1_val": {"Train": [0.591712174751044, 0.5834671806403254, 0.5915613621760548, 0.5898918513759503, 0.6862650602409638, 0.7570694087403598, 0.770112479914301, 0.717536813922356, 0.7910887377496921, 0.8221936589545845, 0.8300573081248995, 0.8332708478388945, 0.8388859132297805, 0.8461250066948743, 0.8341277917626266, 0.8585506935889882, 0.8362253641816624, 0.834234909753093, 0.8501954903326013, 0.8560869798082588, 0.8524133497616114, 0.8597289914841197, 0.8491243104279363, 0.8024420285974402, 0.8409833431524824, 0.8787359400107124, 0.8781532858443575, 0.8733194065027586, 0.87177289769684, 0.8689411386642386],