{"125": {"SCNN_3_1_conv_1_dense_arg_dict_default": {"lr_epoch_log_dict": "{0: 0.001, 1: 0.001, 2: 0.001, 3: 0.001, 4: 0.001, 5: 0.001, 6: 0.001, 7: 0.001, 8: 0.001, 9: 0.001, 10: 0.001, 11: 0.001, 12: 0.001, 13: 0.001, 14: 0.00020000001, 15: 0.00020000001, 16: 0.00020000001, 17: 0.00020000001, 18: 4.0000003e-05, 19: 4.0000003e-05, 20: 4.0000003e-05, 21: 4.0000003e-05, 22: 4.0000003e-05, 23: 8.000001e-06, 24: 8.000001e-06, 25: 8.000001e-06, 26: 1.6000001e-06, 27: 1.6000001e-06, 28: 1e-06}", "loss_record_dict": {"loss": [19.307361602783203, 10.999034881591797, 5.825130462646484, 2.4511210918426514, 0.7697880268096924, 0.23033426702022552, 0.13089387118816376, 0.09428728371858597, 0.07975494861602783, 0.07186009734869003, 0.06880687922239304, 0.06684781610965729, 0.06696672737598419, 0.06683989614248276, 0.05912472680211067, 0.058283742517232895, 0.058496225625276566, 0.058325402438640594, 0.05609630420804024, 0.055984266102313995, 0.055834632366895676, 0.056030161678791046, 0.055953819304704666, 0.05533219501376152, 0.05514635518193245, 0.05520832538604736, 0.055268511176109314, 0.05515972152352333, 0.05480188503861427], "val_loss": [10.073809623718262, 5.232597827911377, 2.3407247066497803, 0.8861740827560425, 0.30967050790786743, 0.15120871365070343, 0.09285151958465576, 0.07048022747039795, 0.062449514865875244, 0.05816757678985596, 0.05875431373715401, 0.05599689111113548, 0.056040626019239426, 0.06003255397081375, 0.04947458207607269, 0.049064118415117264, 0.049411091953516006, 0.05000840872526169, 0.04717731103301048, 0.04703173041343689, 0.04681830480694771, 0.04682963714003563, 0.046779315918684006, 0.04617609083652496, 0.046185269951820374, 0.04623141139745712, 0.04609990119934082, 0.0461328849196434, 0.04611383378505707]}, "metric_record_dict": {"roc_val": {"Train": [0.5841348250026256, 0.5874802408432096, 0.577551734892928, 0.5867030878063606, 0.6598729407001538, 0.7894356719411479, 0.8071943178727099, 0.8009957860814709, 0.8011649801448152, 0.7991309700335599, 0.8018591578216626, 0.8052067824729208, 0.8041068865302211, 0.7984401587593832, 0.8076330577538542, 0.8065726304838532, 0.8074156432051678, 0.8061425318705308, 0.8066658656547203, 0.8074486502202003, 0.8078674732617523, 0.8078360305602285, 0.8077979113686498, 0.8078675608633088, 0.8079869680420513, 0.8079968482461718, 0.8079876959692704, 0.8079577862949853, 0.807957821752758], "Valid": [0.7696689024249156, 0.7719102862233328, 0.7444049499051322, 0.7614308744331065, 0.8301617128569114, 0.8540057781190709, 0.8751749596522282, 0.8888975947521865, 0.863761811484798, 0.8647879138900458, 0.8423302682042204, 0.860302966211995, 0.8609370408452497, 0.832367604354667, 0.8474150346788375, 0.8511524567309918, 0.8497763807904115, 0.845832997101902, 0.8493128297237262, 0.8505557616328843, 0.8519284716437595, 0.8524472948192882, 0.8525051338562636, 0.8527547007323336, 0.8526861492896478, 0.8524155986799482, 0.8525551419547411, 0.8522747538641307, 0.8523634864234809]}, "eer_val": {"Train": [0.4434351243397782, 0.4436283984022713, 0.44981316840625807, 0.4433062749645655, 0.38189588189501755, 0.2801087801084764, 0.2549857549857628, 0.2646982647000199, 0.26330369797709896, 0.2644392644380276, 0.2599715099717884, 0.25861175861206387, 0.2588707588718206, 0.27000386548125244, 0.25666925667043283, 0.2570577570580991, 0.25653975653920935, 0.25885839453678516, 0.2575757575768507, 0.2575757575772304, 0.2558304342223941, 0.2564102564102642, 0.25673400673449315, 0.25647500647645205, 0.2562160062158179, 0.2561512561524355, 0.2562814070351808, 0.25647468109779775, 0.25647468109782806], "Valid": [0.30773809523809637, 0.3070578231292046, 0.3263605442176869, 0.30994897959183676, 0.2586734693876763, 0.2397959183670108, 0.21105442177029865, 0.19710884353741442, 0.2237244897954489, 0.22474489795856623, 0.24897959183673332, 0.22789115646088742, 0.22916666666640662, 0.2576530612241273, 0.24022108843540907, 0.23741496598544434, 0.2400510204082877, 0.24379251700565685, 0.24022108843537415, 0.23937074829893804, 0.23801020408243087, 0.23707482993197293, 0.23741496598609982, 0.23681972789115546, 0.2375850340131299, 0.23741496598639367, 0.23741496598604828, 0.23775510204081818, 0.2374149659865702]}, "thres": {"Train": [-0.6012506977398662, -0.8209429049611747, -0.6484303117997064, -0.35732296431184396, -0.111136846244332, -0.12839193642135766, -0.17067484557628693, -0.1672915071249085, -0.17667366466931297, -0.1575693935152975, -0.16498470306401616, -0.1624045222998315, -0.15850293636334056, -0.16665756960759812, -0.16842246055605897, -0.16200305521493621, -0.16359440982336604, -0.16468202386369613, -0.16409182548547224, -0.16349816322354893, -0.16508111187336433, -0.16454369425773846, -0.16559574008007666, -0.1649947464467196, -0.1648564338683986, -0.1648872494698043, -0.16466616618273963, -0.16489464820329897, -0.16469902267408718], "Valid": [-0.6580519676208515, -0.9487406015395891, -0.7338019609451294, -0.4135330021381378, -0.12602223455900816, -0.14440271258347112, -0.18675714731230095, -0.1777861490845679, -0.19175037741658932, -0.17449501156797023, -0.17719119787216178, -0.17521773278696814, -0.17527407407756007, -0.17375786602493912, -0.1795245558023487, -0.17747952043984436, -0.17758871614935215, -0.17805218696583155, -0.17878622147772047, -0.17763197422020283, -0.17940063774620044, -0.17919404804706576, -0.18052370846268984, -0.17997990548610676, -0.17960174381718627, -0.17950600385665869, -0.17924927175034316, -0.17933027446270003, -0.179134815931359]}, "acc_val": {"Train": [0.556610476005942, 0.5564167151068914, 0.5501840728540981, 0.5567396499386423, 0.6181295614544985, 0.7199186204223987, 0.7450106568494478, 0.7353226118969192, 0.7367112316734483, 0.73558095976232, 0.740005166957308, 0.7413937867338372, 0.7411031453852612, 0.7300264806562036, 0.7433313957243428, 0.7429438739262417, 0.7434282761738681, 0.7411677323516115, 0.7424271781954401, 0.7424271781954401, 0.7441710262868954, 0.7436866240392689, 0.7432345152748175, 0.7435251566233934, 0.7438157979719693, 0.7438480914551443, 0.743751211005619, 0.7434605696570432, 0.7435251566233934], "Valid": [0.6922193877551021, 0.692984693877551, 0.6736819727891157, 0.6900510204081632, 0.7412840136054422, 0.7602040816326531, 0.7889880952380952, 0.8029336734693877, 0.7763180272108844, 0.7752551020408164, 0.751062925170068, 0.7721513605442177, 0.7708758503401361, 0.7423469387755102, 0.7597363945578232, 0.7625425170068028, 0.7599914965986394, 0.7562074829931973, 0.7598214285714285, 0.7606292517006803, 0.76203231292517, 0.7628826530612245, 0.7626275510204081, 0.7632227891156462, 0.7624149659863946, 0.7626275510204081, 0.7625425170068028, 0.7622023809523809, 0.7625850340136054]}, "f1_val": {"Train": [0.5572110423116616, 0.5570175438596491, 0.5508078299848431, 0.5573400412796697, 0.6187082836229968, 0.7204152026046872, 0.7454873646209386, 0.735817431665807, 0.7371949843664378, 0.7360582812197795, 0.7404828675498824, 0.7418772563176895, 0.7415788286110306, 0.7305138288956224, 0.7438112429087158, 0.7434244455905107, 0.743883175913091, 0.7416432969087451, 0.7429087158329035, 0.7429087158329035, 0.7446493037648272, 0.744141065729667, 0.7437062824356122, 0.7440046415678185, 0.7442864971150438, 0.7443269726663228, 0.744222028817329, 0.7439566814929414, 0.7440046415678185], "Valid": [0.6922063012883202, 0.6929716399506781, 0.673668098133424, 0.6900246619610512, 0.7412510099077263, 0.7601836890892082, 0.7889970664512563, 0.8029252944427909, 0.7763085165185594, 0.7752359894548856, 0.7510523406607423, 0.7721416726901655, 0.7708661082529019, 0.7423250276384046, 0.7597261788341341, 0.7625122251987924, 0.7599812917215869, 0.7561867505740284, 0.759811216463285, 0.7606088953142274, 0.7620424301687854, 0.7628725711127174, 0.7626174582252647, 0.7632127216293209, 0.7623947614593077, 0.7626174582252647, 0.7625122251987924, 0.7621922700795102, 0.7625850340136054]}}, "report_dict": {"Training_samples": "(array([0., 1.], dtype=float32), array([15444, 15522]))",