{"125": {"SCNN_3_1_conv_1_dense_arg_dict_default": {"lr_epoch_log_dict": "{0: 0.001, 1: 0.001, 2: 0.001, 3: 0.001, 4: 0.001, 5: 0.001, 6: 0.001, 7: 0.001, 8: 0.001, 9: 0.001, 10: 0.001, 11: 0.001, 12: 0.001, 13: 0.001, 14: 0.00020000001, 15: 0.00020000001, 16: 0.00020000001, 17: 0.00020000001, 18: 0.00020000001, 19: 4.0000003e-05, 20: 4.0000003e-05, 21: 4.0000003e-05, 22: 4.0000003e-05, 23: 8.000001e-06, 24: 8.000001e-06, 25: 8.000001e-06, 26: 1.6000001e-06, 27: 1.6000001e-06, 28: 1e-06, 29: 1e-06}", "loss_record_dict": {"loss": [19.30735206604004, 10.999016761779785, 5.825189113616943, 2.4551644325256348, 0.7660616636276245, 0.2304900884628296, 0.13090060651302338, 0.09444358944892883, 0.07983947545289993, 0.07187734544277191, 0.0687960758805275, 0.06692101061344147, 0.06694723665714264, 0.06685658544301987, 0.05910163372755051, 0.05824415385723114, 0.05844060704112053, 0.058308195322752, 0.05837806686758995, 0.05617303028702736, 0.05578705668449402, 0.055968452244997025, 0.055904705077409744, 0.05528584122657776, 0.05509089305996895, 0.05516483634710312, 0.05521824210882187, 0.05510595068335533, 0.05475762486457825, 0.055131155997514725], "val_loss": [10.06460189819336, 5.220448017120361, 2.335285186767578, 0.8825863599777222, 0.310917466878891, 0.15147575736045837, 0.09395093470811844, 0.07079977542161942, 0.06301917135715485, 0.05830603837966919, 0.05937524139881134, 0.05463363602757454, 0.05839744582772255, 0.059513404965400696, 0.049453429877758026, 0.04932261258363724, 0.04913561791181564, 0.049852002412080765, 0.05001809820532799, 0.0473257452249527, 0.047016337513923645, 0.04698784649372101, 0.04705314710736275, 0.0464315265417099, 0.046453263610601425, 0.04647436365485191, 0.04634097218513489, 0.04637743905186653, 0.046357378363609314, 0.04634732007980347]}, "metric_record_dict": {"roc_val": {"Train": [0.5841475209710617, 0.5874969456257306, 0.5776377533641417, 0.5864410673794129, 0.6590859596029677, 0.7912786188862081, 0.8108406867748448, 0.8017483981679961, 0.8028938615203272, 0.8018427617303405, 0.8018748218142626, 0.8027709565365795, 0.7990132377131475, 0.8030442754785624, 0.8090185076559255, 0.8081812057217932, 0.8084328787363191, 0.8067969551267451, 0.8086198684301378, 0.8091377917753385, 0.8090384891538093, 0.8088234523616562, 0.8087306656273284, 0.8088001920626583, 0.8088973672178157, 0.8088738941721805, 0.8088595254311657, 0.8088243805210047, 0.808813520013752, 0.8088220882802767], "Valid": [0.7759625456614326, 0.780193009202043, 0.7548506133387213, 0.7706660473397681, 0.8257077126454855, 0.8554871831488393, 0.8726702762841094, 0.8884850772854643, 0.8623899181885879, 0.8648940649695691, 0.8423552247414765, 0.869351901999494, 0.8455759271736387, 0.8415765085205557, 0.8511692390508145, 0.8525110717976103, 0.8540276124593581, 0.8497489143422285, 0.8506590412991788, 0.8512495034117418, 0.8528940999111522, 0.8536110986621173, 0.8527970610583907, 0.8533563162861451, 0.8532390214432443, 0.8531679988778181, 0.8533091578091019, 0.8530138001528821, 0.8530771001220676, 0.8531606560813926]}, "eer_val": {"Train": [0.44347319347300174, 0.44373219373066586, 0.4496244496226936, 0.44330627496426106, 0.38236052055147524, 0.2780569514238343, 0.25369075369033767, 0.2634032634023672, 0.2622377622363172, 0.2611370111357438, 0.2620796289137947, 0.2607267104754515, 0.2668470557917793, 0.26201520422625957, 0.25505050505206955, 0.2564750064759796, 0.2555083107846926, 0.2582880082869902, 0.25666795516041796, 0.2553794614096127, 0.25459725459742366, 0.25544388609715235, 0.2558948589099343, 0.25563325563281736, 0.2552506120345317, 0.2553742553755115, 0.25524475524540946, 0.2554438860971541, 0.2553794614096123, 0.25531503672207345], "Valid": [0.2978268614182289, 0.3002842928208576, 0.31592039800966554, 0.3056147832270401, 0.2615493958787628, 0.24200426439380762, 0.2169576059850374, 0.19736373352334058, 0.22586391164944797, 0.22459132906930657, 0.24875621890491212, 0.2162451015318904, 0.2416488983662366, 0.25329533309583185, 0.23880597015016664, 0.23809523809527905, 0.23619522622063202, 0.23951670220352264, 0.24164889836485104, 0.2405828002833928, 0.23702914001469316, 0.23619522621997766, 0.23690773067327986, 0.23667377398783196, 0.23667377398816558, 0.23655147844675475, 0.23667377398780381, 0.2366737739878163, 0.23655147844674035, 0.23655147844677188]}, "thres": {"Train": [-0.6011614203452172, -0.8208054304084021, -0.6498650312413344, -0.356947645829364, -0.11044297242177448, -0.12686679770599074, -0.168129563331541, -0.1672128438948452, -0.17439542710760678, -0.15809857845304998, -0.16529488439985252, -0.1692968594219214, -0.16267157971259935, -0.1637404540076328, -0.1674706786873808, -0.1623877882960323, -0.16504229725006236, -0.16563665866851152, -0.16429205141474862, -0.16407265577783556, -0.16589060425762633, -0.16552713343645858, -0.16650764516849614, -0.16571128368370222, -0.1655243690588966, -0.16540053486850312, -0.1652989983559381, -0.16545216926378226, -0.16530701480618676, -0.1652052085378662], "Valid": [-0.659946355588005, -0.9587281346316224, -0.7504699826240406, -0.417120397091091, -0.12657368183149748, -0.14435426890882494, -0.1827992231694243, -0.17691924647797388, -0.18794344105476754, -0.17606161534800432, -0.1788612902163586, -0.1833646590399534, -0.17646639049080012, -0.17377802826222635, -0.17948836088197612, -0.17839233577251562, -0.18076595374182952, -0.18065270781520046, -0.17784166336034993, -0.17834341526024144, -0.1807243824005134, -0.1803226111981564, -0.18178105948868395, -0.1809588968754484, -0.1809100955727501, -0.180668516813819, -0.1804998219013825, -0.18075342476384892, -0.18050091670932913, -0.18035680724498931]}, "acc_val": {"Train": [0.5565458890395918, 0.5561906607246657, 0.5502486598204482, 0.5566750629722922, 0.617645159206872, 0.7219531098624298, 0.7461732222437513, 0.736614351223923, 0.7377769166182264, 0.7388748950461796, 0.737938384034102, 0.739294710327456, 0.7331589485241878, 0.7380029710004521, 0.7449783633662727, 0.7434928631402183, 0.7445262546018213, 0.741684428082413, 0.7433313957243428, 0.7446231350513466, 0.7454627656138991, 0.7445908415681716, 0.7441064393205451, 0.7443647871859459, 0.7447846024672221, 0.7446231350513466, 0.7448168959503972, 0.7445585480849964, 0.7446231350513466, 0.7446877220176968], "Valid": [0.702188222736168, 0.6995196584237681, 0.6840419854118485, 0.6945383383739548, 0.7383027930973136, 0.7578722647215798, 0.7831346735456325, 0.8027041451698986, 0.774239459170966, 0.775306884895926, 0.7512898060843266, 0.7836683864081124, 0.7582280732965665, 0.7468421988969934, 0.7610745418964597, 0.761786159046433, 0.763921010496353, 0.7603629247464864, 0.7584059775840598, 0.7592954990215264, 0.762853584771393, 0.763921010496353, 0.7632093933463796, 0.7632093933463796, 0.7635652019213663, 0.763387297633873, 0.763387297633873, 0.763387297633873, 0.7635652019213663, 0.7635652019213663]}, "f1_val": {"Train": [0.5571465428276574, 0.5567489114658927, 0.5507854078637551, 0.5573040954530797, 0.6182369252595602, 0.7224550319128361, 0.746598749113418, 0.7370898072335761, 0.7382502739990975, 0.7393462703887563, 0.7384198820230152, 0.7397737162750219, 0.7336492279921348, 0.7384843503207299, 0.7454633360193392, 0.7439641556264707, 0.7449956483899042, 0.7421424196512041, 0.7438112429087158, 0.7451005673027333, 0.7459550054792754, 0.7450601166876188, 0.7445848375451264, 0.744826252337051, 0.7452535215807626, 0.7451005673027333, 0.7453103848385224, 0.7450361010830324, 0.7451005673027333, 0.7451650335224342],