{"1000": {"SCNN_3_1_conv_1_dense_arg_dict_default": {"lr_epoch_log_dict": "{0: 0.001, 1: 0.001, 2: 0.001, 3: 0.001, 4: 0.001, 5: 0.001, 6: 0.001, 7: 0.001, 8: 0.001, 9: 0.00020000001, 10: 0.00020000001, 11: 4.0000003e-05, 12: 4.0000003e-05, 13: 4.0000003e-05, 14: 8.000001e-06, 15: 8.000001e-06, 16: 1.6000001e-06, 17: 1e-06, 18: 1e-06, 19: 1e-06}", "loss_record_dict": {"loss": [9.839420318603516, 3.276033639907837, 0.776054322719574, 0.20073671638965607, 0.09321451932191849, 0.06680723279714584, 0.058947667479515076, 0.057540878653526306, 0.056264474987983704, 0.04310597851872444, 0.04121261090040207, 0.03831620514392853, 0.037640102207660675, 0.037547823041677475, 0.03679259493947029, 0.03691203147172928, 0.036798782646656036, 0.03706244379281998, 0.03669255971908569, 0.036704450845718384], "val_loss": [5.552242279052734, 1.502982497215271, 0.38201701641082764, 0.13655543327331543, 0.06939662247896194, 0.056164104491472244, 0.05565778538584709, 0.05511616915464401, 0.0554816909134388, 0.03913825750350952, 0.03986441716551781, 0.03577597811818123, 0.0355619341135025, 0.03560847416520119, 0.034823473542928696, 0.03495441749691963, 0.03474854305386543, 0.03473513945937157, 0.034736793488264084, 0.034705717116594315]}, "metric_record_dict": {"roc_val": {"Train": [0.8149368093681004, 0.7930704659661947, 0.8792293483960957, 0.8886489388397969, 0.9012452511196228, 0.9150347106775886, 0.9240846757395849, 0.9280092645779254, 0.9197694699965672, 0.9222347138913142, 0.92514992161663, 0.9244102015591675, 0.9237106859231907, 0.9235124138789098, 0.9236234253870513, 0.9236090790678635, 0.9235506284936127, 0.9235631117154118, 0.9235711131790085, 0.9235434811451916], "Valid": [0.8777519345103583, 0.8601527706776313, 0.9388294417778277, 0.9653292142777385, 0.959824648957361, 0.9484918022741906, 0.940886690776359, 0.9330305949007064, 0.9251634848304156, 0.9336028266221441, 0.9327793573230089, 0.9339448363556537, 0.9347571015602428, 0.9349039574887535, 0.935181464553663, 0.93463531241953, 0.9349685234573227, 0.9350024522408064, 0.9349827026504203, 0.9351766537560049]}, "eer_val": {"Train": [0.24797062234248166, 0.2740870240881173, 0.19376456876308015, 0.19609557109578973, 0.17531080031080612, 0.1587024087042418, 0.14986402486424638, 0.14044289044222644, 0.1490870240888414, 0.14659837649787397, 0.14389253962119328, 0.143939393939263, 0.14403651903599354, 0.14442501942476066, 0.14384226884217363, 0.14364801864891555, 0.14379590259026612, 0.14360262852727512, 0.1435508935501289, 0.14374514374399788], "Valid": [0.20753375977110478, 0.2280014250089059, 0.11791948699667447, 0.07089419308871507, 0.09914712153584823, 0.10909737029088919, 0.11833688699351574, 0.12970859985869418, 0.1375133594584769, 0.12540078375487415, 0.12793176972242623, 0.1239757748485925, 0.12326327039543993, 0.12326327039504721, 0.12219451371571353, 0.12326327039575148, 0.1226012793193545, 0.12255076594228693, 0.12290701816886204, 0.12255076594228706]}, "thres": {"Train": [-0.028272867942200835, -0.02174840494994582, -0.018176306039089644, -0.04162557795647514, -0.10819255560636534, -0.1289936453108339, -0.1432793885469458, -0.13865628838514368, -0.15321734547697385, -0.15091017583506788, -0.14585038862336538, -0.14737288653846947, -0.14812490344033927, -0.1481298357246957, -0.14788050949569523, -0.14848670363448882, -0.14797396111741762, -0.14788058834459444, -0.14781677722930509, -0.14741660654520325], "Valid": [-0.04215932637435894, -0.03342804789283031, -0.026406191352126688, -0.07043114792732301, -0.13804675638690697, -0.16565930843340174, -0.17238411307331605, -0.17799255251885987, -0.16293357687994572, -0.17476118866939216, -0.18106703460198884, -0.17844165737739914, -0.18055877279016438, -0.18128610884780713, -0.18113667006950526, -0.18064103901694872, -0.18042048812030687, -0.18048229731823728, -0.1807212009716305, -0.18057718816222265]}, "acc_val": {"Train": [0.752034489440031, 0.7258767680682038, 0.8062391009494284, 0.8038655299360589, 0.8247917070335207, 0.8412613834528192, 0.8501259445843828, 0.8595233481883356, 0.8509978686301104, 0.8533229994187173, 0.8561325324549506, 0.8560356520054253, 0.8559387715559, 0.8555996899825615, 0.8561325324549506, 0.8563747335787638, 0.8562294129044759, 0.8564231738035264, 0.8564716140282891, 0.8562778531292385], "Valid": [0.7925636007827789, 0.772104607721046, 0.8824052659669098, 0.9290161892901619, 0.900907311866216, 0.8909446717665895, 0.8815157445294431, 0.8704856787048568, 0.862479985767657, 0.8747553816046967, 0.8720868172922968, 0.87600071161715, 0.8768902330546167, 0.8768902330546167, 0.8777797544920832, 0.8768902330546167, 0.8772460416296033, 0.8776018502045899, 0.8774239459170966, 0.8776018502045899]}, "f1_val": {"Train": [0.7525020548276362, 0.726367196944055, 0.806613807774125, 0.8042542905487068, 0.8251727971385759, 0.8415913375549863, 0.8504447022428461, 0.8598085661800252, 0.8513291445142581, 0.853649105848236, 0.8564385150812065, 0.8563279512713914, 0.8562312675239292, 0.8558998404795284, 0.8564246350188534, 0.8566871284257335, 0.8565351894818252, 0.8567285382830627, 0.8567699521438584, 0.8565765939962295], "Valid": [0.7923049519059495, 0.7718610863757792, 0.8822376625690361, 0.928940338379341, 0.9008014247551202, 0.8907892392659895, 0.8813257305773343, 0.8703703703703703, 0.8623330365093499, 0.8745992162451015, 0.8719045073935506, 0.8758682101513801, 0.8767367296045601, 0.8767367296045601, 0.8776491540516473, 0.8767367296045601, 0.8770929818311365, 0.8774492340577129, 0.8772492428291466, 0.8774492340577129]}}, "report_dict": {"Training_samples": "(array([0., 1.], dtype=float32), array([10296, 10348]))", "Validation_samples": "(array([0., 1.], dtype=float32), array([2814, 2807]))", "smoothing": null, "Butter_cut_off_freq": 30, "scaler": "RobustScaler"}, "ReduceLROnPlateau_args": {"mointored_metric": "val_loss", "factor": 0.2, "patience": 1, "verbose": 1, "min_lr": 1e-06}, "arg_dict": {"input_dropout_streams": [0.2, 0.2, 0.2], "filters_streams": [[64], [64], [64]], "kernels_streams": [[7], [5], [3]], "kernels_init_streams": [["glorot_normal"], ["glorot_normal"], ["glorot_normal"]], "kernels_Max_Norm_constraint_streams": [[3], [3], [3]], "conv_kernel_regularizer_streams": [["l1_l2"], ["l1_l2"], ["l1_l2"]], "conv_kernel_regularizer_strength_streams": [[[0.01, 0.01]], [[0.01, 0.01]], [[0.01, 0.01]]], "strides_streams": [[1], [1], [1]], "paddings_streams": [["same"], ["same"], ["same"]], "dropouts_streams": [[0.5], [0.5], [0.5]], "activations_streams": [["tanh"], ["tanh"], ["tanh"]], "dense_layers": [64], "dense_kernel_Max_Norm_constraints": [3], "dense_kernel_regularizer": ["l1_l2"], "dense_kernel_regularizer_strength": [[0.01, 0.01]], "dense_kernel_inits": ["glorot_normal"], "dense_dropouts": [0], "dense_activations": ["relu"], "loss_func_name": "k_contrastive_loss", "contrastive_loss_margin": 0.5, "optimizer_name": "Adam", "optimizer_lr": 0.001, "optimizer_decay": null, "batch_size": 256}}}}