{"1000": {"SCNN_3_1_conv_1_dense_arg_dict_default": {"lr_epoch_log_dict": "{0: 0.001, 1: 0.001, 2: 0.001, 3: 0.001, 4: 0.001, 5: 0.001, 6: 0.001, 7: 0.001, 8: 0.001, 9: 0.001, 10: 0.001, 11: 0.00020000001, 12: 0.00020000001, 13: 0.00020000001, 14: 0.00020000001, 15: 0.00020000001, 16: 4.0000003e-05, 17: 8.000001e-06, 18: 1.6000001e-06, 19: 1e-06}", "loss_record_dict": {"loss": [0.7195037603378296, 0.37489888072013855, 0.20500628650188446, 0.12036184966564178, 0.07860557734966278, 0.05535914748907089, 0.042397551238536835, 0.03486013785004616, 0.02953094244003296, 0.026797840371727943, 0.024903500452637672, 0.022994548082351685, 0.022229403257369995, 0.0220576710999012, 0.021378526464104652, 0.021096786484122276, 0.021008741110563278, 0.02083638869225979, 0.02066977508366108, 0.02066924050450325], "val_loss": [0.5061607360839844, 0.27008676528930664, 0.15156680345535278, 0.09560463577508926, 0.06991896033287048, 0.06106376275420189, 0.05976251885294914, 0.047427061945199966, 0.03806091099977493, 0.03566429764032364, 0.03564457595348358, 0.03499361127614975, 0.03440975397825241, 0.03382983058691025, 0.03180425241589546, 0.03250781074166298, 0.032536767423152924, 0.032534483820199966, 0.03250490501523018, 0.032425180077552795]}, "metric_record_dict": {"roc_val": {"Train": [0.8600172899192033, 0.8726685049102424, 0.8808830186209873, 0.8952537598713188, 0.9061673338526354, 0.9335801275668884, 0.9456318569492614, 0.9561270834403324, 0.9679833753145022, 0.975112247628676, 0.9786535921719048, 0.9816314459603018, 0.9835662561732816, 0.9853177601293178, 0.9853155075178655, 0.9854033546715708, 0.98599706796339, 0.9865625250603025, 0.9866413476893763, 0.9866550745404147], "Valid": [0.8987052371102907, 0.9006861463459841, 0.904947880071372, 0.9068537155436112, 0.9009103548368393, 0.8802158225109376, 0.8786938380518395, 0.89040673775, 0.9316290702829686, 0.9364137883537678, 0.9406172861075053, 0.9378779166410302, 0.9387731048052526, 0.9392486141737747, 0.9484022961177623, 0.9418420139113077, 0.9396885489596142, 0.9406270343027597, 0.9409507503451748, 0.9413187763660196]}, "eer_val": {"Train": [0.1988150738167919, 0.19454156954214027, 0.19541569541764314, 0.18686868686782, 0.17132867132851526, 0.13791763791716782, 0.12198912198804987, 0.11026285272563606, 0.09354464630846533, 0.07944832944752986, 0.07247777348279842, 0.06928875144964872, 0.0649766899775289, 0.061751063007342094, 0.05952841128719887, 0.06167443667529045, 0.05963480963607225, 0.0580808080815717, 0.05807885581753304, 0.05817793317732435], "Valid": [0.15247595297450534, 0.1684434968003213, 0.17634485215577814, 0.18336886993611773, 0.1895261845386532, 0.22087638047737804, 0.2230138938371847, 0.19486996793729044, 0.1660135375846099, 0.16779479871763844, 0.1603135019593942, 0.16636978981118644, 0.16138225863936317, 0.16458852867830973, 0.14996446339755126, 0.16245101531884887, 0.15920398009874936, 0.15781973637334926, 0.15710723192019946, 0.15742714996342583]}, "thres": {"Train": [-0.08163774758633979, -0.11310240626336847, -0.14635831117639253, -0.1750552058218095, -0.18136981129644567, -0.1788859069346089, -0.190198168158471, -0.17803288796564065, -0.2068599655700089, -0.20291677117233922, -0.21257720535724, -0.20543081365792104, -0.20343725383391664, -0.20031512794482456, -0.20641124577977388, -0.20346976816684284, -0.20249520242235133, -0.2028326243165013, -0.20275815175705128, -0.2024317830798631], "Valid": [-0.10679282723664431, -0.15765734016875296, -0.21198832174938026, -0.2464755624532702, -0.25852113951025457, -0.2568756382810207, -0.28825770846600096, -0.2584887935485022, -0.2948793442617925, -0.30435286042407256, -0.3109123019357598, -0.302673513901204, -0.3042860501017361, -0.30333792720848035, -0.3115738034248581, -0.29897088444143854, -0.29805248975731846, -0.3006680556068984, -0.3020569423627006, -0.30219697952249946]}, "acc_val": {"Train": [0.8012981980236388, 0.8054156171284634, 0.8045436930827359, 0.8131660530904863, 0.8287153652392947, 0.8620906801007556, 0.8780275140476652, 0.8897500484402248, 0.906413485758574, 0.9205580313892656, 0.9275334237550862, 0.930682038364658, 0.9349932183685332, 0.9382871536523929, 0.9405154039914745, 0.9382871536523929, 0.9403216430924239, 0.9419201705095912, 0.9419686107343538, 0.9417748498353032], "Valid": [0.8475360256182174, 0.8317025440313112, 0.8236968510941114, 0.8165806795943782, 0.8103540295321118, 0.779042874933286, 0.7772638320583526, 0.8053727094822986, 0.8341932040562178, 0.8322362568937911, 0.8397082369685109, 0.8338373954812311, 0.8389966198185377, 0.8350827254936845, 0.8503824942181106, 0.837573385518591, 0.8409535669809642, 0.8423768012809109, 0.8423768012809109, 0.8427326098558975]}, "f1_val": {"Train": [0.8017208043310131, 0.805801305293691, 0.8049311094996374, 0.8135363790186125, 0.8290631344870927, 0.8623773384250978, 0.8782869296210365, 0.8899951667472208, 0.9066305818673884, 0.9207346544224263, 0.9277015271602552, 0.9308461798675881, 0.9351440170114055, 0.9384303112313938, 0.9406533926155037, 0.9384303112313938, 0.9404600811907984, 0.9420577006717248, 0.9421032283007925, 0.9419043015949734], "Valid": [0.847373107747106, 0.8314926968293552, 0.8235084594835264, 0.8163846838824578, 0.8101851851851852, 0.778846153846154, 0.7769861061631635, 0.8051300320627004, 0.8339864624153901, 0.8320569902048085, 0.8395369545859307, 0.8336302101888137, 0.838767147692856, 0.834965283959409, 0.8502759480149547, 0.8373998219056099, 0.840755254720342, 0.8421802636266477, 0.8422926308294766, 0.8425365158532241]}}, "report_dict": {"Training_samples": "(array([0., 1.], dtype=float32), array([10296, 10348]))", "Validation_samples": "(array([0., 1.], dtype=float32), array([2814, 2807]))", "smoothing": null, "Butter_cut_off_freq": 30, "scaler": "RobustScaler"}, "ReduceLROnPlateau_args": {"mointored_metric": "val_loss", "factor": 0.2, "patience": 1, "verbose": 1, "min_lr": 1e-06}, "arg_dict": {"input_dropout_streams": [0.2, 0.2, 0.2], "filters_streams": [[32], [32], [32]], "kernels_streams": [[7], [5], [3]], "kernels_init_streams": [["glorot_normal"], ["glorot_normal"], ["glorot_normal"]], "kernels_Max_Norm_constraint_streams": [[3], [3], [3]], "conv_kernel_regularizer_streams": [["l2"], ["l2"], ["l2"]], "conv_kernel_regularizer_strength_streams": [[[0.01]], [[0.01]], [[0.01]]], "strides_streams": [[1], [1], [1]], "paddings_streams": [["same"], ["same"], ["same"]], "dropouts_streams": [[0.2], [0.2], [0.2]], "activations_streams": [["tanh"], ["tanh"], ["tanh"]], "dense_layers": [32], "dense_kernel_Max_Norm_constraints": [3], "dense_kernel_regularizer": ["l2"], "dense_kernel_regularizer_strength": [[0.01]], "dense_kernel_inits": ["glorot_normal"], "dense_dropouts": [0], "dense_activations": ["tanh"], "loss_func_name": "k_contrastive_loss", "contrastive_loss_margin": 0.5, "optimizer_name": "Adam", "optimizer_lr": 0.001, "optimizer_decay": null, "batch_size": 256}}}}