{"1000": {"SCNN_3_1_conv_1_dense_arg_dict_default": {"lr_epoch_log_dict": "{0: 0.001, 1: 0.001, 2: 0.001, 3: 0.001, 4: 0.001, 5: 0.001, 6: 0.001, 7: 0.00020000001, 8: 4.0000003e-05, 9: 8.000001e-06, 10: 1.6000001e-06, 11: 1e-06, 12: 1e-06, 13: 1e-06, 14: 1e-06, 15: 1e-06, 16: 1e-06, 17: 1e-06, 18: 1e-06, 19: 1e-06}", "loss_record_dict": {"loss": [1.0729306936264038, 0.3580990731716156, 0.12621545791625977, 0.05444373935461044, 0.03298289328813553, 0.023534951731562614, 0.020311366766691208, 0.017680853605270386, 0.01687762141227722, 0.016600899398326874, 0.016672752797603607, 0.01701507903635502, 0.016813119873404503, 0.0167916901409626, 0.016606366261839867, 0.016663335263729095, 0.016954194754362106, 0.01663348264992237, 0.01676306687295437, 0.016591500490903854], "val_loss": [0.5828884243965149, 0.2100144624710083, 0.09088020026683807, 0.0522504597902298, 0.04404887184500694, 0.03014029935002327, 0.03301234915852547, 0.03518664464354515, 0.03476579114794731, 0.0339997336268425, 0.0339677594602108, 0.03436101973056793, 0.034476835280656815, 0.03467165678739548, 0.03463824838399887, 0.034482356160879135, 0.03460855782032013, 0.034579042345285416, 0.03460647910833359, 0.03472109138965607]}, "metric_record_dict": {"roc_val": {"Train": [0.928066626389974, 0.9274590173012571, 0.928594952941445, 0.9419918292526526, 0.9616250979135113, 0.9744278385682522, 0.9830712776571879, 0.9879792487180389, 0.9885097950303787, 0.9888965496450036, 0.9888603295300241, 0.9887213527892889, 0.9887117885764968, 0.988671405823271, 0.9886998497357987, 0.9887142664490943, 0.988709826927357, 0.9887056408244078, 0.9887068281383607, 0.9887045614480868], "Valid": [0.9616692100594287, 0.9522467564462789, 0.9392681105642837, 0.9210464548345857, 0.9177209276534524, 0.9524246293596903, 0.922219529863533, 0.908262393057867, 0.9101108787580242, 0.9138386139433626, 0.9138274731487861, 0.9115555106547772, 0.9108186990134571, 0.9097050626555755, 0.9098285608954565, 0.9105471421456511, 0.9096730328711675, 0.9098447656875682, 0.9095808048160642, 0.9089096985427586]}, "eer_val": {"Train": [0.1300734441437732, 0.13500388500459384, 0.13403263403344723, 0.12257187257261148, 0.0924630924621875, 0.08484731349052961, 0.06561654425976092, 0.05137917638091813, 0.05196192696081482, 0.05031080031040028, 0.0504079254091791, 0.050893550891954575, 0.050927715501006485, 0.05083107846926829, 0.050893550892923495, 0.05083107846926827, 0.050699300698336, 0.050699300700452754, 0.05069930069884076, 0.050541167375339466], "Valid": [0.09298183113644068, 0.09832561453509557, 0.1250888415053757, 0.15211970074813155, 0.1606697541860798, 0.10758817242607756, 0.15991471215338676, 0.17839374555717868, 0.17519545131483927, 0.17412935323369857, 0.1738510865697808, 0.17456359102244448, 0.17527609547559686, 0.1762615493967393, 0.17634485215531606, 0.17598859992874935, 0.17697228145007177, 0.17697228144988594, 0.17768301350364057, 0.17812611328820807]}, "thres": {"Train": [-0.0676498474487661, -0.0692335143686452, -0.08185583353043763, -0.11474820971492507, -0.12091434001915585, -0.13645741126345629, -0.16698047511242223, -0.17746645212288903, -0.1807968318457753, -0.18040278553948588, -0.18050558865137836, -0.18119540810575913, -0.18154485733385356, -0.18185650298942851, -0.18173295259446406, -0.1813653269005775, -0.18150152265946098, -0.1814265400174838, -0.18162722885592322, -0.18182377457319246], "Valid": [-0.09217086071744575, -0.09742818209818832, -0.11515390127884306, -0.14795192864321782, -0.14072947351515563, -0.18617127166870523, -0.2101561129092854, -0.18690228462187042, -0.18989615142345134, -0.19320310652250303, -0.1938035253354317, -0.19181035704297617, -0.19079416821821477, -0.19020706415204439, -0.19021791248510006, -0.19081477193798205, -0.18962238729004244, -0.18953095376491452, -0.18933859467504968, -0.189296518180733]}, "acc_val": {"Train": [0.8699379965123039, 0.8649970935865142, 0.865965898081767, 0.8774462313505135, 0.9075760511528773, 0.9151811664406123, 0.9344119356713815, 0.9486049215268358, 0.9480720790544468, 0.9497190466963766, 0.9495737260220888, 0.949137763999225, 0.9490893237744623, 0.9491862042239876, 0.949137763999225, 0.9492346444487503, 0.9493315248982755, 0.9492830846735129, 0.9493315248982755, 0.9494768455725635], "Valid": [0.9069560576409892, 0.9016189290161893, 0.87493328589219, 0.847891834193204, 0.8395303326810176, 0.8925458103540296, 0.8402419498309909, 0.8217399039316847, 0.8249421811065647, 0.8260096068315247, 0.8263654154065113, 0.8254758939690446, 0.8247642768190714, 0.8236968510941114, 0.8236968510941114, 0.8242305639565913, 0.822985233944138, 0.8231631382316313, 0.8224515210816581, 0.821917808219178]}, "f1_val": {"Train": [0.8702208903281937, 0.8652907342065833, 0.8662574314853303, 0.8777187046882552, 0.9077815369743838, 0.9153738340341212, 0.9345640827372897, 0.9487266225293578, 0.9481925381790064, 0.9498356852890005, 0.9496931329435074, 0.9492557510148849, 0.9492098777364325, 0.9493065287778477, 0.9492557510148849, 0.9493524067272376, 0.9494490624395903, 0.9494031798192626, 0.9494490624395903, 0.9495964819020926], "Valid": [0.9068566340160286, 0.9015138023152272, 0.874755032959202, 0.8477292965271594, 0.8393302458140364, 0.8924118275739223, 0.8400427502671892, 0.8215176344852155, 0.8247239045244033, 0.8257926612041325, 0.826148913430709, 0.8252894033837935, 0.8245770258236866, 0.8235084594835264, 0.8235084594835264, 0.8240114000712504, 0.8227960819234194, 0.8229426433915211, 0.8222301389383685, 0.8217275155832592]}}, "report_dict": {"Training_samples": "(array([0., 1.], dtype=float32), array([10296, 10348]))", "Validation_samples": "(array([0., 1.], dtype=float32), array([2814, 2807]))", "smoothing": null, "Butter_cut_off_freq": 35, "scaler": "RobustScaler"}, "ReduceLROnPlateau_args": {"mointored_metric": "val_loss", "factor": 0.2, "patience": 1, "verbose": 1, "min_lr": 1e-06}, "arg_dict": {"input_dropout_streams": [0.2, 0.2, 0.2], "filters_streams": [[32], [32], [32]], "kernels_streams": [[7], [5], [3]], "kernels_init_streams": [["glorot_normal"], ["glorot_normal"], ["glorot_normal"]], "kernels_Max_Norm_constraint_streams": [[3], [3], [3]], "conv_kernel_regularizer_streams": [["l2"], ["l2"], ["l2"]], "conv_kernel_regularizer_strength_streams": [[[0.02]], [[0.02]], [[0.02]]], "strides_streams": [[1], [1], [1]], "paddings_streams": [["same"], ["same"], ["same"]], "dropouts_streams": [[0.5], [0.5], [0.5]], "activations_streams": [["tanh"], ["tanh"], ["tanh"]], "dense_layers": [32], "dense_kernel_Max_Norm_constraints": [3], "dense_kernel_regularizer": ["l2"], "dense_kernel_regularizer_strength": [[0.02]], "dense_kernel_inits": ["glorot_normal"], "dense_dropouts": [0], "dense_activations": ["tanh"], "loss_func_name": "k_contrastive_loss", "contrastive_loss_margin": 0.5, "optimizer_name": "Adam", "optimizer_lr": 0.001, "optimizer_decay": null, "batch_size": 256}}}}