{"125": {"SCNN_1_3_conv_1_dense_arg_dict_default": {"lr_epoch_log_dict": "{0: 0.001, 1: 0.001, 2: 0.001, 3: 0.001, 4: 0.001, 5: 0.001, 6: 0.001, 7: 0.001, 8: 0.001, 9: 0.001, 10: 0.001, 11: 0.001, 12: 0.00020000001, 13: 0.00020000001, 14: 0.00020000001, 15: 4.0000003e-05, 16: 4.0000003e-05, 17: 8.000001e-06, 18: 8.000001e-06, 19: 8.000001e-06, 20: 8.000001e-06, 21: 1.6000001e-06, 22: 1.6000001e-06, 23: 1e-06, 24: 1e-06, 25: 1e-06, 26: 1e-06, 27: 1e-06, 28: 1e-06, 29: 1e-06}", "loss_record_dict": {"loss": [35.776390075683594, 11.424056053161621, 4.153469562530518, 1.5111035108566284, 0.5515367388725281, 0.3997710347175598, 0.3747134208679199, 0.3533005118370056, 0.3575578033924103, 0.3508700132369995, 0.3481992781162262, 0.34718841314315796, 0.26385927200317383, 0.23352974653244019, 0.23001381754875183, 0.2072751820087433, 0.19709733128547668, 0.19202665984630585, 0.1894063800573349, 0.18952639400959015, 0.19015605747699738, 0.18879051506519318, 0.18869554996490479, 0.18784990906715393, 0.18844647705554962, 0.1871897429227829, 0.18833662569522858, 0.1886148601770401, 0.18867112696170807, 0.18823684751987457], "val_loss": [19.025943756103516, 5.5813188552856445, 2.4071853160858154, 1.0502612590789795, 0.7517537474632263, 0.6986806392669678, 0.6612088084220886, 0.5955221652984619, 0.5221326351165771, 0.45371919870376587, 0.37111639976501465, 0.3768782913684845, 0.28620436787605286, 0.2544938325881958, 0.2544652223587036, 0.21442802250385284, 0.22447900474071503, 0.21116586029529572, 0.2108611762523651, 0.2081662118434906, 0.20866960287094116, 0.2060304582118988, 0.2069709151983261, 0.2059599906206131, 0.20630142092704773, 0.20622190833091736, 0.2064146101474762, 0.20682087540626526, 0.20561350882053375, 0.20596304535865784]}, "metric_record_dict": {"roc_val": {"Train": [0.6394325199298951, 0.6245976248949251, 0.6575245140457, 0.7544807467964743, 0.6944661290219197, 0.8005193768210696, 0.8590489243900161, 0.8460514954060059, 0.8706071819045893, 0.8614636214171515, 0.8627208862370637, 0.8754057516953917, 0.888574488269153, 0.9104697649801573, 0.915299027404636, 0.9260251728814243, 0.9236848352407062, 0.9268849157294625, 0.9274163795992595, 0.928131255276638, 0.9270159732180303, 0.9275595470286919, 0.92769597272356, 0.927801671446545, 0.9276611137208148, 0.9275197833854358, 0.9275877844805958, 0.927569985843502, 0.9276370941452898, 0.9275735970782307], "Valid": [0.7445001988801517, 0.7258326619003423, 0.7346200497838965, 0.7685628366180947, 0.7728548393573024, 0.7488958912711321, 0.8269986628307469, 0.8240536837666845, 0.8148298070122872, 0.8006112314315356, 0.8328719901861903, 0.8243332369483579, 0.8313781608919755, 0.8556030864876442, 0.8441593691111791, 0.8711821925036747, 0.8571166705670883, 0.8584690464107898, 0.8590542015258228, 0.8614329303449029, 0.8597200296707685, 0.8614265444957242, 0.8603412028128242, 0.8612393104789764, 0.8606830295093308, 0.8602938832109961, 0.8605111399071561, 0.8600373007098217, 0.8611470142847312, 0.8607101578829999]}, "eer_val": {"Train": [0.4160256410264347, 0.42158119658294413, 0.3834401709408789, 0.3115491750589237, 0.36784188034283133, 0.2745875294619149, 0.2213675213679065, 0.23814102564044642, 0.2076923076920491, 0.22425213675111033, 0.21720085470159772, 0.20566239316198348, 0.19209401709432392, 0.16198842939790017, 0.156089743589682, 0.14188034187975715, 0.145299145299155, 0.14113247863147174, 0.14034711806299555, 0.13920940170815038, 0.14091880341991042, 0.13985042735143435, 0.13985042735017128, 0.1401328476537367, 0.14017094017077858, 0.14081196581244504, 0.14070512820658707, 0.1405982905987816, 0.14059829059684717, 0.14023998285836897], "Valid": [0.3350493350485075, 0.34169884169761794, 0.34341484341568035, 0.3107731848361534, 0.30630630630594435, 0.3306917969584854, 0.24581724581655306, 0.24930391946902405, 0.2616902616896266, 0.2773613193403298, 0.2456027456023682, 0.2509652509636199, 0.24989274989254046, 0.21728871728736407, 0.22608322608217526, 0.20227370227285735, 0.2137502677232703, 0.21225101734850643, 0.21267937459841893, 0.21182266009852216, 0.21364221364130392, 0.21128271128246645, 0.21171171171098382, 0.21128271128393913, 0.2118226600985221, 0.21235521235574542, 0.21160848147354905, 0.21332191047333468, 0.21182266009858433, 0.21235521235565696]}, "thres": {"Train": [-0.07569778710617317, -0.004789264407019093, -0.00030312885064635907, -2.3090981569649123e-05, -0.0014747822424407847, -0.004530262353782292, -0.01073903869838053, -0.029529221355898732, -0.08441738039254283, -0.1253594160076934, -0.19383940100676536, -0.2230427563187337, -0.19687888026239186, -0.26333424529214644, -0.280712753534282, -0.2731869220732895, -0.27215781807899847, -0.29289519786788343, -0.28913314351353697, -0.2946277260778521, -0.2970124483120295, -0.2996098101154591, -0.3003109693526527, -0.30161726574379705, -0.3013330399989974, -0.302480101585564, -0.3006972670569667, -0.3006956875325105, -0.3017274737355404, -0.3012959811846866], "Valid": [-0.10281895101068746, -0.006748127285333961, -0.0004989860462971285, -2.5000351166997192e-05, -0.0018784346757430145, -0.0045993733506039195, -0.01270200405269237, -0.033522267733054514, -0.09597584605211301, -0.14403086165706258, -0.23597733676410101, -0.25854128599088744, -0.21928994357585765, -0.2964643537997382, -0.30843871831868663, -0.3062393665312532, -0.29693995056481093, -0.3238116075386785, -0.3193756405828257, -0.3267295504438466, -0.32860115170459586, -0.3303196430205494, -0.3314855396741783, -0.33203551173257545, -0.332189739778124, -0.3329172432422849, -0.3305668507826918, -0.33067569189343315, -0.33208012375338597, -0.33212745189681087]}, "acc_val": {"Train": [0.5839306729431903, 0.5783673906066118, 0.6165079704718092, 0.6884561891515995, 0.6321279554937413, 0.7254199208302129, 0.7786990478228308, 0.7619022146143147, 0.7922862950679362, 0.7755964480582005, 0.7827645233764844, 0.7943725259441532, 0.8078527869904782, 0.838022895046539, 0.8439606290788488, 0.8581363004172462, 0.8548197282550551, 0.858671231411148, 0.8596341072001712, 0.8607574622873649, 0.8590991762062694, 0.8601155450946828, 0.8599550657965123, 0.8599015726971221, 0.8598480795977319, 0.85925965550444, 0.85925965550444, 0.8593666417032203, 0.8593131486038301, 0.8596876002995614], "Valid": [0.6649876754903011, 0.658343157217876, 0.6565212731754367, 0.6893151859393419, 0.6937091415711071, 0.6693816311220663, 0.754259993569821, 0.7506162254849427, 0.7383988854356446, 0.7226449469510234, 0.7544743328689315, 0.7491158503911692, 0.7499732075876112, 0.782552781052406, 0.7739792090879862, 0.7975565319901404, 0.7863037187868396, 0.7879112635301683, 0.7873754152823921, 0.7882327724788339, 0.7864108884363948, 0.788661451077055, 0.7883399421283892, 0.7887686207266102, 0.7882327724788339, 0.7875897545815025, 0.7885542814274997, 0.7866252277355053, 0.7882327724788339, 0.7876969242310577]}, "f1_val": {"Train": [0.5835742584859193, 0.5780062105150444, 0.6161589120308401, 0.6881559220389806, 0.6317931145258874, 0.725140562248996, 0.7784738955823293, 0.761634445456006, 0.7920304215092926, 0.7752959451497133, 0.7825202163551651, 0.7941302485004285, 0.8076263924592973, 0.8378320479862896, 0.8437684109046114, 0.8579539367970006, 0.8546642390489451, 0.8584592306868102, 0.8594687232219366, 0.8605710000535647, 0.8589331619537275, 0.8599432274650527, 0.8597449908925319, 0.8597289914841197, 0.8596679164434923, 0.859101376318749, 0.8590862835413208, 0.8591934015317872, 0.8591172059138633, 0.8595298023884754],