{"1000": {"SCNN_3_1_conv_1_dense_arg_dict_default": {"lr_epoch_log_dict": "{0: 0.001, 1: 0.001, 2: 0.001, 3: 0.001, 4: 0.001, 5: 0.001, 6: 0.001, 7: 0.001, 8: 0.001, 9: 0.001, 10: 0.001, 11: 0.001, 12: 0.00020000001, 13: 0.00020000001, 14: 0.00020000001, 15: 4.0000003e-05, 16: 4.0000003e-05, 17: 4.0000003e-05, 18: 8.000001e-06, 19: 8.000001e-06, 20: 8.000001e-06, 21: 8.000001e-06, 22: 8.000001e-06, 23: 8.000001e-06, 24: 1.6000001e-06, 25: 1.6000001e-06, 26: 1.6000001e-06, 27: 1e-06, 28: 1e-06, 29: 1e-06}", "loss_record_dict": {"loss": [10.960185050964355, 3.3823390007019043, 0.945553183555603, 0.3027957081794739, 0.13230814039707184, 0.09054204076528549, 0.07927412539720535, 0.07529293745756149, 0.07382353395223618, 0.07379618287086487, 0.0731542780995369, 0.07302841544151306, 0.041341762989759445, 0.04069820046424866, 0.040600165724754333, 0.03429004177451134, 0.0342261977493763, 0.03432738780975342, 0.032574497163295746, 0.032687585800886154, 0.03315633535385132, 0.032755572348833084, 0.033141348510980606, 0.032816462218761444, 0.03274327144026756, 0.03244815766811371, 0.03300894424319267, 0.0325169637799263, 0.032417699694633484, 0.032330192625522614], "val_loss": [5.705447673797607, 1.5668450593948364, 0.5018002986907959, 0.18366923928260803, 0.09496567398309708, 0.07523097842931747, 0.06866772472858429, 0.06497685611248016, 0.06673932820558548, 0.06485334038734436, 0.06838303059339523, 0.06573265790939331, 0.03245019540190697, 0.03344116359949112, 0.03270404040813446, 0.02611435204744339, 0.02613743767142296, 0.026324426755309105, 0.025037478655576706, 0.024906961247324944, 0.024893976747989655, 0.02476157434284687, 0.02483145147562027, 0.024806665256619453, 0.024574147537350655, 0.024594128131866455, 0.024583155289292336, 0.02455986849963665, 0.024536751210689545, 0.024529840797185898]}, "metric_record_dict": {"roc_val": {"Train": [0.8686337216568502, 0.8226038467228391, 0.8310646407380076, 0.9112943718986755, 0.9410539784605626, 0.9373441318019982, 0.9360162840948179, 0.9287420969630092, 0.9382880385731177, 0.9378298803469529, 0.941400899396003, 0.9317128200889957, 0.9411435051655385, 0.9421600377984864, 0.9417425412947897, 0.941287668126993, 0.9412844206121489, 0.940597987330045, 0.94059828976399, 0.9407091641339804, 0.9408152266756183, 0.9407757037733844, 0.9407317507352941, 0.9406978510186859, 0.940651522309814, 0.9406626185069684, 0.9406500810556345, 0.9406203132124403, 0.9405897965845138, 0.9406225866814065], "Valid": [0.9253499665396363, 0.8816150683297848, 0.8701316310199221, 0.9563755602363774, 0.9748553532404141, 0.9740376442384747, 0.9768130946873855, 0.9774753389650049, 0.9778189311977442, 0.977427610788239, 0.9693447111229947, 0.9722549272063014, 0.9783224191526464, 0.9780365564918043, 0.977850201382522, 0.9792760964883963, 0.9790845507816406, 0.9785665038338258, 0.9787282985550643, 0.9789054118688454, 0.9789075640677977, 0.9791207583640149, 0.9790544199963084, 0.9790687257893442, 0.9790209976125783, 0.9790547997961235, 0.9790087174185564, 0.9790479633994514, 0.9790553061958769, 0.9790906275786824]}, "eer_val": {"Train": [0.19920113387450056, 0.24745522484217786, 0.23549598549588405, 0.16679616679609924, 0.1279461279460446, 0.13406777477128348, 0.1351333851333201, 0.14721041102950652, 0.13280238280167425, 0.13226388352016408, 0.12703962704013053, 0.14335664335749948, 0.12703962703969804, 0.12535612535600513, 0.12703962704038324, 0.12691663445435025, 0.12633681226646673, 0.12788137788053588, 0.12807562807614756, 0.12807627883004766, 0.12775415539234639, 0.12788137788076415, 0.1276871276862368, 0.12788300476742684, 0.1280108780109005, 0.1279474294549672, 0.12801087801057848, 0.12807627883004774, 0.12801087800986083, 0.12807562807553727], "Valid": [0.1385927505328366, 0.21179815209525474, 0.22230138938368355, 0.09583184894901113, 0.06289978677982784, 0.06376914855717848, 0.06305664410402462, 0.0630566441040257, 0.06804417527609549, 0.06911293195582385, 0.08955223880538885, 0.07588172426077425, 0.07018168863555059, 0.06787491115907124, 0.06911293195582462, 0.06733167082294272, 0.06733167082311682, 0.06733167082294267, 0.06733167082294267, 0.06733167082294265, 0.06733167082294272, 0.0671641791043014, 0.06733167082288904, 0.06697541859636627, 0.06697541859636641, 0.06697541859636631, 0.06697541859636641, 0.06697541859636642, 0.06697541859636641, 0.06697541859636635]}, "thres": {"Train": [-0.10351604241971393, -0.0961003055674357, -0.10222507268188259, -0.11184069514271923, -0.14877797663211786, -0.15826806186431225, -0.15928195416927235, -0.14368578334849086, -0.16326914727667413, -0.16314679164582918, -0.17617164552230047, -0.16210480034373553, -0.1632791906595367, -0.1638742685317836, -0.16499140858655725, -0.16501567598863187, -0.16463668273771612, -0.16387121379362674, -0.16438904404649454, -0.16459526578385625, -0.16409050006812542, -0.16411046683787706, -0.16421137750146642, -0.16434757423959984, -0.16427914798259835, -0.16412597512779523, -0.164286091923682, -0.1641814128762514, -0.1641968339680277, -0.1641362756490653], "Valid": [-0.13808344304558706, -0.13617970049365152, -0.14330558637133856, -0.1719663086550821, -0.24738462269191858, -0.2753869205193032, -0.2935352791277245, -0.23867098035806436, -0.28033700013101254, -0.2707743196352371, -0.23309350013716545, -0.24917110826754907, -0.26958525780950515, -0.28635075688372746, -0.2867920152581785, -0.2874550235984927, -0.2852376816379692, -0.28304530007583545, -0.2829550998401538, -0.28398386266895825, -0.2837801435474595, -0.28390276432029393, -0.28535830564752573, -0.28495340715492584, -0.2852130154947758, -0.285498961911584, -0.2848622190345002, -0.28502640976870164, -0.28551351085460425, -0.28466960316770107]}, "acc_val": {"Train": [0.8008137957760124, 0.7525673319124201, 0.7645159206872053, 0.8331072789511077, 0.8718917522443971, 0.8659497513401796, 0.8648840663954014, 0.8528385971710909, 0.8672091971840082, 0.8677581863979849, 0.8730220241555254, 0.8566815216689272, 0.8729574371891752, 0.8746689917974553, 0.8729574371891752, 0.8730866111218756, 0.8736678938190273, 0.8721501001097979, 0.8719886326939223, 0.8719240457275722, 0.8722469805593231, 0.8721178066266227, 0.8723438610088484, 0.8721178066266227, 0.8719886326939223, 0.8720532196602726, 0.8719886326939223, 0.8719563392107472, 0.8719886326939223, 0.8719240457275722], "Valid": [0.8612346557552037, 0.788293897882939, 0.7777975449208326, 0.9042874933285893, 0.937199786514855, 0.9363102650773883, 0.9373776908023483, 0.9368439779398684, 0.9320405621775485, 0.9309731364525885, 0.9105141433908557, 0.924212773527842, 0.9299057107276285, 0.9320405621775485, 0.9313289450275751, 0.9325742750400284, 0.9327521793275217, 0.9325742750400284, 0.9329300836150152, 0.9325742750400284, 0.9325742750400284, 0.9329300836150152, 0.9327521793275217, 0.9331079879025085, 0.9331079879025085, 0.9329300836150152, 0.9331079879025085, 0.9325742750400284, 0.9329300836150152, 0.9332858921900018]}, "f1_val": {"Train": [0.8012118086889262, 0.7530299123259412, 0.7649561629706034, 0.8334300264294463, 0.8721436168498405, 0.8662391647600941, 0.8651714359370972, 0.8531468531468531, 0.8674916215519465, 0.8680436954210035, 0.873308416032994, 0.8569955532641619, 0.8732358058903139, 0.8749395804466212, 0.8732358058903139, 0.8733646967841722, 0.8739447058065348, 0.8724261270260689, 0.872277355329295, 0.8722046787394471, 0.8725269059740929, 0.8723897911832945, 0.8726194695968807, 0.8723980150802346, 0.8722691241863761, 0.8723335696333053, 0.8722608919824697, 0.8722327844552573, 0.8722608919824697, 0.8721964423820572],