{"500": {"SCNN_3_1_conv_1_dense_arg_dict_default": {"lr_epoch_log_dict": "{0: 0.001, 1: 0.001, 2: 0.001, 3: 0.001, 4: 0.001, 5: 0.001, 6: 0.001, 7: 0.001, 8: 0.001, 9: 0.001, 10: 0.001, 11: 0.001, 12: 0.001, 13: 0.001, 14: 0.001, 15: 0.00020000001, 16: 0.00020000001, 17: 0.00020000001, 18: 0.00020000001, 19: 0.00020000001, 20: 4.0000003e-05, 21: 4.0000003e-05, 22: 4.0000003e-05, 23: 4.0000003e-05, 24: 4.0000003e-05, 25: 8.000001e-06, 26: 8.000001e-06, 27: 8.000001e-06, 28: 8.000001e-06, 29: 8.000001e-06}", "loss_record_dict": {"loss": [0.526341438293457, 0.2373371571302414, 0.14718188345432281, 0.11118233948945999, 0.09358809143304825, 0.08224193751811981, 0.07374507933855057, 0.06966999918222427, 0.06718576699495316, 0.06307515501976013, 0.06075841560959816, 0.05825972929596901, 0.05662212148308754, 0.054252590984106064, 0.05283521115779877, 0.04737965390086174, 0.04669316112995148, 0.0459134615957737, 0.04590393230319023, 0.04502848908305168, 0.04464060813188553, 0.04425439611077309, 0.0442596934735775, 0.04413666948676109, 0.0442291758954525, 0.043894555419683456, 0.044107917696237564, 0.04395931214094162, 0.044047869741916656, 0.04375439137220383], "val_loss": [0.5732699036598206, 0.3173351585865021, 0.18783564865589142, 0.13301628828048706, 0.12715570628643036, 0.12206388264894485, 0.12827478349208832, 0.1266142725944519, 0.13114288449287415, 0.11501528322696686, 0.12686538696289062, 0.12226265668869019, 0.12355445325374603, 0.12601014971733093, 0.12291544675827026, 0.12168537080287933, 0.12027119100093842, 0.1220770850777626, 0.12255458533763885, 0.12075892090797424, 0.11972387135028839, 0.11930552124977112, 0.12173232436180115, 0.12020256370306015, 0.1208050549030304, 0.12022895365953445, 0.12006928771734238, 0.1199859231710434, 0.12020471692085266, 0.1205456480383873]}, "metric_record_dict": {"roc_val": {"Train": [0.9186838708364607, 0.9443325928999489, 0.9626652553305047, 0.9754996357902717, 0.9845377793350832, 0.9890707797549699, 0.9909340883260966, 0.9927031955020454, 0.9929270675368956, 0.9949536622806819, 0.9938105558273707, 0.9963812641745576, 0.9966027803532634, 0.9977728289781342, 0.997572501425903, 0.9987525882505588, 0.9986140197956491, 0.9985881851580537, 0.998738875478342, 0.9988621027106726, 0.9990577607870804, 0.9990314615483731, 0.9990443671348195, 0.9990807655815388, 0.9990606422525633, 0.9990745990576876, 0.9990887623521949, 0.9990917470623694, 0.9990946191419713, 0.9990998470777172], "Valid": [0.940053948031738, 0.9573608242567506, 0.9549815999649572, 0.9512343209141325, 0.9465730536082375, 0.949666016702583, 0.9432230135140369, 0.9360189864459574, 0.9361140946496587, 0.9480723608533748, 0.934013200322374, 0.9394181314912536, 0.9324362556650307, 0.9366263813002776, 0.9352401119751136, 0.9386706854551103, 0.9395309162113501, 0.9395166262433063, 0.9388842753761348, 0.9408701220094247, 0.9411492748735331, 0.9423461665158861, 0.9394420905295904, 0.9407521783418396, 0.9407872148747839, 0.9413300437605345, 0.9412455541266642, 0.9413676914172078, 0.9409012022942946, 0.9404067820599785]}, "eer_val": {"Train": [0.15452602952712075, 0.11946386946291783, 0.0951825951836262, 0.07546620046508853, 0.05740239659837658, 0.048562548563305497, 0.04367993815229386, 0.039918414917373635, 0.04050116550118081, 0.03370240870285798, 0.03710178710159846, 0.026709401710541564, 0.028943278943108303, 0.02233877233943493, 0.022727272726653994, 0.01563714063724886, 0.017191142190595827, 0.016511266511186146, 0.015442890443520953, 0.015442890442796588, 0.013791763792062478, 0.014277389276759977, 0.013888888887917731, 0.013432547352142214, 0.013500388499289365, 0.01359751359879115, 0.013529184383457035, 0.013597513596904736, 0.013597513597114502, 0.013597513597000462], "Valid": [0.13252582828654896, 0.10794442465265404, 0.1046552949527627, 0.10714285714399849, 0.10491628072674135, 0.1017100106875677, 0.12059137869611669, 0.11364446027787671, 0.11916636978981107, 0.10536602700755385, 0.1250888415058977, 0.12739872068074867, 0.13982899893122805, 0.12593516209515657, 0.12931955824680996, 0.12633262260042943, 0.12473347547999633, 0.12593516209476294, 0.12237263982899896, 0.12117981521061172, 0.12718204488778045, 0.12420042643970294, 0.12825080156750948, 0.1273601710010687, 0.12704335465572483, 0.12593516209476602, 0.12557890986818476, 0.12611328820805123, 0.12629141432133953, 0.12753829711435236]}, "thres": {"Train": [-0.04148657619971726, -0.09345833957157074, -0.18960782885618602, -0.3002962768073582, -0.341031486964106, -0.37727102637350923, -0.37860849694390303, -0.3899036049837259, -0.4255665838718642, -0.38934940099730136, -0.37118855118751254, -0.4037367701538351, -0.41290971636763063, -0.4042207896722688, -0.4115944802754792, -0.3941178619863045, -0.41279840469084217, -0.4233774244785146, -0.4228759706095038, -0.41528519988007395, -0.4111810028560698, -0.4170226156706473, -0.41357323526967865, -0.4114729674467427, -0.410161763426175, -0.4143371582098562, -0.41418734717010014, -0.41513359546631157, -0.4139764606938577, -0.41365483403093495], "Valid": [-0.05606049991810448, -0.13475318903605793, -0.2740716934194349, -0.43744587898297704, -0.4709800446122483, -0.5288997100773002, -0.5374709993526525, -0.5007302377091183, -0.5370708345276854, -0.47443675994869683, -0.48064389824788356, -0.4674429297441752, -0.46507463282777345, -0.4803810551987161, -0.4781311462047655, -0.47181016206710985, -0.48768755793585905, -0.5097247336868038, -0.5100383410727294, -0.5036381483078732, -0.4816610986554216, -0.49297884106645534, -0.4896995843150468, -0.4852909543121842, -0.489951521158274, -0.4897320963731658, -0.4893269013436943, -0.4893463475448531, -0.48862848350977955, -0.4868472494240692]}, "acc_val": {"Train": [0.8455241232319318, 0.8805464057353226, 0.9048149583414067, 0.9244816895950397, 0.9425983336562682, 0.9516082154621197, 0.9563553574888588, 0.9600852547955823, 0.9594555318736679, 0.9662856035652005, 0.9629432280565782, 0.9733094361557838, 0.9710811858167022, 0.977620616159659, 0.9772330943615578, 0.9844506878511916, 0.9828521604340245, 0.9834818833559388, 0.9845475683007169, 0.9845960085254796, 0.9861945359426467, 0.9857585739197829, 0.9861460957178841, 0.9866304979655106, 0.9865336175159852, 0.9863882968416974, 0.9864851772912226, 0.98643673706646, 0.98643673706646, 0.98643673706646], "Valid": [0.8675502579612169, 0.8920120974915495, 0.8953922789539228, 0.8928126667852695, 0.8951254225226828, 0.8983276996975628, 0.8794698452232699, 0.8864970645792564, 0.8808930795232165, 0.8946806618039495, 0.8748443337484434, 0.8725315780110301, 0.8602561821739904, 0.87413271659847, 0.8705746308486034, 0.8736879558797367, 0.87520014232343, 0.8740437644547233, 0.8776018502045899, 0.8788471802170432, 0.8729763387297634, 0.87573385518591, 0.8718199608610567, 0.8727094822985234, 0.8729763387297634, 0.87413271659847, 0.8744885251734567, 0.8739548123109767, 0.8737769080234834, 0.8724426258672834]}, "f1_val": {"Train": [0.8458601189037654, 0.880800464037123, 0.9050311729737567, 0.9246459471216589, 0.9427342579616296, 0.9517321350920424, 0.9564587058425554, 0.9601778465107289, 0.9595515391678345, 0.9663670629167875, 0.9630309766587735, 0.9733752114037207, 0.971149664137631, 0.9776746883154537, 0.977285907597139, 0.984490505870416, 0.9828935923456074, 0.9835209974387474, 0.9845856487074173, 0.9846332270223253, 0.9862285576226141, 0.9857929834734706, 0.9861795689571857, 0.9866628008118296, 0.9865661544409007, 0.9864218410244021, 0.986518482725296, 0.9864695080699719, 0.9864695080699719, 0.9864695080699719],