{"1000": {"SCNN_3_1_conv_1_dense_arg_dict_default": {"lr_epoch_log_dict": "{0: 0.001, 1: 0.001, 2: 0.001, 3: 0.001, 4: 0.001, 5: 0.001, 6: 0.001, 7: 0.001, 8: 0.001, 9: 0.001, 10: 0.001, 11: 0.001, 12: 0.001, 13: 0.001, 14: 0.001, 15: 0.00020000001, 16: 4.0000003e-05, 17: 8.000001e-06, 18: 1.6000001e-06, 19: 1e-06}", "loss_record_dict": {"loss": [0.7485383152961731, 0.3902828097343445, 0.2141874134540558, 0.12281185388565063, 0.0739702582359314, 0.047028277069330215, 0.030012069270014763, 0.020578930154442787, 0.015228871256113052, 0.011695398949086666, 0.009735088795423508, 0.008384602144360542, 0.0077023194171488285, 0.007233793381601572, 0.006651935633271933, 0.006017172709107399, 0.005947571713477373, 0.005911652464419603, 0.0058516389690339565, 0.00585404084995389], "val_loss": [0.49400290846824646, 0.2702058255672455, 0.15427899360656738, 0.0946011170744896, 0.06089773774147034, 0.04334226995706558, 0.02750055305659771, 0.020841527730226517, 0.017033608630299568, 0.013349817134439945, 0.011294437572360039, 0.011094759218394756, 0.010197469964623451, 0.00982993096113205, 0.010499381460249424, 0.00979776680469513, 0.009824197739362717, 0.00983160175383091, 0.00983869843184948, 0.009839524514973164]}, "metric_record_dict": {"roc_val": {"Train": [0.8631879109326444, 0.8372130764320076, 0.8253972048545879, 0.8108623327023017, 0.8180839140565658, 0.8469345543538624, 0.9038310003411955, 0.9258197919473046, 0.9520228300668966, 0.9573955289492107, 0.9573504861060428, 0.9617376909426097, 0.9610852689648108, 0.9654461417120868, 0.9682518162055271, 0.9731359142779225, 0.9723861982571395, 0.9727109168909517, 0.9728131056709045, 0.9728664221682195], "Valid": [0.8931750986023619, 0.8648940649695692, 0.8459178736071792, 0.8166788582407316, 0.8212245556278863, 0.825636943279936, 0.8724335976993246, 0.9044619262079344, 0.9335646567407251, 0.929738806603149, 0.9366763566259495, 0.9573543043599247, 0.9371194564102486, 0.9402395118914056, 0.9439410408895013, 0.9511276129910781, 0.9497888186428031, 0.950519806686958, 0.9508146579434246, 0.9508801101115625]}, "eer_val": {"Train": [0.20680324700425234, 0.23521453420950908, 0.2492269037495168, 0.2701005025125704, 0.26048951048835267, 0.23453807499031776, 0.1783216783223255, 0.15220332431387715, 0.1137417858523386, 0.10363247863289152, 0.1030497280505266, 0.09819347319369133, 0.099844599844177, 0.08993783993667238, 0.08620023192910359, 0.07682595182525706, 0.08051670551560106, 0.07935120434994339, 0.07925407925446526, 0.079242365674526], "Valid": [0.18311364446035244, 0.22636815920308487, 0.24982231698731322, 0.278232988956155, 0.2846455290345564, 0.2693674484725504, 0.22194513715710718, 0.16921980762379812, 0.1332383327395849, 0.15390096188101177, 0.1325258282864268, 0.1118631991449947, 0.12860705379408627, 0.12931955824723906, 0.13361762615513212, 0.12540078375489855, 0.1272210376698371, 0.12504453152832207, 0.12433202707516922, 0.12397577484859332]}, "thres": {"Train": [-0.0899883775255788, -0.10393973102970938, -0.12189003611779092, -0.1221776588428369, -0.11338326334910934, -0.10938569738637101, -0.09568044543269062, -0.09346685925470526, -0.10169685111572994, -0.09081418812278629, -0.08896770328287568, -0.10555016249423821, -0.08769311010830798, -0.09670048952100584, -0.10636885645780222, -0.09875782579175733, -0.09797568619241813, -0.09929199516769277, -0.09944331645971041, -0.09944510134170997], "Valid": [-0.11114112521868, -0.14052091538887115, -0.1709097176792082, -0.17619667218955642, -0.16456013921638973, -0.15975180268295336, -0.13614610725656115, -0.13622348518145655, -0.15525974651933533, -0.13833601122485134, -0.13962478240083281, -0.17661617146317204, -0.14167113968983724, -0.14616644227333794, -0.18341317772869267, -0.18250975483224874, -0.1780623197558482, -0.17991164412135793, -0.1806912330518835, -0.18130201439459145]}, "acc_val": {"Train": [0.7932086804882774, 0.7648227087773687, 0.7507750435962023, 0.7298973067235032, 0.7395369114512691, 0.7655008719240457, 0.8217399728734741, 0.8477523735710134, 0.8862623522573144, 0.8963863592327068, 0.8969192017050959, 0.9018601046308855, 0.900164696764193, 0.9100949428405348, 0.9137763999224956, 0.923222243751211, 0.9194923464444875, 0.9206549118387909, 0.9207033520635536, 0.9208002325130789], "Valid": [0.8169364881693649, 0.773705746308486, 0.7500444760718733, 0.7219355986479274, 0.7155310442981676, 0.7304750044476072, 0.7783312577833126, 0.8308130225938445, 0.8669275929549902, 0.8461127913182708, 0.8679950186799502, 0.8882761074541896, 0.8717310087173101, 0.8706635829923501, 0.8662159758050169, 0.8745774773172034, 0.8726205301547767, 0.87493328589219, 0.8754669987546699, 0.87600071161715]}, "f1_val": {"Train": [0.7936185641769399, 0.7652661606149977, 0.7512449838031233, 0.7303935789575475, 0.7400029012136745, 0.7659430450128124, 0.8221191028615622, 0.8480835226448837, 0.8865152247462542, 0.8966217195882268, 0.897148380860319, 0.9020877633868162, 0.9003818454251051, 0.9102948284195264, 0.9139764160061858, 0.9233966458846841, 0.9196713388110198, 0.9208313194780087, 0.9208834759073993, 0.920980136291141], "Valid": [0.816740872662511, 0.7734235838973994, 0.7497773820124665, 0.7216384683882457, 0.715227070347284, 0.730186999109528, 0.7780548628428926, 0.8306322350845949, 0.8667616672604205, 0.8459483526268923, 0.8677833214540269, 0.8881368008550053, 0.8715481916978443, 0.8705253784505788, 0.8660491628072675, 0.8744434550311665, 0.8724617028856431, 0.8747996438112199, 0.8753561253561253, 0.8758682101513801]}}, "report_dict": {"Training_samples": "(array([0., 1.], dtype=float32), array([10296, 10348]))", "Validation_samples": "(array([0., 1.], dtype=float32), array([2814, 2807]))", "smoothing": null, "Butter_cut_off_freq": 15, "scaler": "RobustScaler"}, "ReduceLROnPlateau_args": {"mointored_metric": "val_loss", "factor": 0.2, "patience": 1, "verbose": 1, "min_lr": 1e-06}, "arg_dict": {"input_dropout_streams": [0.2, 0.2, 0.2], "filters_streams": [[32], [32], [32]], "kernels_streams": [[7], [5], [3]], "kernels_init_streams": [["glorot_normal"], ["glorot_normal"], ["glorot_normal"]], "kernels_Max_Norm_constraint_streams": [[3], [3], [3]], "conv_kernel_regularizer_streams": [["l2"], ["l2"], ["l2"]], "conv_kernel_regularizer_strength_streams": [[[0.01]], [[0.01]], [[0.01]]], "strides_streams": [[1], [1], [1]], "paddings_streams": [["same"], ["same"], ["same"]], "dropouts_streams": [[0.2], [0.2], [0.2]], "activations_streams": [["tanh"], ["tanh"], ["tanh"]], "dense_layers": [32], "dense_kernel_Max_Norm_constraints": [3], "dense_kernel_regularizer": ["l2"], "dense_kernel_regularizer_strength": [[0.01]], "dense_kernel_inits": ["glorot_normal"], "dense_dropouts": [0], "dense_activations": ["tanh"], "loss_func_name": "k_contrastive_loss", "contrastive_loss_margin": 0.25, "optimizer_name": "Adam", "optimizer_lr": 0.001, "optimizer_decay": null, "batch_size": 256}}}}