{"500": {"SCNN_3_1_conv_1_dense_arg_dict_default": {"lr_epoch_log_dict": "{0: 0.001, 1: 0.001, 2: 0.001, 3: 0.001, 4: 0.001, 5: 0.001, 6: 0.001, 7: 0.001, 8: 0.001, 9: 0.001, 10: 0.001, 11: 0.001, 12: 0.001, 13: 0.001, 14: 0.001, 15: 0.00020000001, 16: 0.00020000001, 17: 0.00020000001, 18: 0.00020000001, 19: 0.00020000001, 20: 4.0000003e-05, 21: 4.0000003e-05, 22: 4.0000003e-05, 23: 4.0000003e-05, 24: 4.0000003e-05, 25: 8.000001e-06, 26: 8.000001e-06, 27: 8.000001e-06, 28: 8.000001e-06, 29: 8.000001e-06}", "loss_record_dict": {"loss": [0.526340663433075, 0.23728768527507782, 0.14662522077560425, 0.11026181280612946, 0.09383528679609299, 0.08215711265802383, 0.07397232949733734, 0.07028109580278397, 0.06762503832578659, 0.06200827285647392, 0.06037865951657295, 0.05777636915445328, 0.055863410234451294, 0.054142702370882034, 0.05235894024372101, 0.047256432473659515, 0.0466163344681263, 0.04586160555481911, 0.045826930552721024, 0.04498529061675072, 0.044608380645513535, 0.044260796159505844, 0.04425913840532303, 0.044105805456638336, 0.0442204475402832, 0.043901603668928146, 0.044113002717494965, 0.04396197199821472, 0.044037118554115295, 0.04373614490032196], "val_loss": [0.5732807517051697, 0.3184587061405182, 0.18833069503307343, 0.1352563202381134, 0.1298079937696457, 0.12247269600629807, 0.12713149189949036, 0.1264246255159378, 0.12693366408348083, 0.1114031970500946, 0.12321461737155914, 0.11922559142112732, 0.11668789386749268, 0.12596869468688965, 0.12105099111795425, 0.11941272765398026, 0.11739048361778259, 0.11925307661294937, 0.1201288178563118, 0.11858923733234406, 0.1169690266251564, 0.11682631820440292, 0.11916763335466385, 0.1171785444021225, 0.1179642379283905, 0.11758385598659515, 0.11736909300088882, 0.11732188612222672, 0.11748354136943817, 0.11783948540687561]}, "metric_record_dict": {"roc_val": {"Train": [0.9186838051352932, 0.9443390456931722, 0.9634009206873527, 0.9771635272396288, 0.9840077820967847, 0.9888876518297662, 0.9907130132837999, 0.9923729955136991, 0.9930979234226239, 0.995564307701919, 0.9950908744757797, 0.9965139242173453, 0.9972548315887608, 0.9982619507044517, 0.9982754382155233, 0.998857315911336, 0.998757487680468, 0.9987235577204653, 0.9988825451596035, 0.9989892156977584, 0.999181391612296, 0.9991622444149504, 0.9991667777954982, 0.9991908901239206, 0.99916491939105, 0.9991955830644467, 0.9992007171413821, 0.9992041054444417, 0.9992036736939134, 0.9992095117119277], "Valid": [0.9400459089356515, 0.9571486427600407, 0.9556061016359497, 0.9519337380986564, 0.9430916186030002, 0.951012881796929, 0.9436744530692763, 0.9383178356018776, 0.9397880090361971, 0.9526052874717461, 0.9386942805186242, 0.9429229874850897, 0.9427303656788579, 0.9364428430396241, 0.9404666163558512, 0.943047830849316, 0.9442000801884012, 0.9442418423430712, 0.9432643009189383, 0.9434030861013777, 0.9459196713263042, 0.9465494110697469, 0.943869369499391, 0.9458969624623587, 0.9454200288445299, 0.945864948502943, 0.945839897540138, 0.9459111891304331, 0.9455051831280767, 0.9449951752763487]}, "eer_val": {"Train": [0.1545226130655313, 0.11926961926968904, 0.09509083880943943, 0.07148407148374, 0.0589549339553287, 0.0483185156551855, 0.04506604506625832, 0.04166666666744331, 0.040297642056433214, 0.030594405593680603, 0.03333977580173061, 0.026612276611797485, 0.02580208735987978, 0.01932789432838874, 0.02019713954389306, 0.015268650947043653, 0.015928515927667416, 0.015734265733953045, 0.0143022806339389, 0.014180264180121097, 0.012852725164283013, 0.012852725164290526, 0.012369540007730785, 0.012334887334300946, 0.012334887335586645, 0.012334887333975916, 0.012272902976420585, 0.012334887334932461, 0.012272902976668446, 0.012272902976420624], "Valid": [0.13234770217314246, 0.10794442465265411, 0.10456002850017786, 0.1070537940862131, 0.10963041933138827, 0.0993943712151587, 0.11542572141087556, 0.11425017768208458, 0.11300639658799022, 0.09950248756246023, 0.12076950480952098, 0.12171286425019973, 0.11940298507552075, 0.13021018881368002, 0.1288201847905552, 0.12201638760242256, 0.11934449590309938, 0.11691542288701234, 0.1190476190480993, 0.11815920398104253, 0.12011371712970689, 0.11685073031737457, 0.12130388314926964, 0.1192253020620349, 0.11922530206094482, 0.11922530206137229, 0.11851457000659917, 0.11904761904720024, 0.11916636978980209, 0.1204132525828286]}, "thres": {"Train": [-0.04147468072985694, -0.09321404248477543, -0.18737772953270873, -0.28400912880874535, -0.34813767671604906, -0.3832325587919582, -0.37454730272321957, -0.39655750989960686, -0.4149391439991379, -0.38843750953667355, -0.3699919151598891, -0.40288618206950205, -0.4182553402892347, -0.3982183039208218, -0.40349478892347446, -0.3982325957049089, -0.4141602516165157, -0.42558902502028284, -0.4262237783951974, -0.41959533095340606, -0.41587413854934485, -0.42050964568728416, -0.41642903675086484, -0.412359297275348, -0.41354316473277486, -0.4172736704300252, -0.41644453238602264, -0.41911593079567216, -0.4160754794462274, -0.41623887397236575], "Valid": [-0.056060408156114384, -0.1340937489954908, -0.271613493920958, -0.41668153403703123, -0.4839255213737289, -0.5307358766436581, -0.5184823738369825, -0.49926149845097834, -0.5194495320316478, -0.473843425512374, -0.47962983796132524, -0.4737054705619892, -0.48805597424582375, -0.46724439841553456, -0.4694951474668551, -0.4680204817704727, -0.4810501154967377, -0.5099051594746732, -0.5050041079526276, -0.4946702718741862, -0.4822127223019251, -0.491242390321276, -0.4849442824015296, -0.4837005734448989, -0.4870686829089271, -0.4870463907719601, -0.48550829291336917, -0.48627766966784025, -0.4840430558619591, -0.4828296523240835]}, "acc_val": {"Train": [0.8455241232319318, 0.8807401666343732, 0.904911838790932, 0.9285022282503391, 0.940999806239101, 0.951705095911645, 0.9549990311955048, 0.9582929664793645, 0.9597461732222438, 0.9694342181747724, 0.9667215655880643, 0.9734063166053091, 0.9742298004262739, 0.9807207905444681, 0.9797519860492153, 0.9847897694245301, 0.9841116062778531, 0.9842569269521411, 0.9857101336950204, 0.9858554543693083, 0.9871633404378997, 0.9871633404378997, 0.9875993024607634, 0.9876961829102887, 0.987647742685526, 0.9876961829102887, 0.9877446231350513, 0.9876961829102887, 0.9876961829102887, 0.9877446231350513], "Valid": [0.8677281622487102, 0.8921010496352962, 0.8953922789539228, 0.8929905710727628, 0.8904109589041096, 0.900640455434976, 0.8846290695605764, 0.885785447429283, 0.8870307774417363, 0.9004625511474826, 0.8792919409357766, 0.8782245152108166, 0.8805372709482299, 0.8697740615548835, 0.8711083437110835, 0.8780466109233233, 0.8807151752357232, 0.8830279309731365, 0.8811599359544565, 0.8817826009606832, 0.8798256537982565, 0.8832058352606298, 0.8788471802170432, 0.8807151752357232, 0.8808041273794699, 0.8807151752357232, 0.8815157445294431, 0.8808930795232165, 0.8808930795232165, 0.8794698452232699]}, "f1_val": {"Train": [0.845845216802823, 0.881005316578057, 0.9051278333574984, 0.9286611889801836, 0.9411366711772666, 0.9518194558546368, 0.9551099299347668, 0.9583917266708548, 0.9598414922920794, 0.9695065964335766, 0.9668003672739574, 0.9734692891315905, 0.9742920653329468, 0.9807692307692307, 0.9798028604561267, 0.9848265197641828, 0.9841499951676815, 0.9842942057700671, 0.9857453491181444, 0.9858896298443993, 0.9871949746315536, 0.9871949746315536, 0.9876304599922691, 0.987725910892046, 0.9876781831360233, 0.987725910892046, 0.987774824836917, 0.9877270970235794, 0.9877270970235794, 0.987774824836917],