{"125": {"SCNN_3_1_conv_1_dense_arg_dict_default": {"lr_epoch_log_dict": "{0: 0.001, 1: 0.001, 2: 0.001, 3: 0.001, 4: 0.001, 5: 0.001, 6: 0.001, 7: 0.001, 8: 0.001, 9: 0.001, 10: 0.001, 11: 0.001, 12: 0.001, 13: 0.001, 14: 0.00020000001, 15: 0.00020000001, 16: 0.00020000001, 17: 0.00020000001, 18: 4.0000003e-05, 19: 4.0000003e-05, 20: 4.0000003e-05, 21: 8.000001e-06, 22: 8.000001e-06, 23: 8.000001e-06, 24: 1.6000001e-06, 25: 1.6000001e-06, 26: 1.6000001e-06, 27: 1e-06}", "loss_record_dict": {"loss": [23.283388137817383, 14.374824523925781, 8.318452835083008, 2.826406478881836, 0.5833000540733337, 0.24917428195476532, 0.14130422472953796, 0.0921034887433052, 0.07331277430057526, 0.0650084912776947, 0.06178770586848259, 0.060129497200250626, 0.05938541889190674, 0.05982854589819908, 0.05340007320046425, 0.05307261645793915, 0.0529896505177021, 0.053138118237257004, 0.05125591531395912, 0.05116808041930199, 0.05105609819293022, 0.050666194409132004, 0.050677984952926636, 0.05070476606488228, 0.05043106526136398, 0.050474416464567184, 0.05043439194560051, 0.05047051981091499], "val_loss": [11.046699523925781, 6.372654438018799, 2.6104860305786133, 0.8313031196594238, 0.3191545307636261, 0.1640041470527649, 0.08956516534090042, 0.05848127603530884, 0.04873272031545639, 0.04353320226073265, 0.043322134763002396, 0.038858093321323395, 0.04078513756394386, 0.042910341173410416, 0.034038666635751724, 0.03354959934949875, 0.03454263508319855, 0.034050192683935165, 0.03215601667761803, 0.032279543578624725, 0.03237134590744972, 0.031811635941267014, 0.03181857988238335, 0.03179917484521866, 0.03170257434248924, 0.03168793395161629, 0.03168628364801407, 0.03169746324419975]}, "metric_record_dict": {"roc_val": {"Train": [0.6149698407864237, 0.6226862259751063, 0.6224302396267993, 0.6481764079931198, 0.7923801312862002, 0.7993033427819538, 0.8160558347792596, 0.8175889225045261, 0.8217754050604198, 0.8185712279579049, 0.8182372115660352, 0.8240576633824928, 0.8208821299031969, 0.821866452278126, 0.8257386475641211, 0.8262390172260033, 0.8244887402131958, 0.8264562231995553, 0.8263873829764179, 0.8265661756674513, 0.8264334280231073, 0.8264002061756862, 0.82639245760944, 0.8263752230460774, 0.8263298579543266, 0.8263160106511479, 0.8263129821401951, 0.8263052919749867], "Valid": [0.7981383154877597, 0.8045933081991301, 0.7737247356425563, 0.8203808815192744, 0.9246648025706882, 0.9268247930549771, 0.9390306194756814, 0.9450992063492063, 0.940800686345967, 0.933528090870702, 0.9281435433442083, 0.9468990351242539, 0.937551338562636, 0.9284717016058123, 0.9394589927807857, 0.9415177739888473, 0.9379406005599519, 0.9404648851462355, 0.9395991651337405, 0.9387964939377113, 0.9385538179982877, 0.9388936069751029, 0.938798500480124, 0.9388182115958628, 0.9387781711323986, 0.9388302327733814, 0.9387996537900875, 0.9387040736787912]}, "eer_val": {"Train": [0.4185027702619304, 0.41766524932355914, 0.4191919191925875, 0.4002849002855652, 0.27818580079888394, 0.2706552706558422, 0.25220150220238013, 0.25304325304148284, 0.24851074850932275, 0.25297850297793945, 0.25248035047030026, 0.24462053859038793, 0.24864024863917755, 0.24669774669872185, 0.24436674436608496, 0.24197912640124233, 0.2457264957254065, 0.24268779796451065, 0.24268324268225228, 0.24281274281100723, 0.2432012432007986, 0.24320124320053277, 0.24313877077693838, 0.24326762015239597, 0.2431364931373943, 0.24313649313567232, 0.24320319546462163, 0.24320124320083922], "Valid": [0.2802721088435343, 0.2708333333333288, 0.3028911564625776, 0.27346938775518453, 0.16164965986335045, 0.15272108843630497, 0.13835034013597383, 0.1281462585021507, 0.1358843537414971, 0.14532312925172014, 0.15535714285617946, 0.12687074829910508, 0.139625850340136, 0.15076530612227898, 0.1365646258503401, 0.13418367346884638, 0.13843537414970408, 0.13503401360515194, 0.1369047619044541, 0.13792517006684224, 0.13792517006758556, 0.13724489795918385, 0.13758503401347688, 0.13767006802690698, 0.13767006802720932, 0.1376700680272109, 0.13767006802721093, 0.1376700680269145]}, "thres": {"Train": [-1.1883736854824183, -1.4370649400069098, -0.7754803895952148, -0.2007087022066511, -0.1013211662595611, -0.1912821680309293, -0.19189159572126765, -0.1799337118860173, -0.20197685062864482, -0.18068164587015959, -0.18648364645751878, -0.19121834298773627, -0.1937500983475442, -0.19955664873172002, -0.19925367832166357, -0.1968023335214836, -0.20030711591139316, -0.19950669045432928, -0.1985473781822978, -0.19754390418506543, -0.19858181476582132, -0.19809117913242574, -0.19810214601269752, -0.19772774437870524, -0.19767159223564523, -0.1975601464504231, -0.19740847816421253, -0.19756868481624185], "Valid": [-1.3307636976242034, -1.5770806074142378, -0.827937066555017, -0.2192247062921933, -0.1336087137459284, -0.23412689566621836, -0.242394983768449, -0.2375197410577318, -0.26006740331649797, -0.2303918798764595, -0.23883795738218544, -0.23920594155784217, -0.24223482608795166, -0.25623545050613356, -0.2500452697277069, -0.24873891472802337, -0.2536171972751851, -0.25051754713050667, -0.2501165270805104, -0.24988833069796182, -0.25113657116883636, -0.25048622488975525, -0.2506455183029145, -0.2503864268461048, -0.2502607405185695, -0.25010570883750916, -0.2499599705139796, -0.25021669268593444]}, "acc_val": {"Train": [0.5815087515339404, 0.582348382096493, 0.5807982949040884, 0.5996899825615191, 0.7218239359297294, 0.7293483175095266, 0.747787896402506, 0.7469482658399536, 0.7515016469676419, 0.7470451462894788, 0.7475295485371052, 0.7553768649486534, 0.7513724730349416, 0.7533423755086224, 0.7556352128140541, 0.7580249305690112, 0.7542788865207001, 0.7573144739391591, 0.7573467674223342, 0.7571207130401085, 0.7568300716915326, 0.7568300716915326, 0.7568623651747077, 0.7567331912420073, 0.7568623651747077, 0.7568946586578829, 0.7567977782083576, 0.7568300716915326], "Valid": [0.7197704081632653, 0.7292091836734694, 0.6971513605442177, 0.726530612244898, 0.838265306122449, 0.8472363945578232, 0.8616496598639456, 0.8718962585034014, 0.8640731292517007, 0.8546768707482993, 0.8446428571428571, 0.8731292517006802, 0.8604166666666667, 0.8492772108843537, 0.8634778911564626, 0.8657312925170068, 0.8615221088435374, 0.8650085034013606, 0.8631377551020408, 0.8621173469387755, 0.8619897959183673, 0.8627125850340136, 0.8624574829931972, 0.8623724489795919, 0.8623299319727891, 0.8622874149659864, 0.8623299319727891, 0.8623724489795919]}, "f1_val": {"Train": [0.5821160233465545, 0.582954435522879, 0.5814065976588952, 0.6002837611247259, 0.7223260911611115, 0.7298455984269736, 0.7482594120680763, 0.7474050673715428, 0.751958224543081, 0.7475099120007737, 0.7480015471892727, 0.7558420628525383, 0.7518292879476518, 0.753819377296461, 0.7560841955968153, 0.7584850926672039, 0.7547303613448086, 0.7577759871071718, 0.7578004125838061, 0.7575513361916122, 0.7572846828261991, 0.7572846828261991, 0.7573247381144239, 0.7571958098307816, 0.7573247381144239, 0.7573491490459, 0.7572602739726028, 0.7572846828261991], "Valid": [0.7197584931332115, 0.7291976699689611, 0.6971384837790723, 0.726530612244898, 0.8382377955434597, 0.8472298992304095, 0.8616496598639456, 0.8718908116841704, 0.8640673498022876, 0.8546768707482993, 0.8446296453780084, 0.8731184624542903, 0.8604107317487988, 0.8492708023300309, 0.8634720863982313, 0.8657084538186767, 0.8615162209277605, 0.8650027637229475, 0.8631319358816277, 0.8621114843318168, 0.8619663208028577, 0.8627067477358731, 0.8624516348484205, 0.8623665972192696, 0.8623299319727891, 0.8622932698439693, 0.8623299319727891, 0.8623665972192696]}}, "report_dict": {"Training_samples": "(array([0., 1.], dtype=float32), array([15444, 15522]))", "Validation_samples": "(array([0., 1.], dtype=float32), array([11760, 11760]))", "smoothing": null, "Butter_cut_off_freq": 33, "scaler": "RobustScaler", "Butter_per_win_argdict": {"filter_order": 10, "cut_off_freq": 33, "sampling_freq": 100, "filtfilt": 1}, "P.SMA_per_win_winsize": 20,