{"1000": {"SCNN_3_1_conv_1_dense_arg_dict_default": {"lr_epoch_log_dict": "{0: 0.001, 1: 0.001, 2: 0.001, 3: 0.001, 4: 0.001, 5: 0.001, 6: 0.001, 7: 0.001, 8: 0.001, 9: 0.00020000001, 10: 4.0000003e-05, 11: 8.000001e-06, 12: 1.6000001e-06, 13: 1e-06, 14: 1e-06, 15: 1e-06, 16: 1e-06, 17: 1e-06, 18: 1e-06, 19: 1e-06}", "loss_record_dict": {"loss": [1.0710490942001343, 0.35540062189102173, 0.12504643201828003, 0.053938183933496475, 0.031652044504880905, 0.022769497707486153, 0.01943081058561802, 0.018933720886707306, 0.018298907205462456, 0.016263335943222046, 0.015850646421313286, 0.015874803066253662, 0.01566978543996811, 0.01564362458884716, 0.015562397427856922, 0.015580880455672741, 0.015676654875278473, 0.01560573372989893, 0.01566675677895546, 0.015503386035561562], "val_loss": [0.5789716243743896, 0.20736689865589142, 0.08931342512369156, 0.05189529061317444, 0.044868770986795425, 0.03702649101614952, 0.033018045127391815, 0.029840417206287384, 0.03864416107535362, 0.03247653320431709, 0.033068470656871796, 0.03487677872180939, 0.034665100276470184, 0.03463095799088478, 0.034435421228408813, 0.03425758704543114, 0.03427664935588837, 0.034313496202230453, 0.03427501767873764, 0.03431463986635208]}, "metric_record_dict": {"roc_val": {"Train": [0.9280430068203067, 0.9297045940358657, 0.9310258914409475, 0.9384329424977377, 0.9641450192583261, 0.9776491151817304, 0.9847679727608217, 0.9833085011078343, 0.9870815830542348, 0.9891963722293254, 0.9891958372341056, 0.9888775291570517, 0.9889130687956549, 0.9889162036799263, 0.9889256787268481, 0.988961218365451, 0.9889631049275424, 0.9889503025857876, 0.9889569853330965, 0.9889613403819048], "Valid": [0.9622058671981839, 0.9564449370026047, 0.9440458656384725, 0.9265413985596472, 0.9062061568588428, 0.9374443118521091, 0.925604685615639, 0.9379822349902481, 0.8903720493668864, 0.925668745184455, 0.921720219706597, 0.9107471700482777, 0.9117142669774948, 0.9118802394966994, 0.9130078651477713, 0.9140839646239259, 0.9139360958959086, 0.9137965827638235, 0.9139864826713802, 0.9137163184028962]}, "eer_val": {"Train": [0.12688442211055273, 0.13268264398917654, 0.13383838383858954, 0.12519425019386937, 0.08958252802473914, 0.07167832167682958, 0.06088132972597508, 0.05205905205865905, 0.04535742035814153, 0.0410839160847689, 0.042249417247557694, 0.042832167831588164, 0.04283216783198516, 0.042735042736848895, 0.04263791763706347, 0.04244366744517875, 0.04234654234659026, 0.04234654234695805, 0.04252029377656641, 0.042540792540824185], "Valid": [0.09298183113644462, 0.09262557890986475, 0.11158493248078691, 0.15138592750512547, 0.18061987887424294, 0.14285714285687995, 0.1705756929629228, 0.1453509084432009, 0.20342002137537984, 0.16316351977199653, 0.16666666666706298, 0.1819474058273478, 0.17990737442120458, 0.17955112219467848, 0.1783937455585068, 0.17803837953006185, 0.17812611328820865, 0.17803837953092275, 0.17803837952979942, 0.1783937455570696]}, "thres": {"Train": [-0.06659993956136943, -0.06829700180933103, -0.08236856013539406, -0.114532515406608, -0.12544389134600537, -0.13477545976581518, -0.1637043949948225, -0.19729107618294597, -0.18230877816743213, -0.1709738671780415, -0.17587709426824735, -0.1768471896644685, -0.17693610489346182, -0.1777017414572016, -0.1769817620497955, -0.17706041038185694, -0.17689730226996622, -0.17683772742749498, -0.1769623634353945, -0.1773059219122427], "Valid": [-0.09022197350302243, -0.099546038450445, -0.11750620603566916, -0.15202020108696684, -0.14966460705695306, -0.15732038517790725, -0.20496341586091124, -0.23130493616671866, -0.1863969946861243, -0.20472454515627145, -0.20520764589315985, -0.19900658726668385, -0.1997509268008624, -0.20020894879048337, -0.20102316141152213, -0.1999587118623168, -0.20003154725207964, -0.20025748014450184, -0.19987176358654582, -0.19918978214255476]}, "acc_val": {"Train": [0.8731350513466383, 0.8673222243751211, 0.8661596589808177, 0.8748304592133308, 0.9104340244138733, 0.9282115869017632, 0.9391590776981206, 0.9479267583801588, 0.9546115093974036, 0.9589226894012788, 0.9577601240069754, 0.9569850804107731, 0.9567428792869599, 0.9572757217593489, 0.9571788413098237, 0.9576632435574501, 0.9576148033326874, 0.9576148033326874, 0.9575179228831622, 0.9577116837822127], "Valid": [0.9071339619284825, 0.9074897705034691, 0.8882761074541896, 0.8487813556306707, 0.8194271481942715, 0.8573207614303505, 0.8293897882938979, 0.8546521971179506, 0.7968333036826187, 0.837039672656111, 0.8333036826187511, 0.8181818181818182, 0.8201387653442448, 0.8204945739192314, 0.821917808219178, 0.8220957125066715, 0.821917808219178, 0.821917808219178, 0.821917808219178, 0.8215619996441914]}, "f1_val": {"Train": [0.8734109913480594, 0.8676108076755763, 0.8664507709410798, 0.8750966744006187, 0.9106374752307765, 0.9283642691415313, 0.9393002126425672, 0.9480450437388237, 0.9547189870970859, 0.9590219387262009, 0.9578581094142665, 0.95707656612529, 0.9568244451965382, 0.9573789504204117, 0.9572699149265275, 0.957769617317356, 0.95771516938095, 0.95771516938095, 0.9576185183395352, 0.957824049470989], "Valid": [0.9070181688635554, 0.9073744210901318, 0.8881368008550053, 0.8485928037050231, 0.8192341941228851, 0.8571428571428571, 0.8291466239087831, 0.8544968833481745, 0.7965799786248664, 0.8368364802280014, 0.8331255565449689, 0.8179551122194514, 0.8199465716829921, 0.8203027604630453, 0.821790991632544, 0.821873886711792, 0.8217275155832592, 0.8217275155832592, 0.8216639942989489, 0.8213076786032425]}}, "report_dict": {"Training_samples": "(array([0., 1.], dtype=float32), array([10296, 10348]))", "Validation_samples": "(array([0., 1.], dtype=float32), array([2814, 2807]))", "smoothing": null, "Butter_cut_off_freq": 40, "scaler": "RobustScaler"}, "ReduceLROnPlateau_args": {"mointored_metric": "val_loss", "factor": 0.2, "patience": 1, "verbose": 1, "min_lr": 1e-06}, "arg_dict": {"input_dropout_streams": [0.2, 0.2, 0.2], "filters_streams": [[32], [32], [32]], "kernels_streams": [[7], [5], [3]], "kernels_init_streams": [["glorot_normal"], ["glorot_normal"], ["glorot_normal"]], "kernels_Max_Norm_constraint_streams": [[3], [3], [3]], "conv_kernel_regularizer_streams": [["l2"], ["l2"], ["l2"]], "conv_kernel_regularizer_strength_streams": [[[0.02]], [[0.02]], [[0.02]]], "strides_streams": [[1], [1], [1]], "paddings_streams": [["same"], ["same"], ["same"]], "dropouts_streams": [[0.5], [0.5], [0.5]], "activations_streams": [["tanh"], ["tanh"], ["tanh"]], "dense_layers": [32], "dense_kernel_Max_Norm_constraints": [3], "dense_kernel_regularizer": ["l2"], "dense_kernel_regularizer_strength": [[0.02]], "dense_kernel_inits": ["glorot_normal"], "dense_dropouts": [0], "dense_activations": ["tanh"], "loss_func_name": "k_contrastive_loss", "contrastive_loss_margin": 0.5, "optimizer_name": "Adam", "optimizer_lr": 0.001, "optimizer_decay": null, "batch_size": 256}}}}