{"roc_val": {"Train": [0.9462961209414514], "Valid": []}, "eer_val": {"Train": [0.11553884711614891], "Valid": []}, "thres": {"Train": [-0.3713832199573309], "Valid": []}, "acc_val": {"Train": [0.8845238095238095], "Valid": []}, "f1_val": {"Train": [0.8845165737201579], "Valid": []}}