{"roc_val": {"Train": [0.8581464626478477], "Valid": []}, "eer_val": {"Train": [0.2281954887214256], "Valid": []}, "thres": {"Train": [-0.1578737795352724], "Valid": []}, "acc_val": {"Train": [0.7718045112781955], "Valid": []}, "f1_val": {"Train": [0.7717759117683921], "Valid": []}}