{"roc_val": {"Train": [0.8637383637665591, 0.8509044462660411, 0.8361965141550618, 0.8390700513815867, 0.8478091453571271, 0.8990771885854989, 0.9167360129647428, 0.9352795993743759, 0.9362907817790088, 0.9374821687677842, 0.9547315343496586, 0.9510395741860918, 0.9700389601824109, 0.9666989371926054, 0.9697040847733368, 0.9813611016890598, 0.9809481410292649, 0.9813674615737339, 0.9812013743632264, 0.9820799963568068, 0.9812421875490732, 0.9809929036249772, 0.9810571934221518, 0.981545035835202, 0.9812640467082494, 0.9810190655209452, 0.9808433050043656, 0.981198453527302, 0.9818862475738218, 0.9808863794825409], "Valid": []}, "eer_val": {"Train": [0.22506265664168892, 0.23308270676693482, 0.24285714285646862, 0.243358395989972, 0.2290726817042574, 0.16804511278326356, 0.1641604010034962, 0.138972431078749, 0.13308270676687148, 0.13934837092674476, 0.10639097744230128, 0.10714285714230602, 0.08433583959899539, 0.08421052631532444, 0.08132832080200639, 0.04812030075101081, 0.0556390977450065, 0.05526315789440905, 0.05614035087719283, 0.05300751879678973, 0.0551378446119845, 0.05701754385965368, 0.057017543859692064, 0.055263157894736646, 0.05726817042525408, 0.05802005012531334, 0.05877192982456141, 0.058646616541281324, 0.054636591479480856, 0.058521303258818935], "Valid": []}, "thres": {"Train": [-0.16749782860281262, -0.08066505938768477, -0.05231558531518689, -0.037593971937894766, -0.039045065641403046, -0.11707932502048553, -0.26903471350682195, -0.23283915221721765, -0.23685683310031813, -0.31590691208680044, -0.21928180754068888, -0.19078020751447122, -0.2407173663377756, -0.2227255403993411, -0.18386770784855003, -0.19591169059163713, -0.203688353301679, -0.21487179398526493, -0.21477208286523783, -0.19428269565060663, -0.20970024168561285, -0.21786159276963352, -0.21435020864013563, -0.20502525568008365, -0.21903963386934808, -0.2185623198747636, -0.21709580719470978, -0.2302455604076213, -0.2111892849207606, -0.2246121466165875], "Valid": []}, "acc_val": {"Train": [0.7748746867167919, 0.7668546365914787, 0.7572055137844611, 0.7566416040100251, 0.7709899749373433, 0.8319548872180451, 0.8359022556390977, 0.8609649122807017, 0.8669799498746867, 0.8607142857142858, 0.893671679197995, 0.8928571428571429, 0.9157268170426065, 0.9157268170426065, 0.918609022556391, 0.9517543859649122, 0.944423558897243, 0.9446741854636591, 0.943922305764411, 0.9470551378446115, 0.9448621553884712, 0.9429197994987468, 0.9427318295739349, 0.9447994987468672, 0.9426065162907268, 0.9419172932330827, 0.9411654135338345, 0.9414160401002506, 0.9454260651629073, 0.9415413533834587], "Valid": []}, "f1_val": {"Train": [0.7748605802368569, 0.7668400275706497, 0.7571903001441194, 0.7566416040100251, 0.7709756250391628, 0.8319548872180451, 0.8359125368084707, 0.8609562002631744, 0.8669716147628298, 0.8607055579923554, 0.8936650166050505, 0.8928437147512219, 0.9157215364371201, 0.9157109732405843, 0.9186039225515383, 0.951742291301078, 0.9444270409122236, 0.944663783919283, 0.9439187919042547, 0.9470518202894919, 0.9448621553884712, 0.9429162228209788, 0.9427174730508899, 0.944796039852121, 0.9425921283529706, 0.9419136537377029, 0.9411617269252459, 0.941412369196065, 0.9454294843681474, 0.9415450159764426], "Valid": []}}