{"roc_val": {"Train": [0.9137872013994887, 0.9150863216939592, 0.9141981441699486, 0.9217908650071296, 0.9309437440719593, 0.9200669593783958, 0.9148396523891181, 0.907023385531498, 0.9132765811772539, 0.9253179471234476, 0.9137178315462842, 0.9123778509557101, 0.9280212278817344, 0.9275054098278277, 0.9247446074459331, 0.9239869488885121, 0.9252738597747502, 0.9259916787582994, 0.9262550800560299, 0.9263238767344427, 0.9261231242266066, 0.9258636173767752, 0.9261300180275249, 0.9260776000150753, 0.9259815186462397, 0.9259863474475664, 0.9260862447472062, 0.9261256053668003, 0.9260990901439061, 0.9260713422026244], "Valid": []}, "eer_val": {"Train": [0.1487468671679174, 0.14812030075218638, 0.1527568922313355, 0.14047619047619486, 0.1310776942355893, 0.15025062656641608, 0.15626566416035118, 0.16954887218044665, 0.1621553884696329, 0.14210526315793004, 0.1562656641592304, 0.1654135338346258, 0.13646616541343154, 0.13997493734351843, 0.14486215538897157, 0.14598997493685617, 0.144110275689223, 0.14273182957346348, 0.14072681704283294, 0.1421052631578947, 0.14223057644031176, 0.14260651629072624, 0.1422305764411036, 0.14223057644255327, 0.14260651629089058, 0.14248120300748726, 0.1422305764402034, 0.1419799498743198, 0.14172932330827123, 0.14185463659148187], "Valid": []}, "thres": {"Train": [-0.1913566142320627, -0.10268948972227739, -0.04327323287730413, -0.033168975263834104, -0.025042673572897915, -0.02466928400099278, -0.03968973644077499, -0.0747525319457051, -0.10804414749101776, -0.1609143316746022, -0.20847888290852878, -0.25065445899963673, -0.29612828791137885, -0.2668574154377249, -0.28300544619560764, -0.29775282740575876, -0.3158837854862213, -0.3235716968772831, -0.3327169418335991, -0.3344820588827133, -0.33890438079779694, -0.33935333788394906, -0.342103660106659, -0.3411251604558619, -0.3415201008320004, -0.34229949116706604, -0.3410824537275635, -0.3413853049278238, -0.34253501892089877, -0.343003004789353], "Valid": []}, "acc_val": {"Train": [0.8513157894736842, 0.8519423558897243, 0.8472431077694236, 0.8595864661654136, 0.868859649122807, 0.8496867167919799, 0.843734335839599, 0.8305137844611529, 0.8377819548872181, 0.8578320802005013, 0.843796992481203, 0.8345864661654135, 0.8635964912280701, 0.8602130325814537, 0.8550751879699248, 0.8539473684210527, 0.8559523809523809, 0.8573308270676692, 0.8592731829573935, 0.8578947368421053, 0.8577694235588973, 0.8574561403508771, 0.8577067669172932, 0.8578320802005013, 0.8573934837092732, 0.8575187969924812, 0.8575187969924812, 0.8580827067669173, 0.8582080200501253, 0.8580827067669173], "Valid": []}, "f1_val": {"Train": [0.851306472836644, 0.8519516321032516, 0.8472431077694236, 0.8595776677736701, 0.8688514317939721, 0.8496772980763205, 0.843734335839599, 0.830503164358669, 0.8377514570407971, 0.8578231718779372, 0.8437872047120746, 0.8345864661654135, 0.8635879441067735, 0.8602393033890873, 0.8550661068989286, 0.8539199097574731, 0.8559433548467948, 0.8573218873362993, 0.8592731829573935, 0.8578947368421053, 0.8577515979446045, 0.8574472084717089, 0.8576978507425277, 0.8578409874068041, 0.8573934837092732, 0.8575009399674145, 0.8574652124858969, 0.8580738141487563, 0.8581991352841657, 0.8580738141487563], "Valid": []}}