{"roc_val": {"Train": [0.8729780120727886], "Valid": []}, "eer_val": {"Train": [0.22130325814536342], "Valid": []}, "thres": {"Train": [-0.31414233644803363], "Valid": []}, "acc_val": {"Train": [0.7786340852130326], "Valid": []}, "f1_val": {"Train": [0.7786479543888227], "Valid": []}}