{"roc_val": {"Train": [0.9323276706804606, 0.9395927239778644, 0.9480011824674467, 0.9570267225080245, 0.9621078385186024, 0.9661948495926532, 0.9681488574192374, 0.9636532119773119, 0.9590487811006213, 0.9576814373025295, 0.9495502069710617, 0.9503413766245186, 0.9517535065734511, 0.9504835082694204, 0.9501396583564173, 0.9484185086777094, 0.9499500631277442, 0.9498132706452849, 0.9497743183145834, 0.9496950474557321, 0.9500203673343761, 0.9499712391881961, 0.9499457132806954, 0.9497216254923022, 0.949954829115395, 0.9500508084120075, 0.9499187191035233, 0.950204097336072, 0.9501404199722362, 0.9499208704719191], "Valid": []}, "eer_val": {"Train": [0.1330827067669226, 0.1279448621553271, 0.11616541353280979, 0.10012531328320663, 0.08796992481202154, 0.08295739348333399, 0.08270676691809328, 0.08558897243108306, 0.08984962406014828, 0.09536340852130046, 0.10614035087613229, 0.11040100250553389, 0.1126566416035541, 0.10827067669209377, 0.11177944862229011, 0.11829573934839901, 0.11390977443573341, 0.11353383458646464, 0.11340852130426332, 0.11365914786946114, 0.1134085213032173, 0.113032581454545, 0.11365914786999355, 0.11378446115327512, 0.11315789473686325, 0.11290726817046648, 0.11328320802039905, 0.11303258145363144, 0.11290726817042492, 0.11303258145317956], "Valid": []}, "thres": {"Train": [-0.513957083225251, -0.48322641849516224, -0.4458201229571876, -0.43178221583366333, -0.4035991057753517, -0.3719651997087301, -0.348560214043656, -0.3382788896560687, -0.30923539400100386, -0.3035167753696432, -0.30432066321327317, -0.3196172416210044, -0.31719613075248226, -0.3302709758282846, -0.333954751491565, -0.3394328355789248, -0.33818152546821556, -0.3387492001056659, -0.3367351293564534, -0.3408595919608677, -0.33664605021475213, -0.33743661642134726, -0.3392618596553891, -0.3384203016758975, -0.339356482028986, -0.3354272544384131, -0.33611559867868557, -0.336476624011992, -0.3379063010215757, -0.33590579032897644], "Valid": []}, "acc_val": {"Train": [0.8668546365914787, 0.8720551378446115, 0.8838972431077694, 0.9, 0.912092731829574, 0.9170426065162908, 0.9176691729323309, 0.9143483709273182, 0.9102130325814536, 0.9046992481203008, 0.893734335839599, 0.8895989974937344, 0.88734335839599, 0.8917919799498747, 0.8882832080200501, 0.8817042606516291, 0.8860902255639098, 0.8865288220551378, 0.8865914786967418, 0.8862781954887218, 0.8865914786967418, 0.88703007518797, 0.8862781954887218, 0.8862155388471178, 0.8867794486215539, 0.88703007518797, 0.8867794486215539, 0.88703007518797, 0.8870927318295739, 0.88703007518797], "Valid": []}, "f1_val": {"Train": [0.8668462936274203, 0.8720391026444416, 0.8838899680431105, 0.8999874671011405, 0.9120872235102451, 0.917032209550069, 0.9177001127395716, 0.9143430039476157, 0.9102074064791028, 0.9046932765210853, 0.8937076961644523, 0.8895851610477503, 0.8873292392530391, 0.8917987594762232, 0.8882902073804899, 0.8817042606516291, 0.8860759493670887, 0.8865217118867098, 0.8865914786967418, 0.8862568151908253, 0.8865772653214689, 0.8870371530605851, 0.8862710696158909, 0.8862155388471178, 0.8867723541575286, 0.8870229964283476, 0.8867865421966042, 0.8870229964283476, 0.8870927318295739, 0.8870229964283476], "Valid": []}}