{"roc_val": {"Train": [0.6779979318597245, 0.6757404790170917, 0.6682337658054912, 0.6443827064528489, 0.7330292994390738, 0.7345033479689198, 0.8115019535053173, 0.8556189109993029, 0.8382919391209854, 0.8805229709612377, 0.8171265412905698, 0.891173932638614, 0.9008791794649531, 0.8999057088209245, 0.8969914604807758, 0.909592119396235, 0.9131024224094069, 0.9133563231386739, 0.9138072468137763, 0.9139639119729147, 0.9141286329859737, 0.9140405368056733, 0.9138706022575235, 0.9139107951583217, 0.9139519538193854, 0.9140144534268001, 0.9139014594757572, 0.9141186377598132, 0.913996700711679, 0.9140180573614487], "Valid": []}, "eer_val": {"Train": [0.38070175438596243, 0.3857142857143279, 0.3840852130325815, 0.3936090225563995, 0.3323308270676688, 0.33032581453616616, 0.26528822055169726, 0.22343358395978288, 0.2387218045113898, 0.1913533834602738, 0.2645363408521304, 0.18132832080127828, 0.17030075187971142, 0.17130325814725528, 0.1730576441102759, 0.15827067669265546, 0.1568922305769729, 0.1545112781953223, 0.15325814536216276, 0.15375939849624062, 0.1525062656641604, 0.15288220551452017, 0.15313283208095052, 0.15275689223116898, 0.15288220551378445, 0.15250626566378897, 0.15325814536340024, 0.15338345864648958, 0.1527568922305762, 0.15288220551431816], "Valid": []}, "thres": {"Train": [-0.12614029645919744, -0.006866120733320971, -0.0009234479221049697, -0.00014255539281293988, -2.993242378579452e-05, -0.0008158166892824458, -0.0036404264392339773, -0.012299213558431376, -0.019802130758763144, -0.07316859066493915, -0.11937857419252397, -0.22791516780838003, -0.20441363751888458, -0.2528357803821933, -0.25775170326232916, -0.2866198122508878, -0.29963555932066965, -0.30015748739240494, -0.30877795815451153, -0.31071792046229046, -0.31540507078170776, -0.31627944111826783, -0.3167423009876815, -0.31692364811904455, -0.31622186303138733, -0.31722861528395174, -0.3178335875272714, -0.3192714154720302, -0.3190819124380747, -0.3178629279137083], "Valid": []}, "acc_val": {"Train": [0.6193609022556391, 0.6142857142857143, 0.6159147869674185, 0.606328320802005, 0.6677318295739348, 0.6697368421052632, 0.7347744360902255, 0.7765664160401002, 0.7612155388471178, 0.8086466165413534, 0.7354010025062656, 0.818734335839599, 0.8296365914786967, 0.8286340852130326, 0.8268796992481203, 0.8419172932330827, 0.843421052631579, 0.8455513784461153, 0.8468045112781954, 0.8462406015037593, 0.8474310776942355, 0.8471177944862155, 0.8469298245614035, 0.8473057644110276, 0.8470551378446115, 0.8474937343358396, 0.8467418546365915, 0.8466791979949875, 0.8473057644110276, 0.8472431077694236], "Valid": []}, "f1_val": {"Train": [0.6193370511936838, 0.6142857142857143, 0.6159147869674185, 0.6063036531110971, 0.6677110094617458, 0.6697161476282976, 0.7347578169058211, 0.7765384133350044, 0.7612005764772228, 0.8086466165413534, 0.7353844225828686, 0.8187229776301774, 0.8296259164108027, 0.8286233473275268, 0.8268688514317941, 0.8419470024431497, 0.8434700908236766, 0.8455417006078075, 0.8467949119619024, 0.8462406015037593, 0.8474023939336968, 0.8471177944862155, 0.8469394148236326, 0.847315331119604, 0.8470263834054022, 0.8474746208798094, 0.8467418546365915, 0.846669590826493, 0.8472961965035403, 0.8472622478386167], "Valid": []}}