{"roc_val": {"Train": [0.8798966557999008], "Valid": []}, "eer_val": {"Train": [0.21641604010027937], "Valid": []}, "thres": {"Train": [-0.17006237804890156], "Valid": []}, "acc_val": {"Train": [0.7835839598997494], "Valid": []}, "f1_val": {"Train": [0.7835839598997494], "Valid": []}}