{"roc_val": {"Train": [0.8799047195055307, 0.8359184458640334, 0.7704139107166412, 0.8628924598463579, 0.9852605668306105, 0.9827448477082431, 0.985243505065923, 0.9857150551818143, 0.9835027104101104, 0.9865602367447439, 0.9851371379576761, 0.9845775152166131, 0.9870921115445256, 0.98298022625486, 0.9892928279344979, 0.9862400047738393, 0.987614949026702, 0.9876950678701767, 0.9906144433766119, 0.9910239728393666, 0.9907739430028707, 0.9910018467220683, 0.99139155847011, 0.9912150677445493, 0.9913025043812539, 0.9914899560932406, 0.9912590216141859, 0.9914215520003016, 0.9914112348540525, 0.9914152235224654], "Valid": []}, "eer_val": {"Train": [0.21641604010025042, 0.25852130325814554, 0.2911027568920478, 0.20889724310776947, 0.04812030075376616, 0.0571428571428567, 0.05012531328430334, 0.04636591478783508, 0.05350877192982656, 0.04260651629072685, 0.050125313283400946, 0.0487468671679224, 0.044987468671409916, 0.047243107769423476, 0.04235588972421376, 0.04411027568835181, 0.03897243107769432, 0.040726817042606486, 0.03759398496240607, 0.035213032582778594, 0.035338345865332, 0.031829573934835285, 0.0315789473684212, 0.03308270676691728, 0.03245614035015343, 0.03220551378446015, 0.03233082706810611, 0.03120300751880399, 0.031829573935094946, 0.03258145363316349], "Valid": []}, "thres": {"Train": [-0.16995236277580258, -0.07694575935602196, -0.0680229291319563, -0.27888321876525884, -0.3606298863908465, -0.32056277990341164, -0.2785295248033213, -0.3137985765934781, -0.3115546703338651, -0.34972470998764044, -0.31752467155468694, -0.3355753868818292, -0.3163914382454149, -0.32750493288040133, -0.30432048439970866, -0.3393889069553649, -0.332723875840505, -0.3388086408376693, -0.3081683218479158, -0.2979606091985619, -0.29577922821045466, -0.305891424417494, -0.3005625009536746, -0.30103425681591034, -0.2995894253246017, -0.29965981841087164, -0.2977783977995041, -0.29756441712380105, -0.29933398962066177, -0.29709476232481713], "Valid": []}, "acc_val": {"Train": [0.7836466165413534, 0.7414160401002506, 0.7088972431077695, 0.7910401002506265, 0.9518170426065163, 0.9429197994987468, 0.949812030075188, 0.9541353383458646, 0.9464285714285714, 0.9573308270676691, 0.949874686716792, 0.9512531328320802, 0.9550125313283208, 0.9528195488721805, 0.9575814536340852, 0.9558897243107769, 0.9610275689223058, 0.9592731829573935, 0.96234335839599, 0.9648496240601504, 0.9647243107769423, 0.9681704260651629, 0.968358395989975, 0.9669799498746867, 0.9675438596491228, 0.9678571428571429, 0.9677318295739349, 0.968734335839599, 0.9682330827067669, 0.9674185463659147], "Valid": []}, "f1_val": {"Train": [0.783633059715521, 0.7413998370825239, 0.7088607594936708, 0.7910270067046807, 0.9518140234350523, 0.9429162228209788, 0.9498088852685006, 0.9541583166332666, 0.9464252146124444, 0.9573281533930698, 0.949874686716792, 0.9512531328320802, 0.9550068930943726, 0.9528165925183281, 0.9575841112712236, 0.9558841960145381, 0.9610275689223058, 0.9592731829573935, 0.9623409988094492, 0.9648518263266713, 0.9647265208946809, 0.9681704260651629, 0.9683564133091046, 0.9669778808196002, 0.9675397919538788, 0.9678551287674666, 0.9677338512624523, 0.9687323767153331, 0.9682350729904141, 0.9674144629652839], "Valid": []}}