{"roc_val": {"Train": [0.8700294046519809, 0.8723163249602703, 0.8768952142260413, 0.877342714555813, 0.8703237259816208, 0.8789925314539482, 0.9003961894083581, 0.9457472000804015, 0.9348049556849518, 0.9382366787897062, 0.943143604625599, 0.9557211559600757, 0.9597153048661755, 0.9672691440380399, 0.9755363188673438, 0.9767558463828744, 0.9806541573231322, 0.9831067251461989, 0.9870143874724403, 0.9871534412472285, 0.9872847061262179, 0.9888609839134176, 0.9891877406548953, 0.9860771917261827, 0.9885757784184772, 0.9888403810277573, 0.9887167009001201, 0.9888408364269068, 0.9888358427396812, 0.9888216782557898], "Valid": []}, "eer_val": {"Train": [0.21654135338362024, 0.21716791979950495, 0.21315789473687535, 0.21102756892276484, 0.21754385964940642, 0.20576441102756896, 0.1776942355898147, 0.12681704260651638, 0.13884711779448766, 0.12731829573944262, 0.12493734335839175, 0.10087719298245831, 0.09398496240497513, 0.07919799498746868, 0.06817042606516592, 0.06629072681616384, 0.05939849624060367, 0.05325814536340881, 0.048621553884711836, 0.04937343358482438, 0.048245614035087696, 0.04486215538689875, 0.042355889724307316, 0.04937343358468693, 0.042857142857536834, 0.0427318295731883, 0.04273182957366444, 0.04260651629072681, 0.04260651629072686, 0.04223057644179633], "Valid": []}, "thres": {"Train": [-0.40252965688716486, -0.26163122057914795, -0.20902449637652173, -0.1738101541997445, -0.14571060240271586, -0.11589607410132885, -0.0983532071116819, -0.08442869782447815, -0.1708613187074662, -0.20924222469334539, -0.2457445263862576, -0.2534286975860598, -0.2722045779226361, -0.3141825497150421, -0.28744581341743575, -0.282306581735198, -0.30651718378067183, -0.305848807096482, -0.3291876912117005, -0.3003250062469475, -0.31055203080177307, -0.3128369748586831, -0.3218263685703236, -0.32328197360082034, -0.3148193657399545, -0.32038968801444545, -0.31742152571640325, -0.3167044222354889, -0.3182784616947174, -0.3156690299513877], "Valid": []}, "acc_val": {"Train": [0.7833959899749373, 0.7827694235588972, 0.7868421052631579, 0.7890350877192982, 0.7823934837092732, 0.7942355889724311, 0.8223057644110275, 0.8731203007518797, 0.8610902255639098, 0.8728070175438597, 0.875125313283208, 0.8990601503759399, 0.9060776942355889, 0.9207393483709273, 0.9317669172932331, 0.9336466165413534, 0.9405388471177945, 0.9466791979949875, 0.9513157894736842, 0.9506265664160402, 0.9518170426065163, 0.9551378446115288, 0.9577067669172933, 0.9506265664160402, 0.9572055137844612, 0.9572055137844612, 0.9570802005012531, 0.9574561403508772, 0.9573308270676691, 0.9577694235588973], "Valid": []}, "f1_val": {"Train": [0.7834095608044608, 0.7827558117676545, 0.7868421052631579, 0.7890483052440322, 0.7823798483614263, 0.7942355889724311, 0.8223057644110275, 0.8731123503978947, 0.8610815213985838, 0.8728229545169779, 0.8751174885644464, 0.8990538254276583, 0.9060718090105896, 0.9207343818534997, 0.9317626417695344, 0.9336341417559691, 0.9405351212481984, 0.9466758568832634, 0.9513127388934144, 0.9506265664160402, 0.9518140234350523, 0.9551322220829678, 0.9577041167992982, 0.9506265664160402, 0.9572081949752522, 0.9571974681957762, 0.9570667502350361, 0.9574534745284793, 0.9573281533930698, 0.9577694235588973], "Valid": []}}