{"roc_val": {"Train": [0.8700334247272317], "Valid": []}, "eer_val": {"Train": [0.21654135338386876], "Valid": []}, "thres": {"Train": [-0.40243945519147434], "Valid": []}, "acc_val": {"Train": [0.7835213032581454], "Valid": []}, "f1_val": {"Train": [0.7835077385801115], "Valid": []}}