{"roc_val": {"Train": [0.9350551347039279], "Valid": []}, "eer_val": {"Train": [0.12944862155388473], "Valid": []}, "thres": {"Train": [-0.4596266448497772], "Valid": []}, "acc_val": {"Train": [0.8704887218045113], "Valid": []}, "f1_val": {"Train": [0.8704806065542954], "Valid": []}}