{"roc_val": {"Train": [0.8685251254022841, 0.9493284640934723, 0.9783717536917578, 0.9771022829623776, 0.9836525729273468, 0.9819887569598711, 0.9790239679454317, 0.9843433205706025, 0.9780481846484108, 0.9804960229942753, 0.9813786868627536, 0.9803029969276885, 0.9869947137908693, 0.986985344219925, 0.987748309872693, 0.9886456210661596, 0.989134566707963, 0.9891286913127989, 0.9894781725264868], "Valid": []}, "eer_val": {"Train": [0.2174940191377237, 0.12186004784615148, 0.06611842105251442, 0.07102272727299724, 0.05714712918784928, 0.06261904761904016, 0.0702083333333333, 0.05305023923351769, 0.06750000000000211, 0.06414473684266522, 0.06413690476190466, 0.06614832535912324, 0.04764880952380956, 0.04755952380952377, 0.048265550238282884, 0.045357142857159104, 0.04282738095236592, 0.04107142857142845, 0.04135765550167703], "Valid": []}, "thres": {"Train": [-0.012987300753588478, -0.04945537447922658, -0.2405441999434833, -0.3493994176390028, -0.4338542521029472, -0.4088423348608301, -0.49191803766621484, -0.41384571790499475, -0.3482434093952184, -0.41671898961160675, -0.379089121662435, -0.3612495362759841, -0.40972718147058335, -0.4287388353120713, -0.4166073501101139, -0.4155522448676193, -0.4233311667328736, -0.4202897293227058, -0.42186495661648993], "Valid": []}, "acc_val": {"Train": [0.7825178997613366, 0.8781473747016706, 0.9338902147971361, 0.9289677804295943, 0.942884844868735, 0.937395584725537, 0.9297881861575179, 0.9469570405727924, 0.9325029832935561, 0.9358442720763723, 0.9358741050119331, 0.9338454653937948, 0.9523568019093078, 0.9524463007159905, 0.9517452267303103, 0.954653937947494, 0.9571748210023866, 0.9589349642004773, 0.9586366348448687], "Valid": []}, "f1_val": {"Train": [0.7829194211184562, 0.878399499843701, 0.9340358397332856, 0.9291242483776866, 0.9430148973851442, 0.937534417836253, 0.9299438896247898, 0.9470754576573894, 0.9326526663590766, 0.9359865454166605, 0.9360163121939602, 0.9339921713375701, 0.9524645791165615, 0.9525538754613645, 0.9518536708785403, 0.9547565186331707, 0.9572723349158394, 0.9590284702275536, 0.9587295917608014], "Valid": []}}