{"roc_val": {"Train": [0.8233802158906038, 0.8411730925057004, 0.8463142112800799, 0.8661816508690272, 0.8832684468062387, 0.9230102354884706, 0.948136679417843, 0.9560806621817703, 0.9713898153906068, 0.9732834592747533, 0.9675192209847927, 0.9768683613796396, 0.9808602804002486, 0.9811548765397202, 0.9831800365575593, 0.9845882642068832, 0.9848792093014491, 0.9847915214100414, 0.9850649650441894], "Valid": []}, "eer_val": {"Train": [0.2609022556390325, 0.2441102756898189, 0.23822055137844675, 0.21779448621553693, 0.20087719298246212, 0.15714285714331278, 0.11766917293233269, 0.10676691729334696, 0.08483709273248198, 0.0805764411027572, 0.08421052631581996, 0.0728070175433162, 0.06654135338482425, 0.06503759398537662, 0.05902255639099207, 0.05526315789634002, 0.05275689223057627, 0.05513784461184401, 0.052005012531350835], "Valid": []}, "thres": {"Train": [-0.08967066556214869, -0.04939725995067376, -0.027993004769086838, -0.015155524015426617, -0.009802626445889516, -0.009654010646054766, -0.01770706847310068, -0.027295187115672456, -0.06000309064985805, -0.11250177025794991, -0.18481503427030513, -0.21077613532523698, -0.2538322210325426, -0.2917910516265393, -0.3407975137234092, -0.35978186130913, -0.3685043950875599, -0.3824006915098314, -0.3894537985325284], "Valid": []}, "acc_val": {"Train": [0.7391604010025062, 0.7559523809523809, 0.7617167919799499, 0.7822681704260651, 0.7990601503759398, 0.8427944862155389, 0.8822681704260652, 0.8932957393483709, 0.9151002506265664, 0.919360902255639, 0.9157268170426065, 0.9271929824561403, 0.9336466165413534, 0.9349624060150376, 0.9409147869674186, 0.9446741854636591, 0.9471804511278196, 0.9448621553884712, 0.9479949874686717], "Valid": []}, "f1_val": {"Train": [0.7391440566451533, 0.7559676711985466, 0.7617018610188607, 0.7822545272260167, 0.7990475593708879, 0.8427846356287989, 0.8822607932827871, 0.893302424660109, 0.9150949307600726, 0.9193558493639952, 0.9157215364371201, 0.927183857626269, 0.93365908663785, 0.9349624060150376, 0.940911084654427, 0.9446707187167116, 0.947183760416014, 0.9448621553884712, 0.9479949874686717], "Valid": []}}