{"roc_val": {"Train": [0.9220388376957431, 0.925718030979705, 0.9240872701804637, 0.9426338166845686, 0.9493504594820386, 0.9388186396442233, 0.9382013775039102, 0.9432115376159695, 0.9495521620467207, 0.9563842720837181, 0.9557892930948927, 0.9534213981067958, 0.9552811932713992, 0.9575539726509255, 0.9569567794800284, 0.9564451699423998, 0.9566706317799512, 0.9564453426800082, 0.9566747068171682, 0.9565735610957217, 0.95640619405657, 0.9565816876150276, 0.9566077160319345, 0.9565872073667878, 0.9565853543633521, 0.9565687715529425, 0.9566104013165747, 0.9566525728481605, 0.9566725397453534, 0.9566317579663445], "Valid": []}, "eer_val": {"Train": [0.15187969924836509, 0.1487468671676721, 0.14862155388335005, 0.12130325814536325, 0.10551378446115367, 0.1276942355895703, 0.12644110275687312, 0.11766917293232917, 0.10501253132835638, 0.09711779448524116, 0.09736842105301262, 0.10175438596549795, 0.0977443609027292, 0.09461152882096094, 0.09611528822004725, 0.09661654135346562, 0.09736842105211536, 0.09649122807019567, 0.09724310776876517, 0.09699248120335818, 0.09736842105263159, 0.0974937343358395, 0.09736842105263163, 0.09736842105301652, 0.09749373433608581, 0.09749373433553969, 0.09724310777091401, 0.0972431077691316, 0.09724310776907455, 0.09724310776940392], "Valid": []}, "thres": {"Train": [-0.14432962238791405, -0.0659340173005684, -0.039927221834638586, -0.03163173422217369, -0.023476820439100328, -0.03314720839263256, -0.060209926217792566, -0.09473018348216884, -0.14008021354675496, -0.18506114184835695, -0.2228270769119289, -0.28670454025330816, -0.292087554931745, -0.3110334575175547, -0.32429742813072954, -0.33680742979061085, -0.3412216603736961, -0.34182035923006043, -0.34793272614443427, -0.3504149019719963, -0.3505918979644776, -0.35102999210357655, -0.35291239619255066, -0.3527748783430991, -0.35263565182720835, -0.35302504897108433, -0.3528274595751868, -0.352928429841965, -0.35335648059842334, -0.352584838867176], "Valid": []}, "acc_val": {"Train": [0.8481829573934837, 0.8512531328320802, 0.8514411027568922, 0.8787593984962406, 0.8944235588972431, 0.8722431077694236, 0.8736215538847117, 0.8823934837092732, 0.8949248120300752, 0.9028822055137845, 0.9026315789473685, 0.8981829573934837, 0.9021929824561403, 0.9053884711779449, 0.9038847117794486, 0.9033834586466165, 0.9026315789473685, 0.9035714285714286, 0.9028195488721804, 0.9031328320802005, 0.9025689223057645, 0.9025689223057645, 0.9025689223057645, 0.9026942355889724, 0.9025062656641604, 0.9025062656641604, 0.9026942355889724, 0.9026942355889724, 0.9027568922305764, 0.9028195488721804], "Valid": []}, "f1_val": {"Train": [0.8481924691435373, 0.8512344905376614, 0.8514317939720535, 0.8787518014913215, 0.8944169434175074, 0.8722351024500282, 0.8736136349395325, 0.8823861144181966, 0.8949182279591453, 0.9028700338388269, 0.9026315789473685, 0.8981765774797918, 0.9021868538128955, 0.9053766136107282, 0.9038726657475874, 0.9033834586466165, 0.9026193758616367, 0.9035653863023999, 0.902813459489943, 0.9031449693020925, 0.9025628172191239, 0.9025628172191239, 0.9025628172191239, 0.9026881383545334, 0.9025062656641604, 0.9024940468730418, 0.9026881383545334, 0.9026759415930313, 0.9027447048502318, 0.902813459489943], "Valid": []}}