{"roc_val": {"Train": [0.684928693391792, 0.6972524260037452, 0.8803556126462075, 0.9145410335571594, 0.9125086499666041, 0.910572819719865, 0.9148698317431004, 0.9068764268300937, 0.9140206440635145, 0.9122574816322343, 0.9053671904280333, 0.9129358562446215, 0.9160553273325334, 0.9175118220572316, 0.9173186159146125, 0.9169768563011539, 0.9162477648800365, 0.915976880903177, 0.916030243738, 0.915969493316974, 0.9159662453264881, 0.9159744547249493, 0.9160270838611426, 0.9160283314105369, 0.916035757382875], "Valid": []}, "eer_val": {"Train": [0.3748955722646752, 0.36633249791210865, 0.19594820384294062, 0.15204678362536933, 0.1559314954054922, 0.15789473684018823, 0.14962406014974558, 0.16294903926482873, 0.1541353383448406, 0.15672514619882968, 0.16842105263157894, 0.15580618212059621, 0.1510860484544704, 0.14895572263940346, 0.1489974937343334, 0.14933166249057178, 0.1506265664160565, 0.15108604845342286, 0.15066833751044137, 0.1506683375121946, 0.15100250626671302, 0.15096073517052394, 0.15075187969924803, 0.15075187969928602, 0.15062656641571226], "Valid": []}, "thres": {"Train": [-0.3059391975404335, -0.21083067357564922, -0.08809797465801239, -0.16879025101652123, -0.17603835463529005, -0.15746271610227502, -0.17030648887154765, -0.17641794681549072, -0.183000177144527, -0.16152796149253834, -0.17795531451702118, -0.17770360410185013, -0.18059712648391746, -0.1771910637616788, -0.18012447655200908, -0.18072858452818868, -0.1790825426578547, -0.1810843944548317, -0.18047349154949172, -0.18029639124950791, -0.1810127645732832, -0.18086390197268115, -0.18074427917599675, -0.18050730228425327, -0.18031994998442383], "Valid": []}, "acc_val": {"Train": [0.6251044277360067, 0.6336675020885547, 0.8040726817042606, 0.847953216374269, 0.8440685045948204, 0.8421261487050961, 0.850375939849624, 0.8370300751879699, 0.8458646616541353, 0.8432957393483709, 0.8315789473684211, 0.844172932330827, 0.8488930659983291, 0.8510442773600668, 0.8510233918128655, 0.8507101086048454, 0.8493525480367585, 0.8489139515455305, 0.8493525480367585, 0.8493107769423559, 0.8489974937343359, 0.8490392648287385, 0.8492898913951545, 0.8492272347535506, 0.8493734335839599], "Valid": []}, "f1_val": {"Train": [0.6251044277360067, 0.6336675020885547, 0.8040685895695399, 0.8479468649484105, 0.8440685045948204, 0.842122851354456, 0.850369689627804, 0.83703347883294, 0.8458582229834162, 0.8432924664257817, 0.8315719119428548, 0.8441631681183033, 0.8488899099814115, 0.8510380550566022, 0.8510202802898974, 0.8507163443465185, 0.849349401616575, 0.848907640252308, 0.849349401616575, 0.849307629649742, 0.8489974937343359, 0.8490329587702075, 0.8492835958060069, 0.8492240857160759, 0.8493671414846068], "Valid": []}}