{"roc_val": {"Train": [0.6861303678648025, 0.6990573865742049, 0.8940046850278021, 0.906981581285433, 0.9110564448925152, 0.9113447047024411, 0.9120845494758898, 0.9117216635294725, 0.9059352912705042, 0.9161638082954532, 0.9142846194084486, 0.9146049098309684, 0.9152529785896096, 0.9153305273068497, 0.9153689369971851, 0.9154595343831592, 0.9153491977995671, 0.9150771413007596, 0.9153504549454952, 0.9153312182572834, 0.9154202767082004, 0.9153140727410282, 0.9154079155002517, 0.9153483349839371, 0.9153212474586633, 0.9153321028832175, 0.9153230202001802], "Valid": []}, "eer_val": {"Train": [0.3761904761908476, 0.3708020050125306, 0.17188805346568634, 0.15668337510442099, 0.1510860484548649, 0.15263157894736853, 0.1521303258145363, 0.15288220551378495, 0.1594820384294186, 0.14331662489516206, 0.14741019214621737, 0.1486633249791145, 0.1471177944866479, 0.14757727652464486, 0.14670008354219277, 0.14715956558061996, 0.14728487886289202, 0.1478696741839015, 0.14715956558061813, 0.1472431077694249, 0.1471177944860613, 0.1474937343358377, 0.1469924812038412, 0.147368421052645, 0.14741019214761142, 0.1474519632415498, 0.1473684210540787], "Valid": []}, "thres": {"Train": [-0.3484787940980265, -0.22775271534919736, -0.08123914897434831, -0.1696746945381136, -0.17564949393272866, -0.17067359387874606, -0.16997985541820526, -0.18756203353405002, -0.1825503557920484, -0.1729090362784238, -0.18126018345330838, -0.17852897942066193, -0.17887619137780852, -0.1810265630483627, -0.18282930552959506, -0.1803487092256548, -0.17923600971675366, -0.18103359639628852, -0.18098364770412434, -0.18039304018020638, -0.1802946031093556, -0.18050618469714896, -0.179906278848963, -0.18013890087604753, -0.18025556206720666, -0.18008901178838274, -0.17978280782749506], "Valid": []}, "acc_val": {"Train": [0.6237886382623224, 0.62921888053467, 0.8281328320802005, 0.8433375104427736, 0.8489139515455305, 0.8473475355054303, 0.847890559732665, 0.8470969089390142, 0.8404970760233919, 0.8566833751044277, 0.8525271512113617, 0.8513157894736842, 0.8528822055137845, 0.8524436090225563, 0.8532790309106099, 0.8528195488721805, 0.8527360066833751, 0.8521512113617377, 0.8528613199665831, 0.8527360066833751, 0.8529030910609858, 0.8525271512113617, 0.8530075187969924, 0.8526524644945698, 0.852610693400167, 0.852548036758563, 0.8527151211361738], "Valid": []}, "f1_val": {"Train": [0.6237807807180601, 0.6292111364063577, 0.8281292424653816, 0.8433342383926148, 0.8489139515455305, 0.8473443472085883, 0.8478873827774182, 0.84709371540759, 0.8404937446479667, 0.856677388362087, 0.8525117493472586, 0.8513126840577288, 0.8528822055137845, 0.8524405271622214, 0.8532759664988826, 0.8528164748637189, 0.8527329309300528, 0.85214812339439, 0.852858246830552, 0.8527329309300528, 0.8529000187973851, 0.8525240710958876, 0.8530075187969924, 0.852655541864205, 0.8526137716421962, 0.852548036758563, 0.8527274246094729], "Valid": []}}