{"roc_val": {"Train": [0.7064245984635774, 0.6913805529906638, 0.8820272485725592, 0.9069038292961588, 0.9048434561061524, 0.9039116684428978, 0.9025704673477064, 0.9061538366244211, 0.9065087295305934, 0.9056114230857009, 0.9053869732462597, 0.9009833603083174, 0.902900482548616, 0.9086727365615375, 0.9095195364490313, 0.9110438917538906, 0.9100232576358748, 0.9104605114847827, 0.9096198490168612, 0.9097186514392358, 0.909868881686254, 0.9100937790731353, 0.9100177876116078, 0.9100006988021432, 0.9100408437202725, 0.9099789574186092], "Valid": []}, "eer_val": {"Train": [0.3588137009193265, 0.36917293233083187, 0.19060150376046664, 0.16495405179615708, 0.1637426900584798, 0.16938178780335428, 0.16984126984067818, 0.16478696741854065, 0.1644527986633245, 0.16629072681705123, 0.168253968254327, 0.17247284878843036, 0.16837928153717624, 0.1637844611519575, 0.16390977443661714, 0.16106934001670864, 0.16282372598162073, 0.1622389306599833, 0.16311612364257777, 0.16328320802012225, 0.16299081035923652, 0.16269841269841354, 0.16265664160401005, 0.162573099415008, 0.16257309941520534, 0.16261487050960696], "Valid": []}, "thres": {"Train": [-0.3121255636215365, -0.22455435991287237, -0.06100426241767279, -0.154663547873497, -0.17301750183105505, -0.16223213076611032, -0.15942470729341968, -0.18336363136768155, -0.17661821842193595, -0.15709391236305856, -0.1625450402498404, -0.17286555469032153, -0.16843147948384285, -0.16997002065171307, -0.16971835494043302, -0.17072783410549167, -0.17343133687973022, -0.1740376055240631, -0.17322722077372385, -0.17147320508957067, -0.1721168905496609, -0.172612637281418, -0.17247533202171325, -0.1720781773328276, -0.1717981696128846, -0.17177945375442472], "Valid": []}, "acc_val": {"Train": [0.641186299081036, 0.6308061821219716, 0.8094402673350042, 0.8350250626566416, 0.8362364243943191, 0.8306182121971596, 0.8301796157059315, 0.835233918128655, 0.835547201336675, 0.833688387635756, 0.8317460317460318, 0.827548036758563, 0.8316207184628237, 0.8361946532999165, 0.8361111111111111, 0.8389097744360903, 0.8371762740183792, 0.8376984126984127, 0.8368838763575606, 0.8366959064327485, 0.8369883040935673, 0.837280701754386, 0.8373642439431913, 0.8374477861319967, 0.8374060150375939, 0.8374060150375939], "Valid": []}, "f1_val": {"Train": [0.641186299081036, 0.6307984711460138, 0.8094482268911073, 0.8350216169928362, 0.8362330040309948, 0.8306182121971596, 0.8301760688402013, 0.8352304768270015, 0.8355472013366749, 0.8336849140541782, 0.8317460317460317, 0.8275444349297187, 0.8316207184628237, 0.8361843891638991, 0.8361145339487479, 0.8389064099083106, 0.8371694724090396, 0.8376814621409923, 0.8368838763575606, 0.8366924956661584, 0.8369848994339899, 0.8372773032018213, 0.8373608471354873, 0.8374443910691535, 0.8374026191023204, 0.8374026191023204], "Valid": []}}