{"roc_val": {"Train": [0.9362283528369797], "Valid": []}, "eer_val": {"Train": [0.12969924812030165], "Valid": []}, "thres": {"Train": [-0.4726241230964662], "Valid": []}, "acc_val": {"Train": [0.8702380952380953], "Valid": []}, "f1_val": {"Train": [0.8702299642834764], "Valid": []}}