{"roc_val": {"Train": [0.7471129246815171, 0.7850572415793033, 0.9274219993732591, 0.929927239080715, 0.9306738529001423, 0.9302598994353051, 0.9302348655682648, 0.9320206958847969, 0.9304450383826455, 0.9308823864520672, 0.9291361470719405, 0.93293587979975, 0.9317907027384669, 0.932994605352144, 0.9325308790285376, 0.9324939821008942, 0.9324503998788395, 0.9323933545922729, 0.932655102668953, 0.9323875190273093, 0.9325389331376339, 0.9325715386698437, 0.9325776001895577, 0.9325927164751199, 0.9325829681416015, 0.932591188881421, 0.9325920796142402, 0.9325291568869263], "Valid": []}, "eer_val": {"Train": [0.32522974101921576, 0.2931495405179616, 0.1262322472856279, 0.12042606516230515, 0.11833751044249907, 0.12092731829767528, 0.11850459482094301, 0.11888053467006597, 0.12556390977443616, 0.11754385964900058, 0.12765246449457018, 0.11783625730996568, 0.12527151211281043, 0.11971595655806205, 0.1229741019227352, 0.12180451127870502, 0.12201336675021164, 0.12251461988411619, 0.12121971595680996, 0.12238930659983324, 0.12192982456243723, 0.12155388471178241, 0.12159565580649714, 0.12155388471355352, 0.12159565580618219, 0.12084377610689145, 0.12126148705095882, 0.12184628237261133], "Valid": []}, "thres": {"Train": [-0.21171621382236508, -0.15103749930858612, -0.1258282959463828, -0.188317447900462, -0.1709642708299563, -0.15798473358171078, -0.15986089408399468, -0.1736649870872565, -0.1749745309352875, -0.16110189259050497, -0.19415444135665896, -0.19146445393563247, -0.1748236566778732, -0.1749918311834336, -0.18527372181460658, -0.18027393519905224, -0.18093116581440022, -0.18406416475818235, -0.18209838867194048, -0.18227231502532962, -0.18206411600125877, -0.18192380666732794, -0.18165971338752201, -0.18186821043556423, -0.18182148039340976, -0.17968850955366372, -0.18073637783527358, -0.18205729126930698], "Valid": []}, "acc_val": {"Train": [0.6747911445279866, 0.7068295739348371, 0.8737677527151211, 0.8795739348370928, 0.8816207184628237, 0.8790517961570593, 0.8814954051796157, 0.8811194653299916, 0.8744152046783625, 0.8823934837092732, 0.872326649958229, 0.8821428571428571, 0.8747076023391813, 0.8802631578947369, 0.8770050125313283, 0.8781954887218045, 0.8779657477025898, 0.8774644945697577, 0.8787802840434419, 0.8775898078529657, 0.8780910609857978, 0.8784252297410192, 0.8784252297410192, 0.8784670008354218, 0.8783834586466165, 0.879156223893066, 0.8787593984962406, 0.8782163742690059], "Valid": []}, "f1_val": {"Train": [0.6747843522212243, 0.7068234507821801, 0.8737677527151211, 0.8795689042984252, 0.8816108279722618, 0.8790492700348796, 0.8814954051796157, 0.8811194653299917, 0.8744125817164102, 0.8823812010443863, 0.8723239833747573, 0.8821403955805259, 0.8746997514464147, 0.8802606570730382, 0.8770024436600596, 0.8781954887218045, 0.87796319889722, 0.8774619352952234, 0.8787802840434419, 0.8775923644034167, 0.8780936070675216, 0.8784226905323836, 0.8784277688435914, 0.8784695390656001, 0.8783809185655507, 0.879156223893066, 0.8787568662670481, 0.8782240043439217], "Valid": []}}