{"roc_val": {"Train": [0.9465385189163386, 0.9584117405041426, 0.9674271282843702, 0.9732532301932777, 0.9776863210658224, 0.9802820491077318, 0.9808914359834423, 0.9800971727564526, 0.9782515813342881, 0.976829306976715, 0.9749834250413001, 0.9753213390619405, 0.9759804743688796, 0.97616623011162, 0.9766113906319683, 0.9766220689568534, 0.9770372987606861, 0.9771177787827966, 0.9771402896338591, 0.9771919931407467, 0.9773001661421725, 0.9772811100432787, 0.9772862686164031, 0.9772801835415607, 0.9772368578086821, 0.9772929975314226, 0.9772921966570562, 0.9772886790912118, 0.9773370299181536, 0.9772748522308278], "Valid": []}, "eer_val": {"Train": [0.11478696741854637, 0.09837092731980132, 0.08533834586463891, 0.07030075187970214, 0.061152882205720314, 0.05739348371025514, 0.06090225563913906, 0.06541353383431611, 0.07055137844611543, 0.06942355889800675, 0.07418546365751054, 0.07380952380952355, 0.0738095238097053, 0.07105263157894648, 0.07230576441101116, 0.07142857142967146, 0.07067669172926073, 0.07030075188016703, 0.07030075187969712, 0.07005012531351193, 0.06992481203008957, 0.07005012531300174, 0.07030075187970175, 0.06979949874686817, 0.06979949874686722, 0.06967418546365961, 0.0699248120303482, 0.06979949874686678, 0.06979949874688306, 0.07005012531328311], "Valid": []}, "thres": {"Train": [-0.5881958365440368, -0.677722752094813, -0.592114448547326, -0.5249519944190991, -0.4610042572023266, -0.40304023027543967, -0.36651811003687734, -0.33847811818027945, -0.3076045513153077, -0.31854060292281444, -0.32226973771858475, -0.33414480090141296, -0.33293715119401446, -0.3413129448890685, -0.34214277068772125, -0.3456177711487504, -0.3450940549372965, -0.34702494740489015, -0.3459636569023118, -0.3494106233120899, -0.34628030657768777, -0.345905572175887, -0.3477512001991281, -0.3465037345886237, -0.3474575579166413, -0.34591311216354376, -0.34566915035275825, -0.34651070833206166, -0.3486455678939877, -0.34477820992469765], "Valid": []}, "acc_val": {"Train": [0.8852130325814537, 0.9016290726817042, 0.9147243107769424, 0.9296365914786967, 0.9387844611528822, 0.9426065162907268, 0.9390350877192982, 0.9346491228070175, 0.9293859649122806, 0.930576441102757, 0.9257518796992481, 0.9262531328320802, 0.9261904761904762, 0.9290100250626566, 0.9277568922305764, 0.9286340852130326, 0.9291979949874687, 0.9297619047619048, 0.9297619047619048, 0.9298872180451128, 0.9300125313283208, 0.9299498746867167, 0.9296992481203008, 0.9301378446115288, 0.9301378446115288, 0.9304511278195489, 0.9300125313283208, 0.9302631578947368, 0.9301378446115288, 0.9300125313283208], "Valid": []}, "f1_val": {"Train": [0.8852130325814537, 0.9016290726817042, 0.9147189673538443, 0.9296321824675731, 0.9387806253524656, 0.9426065162907268, 0.9390312676232846, 0.9346450278839525, 0.9293815401967541, 0.930576441102757, 0.9257379206617787, 0.926248511811517, 0.9261904761904762, 0.9290055767905258, 0.9277523654364308, 0.9286385564814235, 0.929180245675608, 0.9297663053693378, 0.9297575036029827, 0.9298828247383922, 0.9300081458738015, 0.9299410953753602, 0.9296992481203008, 0.9301334670092111, 0.9301334670092111, 0.9304424113297406, 0.9300081458738015, 0.9302587881446206, 0.9301334670092111, 0.9300081458738015], "Valid": []}}