{"roc_val": {"Train": [0.9565048115275658], "Valid": []}, "eer_val": {"Train": [0.09335839598848225], "Valid": []}, "thres": {"Train": [-0.456666350363881], "Valid": []}, "acc_val": {"Train": [0.9067042606516291], "Valid": []}, "f1_val": {"Train": [0.9066984146876371], "Valid": []}}