{"roc_val": {"Train": [0.8617876850647922, 0.8786473388986251, 0.892247520430148, 0.9048237919359803, 0.8675710108604846, 0.843363279753268, 0.8503659917337202, 0.8602060759668594, 0.8739805104867431, 0.8860566516541981, 0.8876551262240815, 0.8899783528369797, 0.900223153434966, 0.8933097232429446, 0.8964453112731705, 0.9027925703984271, 0.9021351938744103, 0.9027758384055377, 0.9028722652495902, 0.9032660598865585, 0.9031723183271462, 0.9031509695290859, 0.9031117345368433, 0.9030546447572565, 0.9030411084101231, 0.903014561780391, 0.9030387371938617, 0.9030282080514569, 0.9030349840767332, 0.9030582486919052], "Valid": []}, "eer_val": {"Train": [0.22305764411021817, 0.20463659147899219, 0.18959899749374193, 0.17092731829572863, 0.2146616541353383, 0.24147869674212494, 0.2330827067669064, 0.22431077694277043, 0.20852130325781018, 0.19498746867167882, 0.19411027569046263, 0.19235588972449233, 0.17907268170272103, 0.18634085213032545, 0.18145363408500081, 0.17518796992324098, 0.17531328320795667, 0.17493734335895797, 0.17481203007518803, 0.17393483709273186, 0.17406015037593991, 0.1740601503759406, 0.17406015037642, 0.17431077694243396, 0.17418546365941606, 0.1743107769434169, 0.17431077694235664, 0.17431077694235642, 0.1743107769423559, 0.17443609022542333], "Valid": []}, "thres": {"Train": [-0.14572356641291906, -0.12237200140958053, -0.07808375954628026, -0.030160547544558217, -0.006657266058027744, -0.010940854437649986, -0.014140797778963852, -0.030376374721532096, -0.05283658951520043, -0.07053211331367491, -0.11222396790998333, -0.13785597682002843, -0.15986029803700988, -0.19665053486824027, -0.20271980762475714, -0.1758721470822987, -0.18905207514762523, -0.19275835156449328, -0.1963491588830948, -0.20113205909729004, -0.20323687791824346, -0.2043754756450664, -0.20524419844158948, -0.20522648096090693, -0.20540791004901224, -0.20554175972989513, -0.20542688667774217, -0.20537081360816958, -0.20535007119178772, -0.2054299563167946], "Valid": []}, "acc_val": {"Train": [0.7769423558897243, 0.7953007518796993, 0.8104010025062657, 0.8290726817042606, 0.7852756892230577, 0.7585213032581454, 0.7669799498746868, 0.7756892230576441, 0.7912907268170426, 0.8050751879699248, 0.805889724310777, 0.8075814536340852, 0.8209273182957394, 0.8137218045112782, 0.818546365914787, 0.824812030075188, 0.824749373433584, 0.825062656641604, 0.825125313283208, 0.8260025062656642, 0.8258771929824561, 0.8258771929824561, 0.8259398496240602, 0.8256892230576441, 0.8258771929824561, 0.8256892230576441, 0.8256265664160402, 0.8256265664160402, 0.825563909774436, 0.825563909774436], "Valid": []}, "f1_val": {"Train": [0.7769423558897242, 0.7952879253086034, 0.8104010025062656, 0.8290726817042606, 0.785289142284318, 0.7585213032581454, 0.7669653487060593, 0.7756892230576441, 0.7912253212159198, 0.8050629738705433, 0.805889724310777, 0.807569396578733, 0.8209048752976563, 0.8137101322137978, 0.818546365914787, 0.8247900739441033, 0.8247383921298327, 0.8250626566416042, 0.8251143555360612, 0.8259916034839276, 0.8258662823485181, 0.8258662823485181, 0.8259398496240602, 0.8256892230576441, 0.8258662823485181, 0.8256892230576441, 0.825615640077699, 0.825615640077699, 0.825520180496365, 0.8255420478756736], "Valid": []}}