{"roc_val": {"Train": [0.9192999572867004, 0.9084668123943944, 0.927842326681365, 0.9179721704009398, 0.9226463715680178, 0.9207541252881578, 0.9223343446335136, 0.9125282504506882, 0.9165954045514789, 0.9155472405952224, 0.9281869853204439, 0.9302783745076978, 0.9428064365173586, 0.9270035599650757, 0.9718601170846917, 0.9822566048580096, 0.9866844193817877, 0.9869046519808292, 0.9866708045175595, 0.9868076284068568, 0.9870221292579822, 0.9865865870817394, 0.9868919165080622, 0.9867632269897803, 0.9867002955383447, 0.9869249800566581, 0.9869386812896903, 0.9873690884479369, 0.9873273880189193, 0.9873539032418138], "Valid": []}, "eer_val": {"Train": [0.15025062656612287, 0.16215538847119576, 0.14448621553784163, 0.17293233082580073, 0.16654135338238657, 0.1602756892224246, 0.15889724310841086, 0.1660401002506597, 0.16528822055130601, 0.1729323308270678, 0.15827067669157546, 0.14010025062619785, 0.11854636591546214, 0.12280701754293452, 0.07756892230573273, 0.056892230575035334, 0.053007518796988874, 0.05263157894744796, 0.053383458647813666, 0.0537593984962515, 0.052631578947520824, 0.05263157894750685, 0.05250626566329802, 0.0530075187978743, 0.05350877192982641, 0.053132832080509854, 0.052506265663626796, 0.05238095238087995, 0.0510025062656671, 0.05112781954887203], "Valid": []}, "thres": {"Train": [-0.07134180764347117, -0.03543678671121773, -0.02835029549894454, -0.04782245308137408, -0.04068581759917065, -0.06124612316462799, -0.05738990381372387, -0.11040262877941924, -0.12698978185652193, -0.18328185379505169, -0.11554660648098665, -0.20523957908151116, -0.18727169931010865, -0.2066614031790961, -0.3041057288646608, -0.3293255269505042, -0.35459294915198636, -0.3477747738361772, -0.35733145475399647, -0.3613404482603238, -0.352937340736537, -0.3579729199410046, -0.35350385308236276, -0.35717245936562725, -0.3644036278128691, -0.3689352273944203, -0.35644221305810825, -0.35854387283321704, -0.3637208044528964, -0.3632530570030209], "Valid": []}, "acc_val": {"Train": [0.8497493734335839, 0.8377819548872181, 0.8555137844611529, 0.8271303258145364, 0.8333959899749374, 0.8397869674185464, 0.8411027568922306, 0.8339598997493735, 0.8346491228070175, 0.8270050125313283, 0.8417919799498746, 0.8598997493734336, 0.881516290726817, 0.8771929824561403, 0.9224937343358396, 0.9431077694235589, 0.9470551378446115, 0.9473057644110275, 0.9466165413533835, 0.9462406015037594, 0.9474937343358396, 0.9473684210526315, 0.9476190476190476, 0.9469924812030075, 0.9465538847117795, 0.9468045112781955, 0.9474310776942356, 0.9476190476190476, 0.9490601503759398, 0.9489348370927319], "Valid": []}, "f1_val": {"Train": [0.8497493734335838, 0.8377717902124194, 0.8554956761498934, 0.827119493702613, 0.8333646675440246, 0.8397769283789711, 0.8411027568922306, 0.8339598997493735, 0.8346180359716737, 0.8269941725672034, 0.8417820665455229, 0.8598821907507206, 0.8815237140530042, 0.8771775911768394, 0.9224888777492324, 0.9431006391778418, 0.9470518202894919, 0.9473024625603108, 0.9466165413533835, 0.9462406015037595, 0.9475003132439543, 0.9473684210526315, 0.9476124827672641, 0.9469924812030075, 0.946550535747854, 0.9468011780186728, 0.9474211944601115, 0.9476124827672641, 0.9490569584560437, 0.9489316373206341], "Valid": []}}