{"roc_val": {"Train": [0.9470311116136205, 0.9508816841602754, 0.9522115046387898, 0.9517568906602346, 0.9489700206028857, 0.945345420254898, 0.9458017302026998, 0.9379393188484996, 0.9346223249225822, 0.9333025389287756, 0.9330869388383239, 0.9316638871615126, 0.9297929818280036, 0.9346414124283139, 0.9356535134829557, 0.9310218136192611, 0.9335461931771786, 0.9314932852180576, 0.9340742677495745, 0.9364300239948241, 0.9349788631980954, 0.9336697869360118, 0.933779373245143, 0.9339724781879511, 0.9337156330676314, 0.9338203827237266, 0.9339231694524531, 0.9338859994598024, 0.9337365971319275, 0.9336075935452668], "Valid": []}, "eer_val": {"Train": [0.11102756892230595, 0.10538847117795601, 0.10200501253132892, 0.10175438596491228, 0.10463659147873776, 0.108270676691809, 0.11566416040100247, 0.13521303258130593, 0.13609022556292974, 0.13558897243069695, 0.1353383458645618, 0.1357142857142858, 0.13446115288212004, 0.1312030075187971, 0.12568922305619554, 0.13771929824680412, 0.12944862155396197, 0.13395989974982284, 0.1303258145366622, 0.12706766917292725, 0.12819548872215755, 0.12982456140358523, 0.12869674185448018, 0.12794486215538858, 0.12882205513785164, 0.12844611528822064, 0.12857142857142856, 0.12857142857250406, 0.12857142857141804, 0.1286967418546368], "Valid": []}, "thres": {"Train": [-0.39635968208313, -0.31686961650849066, -0.2663366099198663, -0.22476250529289246, -0.17464957758787025, -0.11871607974177029, -0.07497303187847136, -0.13798861205576587, -0.17837311327440636, -0.18033973872653997, -0.18691241741175696, -0.19621114134788514, -0.18523731827733084, -0.19881772994995123, -0.1984370052813674, -0.20105683803559743, -0.19287244975570542, -0.19010859727872853, -0.21040655672562522, -0.2018021196126932, -0.19751624763032952, -0.20047211647041605, -0.2012043744325145, -0.20080707967281344, -0.20229355990887024, -0.2010021358728409, -0.19947393238544464, -0.200484812259952, -0.20165449380874492, -0.19934877753257776], "Valid": []}, "acc_val": {"Train": [0.8889097744360902, 0.8945488721804511, 0.8980576441102757, 0.8983709273182957, 0.8953634085213033, 0.8917919799498747, 0.8843358395989975, 0.8647869674185463, 0.8639097744360902, 0.8643483709273183, 0.8643483709273183, 0.8642857142857143, 0.8656015037593985, 0.868796992481203, 0.8742481203007518, 0.862218045112782, 0.8705513784461153, 0.8661027568922306, 0.8696741854636592, 0.8729949874686717, 0.8717418546365915, 0.8701127819548872, 0.8712406015037594, 0.8719924812030075, 0.8711152882205514, 0.8714912280701754, 0.8713659147869675, 0.8715538847117794, 0.8714912280701754, 0.8712406015037594], "Valid": []}, "f1_val": {"Train": [0.8889028134594898, 0.8945422645529169, 0.8980512563443824, 0.8983581902494047, 0.8953634085213033, 0.8917851995739081, 0.8843358395989975, 0.8647700213059282, 0.8638927183857626, 0.8643228677069624, 0.8642888484924466, 0.8642857142857143, 0.8655930822733253, 0.868796992481203, 0.874224478285392, 0.8622094116172693, 0.8705513784461153, 0.8661111459181756, 0.8696741854636592, 0.8729870292624852, 0.8717338179083903, 0.8701046431480669, 0.8712163940590337, 0.8719844601792093, 0.8711072122313429, 0.8714831756375712, 0.8713417309017986, 0.871569978699411, 0.8714831756375712, 0.8712325333667523], "Valid": []}}