{"roc_val": {"Train": [0.7770636883562289, 0.7589492135727791, 0.7314863129000446, 0.7053016548262888, 0.6901258000891954, 0.7223759037317605, 0.7991938414331569, 0.8497515954673651, 0.9051653727049451, 0.9300350264759644, 0.9244079968090653, 0.9414270874554809, 0.9511648639141714, 0.9511751103950351, 0.9557595979296611, 0.9645409419538822, 0.9645303185909637, 0.9645873455568746, 0.9676478241342703, 0.9678078655284829, 0.9671307576585575, 0.968437180042839, 0.9684143237165594, 0.9685987132618512, 0.9688550951313118, 0.9687407585379488, 0.9687341945088283, 0.968752598915836, 0.968718867971935, 0.968722464054874], "Valid": []}, "eer_val": {"Train": [0.30363408521244567, 0.31629072681693104, 0.343859649122807, 0.36152882205409315, 0.36929824561409746, 0.34310776942311605, 0.27844611528926577, 0.23433583959899748, 0.16954887218073306, 0.13997493734479158, 0.14473684210526205, 0.12343358395813332, 0.11190476190459038, 0.10438596491251081, 0.10451127819592435, 0.08959899749556624, 0.0890977443609386, 0.09210526315789443, 0.08571428571443049, 0.08433583959848787, 0.08546365914786982, 0.0825814536340848, 0.08220551378451646, 0.08245614035088167, 0.08082706766913324, 0.08145363408409881, 0.08157894736829317, 0.08145363408509107, 0.08132832080239091, 0.08157894736807707], "Valid": []}, "thres": {"Train": [-0.24434201419340273, -0.14892914891242243, -0.06227601319551467, -0.022173261269863916, -0.004339968319982582, -0.0012108023511244008, -0.00526897702366558, -0.010779294185340405, -0.02035871334376031, -0.038894776255016486, -0.08307339996099439, -0.1427312195299514, -0.17010581493373286, -0.2568493783474054, -0.26345053315177885, -0.2592318356047766, -0.2640588581562459, -0.2762110829353331, -0.2959843277931246, -0.303727328777099, -0.31302994489669805, -0.3180593252182007, -0.3219190736612098, -0.31920030713082365, -0.3260479569435012, -0.32720664143486533, -0.3267386853694744, -0.32790410518641583, -0.32902318239214295, -0.32898712158187476], "Valid": []}, "acc_val": {"Train": [0.6963659147869674, 0.6835213032581454, 0.656203007518797, 0.6384711779448622, 0.6306390977443609, 0.6568922305764411, 0.7214912280701754, 0.7656641604010025, 0.8304511278195489, 0.8600250626566416, 0.8553258145363408, 0.8766290726817043, 0.8881578947368421, 0.8956140350877193, 0.8956766917293233, 0.9104010025062657, 0.9109649122807018, 0.9079573934837093, 0.9142230576441103, 0.9156015037593985, 0.9144736842105263, 0.9174812030075188, 0.9177944862155388, 0.9174812030075188, 0.9192355889724311, 0.9184210526315789, 0.9183583959899749, 0.9182957393483709, 0.918609022556391, 0.9184210526315789], "Valid": []}, "f1_val": {"Train": [0.6963278606341646, 0.6834221247257912, 0.6561814650040729, 0.6384258679032461, 0.6306159533805377, 0.6568492292267201, 0.7214737765524156, 0.7656347913272339, 0.8304511278195489, 0.8600250626566416, 0.8553167491697474, 0.8766213421893603, 0.8881508866470329, 0.8956140350877194, 0.8956962976884044, 0.9104010025062657, 0.9109704905707663, 0.907951626041732, 0.9142176828122063, 0.9155856363978191, 0.9144683250830253, 0.917476032332853, 0.9177944862155388, 0.917476032332853, 0.9192305282285858, 0.9184006016545498, 0.9183430469386477, 0.918265011909239, 0.9186039225515383, 0.9184210526315789], "Valid": []}}