{"window_size":{"0":125,"1":250,"2":500,"3":750,"4":1000,"5":1250,"6":1500,"7":1750,"8":2000},"step_width":{"0":62,"1":125,"2":250,"3":375,"4":500,"5":625,"6":750,"7":875,"8":1000},"Mean_EER":{"0":0.2658918562,"1":0.2246240852,"2":0.1897054886,"3":0.1894343434,"4":0.1854742547,"5":0.1909027778,"6":0.189218107,"7":0.1901449275,"8":0.1986666667},"median_n_estimators":{"0":50,"1":50,"2":100,"3":100,"4":100,"5":100,"6":100,"7":100,"8":100},"median_max_samples":{"0":0.9,"1":0.9,"2":0.9,"3":0.8,"4":0.8,"5":0.8,"6":0.8,"7":0.9,"8":0.8},"median_contamination":{"0":0.0633020408,"1":0.0510693878,"2":0.0633020408,"3":0.0490306122,"4":0.0612632653,"5":0.0408755102,"6":0.0551469388,"7":0.0306816327,"8":0.0490306122},"median_max_features":{"0":0.3,"1":0.4,"2":0.4,"3":0.5,"4":0.4,"5":0.4,"6":0.5,"7":0.55,"8":0.4},"Gini_coef":{"0":0.2826170941,"1":0.307426057,"2":0.3658684794,"3":0.3778168805,"4":0.3813624261,"5":0.413229053,"6":0.4063167561,"7":0.4455679765,"8":0.4373042506},"cut_off_freq":{"0":43,"1":43,"2":43,"3":43,"4":43,"5":43,"6":43,"7":43,"8":43},"SMA_winsize":{"0":34,"1":34,"2":34,"3":34,"4":34,"5":34,"6":34,"7":34,"8":34}}