{"window_size":{"0":125,"1":250,"2":500,"3":750,"4":1000,"5":1250,"6":1500,"7":1750,"8":2000},"step_width":{"0":62,"1":125,"2":250,"3":375,"4":500,"5":625,"6":750,"7":875,"8":1000},"Mean_EER":{"0":0.2481503462,"1":0.2254091816,"2":0.1897054886,"3":0.1895959596,"4":0.1870731707,"5":0.1797916667,"6":0.182345679,"7":0.1776811594,"8":0.1937222222},"median_n_estimators":{"0":100,"1":100,"2":100,"3":150,"4":150,"5":150,"6":150,"7":150,"8":150},"median_max_samples":{"0":0.8,"1":0.8,"2":0.9,"3":0.7,"4":0.7,"5":0.8,"6":0.7,"7":0.8,"8":0.8},"median_contamination":{"0":0.0551469388,"1":0.0724765306,"2":0.0469918367,"3":0.0531081633,"4":0.0510693878,"5":0.0551469388,"6":0.0551469388,"7":0.0490306122,"8":0.0551469388},"median_max_features":{"0":0.4,"1":0.5,"2":0.4,"3":0.4,"4":0.5,"5":0.5,"6":0.4,"7":0.6,"8":0.5},"Gini_coef":{"0":0.2998411517,"1":0.3307952157,"2":0.3658684794,"3":0.3600556443,"4":0.394062163,"5":0.4171237286,"6":0.4298929261,"7":0.4500996919,"8":0.4537902686},"cut_off_freq":{"0":43,"1":43,"2":43,"3":43,"4":43,"5":43,"6":43,"7":43,"8":43},"SMA_winsize":{"0":34,"1":34,"2":34,"3":34,"4":34,"5":34,"6":34,"7":34,"8":34}}