{"('', 'cut_off_freq')":{"0":-99999},"('Window Size', 125)":{"0":0.2331025387},"('Window Size', 250)":{"0":0.1856686627},"('Window Size', 500)":{"0":0.1413788487},"('Window Size', 750)":{"0":0.1172727273},"('Window Size', 1000)":{"0":0.1106504065},"('Window Size', 1250)":{"0":0.0976388889},"('Window Size', 1500)":{"0":0.1090534979},"('Window Size', 1750)":{"0":0.1033816425},"('Window Size', 2000)":{"0":0.1073888889},"('', 'mean')":{"0":0.1339484558},"('', 'var')":{"0":0.0021200607}}