{"('', 'cut_off_freq')":{"0":49},"('Window Size', 125)":{"0":0.2695054402},"('Window Size', 250)":{"0":0.2244510978},"('Window Size', 500)":{"0":0.1943908969},"('Window Size', 750)":{"0":0.1890505051},"('Window Size', 1000)":{"0":0.1844173442},"('Window Size', 1250)":{"0":0.1779166667},"('Window Size', 1500)":{"0":0.1621399177},"('Window Size', 1750)":{"0":0.1706763285},"('Window Size', 2000)":{"0":0.1558888889},"('', 'mean')":{"0":0.1920485651},"('', 'var')":{"0":0.0012475918}}