{"('', 'cut_off_freq')":{"0":43},"('', 'SMA_winsize')":{"0":34},"('Window Size', 125)":{"0":0.2658918562},"('Window Size', 250)":{"0":0.2246240852},"('Window Size', 500)":{"0":0.1897054886},"('Window Size', 750)":{"0":0.1894343434},"('Window Size', 1000)":{"0":0.1854742547},"('Window Size', 1250)":{"0":0.1909027778},"('Window Size', 1500)":{"0":0.189218107},"('Window Size', 1750)":{"0":0.1901449275},"('Window Size', 2000)":{"0":0.1986666667},"('', 'mean')":{"0":0.2026736119},"('', 'var')":{"0":0.0007012831}}