{"window_size":{"0":125,"1":250,"2":500,"3":750,"4":1000,"5":1250,"6":1500,"7":1750,"8":2000},"step_width":{"0":62,"1":125,"2":250,"3":375,"4":500,"5":625,"6":750,"7":875,"8":1000},"Mean_EER":{"0":0.2168084405,"1":0.1814437791,"2":0.1420481928,"3":0.1263232323,"4":0.0937127371,"5":0.0919444444,"6":0.0909876543,"7":0.0975362319,"8":0.0935},"median_n_estimators":{"0":100,"1":150,"2":100,"3":100,"4":150,"5":150,"6":150,"7":150,"8":150},"median_max_samples":{"0":0.8,"1":0.8,"2":0.8,"3":0.7,"4":0.8,"5":0.6,"6":0.7,"7":0.7,"8":0.7},"median_contamination":{"0":0.0551469388,"1":0.0551469388,"2":0.0469918367,"3":0.0612632653,"4":0.0510693878,"5":0.0531081633,"6":0.0551469388,"7":0.0490306122,"8":0.0612632653},"median_max_features":{"0":0.4,"1":0.5,"2":0.3,"3":0.4,"4":0.4,"5":0.5,"6":0.5,"7":0.5,"8":0.4},"Gini_coef":{"0":0.4227007445,"1":0.4075102164,"2":0.4075299218,"3":0.4003003003,"4":0.4792365529,"5":0.4699899295,"6":0.4613146389,"7":0.4578008915,"8":0.4501287384},"cut_off_freq":{"0":43,"1":43,"2":43,"3":43,"4":43,"5":43,"6":43,"7":43,"8":43},"SMA_winsize":{"0":34,"1":34,"2":34,"3":34,"4":34,"5":34,"6":34,"7":34,"8":34}}