{"('', 'EMA_span')":{"0":37},"('Window Size', 125)":{"0":0.2427101879},"('Window Size', 250)":{"0":0.2144244844},"('Window Size', 500)":{"0":0.1872556894},"('Window Size', 750)":{"0":0.1945858586},"('Window Size', 1000)":{"0":0.1751219512},"('Window Size', 1250)":{"0":0.1778819444},"('Window Size', 1500)":{"0":0.1909465021},"('Window Size', 1750)":{"0":0.180821256},"('Window Size', 2000)":{"0":0.182},"('', 'mean')":{"0":0.193971986},"('', 'var')":{"0":0.0004723549}}