{"window_size":{"0":125,"1":250,"2":500,"3":750,"4":1000,"5":1250,"6":1500,"7":1750,"8":2000},"step_width":{"0":62,"1":125,"2":250,"3":375,"4":500,"5":625,"6":750,"7":875,"8":1000},"Mean_EER":{"0":0.2834487306,"1":0.2297870925,"2":0.2174832664,"3":0.1849090909,"4":0.1830894309,"5":0.1849305556,"6":0.1681893004,"7":0.179468599,"8":0.1692222222},"median_n_estimators":{"0":50,"1":100,"2":100,"3":150,"4":150,"5":150,"6":150,"7":150,"8":150},"median_max_samples":{"0":0.8,"1":0.8,"2":0.8,"3":0.8,"4":0.8,"5":0.75,"6":0.8,"7":0.75,"8":0.8},"median_contamination":{"0":0.0480112245,"1":0.0469918367,"2":0.0449530612,"3":0.0490306122,"4":0.0469918367,"5":0.0551469388,"6":0.0510693878,"7":0.0592244898,"8":0.0510693878},"median_max_features":{"0":0.4,"1":0.4,"2":0.3,"3":0.6,"4":0.4,"5":0.5,"6":0.5,"7":0.5,"8":0.5},"Gini_coef":{"0":0.2624409032,"1":0.3234428133,"2":0.3701410262,"3":0.4042936742,"4":0.4247977107,"5":0.4156798932,"6":0.4377375418,"7":0.4179422761,"8":0.4730429707},"SMA_winsize":{"0":1,"1":1,"2":1,"3":1,"4":1,"5":1,"6":1,"7":1,"8":1}}