{"('', 'SMA_winsize')":{"0":1},"('Window Size', 125)":{"0":0.2834487306},"('Window Size', 250)":{"0":0.2297870925},"('Window Size', 500)":{"0":0.2174832664},"('Window Size', 750)":{"0":0.1849090909},"('Window Size', 1000)":{"0":0.1830894309},"('Window Size', 1250)":{"0":0.1849305556},"('Window Size', 1500)":{"0":0.1681893004},"('Window Size', 1750)":{"0":0.179468599},"('Window Size', 2000)":{"0":0.1692222222},"('', 'mean')":{"0":0.2000586987},"('', 'var')":{"0":0.0014097646}}