{"window_size":{"0":125,"1":250,"2":500,"3":750,"4":1000,"5":1250,"6":1500,"7":1750,"8":2000},"step_width":{"0":62,"1":125,"2":250,"3":375,"4":500,"5":625,"6":750,"7":875,"8":1000},"Mean_EER":{"0":0.2069304319,"1":0.1616566866,"2":0.1354350736,"3":0.1198585859,"4":0.1231436314,"5":0.1217013889,"6":0.1141563786,"7":0.1034782609,"8":0.1178333333},"median_n_estimators":{"0":50,"1":50,"2":100,"3":150,"4":100,"5":100,"6":150,"7":150,"8":150},"median_max_samples":{"0":0.7,"1":0.8,"2":0.7,"3":0.7,"4":0.8,"5":0.7,"6":0.7,"7":0.7,"8":0.7},"median_contamination":{"0":0.0633020408,"1":0.0469918367,"2":0.05005,"3":0.0531081633,"4":0.0490306122,"5":0.0551469388,"6":0.0592244898,"7":0.0551469388,"8":0.0531081633},"median_max_features":{"0":0.4,"1":0.4,"2":0.4,"3":0.5,"4":0.5,"5":0.5,"6":0.5,"7":0.45,"8":0.5},"Gini_coef":{"0":0.3768292208,"1":0.4152423939,"2":0.4847802928,"3":0.5380957732,"4":0.5447574335,"5":0.5745791726,"6":0.6086918209,"7":0.6366531798,"8":0.6151029389},"cut_off_freq":{"0":26,"1":26,"2":26,"3":26,"4":26,"5":26,"6":26,"7":26,"8":26},"SMA_winsize":{"0":2,"1":2,"2":2,"3":2,"4":2,"5":2,"6":2,"7":2,"8":2}}