{"('', 'SMA_winsize')":{"0":41},"('Window Size', 125)":{"0":0.144873063},"('Window Size', 250)":{"0":0.1237658017},"('Window Size', 500)":{"0":0.1067603748},"('Window Size', 750)":{"0":0.1054545455},"('Window Size', 1000)":{"0":0.1025203252},"('Window Size', 1250)":{"0":0.0926736111},"('Window Size', 1500)":{"0":0.1127160494},"('Window Size', 1750)":{"0":0.1037681159},"('Window Size', 2000)":{"0":0.1105},"('', 'mean')":{"0":0.1114479874},"('', 'var')":{"0":0.0002275658}}