{"window_size":{"0":125,"1":250,"2":500,"3":750,"4":1000,"5":1250,"6":1500,"7":1750,"8":2000},"step_width":{"0":62,"1":125,"2":250,"3":375,"4":500,"5":625,"6":750,"7":875,"8":1000},"Mean_EER":{"0":0.2248170129,"1":0.1767731204,"2":0.1340026774,"3":0.1157373737,"4":0.1177235772,"5":0.1020486111,"6":0.1066255144,"7":0.0901932367,"8":0.1062777778},"median_n_estimators":{"0":50,"1":100,"2":100,"3":100,"4":100,"5":150,"6":150,"7":200,"8":175},"median_max_samples":{"0":0.8,"1":0.8,"2":0.7,"3":0.7,"4":0.7,"5":0.7,"6":0.7,"7":0.7,"8":0.8},"median_contamination":{"0":0.0602438776,"1":0.0469918367,"2":0.0531081633,"3":0.05005,"4":0.0551469388,"5":0.0480112245,"6":0.05005,"7":0.0490306122,"8":0.0490306122},"median_max_features":{"0":0.4,"1":0.5,"2":0.5,"3":0.4,"4":0.4,"5":0.6,"6":0.6,"7":0.5,"8":0.5},"Gini_coef":{"0":0.3481258239,"1":0.3792803643,"2":0.3991297591,"3":0.4059366576,"4":0.443088807,"5":0.4779441231,"6":0.4960804494,"7":0.545670416,"8":0.5176453505},"cut_off_freq":{"0":49,"1":49,"2":49,"3":49,"4":49,"5":49,"6":49,"7":49,"8":49}}