{"('', 'EMA_span')":{"0":37},"('Window Size', 125)":{"0":0.2403824596},"('Window Size', 250)":{"0":0.2139853626},"('Window Size', 500)":{"0":0.1841900937},"('Window Size', 750)":{"0":0.1858585859},"('Window Size', 1000)":{"0":0.1805420054},"('Window Size', 1250)":{"0":0.1872569444},"('Window Size', 1500)":{"0":0.1872839506},"('Window Size', 1750)":{"0":0.186763285},"('Window Size', 2000)":{"0":0.1825},"('', 'mean')":{"0":0.1943069653},"('', 'var')":{"0":0.000396091}}