{"('', 'cut_off_freq')":{"0":43},"('', 'SMA_winsize')":{"0":34},"('Window Size', 125)":{"0":0.2168084405},"('Window Size', 250)":{"0":0.1814437791},"('Window Size', 500)":{"0":0.1420481928},"('Window Size', 750)":{"0":0.1263232323},"('Window Size', 1000)":{"0":0.0937127371},"('Window Size', 1250)":{"0":0.0919444444},"('Window Size', 1500)":{"0":0.0909876543},"('Window Size', 1750)":{"0":0.0975362319},"('Window Size', 2000)":{"0":0.0935},"('', 'mean')":{"0":0.1260338569},"('', 'var')":{"0":0.0021090466}}