{"window_size":{"0":125,"1":250,"2":500,"3":750,"4":1000,"5":1250,"6":1500,"7":1750,"8":2000},"step_width":{"0":62,"1":125,"2":250,"3":375,"4":500,"5":625,"6":750,"7":875,"8":1000},"Mean_EER":{"0":0.2026937026,"1":0.1658150366,"2":0.133038822,"3":0.1142222222,"4":0.0866395664,"5":0.0941666667,"6":0.0976954733,"7":0.1048792271,"8":0.0933888889},"median_n_estimators":{"0":100,"1":100,"2":100,"3":100,"4":150,"5":150,"6":150,"7":150,"8":150},"median_max_samples":{"0":0.7,"1":0.9,"2":0.7,"3":0.75,"4":0.8,"5":0.7,"6":0.7,"7":0.7,"8":0.8},"median_contamination":{"0":0.0602438776,"1":0.0531081633,"2":0.0551469388,"3":0.0520887755,"4":0.0490306122,"5":0.0551469388,"6":0.054127551,"7":0.058205102,"8":0.0551469388},"median_max_features":{"0":0.4,"1":0.4,"2":0.4,"3":0.4,"4":0.5,"5":0.4,"6":0.4,"7":0.45,"8":0.45},"Gini_coef":{"0":0.4237449236,"1":0.4023905697,"2":0.4111044029,"3":0.3933419801,"4":0.4668925729,"5":0.4794083907,"6":0.4794065337,"7":0.4772659809,"8":0.4564016128},"cut_off_freq":{"0":41,"1":41,"2":41,"3":41,"4":41,"5":41,"6":41,"7":41,"8":41},"EMA_span":{"0":48,"1":48,"2":48,"3":48,"4":48,"5":48,"6":48,"7":48,"8":48}}