{"('', 'cut_off_freq')":{"0":40},"('', 'EMA_span')":{"0":3},"('Window Size', 125)":{"0":0.2808737224},"('Window Size', 250)":{"0":0.2413905522},"('Window Size', 500)":{"0":0.2054886212},"('Window Size', 750)":{"0":0.1851111111},"('Window Size', 1000)":{"0":0.188401084},"('Window Size', 1250)":{"0":0.1919791667},"('Window Size', 1500)":{"0":0.1767901235},"('Window Size', 1750)":{"0":0.173236715},"('Window Size', 2000)":{"0":0.1548333333},"('', 'mean')":{"0":0.199789381},"('', 'var')":{"0":0.0014998762}}