{"window_size":{"0":125,"1":250,"2":500,"3":750,"4":1000,"5":1250,"6":1500,"7":1750,"8":2000},"step_width":{"0":62,"1":125,"2":250,"3":375,"4":500,"5":625,"6":750,"7":875,"8":1000},"Mean_EER":{"0":0.2695054402,"1":0.2244510978,"2":0.1943908969,"3":0.1890505051,"4":0.1844173442,"5":0.1779166667,"6":0.1621399177,"7":0.1706763285,"8":0.1558888889},"median_n_estimators":{"0":100,"1":100,"2":100,"3":100,"4":150,"5":150,"6":150,"7":150,"8":150},"median_max_samples":{"0":0.8,"1":0.8,"2":0.8,"3":0.7,"4":0.7,"5":0.7,"6":0.8,"7":0.7,"8":0.8},"median_contamination":{"0":0.0531081633,"1":0.0469918367,"2":0.0551469388,"3":0.0531081633,"4":0.0510693878,"5":0.0551469388,"6":0.0551469388,"7":0.0490306122,"8":0.0490306122},"median_max_features":{"0":0.35,"1":0.4,"2":0.4,"3":0.45,"4":0.6,"5":0.5,"6":0.5,"7":0.5,"8":0.5},"Gini_coef":{"0":0.2661222642,"1":0.3219613655,"2":0.3717703862,"3":0.40080739,"4":0.4392930035,"5":0.4420504814,"6":0.4784771574,"7":0.4659905022,"8":0.5107309733},"cut_off_freq":{"0":49,"1":49,"2":49,"3":49,"4":49,"5":49,"6":49,"7":49,"8":49}}