{"window_size":{"0":125,"1":250,"2":500,"3":750,"4":1000,"5":1250,"6":1500,"7":1750,"8":2000},"step_width":{"0":62,"1":125,"2":250,"3":375,"4":500,"5":625,"6":750,"7":875,"8":1000},"Mean_EER":{"0":0.2707451368,"1":0.2314703925,"2":0.2054082999,"3":0.1852727273,"4":0.181598916,"5":0.1841319444,"6":0.1693004115,"7":0.1789371981,"8":0.1489444444},"median_n_estimators":{"0":100,"1":50,"2":100,"3":100,"4":100,"5":100,"6":100,"7":100,"8":200},"median_max_samples":{"0":0.8,"1":0.9,"2":0.9,"3":0.75,"4":0.8,"5":0.8,"6":0.8,"7":0.8,"8":0.8},"median_contamination":{"0":0.0531081633,"1":0.0469918367,"2":0.0429142857,"3":0.0469918367,"4":0.0673795918,"5":0.0408755102,"6":0.0633020408,"7":0.0531081633,"8":0.0378173469},"median_max_features":{"0":0.4,"1":0.4,"2":0.3,"3":0.4,"4":0.5,"5":0.5,"6":0.5,"7":0.5,"8":0.5},"Gini_coef":{"0":0.2702370466,"1":0.3128389384,"2":0.378443981,"3":0.4221119713,"4":0.4286209355,"5":0.4211850734,"6":0.4614541133,"7":0.4505459563,"8":0.5249823863},"cut_off_freq":{"0":49,"1":49,"2":49,"3":49,"4":49,"5":49,"6":49,"7":49,"8":49}}