{"window_size":{"0":125,"1":250,"2":500,"3":750,"4":1000,"5":1250,"6":1500,"7":1750,"8":2000},"step_width":{"0":62,"1":125,"2":250,"3":375,"4":500,"5":625,"6":750,"7":875,"8":1000},"Mean_EER":{"0":0.2735542367,"1":0.2220758483,"2":0.1967202142,"3":0.1818989899,"4":0.1796476965,"5":0.1775,"6":0.1747736626,"7":0.1853140097,"8":0.153},"median_n_estimators":{"0":100,"1":100,"2":100,"3":150,"4":150,"5":150,"6":150,"7":150,"8":150},"median_max_samples":{"0":0.8,"1":0.8,"2":0.8,"3":0.8,"4":0.8,"5":0.7,"6":0.8,"7":0.7,"8":0.8},"median_contamination":{"0":0.0469918367,"1":0.0469918367,"2":0.0531081633,"3":0.0510693878,"4":0.0490306122,"5":0.0673795918,"6":0.0490306122,"7":0.0602438776,"8":0.0510693878},"median_max_features":{"0":0.4,"1":0.4,"2":0.5,"3":0.5,"4":0.4,"5":0.5,"6":0.45,"7":0.6,"8":0.5},"Gini_coef":{"0":0.2710901394,"1":0.3303293587,"2":0.3795342331,"3":0.4111604719,"4":0.4467725985,"5":0.4399321857,"6":0.4977500458,"7":0.478930599,"8":0.5075687888},"cut_off_freq":{"0":37,"1":37,"2":37,"3":37,"4":37,"5":37,"6":37,"7":37,"8":37}}