{"window_size":{"0":125,"1":250,"2":500,"3":750,"4":1000,"5":1250,"6":1500,"7":1750,"8":2000},"step_width":{"0":62,"1":125,"2":250,"3":375,"4":500,"5":625,"6":750,"7":875,"8":1000},"Mean_EER":{"0":0.2041839763,"1":0.167837658,"2":0.1330522088,"3":0.1259191919,"4":0.1288075881,"5":0.1150694444,"6":0.1364197531,"7":0.1126086957,"8":0.1211666667},"median_n_estimators":{"0":100,"1":100,"2":125,"3":100,"4":100,"5":150,"6":100,"7":150,"8":150},"median_max_samples":{"0":0.7,"1":0.7,"2":0.8,"3":0.7,"4":0.7,"5":0.7,"6":0.8,"7":0.7,"8":0.8},"median_contamination":{"0":0.0490306122,"1":0.0469918367,"2":0.0439336735,"3":0.0510693878,"4":0.0490306122,"5":0.0653408163,"6":0.0469918367,"7":0.0520887755,"8":0.0490306122},"median_max_features":{"0":0.4,"1":0.4,"2":0.4,"3":0.5,"4":0.5,"5":0.5,"6":0.4,"7":0.5,"8":0.5},"Gini_coef":{"0":0.3914678279,"1":0.4108248104,"2":0.4808028977,"3":0.5241973724,"4":0.5186922879,"5":0.5617313753,"6":0.551690967,"7":0.5890128223,"8":0.5644658414},"EMA_span":{"0":9,"1":9,"2":9,"3":9,"4":9,"5":9,"6":9,"7":9,"8":9}}