{"window_size":{"0":125,"1":250,"2":500,"3":750,"4":1000,"5":1250,"6":1500,"7":1750,"8":2000},"step_width":{"0":62,"1":125,"2":250,"3":375,"4":500,"5":625,"6":750,"7":875,"8":1000},"Mean_EER":{"0":0.144873063,"1":0.1237658017,"2":0.1067603748,"3":0.1054545455,"4":0.1025203252,"5":0.0926736111,"6":0.1127160494,"7":0.1037681159,"8":0.1105},"median_n_estimators":{"0":100,"1":100,"2":100,"3":100,"4":150,"5":150,"6":150,"7":150,"8":150},"median_max_samples":{"0":0.8,"1":0.8,"2":0.8,"3":0.7,"4":0.75,"5":0.9,"6":0.7,"7":0.8,"8":0.8},"median_contamination":{"0":0.0480112245,"1":0.054127551,"2":0.0510693878,"3":0.0551469388,"4":0.0531081633,"5":0.0510693878,"6":0.0551469388,"7":0.0510693878,"8":0.0551469388},"median_max_features":{"0":0.4,"1":0.6,"2":0.45,"3":0.5,"4":0.45,"5":0.5,"6":0.5,"7":0.5,"8":0.5},"Gini_coef":{"0":0.5381560714,"1":0.5395883358,"2":0.5880111459,"3":0.5938058748,"4":0.6203160337,"5":0.6543566046,"6":0.6203926818,"7":0.6203807159,"8":0.6182168594},"SMA_winsize":{"0":41,"1":41,"2":41,"3":41,"4":41,"5":41,"6":41,"7":41,"8":41}}