{"('', 'cut_off_freq')":{"0":26},"('', 'SMA_winsize')":{"0":2},"('Window Size', 125)":{"0":0.2802044181},"('Window Size', 250)":{"0":0.2240385895},"('Window Size', 500)":{"0":0.1908567604},"('Window Size', 750)":{"0":0.1878383838},"('Window Size', 1000)":{"0":0.1819241192},"('Window Size', 1250)":{"0":0.1783680556},"('Window Size', 1500)":{"0":0.1732098765},"('Window Size', 1750)":{"0":0.1704830918},"('Window Size', 2000)":{"0":0.1561666667},"('', 'mean')":{"0":0.1936766624},"('', 'var')":{"0":0.0013984054}}