{"('', 'SMA_winsize')":{"0":41},"('Window Size', 125)":{"0":0.2402143093},"('Window Size', 250)":{"0":0.2263339987},"('Window Size', 500)":{"0":0.1954484605},"('Window Size', 750)":{"0":0.1916363636},"('Window Size', 1000)":{"0":0.1863414634},"('Window Size', 1250)":{"0":0.1914583333},"('Window Size', 1500)":{"0":0.1918518519},"('Window Size', 1750)":{"0":0.2075362319},"('Window Size', 2000)":{"0":0.192},"('', 'mean')":{"0":0.2025356681},"('', 'var')":{"0":0.0003487717}}