{"('', 'cut_off_freq')":{"0":40},"('', 'EMA_span')":{"0":3},"('Window Size', 125)":{"0":0.2259017474},"('Window Size', 250)":{"0":0.1862674651},"('Window Size', 500)":{"0":0.1336947791},"('Window Size', 750)":{"0":0.1247676768},"('Window Size', 1000)":{"0":0.1096205962},"('Window Size', 1250)":{"0":0.10625},"('Window Size', 1500)":{"0":0.1092592593},"('Window Size', 1750)":{"0":0.0970531401},"('Window Size', 2000)":{"0":0.1124444444},"('', 'mean')":{"0":0.1339176787},"('', 'var')":{"0":0.0018836652}}