{"window_size":{"0":125,"1":250,"2":500,"3":750,"4":1000,"5":1250,"6":1500,"7":1750,"8":2000},"step_width":{"0":62,"1":125,"2":250,"3":375,"4":500,"5":625,"6":750,"7":875,"8":1000},"Mean_EER":{"0":0.2427101879,"1":0.2144244844,"2":0.1872556894,"3":0.1945858586,"4":0.1751219512,"5":0.1778819444,"6":0.1909465021,"7":0.180821256,"8":0.182},"median_n_estimators":{"0":100,"1":100,"2":150,"3":100,"4":150,"5":150,"6":100,"7":150,"8":150},"median_max_samples":{"0":0.8,"1":0.8,"2":0.9,"3":0.75,"4":0.8,"5":0.8,"6":0.7,"7":0.7,"8":0.8},"median_contamination":{"0":0.0469918367,"1":0.0520887755,"2":0.0551469388,"3":0.05005,"4":0.0490306122,"5":0.0571857143,"6":0.058205102,"7":0.0551469388,"8":0.0490306122},"median_max_features":{"0":0.4,"1":0.5,"2":0.6,"3":0.5,"4":0.4,"5":0.5,"6":0.5,"7":0.5,"8":0.5},"Gini_coef":{"0":0.3014634897,"1":0.3235702564,"2":0.3853811203,"3":0.3949612403,"4":0.425551085,"5":0.4257032555,"6":0.4129645594,"7":0.4155638674,"8":0.4356532357},"EMA_span":{"0":37,"1":37,"2":37,"3":37,"4":37,"5":37,"6":37,"7":37,"8":37}}