{"('', 'SMA_winsize')":{"0":41},"('Window Size', 125)":{"0":0.2090735246},"('Window Size', 250)":{"0":0.1769394544},"('Window Size', 500)":{"0":0.1365729585},"('Window Size', 750)":{"0":0.1174343434},"('Window Size', 1000)":{"0":0.0992682927},"('Window Size', 1250)":{"0":0.0928125},"('Window Size', 1500)":{"0":0.1079835391},"('Window Size', 1750)":{"0":0.095942029},"('Window Size', 2000)":{"0":0.0815},"('', 'mean')":{"0":0.1241696269},"('', 'var')":{"0":0.0018344204}}