{"window_size":{"0":125,"1":250,"2":500,"3":750,"4":1000,"5":1250,"6":1500,"7":1750,"8":2000},"step_width":{"0":62,"1":125,"2":250,"3":375,"4":500,"5":625,"6":750,"7":875,"8":1000},"Mean_EER":{"0":0.2082261787,"1":0.1568463074,"2":0.1347389558,"3":0.1354343434,"4":0.1399728997,"5":0.1149652778,"6":0.1249382716,"7":0.1231884058,"8":0.1267777778},"median_n_estimators":{"0":50,"1":100,"2":100,"3":100,"4":100,"5":150,"6":150,"7":100,"8":150},"median_max_samples":{"0":0.8,"1":0.8,"2":0.8,"3":0.7,"4":0.7,"5":0.8,"6":0.7,"7":0.7,"8":0.7},"median_contamination":{"0":0.054127551,"1":0.0490306122,"2":0.0490306122,"3":0.0490306122,"4":0.0551469388,"5":0.0510693878,"6":0.0490306122,"7":0.0551469388,"8":0.0551469388},"median_max_features":{"0":0.4,"1":0.4,"2":0.4,"3":0.45,"4":0.4,"5":0.6,"6":0.5,"7":0.5,"8":0.5},"Gini_coef":{"0":0.3852343881,"1":0.4419831641,"2":0.4973439311,"3":0.515635773,"4":0.5569861246,"5":0.5995872345,"6":0.5894085785,"7":0.5740479303,"8":0.5927548934},"cut_off_freq":{"0":-99999,"1":-99999,"2":-99999,"3":-99999,"4":-99999,"5":-99999,"6":-99999,"7":-99999,"8":-99999}}