{"('', 'EMA_span')":{"0":9},"('Window Size', 125)":{"0":0.2041839763},"('Window Size', 250)":{"0":0.167837658},"('Window Size', 500)":{"0":0.1330522088},"('Window Size', 750)":{"0":0.1259191919},"('Window Size', 1000)":{"0":0.1288075881},"('Window Size', 1250)":{"0":0.1150694444},"('Window Size', 1500)":{"0":0.1364197531},"('Window Size', 1750)":{"0":0.1126086957},"('Window Size', 2000)":{"0":0.1211666667},"('', 'mean')":{"0":0.1383405759},"('', 'var')":{"0":0.0008726093}}