{"window_size":{"0":125,"1":250,"2":500,"3":750,"4":1000,"5":1250,"6":1500,"7":1750,"8":2000},"step_width":{"0":62,"1":125,"2":250,"3":375,"4":500,"5":625,"6":750,"7":875,"8":1000},"Mean_EER":{"0":0.2307715134,"1":0.2223952096,"2":0.1970682731,"3":0.1949292929,"4":0.1931165312,"5":0.1929513889,"6":0.1893004115,"7":0.209468599,"8":0.1971111111},"median_n_estimators":{"0":100,"1":50,"2":100,"3":100,"4":100,"5":100,"6":100,"7":100,"8":200},"median_max_samples":{"0":0.9,"1":0.9,"2":0.9,"3":0.75,"4":0.8,"5":0.8,"6":0.8,"7":0.7,"8":0.8},"median_contamination":{"0":0.0592244898,"1":0.0622826531,"2":0.0612632653,"3":0.0469918367,"4":0.0531081633,"5":0.0408755102,"6":0.0520887755,"7":0.0469918367,"8":0.0469918367},"median_max_features":{"0":0.4,"1":0.6,"2":0.5,"3":0.5,"4":0.4,"5":0.5,"6":0.5,"7":0.5,"8":0.4},"SMA_winsize":{"0":41,"1":41,"2":41,"3":41,"4":41,"5":41,"6":41,"7":41,"8":41}}