{"('', 'SMA_winsize')":{"0":1},"('Window Size', 125)":{"0":0.2797922849},"('Window Size', 250)":{"0":0.2344045243},"('Window Size', 500)":{"0":0.2092771084},"('Window Size', 750)":{"0":0.1908484848},"('Window Size', 1000)":{"0":0.2011111111},"('Window Size', 1250)":{"0":0.1758333333},"('Window Size', 1500)":{"0":0.1852674897},"('Window Size', 1750)":{"0":0.1925603865},"('Window Size', 2000)":{"0":0.1857222222},"('', 'mean')":{"0":0.2060907717},"('', 'var')":{"0":0.0010559912}}