{"('', 'mean rank')":{"0":2,"1":7,"2":6,"3":10,"4":1,"5":8,"6":3,"7":11,"8":4,"9":9,"10":5},"('', 'cut_off_freq')":{"0":"-","1":37,"2":49,"3":"-","4":"-","5":"-","6":"-","7":41,"8":40,"9":43,"10":26},"('', 'EMA_span')":{"0":"-","1":"-","2":"-","3":37,"4":9,"5":"-","6":"-","7":48,"8":3,"9":"-","10":"-"},"('', 'SMA_winsize')":{"0":"-","1":"-","2":"-","3":"-","4":"-","5":41,"6":1,"7":"-","8":"-","9":34,"10":2},"('', 'type')":{"0":"-","1":"Naive","2":"Real","3":"Naive","4":"Real","5":"Naive","6":"Real","7":"Naive","8":"Real","9":"Naive","10":"Real"},"('Window Size', 125)":{"0":0.0,"1":0.3518036472,"2":1.8185933115,"3":-22.7692527763,"4":2.2615429239,"5":-26.5075623924,"6":0.5977769783,"7":-25.2070709182,"8":-0.1744572337,"9":-23.1193897839,"10":1.9221890033},"('Window Size', 250)":{"0":0.0,"1":0.5428860588,"2":3.1193199322,"3":-9.8245753727,"4":7.3078732331,"5":-12.9671216599,"6":1.8891132801,"7":-12.0241656668,"8":5.2740697989,"9":-10.5332542357,"10":2.5678972174},"('Window Size', 500)":{"0":0.0,"1":0.295708747,"2":1.7107447849,"3":-5.9000994734,"4":4.105222749,"5":-7.2563083624,"6":-0.0408346606,"7":-9.0942711687,"8":2.0253559771,"9":-5.807509543,"10":0.8224754884},"('Window Size', 750)":{"0":0.0,"1":-2.1397135573,"2":0.6303656582,"3":-7.900710978,"4":0.6386509426,"5":-7.0658453125,"6":-0.6894232341,"7":-5.2839716404,"8":0.4686923134,"9":-3.8781087228,"10":-1.0901456772},"('Window Size', 1000)":{"0":0.0,"1":-0.1409379573,"2":-1.933611752,"3":-7.570729541,"4":3.5962554367,"5":-1.0699805583,"6":-0.0680667512,"7":-6.9017110966,"8":-0.3691983981,"9":-5.0787265173,"10":1.8173276582},"('Window Size', 1250)":{"0":0.0,"1":-3.7727908676,"2":-3.5867733193,"3":-4.6103201988,"4":1.108016636,"5":-3.038870049,"6":-1.2126592916,"7":-6.0625656058,"8":3.570664007,"9":-4.9913339385,"10":0.7616158898},"('Window Size', 1500)":{"0":0.0,"1":-7.6679512532,"2":-4.3919150605,"3":-1.7761254975,"4":4.6009210223,"5":5.41852046,"6":0.0023689871,"7":-4.6243162573,"8":-0.6929838792,"9":0.1710784688,"10":-1.9793432485},"('Window Size', 1750)":{"0":0.0,"1":-8.8120308732,"2":-10.5830361736,"3":-0.7820383484,"4":1.9578033134,"5":-1.2663139888,"6":0.0072838565,"7":-3.0572248525,"8":-9.1931305182,"9":-5.560397797,"10":-7.6587265516},"('Window Size', 2000)":{"0":0.0,"1":-1.8556603348,"2":-4.7090550299,"3":2.3252894565,"4":7.0803016771,"5":4.7751290299,"6":-0.040877755,"7":3.7187335696,"8":-0.6318927167,"9":2.4098626559,"10":-3.8124342626},"('', 'mean')":{"0":0.0,"1":-2.8498575985,"2":-2.4131331878,"3":-5.7056206969,"4":3.6454629301,"5":-4.2538080026,"6":-0.0113639314,"7":-6.6987330713,"8":-0.1600519586,"9":-5.4360409066,"10":-1.0018031091},"('', 'variance')":{"0":0.0,"1":-40.5808892302,"2":-58.9670375128,"3":54.3044033423,"4":7.0001365128,"5":76.2212049022,"6":-6.1407827142,"7":58.009097958,"8":-29.5776676785,"9":53.664143648,"10":-35.5759511573}}