{"roc_val": {"Train": [0.9422998520737934], "Valid": []}, "eer_val": {"Train": [0.11290726816871245], "Valid": []}, "thres": {"Train": [-0.44506022333976925], "Valid": []}, "acc_val": {"Train": [0.8871553884711779], "Valid": []}, "f1_val": {"Train": [0.8871483175637571], "Valid": []}}