{"roc_val": {"Train": [0.9423046494682821, 0.9523485405242429, 0.956112218202147, 0.960322124232888, 0.9597570209986119, 0.9650663705001852, 0.9689903329752955, 0.9730954422396844, 0.9712291380079271, 0.9761663321838431, 0.9781942402999981, 0.9772644173089364, 0.9846648733362228, 0.9829843248472059, 0.9861758563074353, 0.9859825786270187, 0.9860110960358288, 0.9899264765924838, 0.988664125853481, 0.9895819749875944, 0.9905636428163139, 0.9903610844152989, 0.9899068630222172, 0.988180696101155, 0.9916677816094119, 0.9918873154063103, 0.9918832560725119, 0.9923175262718199, 0.9924459331285607, 0.992331800679644], "Valid": []}, "eer_val": {"Train": [0.11290726817042605, 0.10375939849624123, 0.10100250626566426, 0.09411027568922296, 0.08796992481202995, 0.08546365914784193, 0.08421052631578954, 0.08057644110392902, 0.08646616541407907, 0.07681704260586558, 0.07418546365914412, 0.07167919799494818, 0.060275689223057115, 0.06403508771936256, 0.05964912280681913, 0.05513784461143423, 0.056015037593984685, 0.04774436090225575, 0.05062656641603993, 0.04987468671643866, 0.04385964912332673, 0.04636591478825369, 0.04461152882388263, 0.047994987468671105, 0.04248120300682767, 0.04260651628977188, 0.041854636590968865, 0.04022556390830456, 0.03959899749413277, 0.04060150375991773], "Valid": []}, "thres": {"Train": [-0.44498687982559204, -0.5213996767997742, -0.48545494675636297, -0.4664695382118224, -0.4273799806833265, -0.4840057194232822, -0.44039623439311987, -0.4073063731205024, -0.38716572523117776, -0.3269402682779738, -0.39805462956428145, -0.3748135268688148, -0.4216794371604918, -0.4074699282646886, -0.4478814899920025, -0.434444129466921, -0.405239015817642, -0.4093851149082185, -0.4248027801513668, -0.5128752589217611, -0.44665291905429216, -0.46720045805289667, -0.5047040581732105, -0.49079525470733354, -0.46958911418848365, -0.4490090608583885, -0.4713560044763473, -0.4551333785017161, -0.4504801630974529, -0.4557751417163138], "Valid": []}, "acc_val": {"Train": [0.887280701754386, 0.8961779448621554, 0.8989974937343358, 0.905889724310777, 0.912092731829574, 0.9145989974937343, 0.9157894736842105, 0.919360902255639, 0.9136591478696742, 0.9231203007518797, 0.9258771929824562, 0.9283834586466165, 0.9397869674185464, 0.9359022556390978, 0.9403508771929825, 0.9448621553884712, 0.944047619047619, 0.9521929824561404, 0.9494360902255639, 0.950187969924812, 0.956140350877193, 0.9536340852130326, 0.9553258145363408, 0.9520676691729323, 0.9574561403508772, 0.9572681704260652, 0.9581453634085213, 0.9596491228070175, 0.9604010025062657, 0.9594611528822055], "Valid": []}, "f1_val": {"Train": [0.8872595099329447, 0.8961714393132402, 0.8989974937343358, 0.905889724310777, 0.9120872235102451, 0.9145936462184348, 0.9157894736842105, 0.9193558493639952, 0.9136699661696528, 0.923105846963715, 0.9258725484052885, 0.9283789711134783, 0.9397831944357415, 0.9358982392380476, 0.9403434014287505, 0.9448552450181728, 0.9440441130396641, 0.9521899868412808, 0.949432921862272, 0.950184848674729, 0.956140350877193, 0.9536340852130326, 0.9553230152265181, 0.9520646657058712, 0.957448141881306, 0.9572574580095261, 0.9581401178092495, 0.9596390072699924, 0.9604010025062657, 0.9594636927510807], "Valid": []}}