{"roc_val": {"Train": [0.7193675849328138, 0.6817326184090133, 0.7631514982108571, 0.9058230920869424, 0.9116648241321768, 0.9117100246787955, 0.9137331964693132, 0.9085462891425164, 0.9103778870735737, 0.9081651575681058, 0.9044402463971122, 0.9081388046138739, 0.909795679326414, 0.909236175233405, 0.9065980924533557, 0.9107224427680172, 0.9109651940698307, 0.9110047117236142, 0.910835504767209, 0.9108044067632182, 0.9110383510642381, 0.9111403866460916, 0.911419211318466, 0.9110241691321035, 0.9111548102363958, 0.9110694656440599, 0.9111301706996536, 0.911256380822566, 0.9110932772616587, 0.9111746227166357, 0.9111798423586118, 0.9111505485029756], "Valid": []}, "eer_val": {"Train": [0.3579365079365079, 0.3863408521303255, 0.3121971595656431, 0.15989974937248314, 0.15426065162842348, 0.1540100250639249, 0.15221386800334166, 0.15455304928989055, 0.15338345864797745, 0.1567251461988302, 0.1634502923977764, 0.16111111111194432, 0.1529239766081912, 0.15417710944017374, 0.1591060985806328, 0.15258980785333992, 0.15367585630743516, 0.152965747701057, 0.15442773600686358, 0.1542606516290752, 0.15430242272347522, 0.15384294068469356, 0.1529239766080535, 0.15375939849743475, 0.15405179615705933, 0.15401002506280312, 0.15426065162907265, 0.15384294068376808, 0.15405179615705933, 0.15392648287280422, 0.15375939849624234, 0.15405179615768577], "Valid": []}, "thres": {"Train": [-0.5687543551127116, -0.3091013133525848, -0.08355603367090612, -0.1240771636362499, -0.15574498474584353, -0.14385479688644906, -0.15593259036540985, -0.15115429461002347, -0.14793492853673698, -0.15707759559154508, -0.15149762853981444, -0.14655750989919886, -0.1515676230192192, -0.15658730268475007, -0.19670404493823998, -0.1469849199057617, -0.15402735769748685, -0.15200978517519498, -0.16182883083822247, -0.15793802837530832, -0.15800149738788602, -0.1613314896820818, -0.15723724663242136, -0.15493887662894473, -0.15742625296115875, -0.15716796616717613, -0.15796592086553574, -0.1582742184398409, -0.15672023594379425, -0.1575641930094005, -0.156814679503441, -0.15718846023084476], "Valid": []}, "acc_val": {"Train": [0.6420634920634921, 0.6136800334168755, 0.6878028404344194, 0.8401002506265665, 0.8457393483709273, 0.845969089390142, 0.8477861319966583, 0.8454678362573099, 0.8466165413533835, 0.8432957393483709, 0.8365705931495405, 0.8388888888888889, 0.8470760233918129, 0.845843776106934, 0.8408730158730159, 0.8474101921470343, 0.8463450292397661, 0.8470342522974101, 0.8455513784461153, 0.8457393483709273, 0.845718462823726, 0.846157059314954, 0.8470969089390142, 0.8463241436925647, 0.8459482038429407, 0.8460108604845447, 0.8457393483709273, 0.846157059314954, 0.8458646616541353, 0.8460526315789474, 0.8462197159565581, 0.8459482038429407], "Valid": []}, "f1_val": {"Train": [0.6420634920634921, 0.61367196474446, 0.6878028404344194, 0.8400935711600317, 0.8457329044655165, 0.8459658723030975, 0.8477861319966583, 0.8454646087011005, 0.8466165413533835, 0.8432924664257817, 0.8365671797656592, 0.8388888888888889, 0.8470760233918129, 0.8458405564025983, 0.8408696923494643, 0.8474101921470343, 0.8463418200045948, 0.8470278624838129, 0.8455481526347668, 0.8457393483709273, 0.845715240502099, 0.8461506328585154, 0.84709371540759, 0.8463369810375072, 0.845941768662016, 0.8460076442699306, 0.8457393483709273, 0.8461506328585154, 0.8458453440280737, 0.8460429851494454, 0.8462165041040958, 0.8459482038429407], "Valid": []}}