{"optimizer_name": [{"best_val_loss": {"param": "Adam", "value": 0.10676232725381851}, "best_roc_val": {"param": "Adam", "value": 0.9300812924742706}, "best_eer_val": {"param": "Adam", "value": 0.13230305314738022}, "best_thres": {"param": "Adam", "value": -0.4630840996521129}, "best_acc_val": {"param": "Adam", "value": 0.8677108888469522}, "best_f1_val": {"param": "Adam", "value": 0.8678605089538172}}], "optimizer_lr": [{"best_val_loss": {"param": 0.005, "value": 0.16937053203582764}, "best_roc_val": {"param": 0.005, "value": 0.9393191124923397}, "best_eer_val": {"param": 0.005, "value": 0.12093726379566618}, "best_thres": {"param": 0.01, "value": -0.6306168538602637}, "best_acc_val": {"param": 0.005, "value": 0.8792224948103415}, "best_f1_val": {"param": 0.005, "value": 0.8793818318884282}}], "batch_size": [{"best_val_loss": {"param": 128, "value": 0.10542041063308716}, "best_roc_val": {"param": 32, "value": 0.9324005767654467}, "best_eer_val": {"param": 32, "value": 0.12589521296645334}, "best_thres": {"param": 64, "value": -0.5255975712482496}, "best_acc_val": {"param": 32, "value": 0.8741271938101529}, "best_f1_val": {"param": 32, "value": 0.8742695570216777}}], "contrastive_loss_margin": [{"best_val_loss": {"param": 0.5, "value": 0.026652557775378227}, "best_roc_val": {"param": 0.9, "value": 0.9377202151958491}, "best_eer_val": {"param": 1.3, "value": 0.12244897959203016}, "best_thres": {"param": 1.4, "value": -0.7217715572870501}, "best_acc_val": {"param": 1.3, "value": 0.877524061143612}, "best_f1_val": {"param": 1.3, "value": 0.8776625824693685}}]}