{"roc_val": {"Train": [0.810367758368352, 0.8305018027524953, 0.8481231666258378, 0.8597147945050596, 0.8088600260048618, 0.7963252429318911, 0.8028064443690682, 0.8196058677395243, 0.8324080721854763, 0.8412199515078423, 0.8451050715761835, 0.8588028498564706, 0.8617028237887953, 0.8643653384714921, 0.8703105822199608, 0.8671793361850744, 0.8751343506008128, 0.872196138843349, 0.8729249737752904, 0.8728813182706137, 0.8734244681252004, 0.87337907739273, 0.8733268478213078, 0.8732943574475035, 0.8732623224728486, 0.8732754269759613, 0.8733312212234847, 0.8733665068058617, 0.8733834429431977, 0.8733481495091111], "Valid": []}, "eer_val": {"Train": [0.2785714285718909, 0.25751879699329927, 0.23308270676692422, 0.21892230576441324, 0.27005012531329536, 0.2874686716791979, 0.2794486215538847, 0.26102756892333745, 0.25112781954887214, 0.2392230576442888, 0.2358395989976037, 0.22406015037485966, 0.2160401002506281, 0.217167919798886, 0.20764411027612686, 0.21140350877195327, 0.20288220551378433, 0.2066416040100246, 0.20588972431077757, 0.2058897243107446, 0.20513784461152723, 0.20513784461152515, 0.20551378446115107, 0.20538847117794756, 0.2053884711787337, 0.20563909774456168, 0.2053884711778701, 0.20551378446114607, 0.20538847117914358, 0.20563909774435146], "Valid": []}, "thres": {"Train": [-0.17915496230132352, -0.15173864364646739, -0.0979830846190465, -0.03967604786157611, -0.008438644930720406, -0.01242861244827509, -0.01534692601611217, -0.029019003734036694, -0.054238460958004, -0.07605755701662537, -0.11225496977568239, -0.1257998347278492, -0.15673024952411668, -0.17807114124292447, -0.19464580714721652, -0.18161781132221544, -0.1844787746667862, -0.1927962154150007, -0.19495509564876556, -0.19622790813445845, -0.1999209821224208, -0.20130525529384588, -0.20204129815101587, -0.20216190318266583, -0.2025238871576913, -0.20267543196679166, -0.20250326395033688, -0.20241811871528587, -0.2026017457247359, -0.2024587243795383], "Valid": []}, "acc_val": {"Train": [0.7214285714285714, 0.7424812030075187, 0.7668546365914787, 0.7810150375939849, 0.7298872180451128, 0.712593984962406, 0.7204887218045113, 0.7389724310776943, 0.7489348370927318, 0.7607142857142857, 0.7640977443609023, 0.7759398496240602, 0.7838972431077694, 0.7828320802005012, 0.7922932330827067, 0.7885338345864662, 0.7971804511278195, 0.7934210526315789, 0.794047619047619, 0.7941729323308271, 0.7949248120300751, 0.7949248120300751, 0.7945488721804511, 0.7945488721804511, 0.7946115288220551, 0.794360902255639, 0.7946741854636592, 0.7945488721804511, 0.7945488721804511, 0.7944235588972431], "Valid": []}, "f1_val": {"Train": [0.7214285714285713, 0.7424812030075187, 0.7668400275706497, 0.7810013158719218, 0.7298702926248511, 0.712575975938342, 0.7205062339452415, 0.7389724310776943, 0.7489191052070931, 0.7607292776141846, 0.7640829625916411, 0.7759117683920291, 0.78388370198634, 0.7828048627647575, 0.7922802180587756, 0.7885205839964909, 0.7971677423397456, 0.793408108277461, 0.7940347139545084, 0.794160035089918, 0.7949119619023748, 0.7949119619023748, 0.7945359984961463, 0.7945617442516133, 0.7946115288220551, 0.794360902255639, 0.7946613196315558, 0.7945359984961463, 0.7945359984961463, 0.7944106773607368], "Valid": []}}