{"roc_val": {"Train": [0.7445133981570468, 0.7791782322347223, 0.7504035621635542, 0.745432550674933, 0.803702347975201, 0.8598281182279005, 0.8560376426655613, 0.8714084239420606, 0.878457382491316, 0.8859433828933233, 0.8886337240343967, 0.8947647627841532, 0.8959107904472962, 0.9054123482264558, 0.9074050335739097, 0.9087701553382203, 0.9090511366134634, 0.9103485766421067, 0.9111487679097494, 0.9111318867343797, 0.9114337378534054, 0.911506256242109, 0.9116886200463564, 0.9115821979761433, 0.911705799586686, 0.9117534437597755, 0.9117172630825184, 0.9117442180011431, 0.9117245259137821, 0.9117259156663589], "Valid": []}, "eer_val": {"Train": [0.32794486215537116, 0.2825814536341758, 0.31701127819548874, 0.3213032581453634, 0.27669172932330827, 0.21616541353367016, 0.22531328320814215, 0.21027568922305254, 0.1968671679195657, 0.19097744360861052, 0.18796992481132055, 0.1818295739346028, 0.17957393483708856, 0.16904761904762053, 0.1642857142857556, 0.16353383458647283, 0.16265664160423599, 0.1604010025062656, 0.1593984962405908, 0.16002506265664157, 0.15864661654135337, 0.1595238095236791, 0.15914786967418784, 0.15927318295739498, 0.15914786967418557, 0.15877192982490385, 0.1588972431077692, 0.15889724310770048, 0.15914786967442035, 0.15877192982456154], "Valid": []}, "thres": {"Train": [-0.0013409499078988667, -2.5896231818480926e-05, -6.61197917575522e-08, -0.0003488356014713645, -0.015237034608920416, -0.05868393555282917, -0.08969733864070613, -0.1777111291885335, -0.17442506551735523, -0.14966823160642595, -0.11770082265132639, -0.1554936617611811, -0.21334101259707794, -0.24480804800987294, -0.22985941171649008, -0.21714392304420518, -0.2528744041920832, -0.24938851594924924, -0.2462437897920464, -0.2555040419101715, -0.2506290773550669, -0.2594012369710038, -0.2596792578697223, -0.2599654793739321, -0.2608487308025361, -0.2629131972790048, -0.25879833102226246, -0.26160427927970265, -0.26301035284996543, -0.26052668690681496], "Valid": []}, "acc_val": {"Train": [0.6721177944862156, 0.7174812030075188, 0.674749373433584, 0.6793859649122806, 0.7234335839598998, 0.7838972431077694, 0.774624060150376, 0.7897869674185464, 0.8031328320802005, 0.8090852130325814, 0.8120300751879699, 0.8181704260651629, 0.8204260651629073, 0.8308897243107769, 0.8357769423558897, 0.8365288220551379, 0.8374060150375939, 0.8396616541353383, 0.8406641604010026, 0.8400375939849624, 0.8413533834586466, 0.8406015037593985, 0.8407894736842105, 0.8406641604010026, 0.8407894736842105, 0.8412280701754385, 0.8411654135338346, 0.8411654135338346, 0.8412280701754385, 0.8411654135338346], "Valid": []}, "f1_val": {"Train": [0.6720972492010778, 0.717463500219312, 0.6692998662164745, 0.6791648379208728, 0.7233989221706981, 0.78388370198634, 0.7746099379660379, 0.789773795350586, 0.8031081589171576, 0.8090732502036468, 0.812006517107407, 0.8181476375485649, 0.8204260651629073, 0.8308791277648975, 0.83578723137648, 0.8365185788583244, 0.8374162019923563, 0.8396516072435617, 0.8406541763268375, 0.8400275706497901, 0.8413533834586466, 0.8405815265070812, 0.840779497462247, 0.8406541763268375, 0.840779497462247, 0.8412280701754385, 0.8411554608684755, 0.8411554608684755, 0.8412877364399349, 0.8411554608684755], "Valid": []}}