{"roc_val": {"Train": [0.8826530298176519], "Valid": []}, "eer_val": {"Train": [0.20952380952380958], "Valid": []}, "thres": {"Train": [-0.3075173497200012], "Valid": []}, "acc_val": {"Train": [0.7904135338345865], "Valid": []}, "f1_val": {"Train": [0.7904004010276334], "Valid": []}}