{"optimizer_name": [{"best_val_loss": {"param": "Adam", "value": 0.2523669898509979}, "best_roc_val": {"param": "RMSprop", "value": 0.8613155911115703}, "best_eer_val": {"param": "RMSprop", "value": 0.21018881368006045}, "best_thres": {"param": "Adadelta", "value": -0.5119590759274066}, "best_acc_val": {"param": "RMSprop", "value": 0.789895036470379}, "best_f1_val": {"param": "RMSprop", "value": 0.7896705253784506}}], "batch_size": [{"best_val_loss": {"param": 128, "value": 0.2914934754371643}, "best_roc_val": {"param": 32, "value": 0.8434722159977254}, "best_eer_val": {"param": 32, "value": 0.23525230987868656}, "best_thres": {"param": 64, "value": -0.4269641896435609}, "best_acc_val": {"param": 32, "value": 0.7648105319338196}, "best_f1_val": {"param": 32, "value": 0.764517278232989}}], "contrastive_loss_margin": [{"best_val_loss": {"param": 0.5, "value": 0.12024390697479248}, "best_roc_val": {"param": 1.5, "value": 0.8910734130254625}, "best_eer_val": {"param": 1.5, "value": 0.1826581378827529}, "best_thres": {"param": 1.4, "value": -0.6550909876830887}, "best_acc_val": {"param": 1.5, "value": 0.8180039138943248}, "best_f1_val": {"param": 1.5, "value": 0.817939135077416}}], "kernels_init_streams": [{"best_val_loss": {"param": "normal", "value": 0.47953546047210693}, "best_roc_val": {"param": "normal", "value": 0.9080731261500022}, "best_eer_val": {"param": "normal", "value": 0.1645885286783092}, "best_thres": {"param": "lecun_uniform", "value": -0.7370560765273395}, "best_acc_val": {"param": "normal", "value": 0.8354385340686711}, "best_f1_val": {"param": "normal", "value": 0.8352626892252895}}, {"best_val_loss": {"param": "lecun_uniform", "value": 0.4795995056629181}, "best_roc_val": {"param": "lecun_normal", "value": 0.902852524491391}, "best_eer_val": {"param": "lecun_normal", "value": 0.17919486996801687}, "best_thres": {"param": "lecun_normal", "value": -0.7606318448845908}, "best_acc_val": {"param": "lecun_normal", "value": 0.8208503824942182}, "best_f1_val": {"param": "lecun_normal", "value": 0.8206589492430988}}, {"best_val_loss": {"param": "glorot_normal", "value": 0.48182398080825806}, "best_roc_val": {"param": "orthogonal", "value": 0.9059409299879552}, "best_eer_val": {"param": "orthogonal", "value": 0.16666666666627464}, "best_thres": {"param": "glorot_normal", "value": -0.7246581912037311}, "best_acc_val": {"param": "orthogonal", "value": 0.8334815869062444}, "best_f1_val": {"param": "orthogonal", "value": 0.8332739579622374}}], "dense_kernel_inits": [{"best_val_loss": {"param": "uniform", "value": 0.5416666269302368}, "best_roc_val": {"param": "glorot_normal", "value": 0.9019689835214988}, "best_eer_val": {"param": "lecun_uniform", "value": 0.17064481653010344}, "best_thres": {"param": "lecun_uniform", "value": -0.7504097674552938}, "best_acc_val": {"param": "lecun_uniform", "value": 0.8293897882938979}, "best_f1_val": {"param": "lecun_uniform", "value": 0.8292074799643812}}], "filters_streams": [{"best_val_loss": {"param": 256, "value": 0.5166394114494324}, "best_roc_val": {"param": 256, "value": 0.9047950739457581}, "best_eer_val": {"param": 256, "value": 0.15817598859992874}, "best_thres": {"param": 256, "value": -0.7273785889594632}, "best_acc_val": {"param": 256, "value": 0.8418430884184309}, "best_f1_val": {"param": 256, "value": 0.8416740872662511}}, {"best_val_loss": {"param": 64, "value": 0.5290399789810181}, "best_roc_val": {"param": 8, "value": 0.9095232018441053}, "best_eer_val": {"param": 8, "value": 0.16494478090488063}, "best_thres": {"param": 16, "value": -0.7260692715656564}, "best_acc_val": {"param": 8, "value": 0.8350827254936845}, "best_f1_val": {"param": 8, "value": 0.8349065004452361}}, {"best_val_loss": {"param": 32, "value": 0.4869332015514374}, "best_roc_val": {"param": 128, "value": 0.908631431878219}, "best_eer_val": {"param": 128, "value": 0.16138225863911787}, "best_thres": {"param": 64, "value": -0.6018263101586364}, "best_acc_val": {"param": 128, "value": 0.8386408112435509}, "best_f1_val": {"param": 128, "value": 0.8384683882457703}}], "kernels_streams": [{"best_val_loss": {"param": 7, "value": 0.47143158316612244}, "best_roc_val": {"param": 7, "value": 0.9106613352900619}, "best_eer_val": {"param": 7, "value": 0.1570717839364292}, "best_thres": {"param": 9, "value": -0.6315732598308818}, "best_acc_val": {"param": 7, "value": 0.8430884184308842}, "best_f1_val": {"param": 7, "value": 0.8428927680798006}}, {"best_val_loss": {"param": 7, "value": 0.463722825050354}, "best_roc_val": {"param": 5, "value": 0.9168333354855324}, "best_eer_val": {"param": 5, "value": 0.15316275763976342}, "best_thres": {"param": 5, "value": -0.6842205524441907}, "best_acc_val": {"param": 5, "value": 0.8470023127557375}, "best_f1_val": {"param": 5, "value": 0.8468115425721411}}, {"best_val_loss": {"param": 9, "value": 0.5154860615730286}, "best_roc_val": {"param": 7, "value": 0.8963692150474661}, "best_eer_val": {"param": 9, "value": 0.18240114000725824}, "best_thres": {"param": 5, "value": -0.6866227388385355}, "best_acc_val": {"param": 9, "value": 0.8176481053193382}, "best_f1_val": {"param": 9, "value": 0.8174532502226179}}], "dense_layers": [{"best_val_loss": {"param": 84, "value": 0.5344499945640564}, "best_roc_val": {"param": 128, "value": 0.8775814043933723}, "best_eer_val": {"param": 32, "value": 0.19936034115105888}, "best_thres": {"param": 16, "value": -0.6934306025491237}, "best_acc_val": {"param": 32, "value": 0.8005692937199786}, "best_f1_val": {"param": 32, "value": 0.800285052556565}}], "kernels_Max_Norm_constraint_streams": [{"best_val_loss": {"param": 5, "value": 0.5159611701965332}, "best_roc_val": {"param": 3, "value": 0.899676448537505}, "best_eer_val": {"param": 3, "value": 0.1781261132882084}, "best_thres": {"param": 5, "value": -0.6297014951702128}, "best_acc_val": {"param": 3, "value": 0.821917808219178}, "best_f1_val": {"param": 3, "value": 0.8217275155832592}}, {"best_val_loss": {"param": 4, "value": 0.5244994759559631}, "best_roc_val": {"param": 3, "value": 0.8881521194475482}, "best_eer_val": {"param": 3, "value": 0.18916993231209106}, "best_thres": {"param": 3, "value": -0.5986437326357673}, "best_acc_val": {"param": 3, "value": 0.8108877423945917}, "best_f1_val": {"param": 3, "value": 0.8106856634016029}}, {"best_val_loss": {"param": 4, "value": 0.5343325138092041}, "best_roc_val": {"param": 4, "value": 0.8834405761411275}, "best_eer_val": {"param": 4, "value": 0.19189765458522157}, "best_thres": {"param": 3, "value": -0.5906201004995674}, "best_acc_val": {"param": 4, "value": 0.8082191780821918}, "best_f1_val": {"param": 4, "value": 0.8080484330484331}}], "strides_streams": [{"best_val_loss": {"param": 2, "value": 0.5222125053405762}, "best_roc_val": {"param": 2, "value": 0.8803451443479838}, "best_eer_val": {"param": 2, "value": 0.1962949768436605}, "best_thres": {"param": 3, "value": -0.7260204086874478}, "best_acc_val": {"param": 2, "value": 0.8037715708948585}, "best_f1_val": {"param": 2, "value": 0.8035618878005343}}, {"best_val_loss": {"param": 1, "value": 0.5272040963172913}, "best_roc_val": {"param": 3, "value": 0.9034176666162799}, "best_eer_val": {"param": 3, "value": 0.16773276474693327}, "best_thres": {"param": 2, "value": -0.7536101687578786}, "best_acc_val": {"param": 3, "value": 0.8324141611812844}, "best_f1_val": {"param": 3, "value": 0.832205201282508}}, {"best_val_loss": {"param": 1, "value": 0.5623989105224609}, "best_roc_val": {"param": 1, "value": 0.8959816293361429}, "best_eer_val": {"param": 1, "value": 0.17377398720633164}, "best_thres": {"param": 2, "value": -0.6615523615680131}, "best_acc_val": {"param": 1, "value": 0.826187511119018}, "best_f1_val": {"param": 1, "value": 0.8259397826474255}}], "paddings_streams": [{"best_val_loss": {"param": "same", "value": 0.5775435566902161}, "best_roc_val": {"param": "same", "value": 0.8878097932141927}, "best_eer_val": {"param": "same", "value": 0.18489490559315994}, "best_thres": {"param": "same", "value": -0.6520761496705604},