{"roc_val": {"Train": [0.7686157837506603, 0.7433181263169062, 0.7775397907187909, 0.9308296735643062, 0.931692324308404, 0.9222087661370079, 0.9254171177037553, 0.9194258446171122, 0.922939954836967, 0.9174769665740514, 0.9289504262256867, 0.9286074862385706, 0.9181144425041997, 0.9294869457478281, 0.9297285149311596, 0.9285991895988928, 0.9262217713596161, 0.9304058365420653, 0.9291978344636306, 0.929292865448221, 0.9290093751155946, 0.9293634863404683, 0.9287743333200726, 0.9288768321527852, 0.928974656601124], "Valid": []}, "eer_val": {"Train": [0.3079782790313055, 0.3353801169590359, 0.30196324143692593, 0.1358395989975404, 0.13070175438596487, 0.13755221386953018, 0.1395572263992811, 0.14954051796253753, 0.13400167084345876, 0.1424394319133009, 0.1353383458646679, 0.1336257309941955, 0.1484544695070722, 0.13458646616654704, 0.1338345864661655, 0.13462823726031065, 0.13893065998184895, 0.13237259816368063, 0.13375104427734666, 0.13387635756066768, 0.1344611528822055, 0.13395989974873865, 0.13508771929822333, 0.13437761069469684, 0.13441938178921523], "Valid": []}, "thres": {"Train": [-0.6503392457965941, -0.31197103857992386, -0.15757948905229577, -0.1088688448071678, -0.14099524915218353, -0.15061952173709978, -0.14577794075006878, -0.13847017288228533, -0.15553253889073007, -0.14843443036085954, -0.14702028036117668, -0.1378480643034083, -0.15757521241902975, -0.1425468474632643, -0.15659041702747345, -0.15159289538862103, -0.14301455020840864, -0.15021586418200408, -0.15605053305625777, -0.14921019971372776, -0.1506606750190258, -0.15498356521127163, -0.15253180265425337, -0.1509491503240081, -0.1517126709226895], "Valid": []}, "acc_val": {"Train": [0.6920008354218881, 0.664640768588137, 0.6980367585630743, 0.8641604010025062, 0.8693191311612364, 0.8624269005847953, 0.8604636591478697, 0.8504594820384294, 0.8659356725146199, 0.8575605680868839, 0.864640768588137, 0.8663533834586467, 0.8515455304928989, 0.8654135338345864, 0.8661445279866332, 0.8653717627401838, 0.8610902255639098, 0.8676065162907268, 0.8662698412698413, 0.8661445279866332, 0.8655388471177945, 0.8660401002506266, 0.8649331662489558, 0.8656015037593985, 0.8655806182121971], "Valid": []}, "f1_val": {"Train": [0.6919944025564444, 0.6646337642807911, 0.6980367585630743, 0.8641604010025062, 0.8693164017627771, 0.8624240272353224, 0.8604607447941687, 0.8504594820384294, 0.8659216710182768, 0.8575605680868839, 0.8646379414774744, 0.8663505921176299, 0.8515455304928989, 0.8654135338345864, 0.8661417322834647, 0.8653717627401838, 0.8610873242966646, 0.8676037511226214, 0.8662670481839638, 0.8661417322834647, 0.8655388471177945, 0.8660345043652616, 0.8649303452453059, 0.8655986967146347, 0.8655806182121971], "Valid": []}}