{"roc_val": {"Train": [0.7589475167311205, 0.7404684766078382, 0.8457446299541671, 0.9262528501705392, 0.928645293092101, 0.9336808089912891, 0.9355968738680451, 0.9297441372157769, 0.9241892063073305, 0.9107947561398623, 0.930173860402887, 0.9275559530265374, 0.9335117660483707, 0.9331449716954596, 0.934449655362299, 0.9342951520405022, 0.9343604198117126, 0.9342512217259942, 0.934030340924715, 0.934078654237934, 0.9343848639281299, 0.9339489387629474, 0.9341233479130854, 0.9340905330019562, 0.934186097902791, 0.9341429588661154, 0.9341813877495186, 0.9341208763694255], "Valid": []}, "eer_val": {"Train": [0.3191311612370701, 0.33258145363332675, 0.23233082706766917, 0.14202172096888316, 0.1363408521312181, 0.11925647451951285, 0.11545530492878996, 0.12731829573947295, 0.1364243943209949, 0.1571010860467668, 0.12000835421887843, 0.1312865497075991, 0.12172096908939009, 0.11946532999164595, 0.11741854636587801, 0.11637426900584791, 0.1177527151211361, 0.11871345029275455, 0.11984126984052659, 0.11975772765151373, 0.11871345029236512, 0.11934001670840913, 0.11904761904818996, 0.11904761904766949, 0.1188805346700084, 0.11846282372536802, 0.11871345029239745, 0.1192564745182762], "Valid": []}, "thres": {"Train": [-0.45193505287195224, -0.19455119967454762, -0.10267977863550186, -0.16563205420969085, -0.18265378475193475, -0.15961553156371056, -0.16771389544009302, -0.1718243807554375, -0.16171896457720455, -0.16464303433733823, -0.14665198326110832, -0.17971031367778623, -0.1724765822291374, -0.16191604733467113, -0.1779319643974245, -0.1713255594174067, -0.172544777393341, -0.17469897866263362, -0.17343677580341194, -0.17342992126916473, -0.16995061933993685, -0.17267343401907245, -0.17167194187652712, -0.1719589531421686, -0.17151118814945224, -0.1703406423330191, -0.1699654534459114, -0.1715770959854063], "Valid": []}, "acc_val": {"Train": [0.6808688387635756, 0.6674185463659148, 0.7676691729323308, 0.8579782790309106, 0.8636800334168755, 0.880764411027569, 0.8845655806182122, 0.8726608187134502, 0.8635547201336675, 0.8428989139515455, 0.8800125313283208, 0.868734335839599, 0.8782999164578112, 0.8805137844611529, 0.8825814536340852, 0.8836466165413533, 0.8822681704260652, 0.8812865497076023, 0.8801169590643275, 0.8802631578947369, 0.8813074352548037, 0.8806808688387636, 0.8809523809523809, 0.8809314954051796, 0.8810985797827903, 0.881453634085213, 0.881328320802005, 0.8806808688387636], "Valid": []}, "f1_val": {"Train": [0.6808688387635756, 0.6674046534942979, 0.7676691729323308, 0.8579723463803834, 0.8636828804745097, 0.8807619206750349, 0.8845631696568432, 0.8726581591094217, 0.8635518703398148, 0.8428923513931241, 0.88001002527204, 0.8687315942271142, 0.8782973746318846, 0.8805112888740366, 0.8825814536340854, 0.883644186386516, 0.8822657114810251, 0.8812865497076023, 0.8801069429359178, 0.8802606570730382, 0.8813049562438647, 0.8806783767413688, 0.8809523809523809, 0.8809290085423672, 0.8810960964096994, 0.8814387767890712, 0.8813233635490204, 0.880668407310705], "Valid": []}}