{"optimizer_name": [{"best_val_loss": {"param": "RMSprop", "value": 0.17328129708766937}, "best_roc_val": {"param": "RMSprop", "value": 0.8984351994417449}, "best_eer_val": {"param": "RMSprop", "value": 0.17306325515215285}, "best_thres": {"param": "Adadelta", "value": -0.9893829822539549}, "best_acc_val": {"param": "RMSprop", "value": 0.8270770325564846}, "best_f1_val": {"param": "RMSprop", "value": 0.8268614178838618}}], "optimizer_lr": [{"best_val_loss": {"param": 0.0005, "value": 0.17463578283786774}, "best_roc_val": {"param": 0.005, "value": 0.9177820754236857}, "best_eer_val": {"param": 0.005, "value": 0.16346837242445061}, "best_thres": {"param": 1e-05, "value": -0.9398877736636231}, "best_acc_val": {"param": 0.005, "value": 0.8365059597936311}, "best_f1_val": {"param": 0.005, "value": 0.8363312555654496}}], "batch_size": [{"best_val_loss": {"param": 32, "value": 0.1767021119594574}, "best_roc_val": {"param": 32, "value": 0.8971019754907584}, "best_eer_val": {"param": 32, "value": 0.1716417910439005}, "best_thres": {"param": 32, "value": -0.5209203625557726}, "best_acc_val": {"param": 32, "value": 0.8283223625689379}, "best_f1_val": {"param": 32, "value": 0.8280776768216639}}]}