{"roc_val": {"Train": [0.6135435314476667, 0.6452538928775573, 0.6518710231091513, 0.6504246832620397, 0.6688974786590537, 0.6798895814096645, 0.7465922795711082, 0.7737782504506883, 0.7634199141337051, 0.7936637097128787, 0.7941494714229181, 0.8292256722633652, 0.7873004802105515, 0.8254167687388898, 0.8443504751854574, 0.8463746694430312, 0.848821332780573, 0.8464014202172097, 0.8514925157505291, 0.848959161688683, 0.8526840597734938, 0.8501713321524362, 0.8489073011476059, 0.8525357409815265, 0.8505223506761892, 0.8512898317221625, 0.8509529462754631, 0.851022143391059, 0.8504262536039346, 0.8504500756904794], "Valid": []}, "eer_val": {"Train": [0.42832080200498607, 0.40375939849619047, 0.3953634085213033, 0.4040100250626646, 0.3911027568922404, 0.3713032581453633, 0.31453634085213444, 0.29385964912279006, 0.3042606516290961, 0.2784461152882201, 0.27644110275688866, 0.2531328320802021, 0.2894736842105274, 0.2510025062657904, 0.2339598997500578, 0.23057644110200268, 0.22619047619047664, 0.23095238095215884, 0.22656641604010022, 0.22844611528847447, 0.22531328320783334, 0.22756892230509923, 0.2283208020050125, 0.22518796992478116, 0.2271929824557205, 0.2268170426065163, 0.2260651629072904, 0.22656641604010033, 0.22719298245598435, 0.22731829573934356], "Valid": []}, "thres": {"Train": [-0.2775747776031418, -0.009103417396545006, -0.0007843452331144364, -0.00015487785276491789, -0.00011342194193275685, -7.58965120439825e-06, -0.0017835333710536376, -0.010308321565389586, -0.016918025910854426, -0.041683148592710446, -0.10656079649925196, -0.12755432724952703, -0.11267052292823805, -0.1990470836560316, -0.18696172535422476, -0.179294660687371, -0.21609860658645644, -0.23430609703053762, -0.23605720698833466, -0.23307383060458947, -0.24530160427090175, -0.2580176889887333, -0.2584092617034912, -0.26585319638252164, -0.271245896816145, -0.2702351361513138, -0.27012449502945657, -0.27207195758819586, -0.2733670771121047, -0.27322822809219316], "Valid": []}, "acc_val": {"Train": [0.5717418546365914, 0.5963032581453634, 0.6046992481203007, 0.5959273182957393, 0.6088345864661654, 0.6286340852130325, 0.6854636591478697, 0.7062030075187969, 0.6956766917293233, 0.7216165413533835, 0.7236215538847118, 0.7468045112781955, 0.7105263157894737, 0.7489974937343359, 0.7659774436090225, 0.7693609022556391, 0.7737468671679198, 0.768859649122807, 0.7734962406015038, 0.7716165413533834, 0.774749373433584, 0.7724310776942356, 0.7716791979949875, 0.774812030075188, 0.7728696741854637, 0.7732456140350877, 0.7738721804511278, 0.7733709273182957, 0.7728696741854637, 0.7727443609022556], "Valid": []}, "f1_val": {"Train": [0.5717150197380788, 0.5962779622783383, 0.6046744783507738, 0.5959019988721097, 0.608810075819287, 0.628657352296222, 0.6854636591478697, 0.7061845980324581, 0.6956576226580613, 0.721599097687825, 0.7236042358543768, 0.7467886459051319, 0.7105263157894737, 0.7489974937343359, 0.7659627796227835, 0.7693175408911449, 0.7737326900181716, 0.7687872140394861, 0.7734820477473526, 0.771630850197356, 0.7747352591014475, 0.7724025567113673, 0.7716791979949874, 0.7747838074946736, 0.7728554420703052, 0.7732314054765336, 0.7738580111535811, 0.7733567266119431, 0.7728554420703052, 0.7727301209348957], "Valid": []}}