{"roc_val": {"Train": [0.808481856269747, 0.7875185849963254, 0.7782302796464846, 0.8504331945151098, 0.8894761496473012, 0.917085547515405, 0.9065580932280576, 0.9148004880622609, 0.9309945132254194, 0.9393528935119754, 0.9249542088303466, 0.9473367551083223, 0.9488233271147793, 0.9282271860729518, 0.9610415920754267, 0.9642158890333602, 0.9668266609506223, 0.9691564280375123, 0.9697524513036978, 0.9703577709939009, 0.9705511428948312, 0.9706715410079083, 0.9707907142543074, 0.9708359715077166, 0.9709142373477554, 0.9709498212950923, 0.9709546972066758, 0.9709441366574331, 0.9709855622766189, 0.9709890091770781], "Valid": []}, "eer_val": {"Train": [0.2784461152882456, 0.303383458646616, 0.3091478696742775, 0.23308270676690543, 0.18947368421189711, 0.16165413533876935, 0.17393483709264201, 0.16115288220497737, 0.13583959899749376, 0.12869674185470215, 0.1468671679204732, 0.11616541353383454, 0.11441102756892267, 0.14172932330827068, 0.09661654135339261, 0.09360902255639456, 0.08872180451212724, 0.08383458646620297, 0.08245614035010185, 0.08045112782135225, 0.08007518796993152, 0.07982456140342752, 0.07969924812024738, 0.07982456140350917, 0.07994987468671681, 0.0799498746863259, 0.0800751879699336, 0.08020050125313277, 0.07957393483703201, 0.07982456140342509], "Valid": []}, "thres": {"Train": [-0.07021718472242437, -0.033952526748180376, -0.013660047203302772, -0.0033852756023406887, -0.0008064124849685269, -0.0031844342593120114, -0.00894647138193167, -0.03178017213939573, -0.08695710822939874, -0.10915634781123928, -0.1615595072509967, -0.32157610356807703, -0.3100304007530216, -0.30424702167510986, -0.3362554684281399, -0.3372118175029791, -0.34700617194224437, -0.37171295285227846, -0.3759103715416064, -0.3880202472212212, -0.39203146100044317, -0.39459738135335637, -0.3960296213626844, -0.3965441882610323, -0.3974635601043701, -0.3975599706166606, -0.3967312574386645, -0.397732675075531, -0.39810991287229364, -0.39761653542508335], "Valid": []}, "acc_val": {"Train": [0.7215538847117795, 0.6968045112781955, 0.6908521303258145, 0.7669799498746868, 0.8105263157894737, 0.8383458646616542, 0.8260651629072682, 0.8388471177944862, 0.8641604010025062, 0.8713032581453634, 0.8531954887218045, 0.8838972431077694, 0.8855263157894737, 0.8582080200501253, 0.9033834586466165, 0.906328320802005, 0.9112781954887218, 0.9161027568922305, 0.9175438596491228, 0.9194862155388471, 0.9198621553884712, 0.9202380952380952, 0.9202380952380952, 0.9201127819548872, 0.9199874686716792, 0.9200501253132832, 0.9198621553884712, 0.9198621553884712, 0.9204887218045112, 0.9201754385964912], "Valid": []}, "f1_val": {"Train": [0.7215538847117795, 0.6967475089302501, 0.6908521303258145, 0.7669653487060593, 0.8105263157894737, 0.8383458646616542, 0.8260651629072682, 0.8388269206667501, 0.8641604010025062, 0.8713032581453632, 0.8532046864231564, 0.8838899680431105, 0.8855191428034339, 0.858181362411481, 0.9033834586466165, 0.9063224512814086, 0.9112781954887218, 0.9160974998433487, 0.9175335255044492, 0.9194811704994047, 0.9198571339056332, 0.9202330973118616, 0.9202230995801215, 0.9201077761764521, 0.9199824550410426, 0.9200401052763505, 0.9198571339056332, 0.9198571339056332, 0.9204837395826807, 0.9201654342649455], "Valid": []}}