{"roc_val": {"Train": [0.9011876652784844], "Valid": []}, "eer_val": {"Train": [0.17117794486232035], "Valid": []}, "thres": {"Train": [-0.09731180220844252], "Valid": []}, "acc_val": {"Train": [0.8288220551378446], "Valid": []}, "f1_val": {"Train": [0.8288220551378446], "Valid": []}}