{"roc_val": {"Train": [0.8944399532666252, 0.9107111371787866, 0.9497393075420381, 0.9822247661760918, 0.9865230589003837, 0.9865910861112681, 0.9900293968002714, 0.9930503263170458, 0.9938907104854868, 0.9949495763217568, 0.9953094044635397, 0.9960566830610361, 0.9960729203962287, 0.9962366285387655, 0.9963782733776797, 0.9963679091211738, 0.9963801499362441, 0.9963813355443747, 0.9963760906024459, 0.9963731148045553, 0.9963775353169894, 0.996378226267423, 0.9963864705623708, 0.9963909774436092, 0.9963874127675076, 0.9963889517025647, 0.9963847902965434, 0.9963898782042828, 0.99639006664531, 0.9963933329564512], "Valid": []}, "eer_val": {"Train": [0.18997493734336102, 0.1671679197994986, 0.10977443609023271, 0.05676691729432097, 0.04974937343315118, 0.04573934837035068, 0.040476190476189985, 0.03483709273174083, 0.031328320802527454, 0.02907268170426051, 0.02644110275647784, 0.0248120300749584, 0.02506265664229519, 0.024561403508769876, 0.024060150374438326, 0.024185463658514046, 0.02431077694235578, 0.024436090225333183, 0.024185463659149687, 0.024310776942312685, 0.024185463659302613, 0.024310776942917774, 0.024310776942355606, 0.024310776942355766, 0.02418546365915064, 0.024310776943042216, 0.02443609022476078, 0.024310776942194287, 0.0244360902247224, 0.02431077694235595], "Valid": []}, "thres": {"Train": [-0.04268872365355495, -0.01855704933404922, -0.007128910006334432, -0.03437649831181033, -0.09444238245461932, -0.23504054546316208, -0.259734958410263, -0.30007645487783396, -0.3469538688683118, -0.36759462952613803, -0.37206506728950306, -0.37837642431251695, -0.38194453716279997, -0.38554838299751026, -0.38585767149827993, -0.38535779714476226, -0.3860954046249383, -0.3860272765153446, -0.38641723990440535, -0.38550746440868017, -0.3860134184362408, -0.3874976038933784, -0.38671299815177845, -0.38554203510284407, -0.38583698868752475, -0.38781538605695604, -0.38649967312473044, -0.3878174424166977, -0.38778761029225617, -0.3868368864059449], "Valid": []}, "acc_val": {"Train": [0.8099624060150376, 0.8328947368421052, 0.8902882205513785, 0.9432330827067669, 0.95031328320802, 0.9542606516290727, 0.9595864661654135, 0.9652255639097744, 0.9689223057644111, 0.9709273182957393, 0.9734962406015037, 0.975187969924812, 0.975, 0.9755012531328321, 0.9759398496240601, 0.9758145363408521, 0.9757518796992481, 0.9756265664160401, 0.9757518796992481, 0.9757518796992481, 0.9757518796992481, 0.9756892230576442, 0.9757518796992481, 0.9757518796992481, 0.9758145363408521, 0.9756265664160401, 0.9754385964912281, 0.9756892230576442, 0.9755639097744361, 0.9756265664160401], "Valid": []}, "f1_val": {"Train": [0.8099504981515133, 0.8328842659314493, 0.8902813459489943, 0.9432330827067669, 0.9503101698101385, 0.9542549191628024, 0.9595839338304405, 0.9652233849238674, 0.9689300927085943, 0.9709273182957392, 0.973491257755217, 0.9751848602581777, 0.9750015663178999, 0.9754997180274454, 0.9759368341897481, 0.9758115052011531, 0.9757503602982645, 0.9756250391628548, 0.9757503602982645, 0.9757503602982645, 0.9757503602982645, 0.9756892230576442, 0.9757503602982645, 0.9757503602982645, 0.9758145363408521, 0.9756250391628548, 0.9754324392078215, 0.9756861762125579, 0.9755608472239629, 0.9756250391628548], "Valid": []}}