{"roc_val": {"Train": [0.8609108532609719, 0.8464136767356989, 0.849651894460462, 0.8908695925276852, 0.9518751609600442, 0.9623866056117738, 0.9550330871037241, 0.9499438288704215, 0.965434058203152, 0.9744456693111224, 0.9681716195250029, 0.9788784932255451, 0.9808270833725921, 0.9836668739517966, 0.9839029434488477, 0.9863426737269237, 0.9886295547766658, 0.9881305707878719, 0.9890735925025598, 0.989169556095753, 0.9890545049968279, 0.9890467396561579, 0.9890223365431121, 0.9890364225099088, 0.9889924843436911, 0.9889769536623512, 0.9889923587163397, 0.9889895949146049, 0.9890201066576215, 0.989002927117292], "Valid": []}, "eer_val": {"Train": [0.22192982456140345, 0.23959899749399327, 0.23533834586450997, 0.19072681704260103, 0.1152882205513786, 0.09699248120300756, 0.10802005012479397, 0.12293233082706771, 0.09862155388504994, 0.07631578947266544, 0.08458646616548013, 0.0705513784455681, 0.06365914786973167, 0.05989974937343354, 0.06002506265610993, 0.05162907268220982, 0.04949874686717109, 0.04937343358284164, 0.04774436090225576, 0.047117794486544025, 0.04774436090225052, 0.0478696741852616, 0.04799498746796566, 0.047744360901853224, 0.04786967418548564, 0.04837092731818605, 0.04824561403508763, 0.04812030075221451, 0.04812030075232107, 0.047994987468382114], "Valid": []}, "thres": {"Train": [-0.054227523505687714, -0.027425388495131483, -0.011692167259751132, -0.0024748207069933397, -0.001477104495279491, -0.008061055094003677, -0.021867657080285038, -0.05689426759878795, -0.09610999561855722, -0.14604173600642276, -0.17604936659336254, -0.25747299194283374, -0.28343719244004584, -0.33906865119934076, -0.3561716079708783, -0.3748818933966572, -0.3812669068574938, -0.38905620574689215, -0.4020485877990724, -0.4091790020466479, -0.4080636799335353, -0.4090527892110247, -0.4085750877851333, -0.409236699342076, -0.40974089503289085, -0.4100436568259364, -0.41078937053680376, -0.4104389250287192, -0.4114011526114896, -0.41067919135054837], "Valid": []}, "acc_val": {"Train": [0.7781328320802005, 0.7603383458646616, 0.7647243107769424, 0.8093358395989975, 0.8846491228070176, 0.9029448621553885, 0.8920426065162907, 0.8771303258145363, 0.9013784461152882, 0.9237468671679198, 0.9154135338345865, 0.9293233082706767, 0.9362781954887218, 0.9401629072681704, 0.9399122807017544, 0.9483709273182958, 0.9505012531328321, 0.9505012531328321, 0.9521929824561404, 0.9528822055137844, 0.9523182957393483, 0.9521929824561404, 0.9520676691729323, 0.9522556390977444, 0.9520676691729323, 0.9516917293233083, 0.9518170426065163, 0.9518170426065163, 0.9518796992481203, 0.9520050125313283], "Valid": []}, "f1_val": {"Train": [0.7781189297575036, 0.7603533613182132, 0.7647095682686884, 0.8093238924744659, 0.8846418948555673, 0.9029387806253525, 0.8920358418447272, 0.8771226267309982, 0.9013784461152882, 0.9237420891033272, 0.9154135338345863, 0.9293055903735271, 0.936274202644276, 0.9401591578419701, 0.9399009838942157, 0.9483709273182958, 0.950501253132832, 0.9504888443218852, 0.9521899868412808, 0.9528822055137844, 0.9523153079766903, 0.9521899868412808, 0.9520646657058712, 0.9522496553452815, 0.9520646657058712, 0.9516887022996429, 0.9518140234350523, 0.9518140234350523, 0.9518796992481203, 0.9519989973680912], "Valid": []}}