{"roc_val": {"Train": [0.8713494261970716], "Valid": []}, "eer_val": {"Train": [0.2181704260651615], "Valid": []}, "thres": {"Train": [-0.36498222748438464], "Valid": []}, "acc_val": {"Train": [0.7818295739348371], "Valid": []}, "f1_val": {"Train": [0.7818295739348371], "Valid": []}}