{"roc_val": {"Train": [0.8095454880936678, 0.8118663120834667, 0.7918547543671207, 0.7769465329991646, 0.7566822366065539, 0.760027237580166, 0.7771120627382994, 0.788894604933386, 0.81670081375117, 0.8205120570850685, 0.8249719693971773, 0.8325344454494633, 0.8419929680089948, 0.8391165413533834, 0.8411676041607778, 0.8460136242862796, 0.8454100398238704, 0.8565426803223598, 0.8530699869975692, 0.8522700077260821, 0.8579682445462026, 0.8514569003963545, 0.856743951043021, 0.8583255915477919, 0.8568488106230487, 0.8574325302604884, 0.8575466470059862, 0.8575767504601102, 0.857526389595543, 0.8575073963103247], "Valid": []}, "eer_val": {"Train": [0.26779448621622187, 0.2636591478685842, 0.28045112781954884, 0.29323308270676746, 0.310776942355756, 0.30751879699245893, 0.2931077694235589, 0.27994987468752747, 0.25864661654212295, 0.2542606516297362, 0.24749373433583288, 0.24060150375982994, 0.23433583959898086, 0.23834586466165408, 0.23245614035098452, 0.22656641604009992, 0.2307017543870215, 0.2186716791979994, 0.22055137844607142, 0.22456140350779608, 0.2177944862157931, 0.22468671679050894, 0.21754385964914158, 0.2162907268170636, 0.21954887217984534, 0.21929824561389322, 0.2190476190474391, 0.21892230576441066, 0.21917293233082694, 0.2192982456136083], "Valid": []}, "thres": {"Train": [-0.2579613626004898, -0.20479823648929077, -0.14709840714931488, -0.08739731460809713, -0.033348411321637544, -0.009387106634676165, -0.019238168373703957, -0.028608843684207214, -0.04764068871742646, -0.07355700433265651, -0.12142091989517168, -0.13583919405951217, -0.17572827637195496, -0.2043264806270599, -0.2273574024439105, -0.23078344762325284, -0.22764766216288593, -0.22807313501834944, -0.24959599971770663, -0.23923720419374145, -0.2390912175178856, -0.22079315781519437, -0.21814343333244465, -0.22570152580738576, -0.2298805713653293, -0.23427124321458376, -0.23636946082110769, -0.23786796629428847, -0.2386990487575531, -0.23872144520272942], "Valid": []}, "acc_val": {"Train": [0.7322681704260652, 0.7363408521303259, 0.7196115288220551, 0.7067042606516291, 0.6891604010025063, 0.6925438596491228, 0.7069548872180451, 0.7200501253132832, 0.7413533834586467, 0.7458020050125314, 0.7525689223057644, 0.7595238095238095, 0.7657268170426065, 0.7617167919799499, 0.7675438596491229, 0.7734962406015038, 0.769298245614035, 0.781265664160401, 0.7794486215538847, 0.775375939849624, 0.7822055137844611, 0.7753132832080201, 0.7823934837092732, 0.7837719298245615, 0.7802631578947369, 0.7807644110275689, 0.780952380952381, 0.781140350877193, 0.780889724310777, 0.7806390977443609], "Valid": []}, "f1_val": {"Train": [0.7322849445523462, 0.7363078079959895, 0.7195939595212733, 0.7066858825740961, 0.6891798759476224, 0.6925245942728241, 0.7069365248449152, 0.7200501253132832, 0.7413533834586467, 0.7458179312073179, 0.7525534181339683, 0.7595539406089463, 0.7657121373519644, 0.7617018610188607, 0.7675438596491229, 0.7734820477473526, 0.769298245614035, 0.7812519581427408, 0.7794486215538847, 0.7753337093438616, 0.7822055137844611, 0.7752851234490538, 0.7823798483614263, 0.7837583808509305, 0.7801942964587902, 0.7807506736011028, 0.7809249279358316, 0.7811266370073313, 0.7808759947365123, 0.7805978567399887], "Valid": []}}