{"roc_val": {"Train": [0.7401704213541372, 0.7041076532182587, 0.7144880214320262, 0.7378268352585724, 0.7752499748745297, 0.8720817943982765, 0.8845878637696999, 0.8978150184358139, 0.9127312249923052, 0.9048050342020465, 0.907936146757872, 0.8808735576409695, 0.9161629166902218, 0.9195975056689344, 0.9366851967010257, 0.9344581064189297, 0.9291718330915008, 0.9355094503175231, 0.9412152404821578, 0.9413542785535266, 0.9423231952060603, 0.940819137442604, 0.9421139314451542, 0.9426960885924084, 0.942661674549783, 0.9425877114465362, 0.9424800095476786, 0.9425728481605015, 0.942540122235413, 0.942445823204628], "Valid": []}, "eer_val": {"Train": [0.34097744360876425, 0.36528822055137916, 0.3555137844611789, 0.33796992481207466, 0.29573934837099475, 0.20375939849691405, 0.18884711779448624, 0.17994987468666948, 0.1615288220554267, 0.17142857142857165, 0.16441102756816672, 0.1916040100251204, 0.15288220551407092, 0.15225563909972656, 0.1300751879688991, 0.13120300751764832, 0.13796992481202305, 0.13195488721779527, 0.12481203007636588, 0.12443609022517015, 0.12117794486216026, 0.121052631578947, 0.12092731829573924, 0.11929824561403604, 0.1204260651626653, 0.11992481202999039, 0.12055137844697394, 0.12067669172914353, 0.12017543859622952, 0.12030075187938377], "Valid": []}, "thres": {"Train": [-0.07798514515154573, -0.004751277156174191, -0.00017532938606262363, -3.11100011458632e-05, -6.683969695586807e-05, -0.0012239828938623901, -0.0034454321333517632, -0.01267267204820988, -0.02663317695261032, -0.07013248652219774, -0.15781562030292792, -0.19334393739701958, -0.2563418149949574, -0.22852063179158077, -0.24867498874662453, -0.2669559121126963, -0.2983143627643539, -0.26898440718642846, -0.3005764186390702, -0.2994102835654254, -0.30101653933525696, -0.3090541660785672, -0.30996921658515925, -0.31495949625968955, -0.3147107362745779, -0.3156943917274342, -0.31525382399635865, -0.3152126669883315, -0.3137375712393511, -0.31407302618012073], "Valid": []}, "acc_val": {"Train": [0.6590225563909774, 0.6346491228070176, 0.6445488721804511, 0.662092731829574, 0.7042606516290727, 0.7963032581453634, 0.8111528822055137, 0.8200501253132833, 0.8384711779448621, 0.8285087719298245, 0.8355889724310777, 0.8083333333333333, 0.8470551378446115, 0.8476817042606516, 0.8697994987468671, 0.868796992481203, 0.8620927318295739, 0.8680451127819548, 0.8751879699248121, 0.8755639097744361, 0.8787593984962406, 0.8790100250626567, 0.8791353383458647, 0.8806390977443609, 0.8796365914786968, 0.8800751879699248, 0.8795739348370928, 0.8792606516290726, 0.8796365914786968, 0.8796992481203008], "Valid": []}, "f1_val": {"Train": [0.6589798220328361, 0.6346262297136412, 0.6445265994109907, 0.6620715583683189, 0.7042606516290727, 0.79631602029948, 0.8111528822055137, 0.8200275723774908, 0.8384711779448621, 0.8284980261921172, 0.8355683669632785, 0.8083213233911899, 0.8470455542327214, 0.8476721599097687, 0.8697668588618701, 0.86878054894097, 0.8620840904818597, 0.8680285750093996, 0.8751879699248122, 0.8755483143251033, 0.8787518014913215, 0.8790024437621404, 0.87912776489755, 0.8806316185224637, 0.8796290494391878, 0.8800601579145257, 0.879589023931838, 0.8792379519959892, 0.8795988718270135, 0.8796841709487404], "Valid": []}}