{"roc_val": {"Train": [0.8818360515951533], "Valid": []}, "eer_val": {"Train": [0.2107769423558897], "Valid": []}, "thres": {"Train": [-0.2029409770454679], "Valid": []}, "acc_val": {"Train": [0.7892230576441103], "Valid": []}, "f1_val": {"Train": [0.7892230576441103], "Valid": []}}