{"roc_val": {"Train": [0.7810189163384652, 0.8019866709379966, 0.8429592386354355, 0.8297328612885596, 0.8484270356341982, 0.9005620489192907, 0.8850175956809314, 0.9391783814172021, 0.8983902268201833, 0.9198885999459802, 0.8961633956444996, 0.9415831401812804, 0.9468978995106814, 0.9553938574506443, 0.957681625743557, 0.9647315657564965, 0.9635402729882351, 0.9749084098089837, 0.9756492971149678, 0.9776415349149816, 0.9790585564789165, 0.9820811034478427, 0.982273847212015], "Valid": []}, "eer_val": {"Train": [0.3050125313285028, 0.2827067669172932, 0.2426065162907161, 0.2552631578947369, 0.2339598997493736, 0.17568922305767065, 0.193984962406015, 0.12619047619227325, 0.16152882205513777, 0.13859649122857842, 0.1746867167920166, 0.10714285714213932, 0.1090225563911338, 0.09849624060150365, 0.09624060150320243, 0.07481203007495743, 0.08032581453528596, 0.06779448621496148, 0.06127819548870896, 0.0681704260652196, 0.05989974937343355, 0.0535087719298411, 0.051879699247784634], "Valid": []}, "thres": {"Train": [-0.07184604555371688, -0.0106420616752335, -0.0035632064100354277, -0.003024941310286522, -0.0025987368426285693, -0.002303384477272679, -0.008117934688925743, -0.0124975983053839, -0.015985632315278053, -0.039521027356520085, -0.12198001891375672, -0.10390395671109112, -0.15165258944039173, -0.29485373695691414, -0.2285370230670469, -0.13829651474926954, -0.1386647373433298, -0.18344038724866835, -0.19438190758227444, -0.21112802028657804, -0.22513532638549802, -0.2230286598205947, -0.2416176050899825], "Valid": []}, "acc_val": {"Train": [0.6949248120300752, 0.7172932330827068, 0.7574561403508772, 0.7446741854636592, 0.7659774436090225, 0.8243734335839599, 0.806015037593985, 0.8738095238095238, 0.8385338345864661, 0.8614035087719298, 0.825250626566416, 0.8928571428571429, 0.8909147869674185, 0.9015037593984963, 0.9037593984962407, 0.925250626566416, 0.9196115288220551, 0.9322055137844611, 0.9387844611528822, 0.9318295739348371, 0.9401629072681704, 0.9464285714285714, 0.9481203007518797], "Valid": []}, "f1_val": {"Train": [0.6949056958456044, 0.7172932330827068, 0.7574409424149383, 0.7446581866031707, 0.7659921057577845, 0.8243624287236042, 0.806015037593985, 0.8738095238095238, 0.8385237170248762, 0.8614035087719298, 0.8252396766714707, 0.8928437147512219, 0.8909079516260417, 0.9015037593984961, 0.9037473367589924, 0.925245942728241, 0.9195964153662969, 0.9321970171700715, 0.9387806253524656, 0.9318295739348371, 0.9401591578419701, 0.9464252146124444, 0.9481137987216443], "Valid": []}}