{"roc_val": {"Train": [0.8723997807802715, 0.8801352064371454, 0.8892728453338861, 0.9041503508143793, 0.9273483991934725, 0.9644936903662665, 0.9806546441291197, 0.9793274304181507, 0.9853879372617004, 0.9869016133692626, 0.9830727586510135, 0.9900413078435437, 0.9915540260425499, 0.9893866872695523, 0.9920590165890918, 0.9935139383546586, 0.9940412905697829, 0.9947902808399445, 0.995149339514199, 0.995593463608897, 0.995697168987632, 0.9958168054848902], "Valid": []}, "eer_val": {"Train": [0.21428571428578327, 0.20526315789534724, 0.1937343358395991, 0.1745614035090955, 0.14235588972435764, 0.09411027569023678, 0.0631578947384471, 0.06954887217895445, 0.053007518798605394, 0.04962406015059143, 0.05689223057639362, 0.040977443609022626, 0.04260651628976346, 0.04812030075187965, 0.03897243107769328, 0.03345864661660372, 0.03370927318221138, 0.028947368420918572, 0.028571428572956224, 0.027067669172932463, 0.02656641604007745, 0.026691729322848502], "Valid": []}, "thres": {"Train": [-0.0714825186878514, -0.042848065495499396, -0.027570232748985294, -0.01607458293438651, -0.009524535154924385, -0.00888118054718962, -0.016778070479740354, -0.029113389551633794, -0.05153691023591494, -0.10181784629830164, -0.17860448360436998, -0.24635243415832525, -0.3024151027202478, -0.3534489572048186, -0.31613771617412517, -0.33032408356677934, -0.3459328711017196, -0.37708544731091037, -0.39739230275258275, -0.4051443517208101, -0.40932567119592256, -0.4118945598601288], "Valid": []}, "acc_val": {"Train": [0.7858395989974938, 0.7947994987468672, 0.806265664160401, 0.8253759398496241, 0.8577067669172932, 0.905889724310777, 0.9369674185463659, 0.9305137844611528, 0.9469924812030075, 0.95031328320802, 0.9431704260651629, 0.9589598997493735, 0.9573934837092731, 0.9519423558897243, 0.9610275689223058, 0.9664786967418546, 0.9663533834586466, 0.9710526315789474, 0.9714285714285714, 0.9729949874686716, 0.9734335839598998, 0.9733082706766917], "Valid": []}, "f1_val": {"Train": [0.785812758491039, 0.7948123551155943, 0.806265664160401, 0.8253868805212706, 0.8576978507425277, 0.905889724310777, 0.936975316376394, 0.9305094304154395, 0.9469924812030075, 0.9503101698101385, 0.9431668650917978, 0.9589573281533932, 0.9573881438776789, 0.9519393445704618, 0.9610275689223058, 0.9664765962779623, 0.9663512751425529, 0.9710490036345407, 0.9714285714285714, 0.9729932953192556, 0.9734335839598998, 0.9733049254292517], "Valid": []}}