{"optimizer_name": [{"best_val_loss": {"param": "Nadam", "value": 0.09254062175750732}, "best_roc_val": {"param": "Nadam", "value": 0.943033810539141}, "best_eer_val": {"param": "Nadam", "value": 0.1215351812370677}, "best_thres": {"param": "Adamax", "value": -0.708671033381737}, "best_acc_val": {"param": "Nadam", "value": 0.8783398646241539}, "best_f1_val": {"param": "Nadam", "value": 0.878057489733976}}], "optimizer_lr": [{"best_val_loss": {"param": 0.0001, "value": 0.10962627083063126}, "best_roc_val": {"param": 0.0005, "value": 0.919568991775815}, "best_eer_val": {"param": 0.0005, "value": 0.1474769012091196}, "best_thres": {"param": 0.0005, "value": -0.4977676570420627}, "best_acc_val": {"param": 0.0005, "value": 0.8525115781973638}, "best_f1_val": {"param": 0.0005, "value": 0.8521956444127098}}], "batch_size": [{"best_val_loss": {"param": 32, "value": 0.09214834123849869}, "best_roc_val": {"param": 32, "value": 0.9284185577215961}, "best_eer_val": {"param": 32, "value": 0.14214641080404708}, "best_thres": {"param": 256, "value": -0.7307751774795129}, "best_acc_val": {"param": 32, "value": 0.8582116138225864}, "best_f1_val": {"param": 32, "value": 0.8579586009992862}}]}