{"roc_val": {"Train": [0.8013597450881451, 0.7505901885736341, 0.8093315586725097, 0.913219001102031, 0.9260019549011766, 0.9250237549108081, 0.9253316117151693, 0.9254596783311664, 0.918896202320058, 0.9221214333173507, 0.9184176170724778, 0.9144197848422225, 0.9115062859041226, 0.9195826990896903, 0.9211787003710894, 0.9247549411680134, 0.9267224958106767, 0.9267915594472118, 0.9268268319434063, 0.9272902817123567, 0.9268413968644809, 0.9268778209447317, 0.9268739483071365, 0.9266455586543636, 0.9267433150545538, 0.9266711613341344, 0.9266801262415296, 0.92672863759231], "Valid": []}, "eer_val": {"Train": [0.2843776106934012, 0.3349624060150375, 0.2704260651624555, 0.15693400167084864, 0.14018379281516974, 0.1418128654973572, 0.14168755221386795, 0.13809523809574586, 0.14690893901420224, 0.13851294903866085, 0.14490392648330652, 0.14903926482873822, 0.15091896407685962, 0.14118629908023617, 0.14285714285697057, 0.13788638262270486, 0.13617376775308396, 0.13629908103583263, 0.13625730994137847, 0.13588137009131354, 0.13675856307424347, 0.1365914786970597, 0.13575605680914368, 0.13625730994119734, 0.1362155388471178, 0.13625730994192808, 0.1365914786964926, 0.13634085213091385], "Valid": []}, "thres": {"Train": [-0.3817663192749024, -0.20384693145751953, -0.09190627932542084, -0.08319136500358651, -0.13854150474067492, -0.12422520667322177, -0.12088932842016219, -0.14792418479926026, -0.14537988603115082, -0.12873080372784076, -0.12026172131309062, -0.10969591140747069, -0.12511356174945845, -0.12522149085955597, -0.1380852013825906, -0.13342836499201413, -0.14133180677891963, -0.14848063886163562, -0.14289231598372912, -0.14305487275115808, -0.14249490201472748, -0.1417968720198206, -0.14236809313302762, -0.1412818878888803, -0.1415008008480072, -0.14062261581422164, -0.14112593233573587, -0.14147658646121825], "Valid": []}, "acc_val": {"Train": [0.7156015037593985, 0.6650584795321638, 0.729594820384294, 0.8430451127819549, 0.8597953216374269, 0.8581662489557227, 0.8583333333333333, 0.8618838763575606, 0.8530701754385965, 0.8614870509607352, 0.8550960735171261, 0.8509816207184628, 0.8490601503759398, 0.858813700918964, 0.8571428571428571, 0.8621136173767753, 0.8638053467000836, 0.8636382623224729, 0.8637635756056808, 0.8641186299081036, 0.8632414369256475, 0.8634085213032582, 0.864264828738513, 0.8636800334168755, 0.8637426900584795, 0.8637218045112782, 0.8634294068504594, 0.8636591478696742], "Valid": []}, "f1_val": {"Train": [0.7155955638171223, 0.6650514839491217, 0.7295891727061968, 0.8430418346247833, 0.8597865363326859, 0.8581632866183505, 0.8583303744856827, 0.8618809916664926, 0.8530671066647174, 0.861481264881574, 0.8550960735171262, 0.8509785083230644, 0.8490569978487437, 0.8588078031663811, 0.8571368895943857, 0.8621078574710723, 0.8638025021408132, 0.8636240208877285, 0.8637607301739803, 0.864112953757467, 0.8632357241321693, 0.8634085213032581, 0.864261993775977, 0.8636657963446475, 0.8637313058735067, 0.8637189582071472, 0.8634265544393158, 0.8636591478696742], "Valid": []}}