{"roc_val": {"Train": [0.7589684633471732, 0.7191974601988123, 0.8959825541994781, 0.9308490376246938, 0.9305275703181652, 0.9311325392986783, 0.9318742606306912, 0.9324207727617568, 0.9318396433160316, 0.9154977931461905, 0.9245809656067207, 0.9314735948755208, 0.9268033265424771, 0.9322875152933853, 0.9313680268968161, 0.9327781817046097, 0.9330418368742797, 0.9335970155477806, 0.9333802263595496, 0.9329809512293683, 0.9337852262583498, 0.9337081800505163, 0.9338090012346376, 0.9334528790997264, 0.9335843088646149, 0.9336759514003612, 0.933512614905406, 0.9335170720591509, 0.9336255853013208, 0.9335617753308361, 0.9336028031300754, 0.9334998672188688, 0.9334948429972173], "Valid": []}, "eer_val": {"Train": [0.3139097744370041, 0.34502923976633537, 0.17222222222222233, 0.12422723475291178, 0.123099415205984, 0.12080200501252875, 0.11871345029230623, 0.11963241436899393, 0.11691729323310719, 0.14799498746916417, 0.13471177944838372, 0.12631578947368421, 0.13533834586466156, 0.12080200501252006, 0.12251461988328612, 0.12259816207272217, 0.12134502923902998, 0.11754385964888031, 0.12142857142845274, 0.12326649958228911, 0.12092731829577343, 0.12096908939013816, 0.12121971595676341, 0.12243107769397042, 0.12205513784440254, 0.12151211361736809, 0.12213868003344526, 0.12205513784412667, 0.12192982456116933, 0.12197159565580622, 0.12147034252297834, 0.12226399331655341, 0.12205513784649777], "Valid": []}, "thres": {"Train": [-0.34755194187212, -0.17834904293223067, -0.06316398084163666, -0.18097677826862746, -0.17067623138448437, -0.14462274312972923, -0.1554225236177003, -0.1694224178790467, -0.16651964187624801, -0.16263499856004596, -0.1783341020345446, -0.19186030328273773, -0.17548604309558866, -0.1655666083097439, -0.17399330437188182, -0.17099906504170204, -0.17035065591290657, -0.1708150506019252, -0.1814561039209182, -0.17678016424179077, -0.1759842932224422, -0.1766379922628389, -0.1761023551225682, -0.17624948918815123, -0.1773738265036803, -0.17564531167347913, -0.17774805426598045, -0.17838826775542974, -0.17735457420347134, -0.17706187069416046, -0.17581604421138877, -0.17733888328073477, -0.17704339325615476], "Valid": []}, "acc_val": {"Train": [0.6860902255639098, 0.6550125313283208, 0.8277568922305765, 0.8757309941520468, 0.8769005847953216, 0.87921888053467, 0.8812865497076023, 0.8803675856307436, 0.883061821219716, 0.8520050125313283, 0.8653091060985798, 0.8736633249791145, 0.8646825396825397, 0.87921888053467, 0.8774853801169591, 0.8774436090225564, 0.8786549707602339, 0.8824770258980785, 0.8785714285714286, 0.8767126148705096, 0.8790726817042607, 0.8790517961570593, 0.8787802840434419, 0.8775689223057644, 0.8779448621553885, 0.8785296574770259, 0.8778404344193818, 0.8779657477025898, 0.8780910609857978, 0.8780075187969925, 0.8785087719298246, 0.8777568922305764, 0.8779239766081871], "Valid": []}, "f1_val": {"Train": [0.6860902255639098, 0.6549981202222315, 0.8277532947638839, 0.8757206115799149, 0.8769005847953216, 0.8792163579022119, 0.8812815907097207, 0.8803625882451229, 0.8830593788508532, 0.8520050125313283, 0.8653062929468035, 0.8736554086513357, 0.8646797134443075, 0.8792163579022119, 0.8774853801169591, 0.8774487281233032, 0.8786499018338277, 0.8824745713151904, 0.8785663561552279, 0.8767100398922284, 0.8790726817042607, 0.8790492700348796, 0.8787802840434419, 0.8775689223057644, 0.8779397635657296, 0.8785245833159279, 0.8778378829967208, 0.87796319889722, 0.8780885147977192, 0.8780049708640532, 0.8785062344660498, 0.8777543390630548, 0.877921426930387], "Valid": []}}