{"roc_val": {"Train": [0.8495355713846018], "Valid": []}, "eer_val": {"Train": [0.23032581453632595], "Valid": []}, "thres": {"Train": [-0.030137373666677184], "Valid": []}, "acc_val": {"Train": [0.7697368421052632], "Valid": []}, "f1_val": {"Train": [0.769722413685068], "Valid": []}}