{"roc_val": {"Train": [0.9465587056613965], "Valid": []}, "eer_val": {"Train": [0.11766917293254156], "Valid": []}, "thres": {"Train": [-0.372868639230872], "Valid": []}, "acc_val": {"Train": [0.8823934837092732], "Valid": []}, "f1_val": {"Train": [0.8823861144181966], "Valid": []}}