{"roc_val": {"Train": [0.9466248720171355, 0.950660179584299, 0.9569014641867827, 0.9666107781986294, 0.9737209800817834, 0.9798519795729926, 0.9819022022474733, 0.979075932311983, 0.9798887883870075, 0.9874582917192731, 0.985234499155156, 0.9836692765748959, 0.9879359426134257, 0.9882069522176369, 0.987391159603269, 0.9882372598162071, 0.9888437572628314, 0.9906763148472686, 0.9927526366040413, 0.9923221744838288, 0.9931486925333382, 0.9932554286719304, 0.9940809102957897, 0.9943447748443791, 0.9942583118196493, 0.9941528476579921, 0.9943096777030295, 0.9944438477145244, 0.9943168855723268, 0.9942971149678708], "Valid": []}, "eer_val": {"Train": [0.11691729323308393, 0.10751879699290263, 0.09624060150376228, 0.0863408521299283, 0.07819548872204454, 0.069172932330827, 0.06077694235524575, 0.06641604009977971, 0.0598997493735361, 0.04937343358397416, 0.05213032581453636, 0.05012531328320802, 0.04461152882275638, 0.044360902255638955, 0.047869674186655053, 0.04122807017598254, 0.040350877193865195, 0.04097744360900811, 0.03634085213032192, 0.038721804511722635, 0.03634085213032585, 0.03521303258145114, 0.03345864661654129, 0.03408521303258154, 0.034335839599005304, 0.03383458646619532, 0.03358395989984998, 0.03383458646490607, 0.033709273182944574, 0.0333333333333339], "Valid": []}, "thres": {"Train": [-0.3845118284225467, -0.41174934804477104, -0.3984332978725456, -0.4144537746903257, -0.4501120150090927, -0.4520439803600311, -0.4030091464515755, -0.4467816452180267, -0.40175026655199064, -0.4306625425816008, -0.4303066432476044, -0.4233837127685547, -0.4276188611996103, -0.4398732483386992, -0.4530420601381273, -0.4644350111492066, -0.4388071298615958, -0.3991230875253477, -0.41702845692634316, -0.43812191486591956, -0.4287340342998506, -0.4325470030307627, -0.42158016562461836, -0.41957529385884607, -0.4163107872009519, -0.4203204214573577, -0.41697451472295194, -0.41653755306944273, -0.41634643077849787, -0.4132020324468613], "Valid": []}, "acc_val": {"Train": [0.8830200501253133, 0.8924185463659148, 0.9036967418546366, 0.9137218045112782, 0.9218045112781955, 0.930889724310777, 0.9390350877192982, 0.9335839598997494, 0.9401002506265664, 0.950563909774436, 0.9478070175438597, 0.949874686716792, 0.9553258145363408, 0.9557017543859649, 0.9520676691729323, 0.9587719298245614, 0.9597117794486215, 0.9590225563909774, 0.9637218045112782, 0.9612781954887218, 0.9635964912280702, 0.9648496240601504, 0.9664786967418546, 0.9659774436090226, 0.9656015037593985, 0.9661027568922306, 0.9663533834586466, 0.9662280701754385, 0.9663533834586466, 0.9667293233082707], "Valid": []}, "f1_val": {"Train": [0.8830127200952439, 0.8924252866361757, 0.9036907074378094, 0.9137163982705684, 0.9218045112781955, 0.9308853938216679, 0.9390159824506423, 0.9335839598997494, 0.9401002506265664, 0.9505608120809573, 0.9478037471019487, 0.9498684045619752, 0.9553230152265181, 0.9556989786327464, 0.9520646657058712, 0.9587719298245614, 0.9597143036150617, 0.9590225563909774, 0.9637195312989535, 0.9612781954887218, 0.963594210163544, 0.964847421517639, 0.9664807969425476, 0.9659753117363242, 0.9655993483300959, 0.966104880646576, 0.9663512751425529, 0.9662259540071434, 0.9663512751425529, 0.9667272385487812], "Valid": []}}