{"roc_val": {"Train": [0.6427932962453474, 0.644343186181829, 0.7659089444231575, 0.8903670272869586, 0.8961309201017023, 0.8912859695535135, 0.8469097651885213, 0.9061893516511971, 0.8880502556516604, 0.8995984923670914, 0.890668450924024, 0.8757850793441414, 0.8909663648469545, 0.8328528785064861, 0.8793067856567065, 0.8962850133897818, 0.8935283523484289, 0.8977132314914269, 0.8968796172413769, 0.898084057260947, 0.8981240564862449, 0.8983174781146686, 0.8986426112971094, 0.8987521574752809, 0.8985045764997288, 0.8986711950092441, 0.8985911991758846, 0.8987715616666283, 0.898756353777789, 0.8987353687756009, 0.8986761869516453, 0.8986264995892684, 0.8986092563628508], "Valid": []}, "eer_val": {"Train": [0.406725146199188, 0.4032163742690814, 0.3126148705102605, 0.18379281537055486, 0.1803675856307435, 0.1855889724310786, 0.2349206349206371, 0.16445279866332085, 0.18997493734335177, 0.17552213868003266, 0.18801169590576705, 0.20705931495391808, 0.18650793650793804, 0.24715956558062857, 0.2048454469503555, 0.1823725981620849, 0.1868003341687846, 0.1797827903091805, 0.17986633249791031, 0.17748538011682266, 0.1775689223058612, 0.17748538011695875, 0.17690058479485468, 0.17677527151211356, 0.1769005847952567, 0.17690058479531712, 0.17664995822908325, 0.17652464494662154, 0.17719298245614032, 0.1769423558896117, 0.1769005847952759, 0.17698412698401408, 0.17694235588874693], "Valid": []}, "thres": {"Train": [-0.33065608143831077, -0.21619676053525336, -0.10279256850491282, -0.06892941892118755, -0.1421443074941635, -0.13486236333847065, -0.13288220763206515, -0.1706909388303745, -0.19955797493457722, -0.14108119904994962, -0.12361131608482519, -0.08982969075440847, -0.13379146158695243, -0.16164949536323556, -0.16260065138331573, -0.14702260494232436, -0.15374107658863137, -0.1373493075371167, -0.14923167228698728, -0.1443634976942905, -0.14442453160885102, -0.1477450728416441, -0.14073245227329503, -0.14145378768444059, -0.14727370440959278, -0.143840506672858, -0.14545629918589179, -0.1436073333028011, -0.14457564055919647, -0.14459355175494834, -0.14409539103507363, -0.14510066807269242, -0.1451450884339455], "Valid": []}, "acc_val": {"Train": [0.5932748538011696, 0.5968045112781954, 0.6874269005847953, 0.8162071846282373, 0.8196532999164579, 0.814390142021721, 0.7650584795321638, 0.8355680868838764, 0.8099832915622389, 0.824498746867168, 0.8119674185463659, 0.7929615705931495, 0.8134711779448621, 0.7528195488721805, 0.7951545530492898, 0.8176065162907268, 0.8131996658312448, 0.8201963241436926, 0.8201545530492899, 0.822514619883041, 0.8224519632414369, 0.8225355054302422, 0.8230785296574771, 0.8232456140350877, 0.8230994152046783, 0.8231203007518797, 0.8233500417710944, 0.8234753550543025, 0.822827903091061, 0.8230785296574771, 0.8231203007518797, 0.8230367585630743, 0.8230785296574771], "Valid": []}, "f1_val": {"Train": [0.5932748538011696, 0.5968129320607339, 0.6874399565598763, 0.8161995070804963, 0.8196495331982707, 0.8143862653773052, 0.7650535725474634, 0.8355646525616659, 0.8099674158242125, 0.8244950813509053, 0.811955636318065, 0.7929572463919463, 0.8134672821069779, 0.7528143862653772, 0.7951459960733531, 0.8176027068234508, 0.8131996658312448, 0.8201925687671002, 0.8201507968002674, 0.822514619883041, 0.8224482549760855, 0.8225317989097516, 0.8230674436577062, 0.8232419223459136, 0.8230920255649776, 0.8231166064454145, 0.8233500417710944, 0.8234753550543025, 0.8228242026775832, 0.8230748344785814, 0.8231166064454145, 0.8230330625117483, 0.8230748344785814], "Valid": []}}