{"roc_val": {"Train": [0.9384343455757189], "Valid": []}, "eer_val": {"Train": [0.11929824561402973], "Valid": []}, "thres": {"Train": [-0.39928793907165366], "Valid": []}, "acc_val": {"Train": [0.880764411027569], "Valid": []}, "f1_val": {"Train": [0.8807569396578733], "Valid": []}}