{"roc_val": {"Train": [0.9136703601108034], "Valid": []}, "eer_val": {"Train": [0.1557644110275689], "Valid": []}, "thres": {"Train": [-0.09040616750717163], "Valid": []}, "acc_val": {"Train": [0.8442982456140351], "Valid": []}, "f1_val": {"Train": [0.8442884892537127], "Valid": []}}