{"roc_val": {"Train": [0.8816026124207763, 0.8299685696069748, 0.8366643739675003, 0.8609147005986143, 0.9810232583338044, 0.982860409168284, 0.9839083140181278, 0.9832948756603287, 0.9844134144886024, 0.9837641880390199, 0.9835935389853078, 0.9860879014579054, 0.9871826967167292, 0.9869144038039963, 0.9853761125872325, 0.9886395657062456, 0.9887645806244933, 0.9904681817325267, 0.990896115602289, 0.9901698795861834, 0.991349331976558, 0.9911212712231707, 0.991324991677188, 0.9912750705083512, 0.9911678946740285, 0.9912661745215169, 0.9910924554494005, 0.9912550486491918, 0.991170768399696, 0.9911016419494852], "Valid": []}, "eer_val": {"Train": [0.21077694235612582, 0.259147869674186, 0.23182957393455847, 0.20075187969860475, 0.0631578947364802, 0.057017543859523005, 0.0516290726816743, 0.05325814536339218, 0.05012531328320799, 0.049122807018326484, 0.05175438596517193, 0.0467418546365804, 0.04285714285679047, 0.04611528822055135, 0.04573934836973029, 0.03972431077694235, 0.03834586466201367, 0.03872180451072087, 0.035087719299101816, 0.03859649122806861, 0.03395989975038363, 0.03558897243063726, 0.03458646616541309, 0.034837092731829035, 0.03496240601503763, 0.0345864661654131, 0.03571428571428562, 0.03496240601382937, 0.03508771929824472, 0.03496240601539587], "Valid": []}, "thres": {"Train": [-0.20235057175161886, -0.09512410064538325, -0.22968593239782206, -0.2345826923843885, -0.3742918670176737, -0.3309576958416935, -0.3289101719855225, -0.3302015364169881, -0.3300245106220245, -0.36138975620288316, -0.33839285373708455, -0.3115569055080367, -0.32908937334995997, -0.3538521230220794, -0.33132746815595654, -0.3459353268146515, -0.32744675874740303, -0.3428398072710737, -0.3558588624008884, -0.33489868044853127, -0.3412943184376126, -0.34490931033739775, -0.3470596969127643, -0.34226766228675753, -0.342481017112732, -0.3448674380779265, -0.3441963791847228, -0.3423549830885005, -0.34659934043884133, -0.34374934434939086], "Valid": []}, "acc_val": {"Train": [0.7891604010025063, 0.7408521303258145, 0.7681077694235589, 0.7990601503759398, 0.9367794486215539, 0.9429824561403509, 0.9483709273182958, 0.9468045112781955, 0.949937343358396, 0.9510651629072682, 0.9481829573934837, 0.9533208020050126, 0.9571428571428572, 0.9539473684210527, 0.9541979949874687, 0.9602130325814536, 0.9616541353383459, 0.9612781954887218, 0.9648496240601504, 0.9614661654135338, 0.9660401002506266, 0.9644110275689223, 0.9654761904761905, 0.9652255639097744, 0.9649749373433584, 0.9654761904761905, 0.9643483709273183, 0.9650375939849624, 0.9649749373433584, 0.9650375939849624], "Valid": []}, "f1_val": {"Train": [0.7891471896735385, 0.7408521303258144, 0.7680641724634956, 0.7989971795675337, 0.9367675628250924, 0.9429824561403509, 0.9483644566988343, 0.9468011780186728, 0.94993420640391, 0.9510743594562426, 0.9481797105081772, 0.9533178770599661, 0.9571374859004887, 0.9539444827370136, 0.9541893839694179, 0.9602155253430236, 0.9616541353383459, 0.9612733425241259, 0.964847421517639, 0.9614637508615828, 0.9660401002506266, 0.9644065672390023, 0.9654740271946864, 0.9652233849238674, 0.9649727426530484, 0.9654740271946864, 0.964346136976001, 0.9650332121819778, 0.9649727426530484, 0.9650375939849624], "Valid": []}}