{"roc_val": {"Train": [0.7795455587590531, 0.7980454425537528, 0.8062259031036236, 0.8194684706754354, 0.8172524356002789, 0.8683551689373811, 0.8868754279181663, 0.9131319055784826, 0.9278543319451511, 0.925064941489061, 0.933314999591711, 0.9387143375355683, 0.94047351304326, 0.9466358487069804, 0.9491216920747986, 0.9495514318377398, 0.9525859840704517, 0.9550955238974628, 0.9555560109547049, 0.9565347265406624, 0.9572270667269677, 0.957601915188975, 0.957730769593156, 0.9577514431442015, 0.9578639424375475, 0.9579255626535008, 0.9579809093535844, 0.9579420355399777, 0.9579602122474106, 0.9579066792922155], "Valid": []}, "eer_val": {"Train": [0.30651629072699893, 0.28709273182957534, 0.2809523809523769, 0.2644110275687184, 0.26829573934834283, 0.212907268170426, 0.19273182957309287, 0.16152882205463917, 0.14210526315788674, 0.14837092731829638, 0.13408521303258156, 0.1323308270676692, 0.12619047619224255, 0.12005012531328306, 0.1195488721800755, 0.11779448621553883, 0.1119047619047653, 0.1085213032578895, 0.10889724310776926, 0.10764411027568915, 0.10576441102679125, 0.10463659147869676, 0.10426065162834086, 0.10388471177913616, 0.10375939849670318, 0.10388471177913129, 0.10388471177984808, 0.10375939849464148, 0.10350877193099095, 0.10388471177924188], "Valid": []}, "thres": {"Train": [-0.11670476198199228, -0.05758078321814544, -0.02914833029111221, -0.014900621958076619, -0.008124257437884506, -0.007594753056764603, -0.013167626224422113, -0.03109100461002533, -0.044231530278920836, -0.0871000885963441, -0.10755542665719989, -0.25649839639663696, -0.20480084419286743, -0.31973519921302784, -0.355757713317434, -0.38564813137054443, -0.36640372872352744, -0.38215714693058783, -0.38419973850250166, -0.3941904306411743, -0.40041416883451264, -0.4040350914001465, -0.40589445829366755, -0.406689733266807, -0.407474011183321, -0.4073694646357505, -0.4070996642120181, -0.4074669480317729, -0.40800544619625234, -0.4070824682710947], "Valid": []}, "acc_val": {"Train": [0.6934837092731829, 0.712907268170426, 0.719047619047619, 0.7355263157894737, 0.7316416040100251, 0.7871553884711779, 0.8072055137844611, 0.8384085213032582, 0.8579573934837093, 0.8515664160401003, 0.8658521303258145, 0.8676065162907268, 0.8737468671679198, 0.8800125313283208, 0.8804511278195488, 0.8822681704260652, 0.8880325814536341, 0.8915413533834586, 0.8911654135338346, 0.8924185463659148, 0.894298245614035, 0.8953007518796993, 0.8957393483709273, 0.8961779448621554, 0.8961779448621554, 0.8961779448621554, 0.8961152882205514, 0.8963032581453634, 0.8964912280701754, 0.8961152882205514], "Valid": []}, "f1_val": {"Train": [0.6934837092731829, 0.712907268170426, 0.719047619047619, 0.7354765933446136, 0.7315911512189007, 0.7871420515069867, 0.807169267406154, 0.8383781412546218, 0.8579484930133467, 0.8515571151074628, 0.8658437245441444, 0.8675982204398771, 0.873738956074942, 0.8800050128454164, 0.8804361448803109, 0.8822607932827871, 0.8880255655116236, 0.8915345573030891, 0.8911585938968607, 0.8924118052509556, 0.8942916222820979, 0.8952941913653738, 0.8957262814889084, 0.8961714393132402, 0.8961714393132402, 0.8961714393132402, 0.8961152882205514, 0.8962967604486497, 0.8964912280701754, 0.8961022684546935], "Valid": []}}