{"roc_val": {"Train": [0.8217269599437189, 0.804394264169195, 0.7775241204515047, 0.744822975358195, 0.7046758264709392, 0.8035466014660712, 0.9067086811640631, 0.8947342353377177, 0.9067526664405374, 0.9300161666698074, 0.941750656402912, 0.9537389997550266, 0.9673399900126256, 0.9724621704637535, 0.9723826876087461, 0.9685087405229866, 0.971155284828613, 0.9689237504789544, 0.9679274156569369, 0.9698566277850014, 0.9698356166104484, 0.969873611032594, 0.9699568077461824, 0.9699324124848462, 0.9699195356813085, 0.9699289969912249, 0.9700138582672219, 0.9699313839109052, 0.9698978492597408, 0.9698632703312167], "Valid": []}, "eer_val": {"Train": [0.26403508771865025, 0.27969924811919367, 0.30827067669175173, 0.3328320802012178, 0.36203007518800123, 0.2713032581453665, 0.16591478696823067, 0.19122807017499088, 0.1739348370939264, 0.14598997493702048, 0.12268170426060039, 0.10676691729211221, 0.08696741854644902, 0.07556390977411377, 0.07719298245541217, 0.08521303258145355, 0.07606516290728092, 0.07593984962423898, 0.07869674185516608, 0.07443609022556427, 0.07581453634078575, 0.07568922305747211, 0.0753132832080199, 0.07581453634018687, 0.07556390977445829, 0.07543859649137061, 0.07518796992444023, 0.07531328320900284, 0.07543859648985926, 0.07556390977443606], "Valid": []}, "thres": {"Train": [-0.1960281729698009, -0.11653274297686061, -0.044242944568395934, -0.011281649582088254, -0.0011573632558186967, -0.0014282389893196651, -0.0054333847947473255, -0.016024518758050322, -0.029495287686644077, -0.04540108516810556, -0.07217536866663969, -0.12128854542946588, -0.17224040627481169, -0.23673591017720444, -0.2506030797954662, -0.25199005007743824, -0.25860880812009573, -0.28239056468011875, -0.31396675109917227, -0.3003436923027039, -0.3050502836703839, -0.31297656893729653, -0.31527078151702875, -0.3154377043243935, -0.3178831040859252, -0.31898391246801167, -0.3189373016354965, -0.3197006881240417, -0.32022547721736455, -0.3197666704654693], "Valid": []}, "acc_val": {"Train": [0.7358395989974937, 0.7202380952380952, 0.6917919799498747, 0.6671679197994987, 0.6380325814536341, 0.7286967418546366, 0.8340852130325814, 0.8087719298245614, 0.8260651629072682, 0.8540726817042607, 0.8773182957393484, 0.893170426065163, 0.9130952380952381, 0.9243107769423559, 0.9228070175438596, 0.9148496240601504, 0.9239348370927318, 0.9240601503759398, 0.9213032581453634, 0.925501253132832, 0.9241228070175439, 0.9239974937343358, 0.924749373433584, 0.9236842105263158, 0.9243734335839598, 0.9244987468671679, 0.9246240601503759, 0.92468671679198, 0.9245614035087719, 0.924436090225564], "Valid": []}, "f1_val": {"Train": [0.735773376786162, 0.7201854985272922, 0.6918112900194224, 0.6671679197994987, 0.6380099003696973, 0.7286967418546366, 0.8340852130325814, 0.8087479634039353, 0.8260651629072682, 0.8540635378156526, 0.8773029201654343, 0.8931503415428965, 0.9131006829146043, 0.9242918024567561, 0.9227973430254419, 0.9148442884892537, 0.9239348370927318, 0.9240601503759398, 0.9213032581453634, 0.9254965849990602, 0.9241085417058343, 0.9239641446749828, 0.9247446581866032, 0.9236363636363636, 0.9243686947803745, 0.9244940159157842, 0.9246004387339393, 0.92468671679198, 0.9245519488657726, 0.924436090225564], "Valid": []}}