{"roc_val": {"Train": [0.7707493121902501, 0.7803803682137676, 0.7488287919045735, 0.725629597175897, 0.7470114116745499, 0.8347191914623653, 0.8607958806791414, 0.8736650837620367, 0.8878448313766873, 0.8849385289665266, 0.8873329862877747, 0.892898309369916, 0.896399818468477, 0.9008680221857905, 0.9006757102656389, 0.9064283044704494, 0.907414871765881, 0.9080862243327618, 0.9091296537082053, 0.9095553576924768, 0.910013096651403, 0.9102043171839374, 0.9103243070081217, 0.910287121312052, 0.9103048190652069, 0.9103077634562597, 0.9103072766502722, 0.9103061145972702, 0.9103333364740172, 0.9102817428910622], "Valid": []}, "eer_val": {"Train": [0.3032581453637244, 0.29072681704260644, 0.3220551378446117, 0.34661654135228354, 0.3299498746865622, 0.24248120300807632, 0.21203007518797898, 0.19699248120300744, 0.18508771929884726, 0.1888471177943767, 0.18571428571428572, 0.17982456140365288, 0.17769423558897401, 0.17105263157879608, 0.17343358395989983, 0.1652882205506784, 0.1646616541353384, 0.16265664160401025, 0.1622807017544, 0.161403508771413, 0.16102756892229997, 0.16052631578892723, 0.1601503759403863, 0.1602756892240701, 0.16015037594016987, 0.16027568922307497, 0.16040100250538974, 0.16027568922305763, 0.16040100250621653, 0.1604010025061774], "Valid": []}, "thres": {"Train": [-0.22735252976421233, -0.13792955875396729, -0.08148214221000673, -0.05149485543360881, -0.038568929769093714, -0.03281259164214312, -0.05809886753559162, -0.09838021546602249, -0.147662833333223, -0.20447346568105765, -0.2511284351348877, -0.3001166880131128, -0.3181754946708682, -0.3431194722652277, -0.3873290121555329, -0.357113569974722, -0.3493039608001709, -0.35110974311828613, -0.3570894002914434, -0.3605792820451279, -0.3643143475055685, -0.36835673451388773, -0.3696432709696965, -0.3702430427080994, -0.37118631601337965, -0.37172940373420804, -0.3713643252848943, -0.37155166268348694, -0.3726261754830431, -0.3720878362655359], "Valid": []}, "acc_val": {"Train": [0.6966791979949875, 0.7093358395989975, 0.6778822055137844, 0.6533208020050125, 0.6701127819548872, 0.7575814536340852, 0.7879072681704261, 0.8030701754385965, 0.8149122807017544, 0.8112155388471178, 0.8140350877192982, 0.8201754385964912, 0.8222431077694236, 0.8290100250626566, 0.8265664160401003, 0.8347117794486215, 0.8352756892230576, 0.837280701754386, 0.83765664160401, 0.8385964912280702, 0.8390350877192982, 0.8395363408521304, 0.8399122807017544, 0.8397243107769423, 0.8398496240601504, 0.8396616541353383, 0.8395989974937343, 0.8397869674185464, 0.8395989974937343, 0.8395989974937343], "Valid": []}, "f1_val": {"Train": [0.6966601917413372, 0.7093176264176954, 0.6778620214299141, 0.6532556244908191, 0.6700921110345258, 0.7575966418144227, 0.7878939783194434, 0.8030578357039916, 0.8149122807017544, 0.8112037095056082, 0.8139651498056913, 0.8201754385964911, 0.822231969421643, 0.8289993107337553, 0.8265664160401003, 0.8346910640431132, 0.8352653675042295, 0.8372705056707813, 0.8376464690770099, 0.83857626268956, 0.8390250015665143, 0.839526286108152, 0.8399223106321659, 0.8397243107769423, 0.8398496240601504, 0.8396516072435617, 0.8395788945983206, 0.8397769283789711, 0.8395989974937343, 0.8395788945983206], "Valid": []}}