{"roc_val": {"Train": [0.8706398436567611, 0.816810148805598, 0.7804233563231386, 0.8631174113227933, 0.9834807099201639, 0.9824499060935545, 0.9842551004704746, 0.9834652420524997, 0.9848236506052098, 0.9846184854366492, 0.9818143573218762, 0.9830677649637878, 0.9838563906633753, 0.9841240946978977, 0.9836672979441085, 0.9846967983869447, 0.9860747891030835, 0.9876854495260708, 0.9893273126425086, 0.98823243886659, 0.9879686528350953, 0.988061805516297, 0.9882773035345255, 0.9880976093114993, 0.9878249115897514, 0.987928514896263, 0.9878990238754782, 0.9879048184370701, 0.9879320481655266, 0.9878692580448615], "Valid": []}, "eer_val": {"Train": [0.2298245614037188, 0.28370927318339934, 0.2904761904761904, 0.19824561403526766, 0.05100250626601187, 0.055012531328254705, 0.05162907268170429, 0.050877192982458, 0.05563909774418067, 0.05338345864634784, 0.05989974937344112, 0.0533834586458509, 0.053634085213552556, 0.05551378446115258, 0.06077694235587524, 0.05451127819657813, 0.050626566416020743, 0.04724310776942331, 0.039724310776778585, 0.04561403508771928, 0.045112781954054666, 0.04498746867167839, 0.04398496240507144, 0.043984962405289166, 0.044611528820850344, 0.044611528821321134, 0.04461152882242085, 0.04411027568981942, 0.04385964912383635, 0.044486215538847095], "Valid": []}, "thres": {"Train": [-0.17227843403823603, -0.07190085202465135, -0.06300447136163712, -0.3171146810056813, -0.37411114573493826, -0.32897454500197965, -0.3095034062862397, -0.3177511692047136, -0.2822864651679665, -0.34583069384068615, -0.33004969358444514, -0.30836915969842404, -0.31543084979086683, -0.3281049728393552, -0.31225055456161377, -0.35968640446665, -0.3106313645839337, -0.31816133856773376, -0.31327643990472104, -0.3137520352999369, -0.31517648696821, -0.3207802176475524, -0.31638589501375736, -0.3157397508614854, -0.31614223122514623, -0.31612944602925547, -0.31533113122004014, -0.3159596920021887, -0.3167972564698835, -0.31179192662239075], "Valid": []}, "acc_val": {"Train": [0.7701127819548872, 0.7162280701754385, 0.7095864661654135, 0.8016917293233082, 0.9491854636591479, 0.9450501253132833, 0.9483082706766918, 0.9490601503759398, 0.9443609022556391, 0.9466791979949875, 0.9400375939849624, 0.9466165413533835, 0.9463032581453634, 0.9445488721804511, 0.9392857142857143, 0.9454887218045113, 0.9494360902255639, 0.9528195488721805, 0.9603383458646616, 0.9543859649122807, 0.9548872180451128, 0.9550751879699249, 0.955952380952381, 0.9558270676691729, 0.9553884711779449, 0.9552005012531328, 0.9553884711779449, 0.9558270676691729, 0.956140350877193, 0.9555764411027569], "Valid": []}, "f1_val": {"Train": [0.7700983770912965, 0.7162102888652171, 0.7095682686885143, 0.801679303214487, 0.9491950134686461, 0.9450466821229401, 0.9483050316435866, 0.9490569584560437, 0.9443539290637926, 0.9466758568832634, 0.9400338367065606, 0.9466098508585036, 0.9462998934770348, 0.9445453975813022, 0.9392819098941037, 0.9454887218045114, 0.949432921862272, 0.9528165925183281, 0.9603358606428974, 0.9543859649122807, 0.9548815641057776, 0.955072372955699, 0.9559440997681269, 0.9558132246944532, 0.9553828800601579, 0.9551864619241617, 0.9553884711779449, 0.9558242997681559, 0.956140350877193, 0.955573657497337], "Valid": []}}