{"roc_val": {"Train": [0.7513602537044364, 0.7411409554588224, 0.7159987452968261, 0.7179610288251959, 0.8126556993988732, 0.7576586516416355, 0.8130742347723945, 0.849304519129905, 0.8806169637753531, 0.887739382918449, 0.8839248654216997, 0.8887509265017179, 0.8980208745548081, 0.8930797388207361, 0.8953543712036984, 0.8950640071356337, 0.8877688817909435, 0.8869811276311078, 0.8871799800252512, 0.8858321320217837, 0.8857438002901992, 0.8853007989899561, 0.8847537703908894, 0.8848299947864648, 0.884803950666139, 0.885242460788563, 0.8857839225256121, 0.8850047738393603, 0.8849188996928412, 0.8852469205595443], "Valid": []}, "eer_val": {"Train": [0.32330827067526735, 0.3308270676691729, 0.34611528822054727, 0.34949874686670257, 0.26478696741854635, 0.31478696741855555, 0.2695488721804287, 0.22393483709273182, 0.19348370927333736, 0.1835839598997145, 0.18884711779501334, 0.18508771929824486, 0.1743107769423558, 0.18032581453657354, 0.1753132832080895, 0.17543859649122817, 0.18408521303258849, 0.18458646616410945, 0.18508771929777004, 0.18759398496240787, 0.18684210526246636, 0.1879699248125356, 0.18897243107767786, 0.18859649122806973, 0.1884711779448687, 0.18909774436088375, 0.1877192982456143, 0.18859649122907024, 0.189097744360899, 0.18847117794410678], "Valid": []}, "thres": {"Train": [-0.05824882164560042, -0.003228918183594942, -0.0007251419592648659, -9.191189019469696e-05, -0.0001484006061218679, -0.0007286144245881733, -0.003551502479240151, -0.009562414605170488, -0.04055554047228688, -0.07081542164086795, -0.11828357726343126, -0.17827390134334564, -0.1601599007844925, -0.18927288055422664, -0.24056450029215665, -0.24282307922840132, -0.2668305635452298, -0.2767485380170841, -0.279104739427322, -0.28240600228309676, -0.28344470262519583, -0.2869400680067021, -0.2859080731868716, -0.28647619485855097, -0.28764495253563016, -0.28833195567130504, -0.288592427968979, -0.2888928353788833, -0.2887765765190112, -0.28970092534940617], "Valid": []}, "acc_val": {"Train": [0.6767543859649123, 0.6691102756892231, 0.6539473684210526, 0.6505639097744361, 0.7350250626566416, 0.6852130325814536, 0.7305137844611529, 0.7761278195488722, 0.806453634085213, 0.8163533834586466, 0.8111528822055137, 0.8149749373433584, 0.8257518796992481, 0.8196741854636591, 0.824749373433584, 0.824498746867168, 0.8158521303258145, 0.8154135338345865, 0.8147869674185464, 0.8123433583959899, 0.8131578947368421, 0.8120300751879699, 0.8110275689223058, 0.8114661654135338, 0.8114661654135338, 0.8109649122807018, 0.812218045112782, 0.8114035087719298, 0.8109649122807018, 0.8115288220551379], "Valid": []}, "f1_val": {"Train": [0.6767341312112287, 0.6690480666792004, 0.6539256845667022, 0.6505420139106459, 0.734942024443748, 0.6852130325814536, 0.7304968983018986, 0.7761137915909517, 0.8064415063600475, 0.8163188569279941, 0.8111528822055137, 0.8149633435678927, 0.8257409612131086, 0.819674185463659, 0.8247383921298327, 0.8244877498590137, 0.8158405915157592, 0.8153903997994737, 0.8147405364753071, 0.8123315997242935, 0.8131344780047626, 0.8120300751879698, 0.8110275689223058, 0.8114543517764271, 0.8114543517764271, 0.8109530672347891, 0.8122062785888841, 0.8114035087719298, 0.8109530672347891, 0.8115052011530267], "Valid": []}}