{"roc_val": {"Train": [0.7023478652772281, 0.7668961642828876, 0.7073240117838455, 0.9248279376385826, 0.9444297931545658, 0.953588788701076, 0.9287847438144233, 0.9522731562615814, 0.9549636779919723, 0.9611291543394828, 0.9668159747740278, 0.9678977597502528, 0.9659550662370212, 0.9731982054132826, 0.9726148155476411, 0.9724130580209923, 0.9727033435719624, 0.972854033580191, 0.9734368659744599, 0.9737029447051212, 0.9738157973253938, 0.9737587703594827, 0.9737256675523395, 0.9737533134213983, 0.9737143139804398, 0.9737161041701999, 0.973613607954724, 0.9737193547779222, 0.9737138271744524, 0.9736701167078097], "Valid": []}, "eer_val": {"Train": [0.37180451127936104, 0.3036340852129052, 0.35939849624033104, 0.14674185463621767, 0.11791979949874809, 0.10488721804630008, 0.13596491228115762, 0.10313283208030188, 0.10639097744371555, 0.0939849624060144, 0.08521303258190252, 0.08408521303254068, 0.08609022556390254, 0.07431077694235849, 0.07644110275640818, 0.07556390977387605, 0.07631578947355169, 0.07531328320801996, 0.07431077694272224, 0.07393483709318924, 0.07368421052716732, 0.07355889724310716, 0.07355889724311271, 0.07330827067669181, 0.07368421052519786, 0.0736842105266846, 0.07418546365855413, 0.0736842105267825, 0.07368421052631637, 0.07368421052721424], "Valid": []}, "thres": {"Train": [-0.011230320669727139, -5.6996999774126355e-05, -8.502696437062589e-05, -0.0033580141607657673, -0.02833347208797939, -0.10539090633400057, -0.1208430528642605, -0.19140538573266708, -0.15884232521065247, -0.18632674217224074, -0.2447323054082294, -0.31478947401044066, -0.22762019932269828, -0.31373688578605874, -0.30003422498686794, -0.29065233468965856, -0.32155260443686917, -0.31486642360687245, -0.32533364743029447, -0.3230059146888767, -0.33152192831089067, -0.33059272170066784, -0.3294396042823828, -0.3313369750976564, -0.33132004737785703, -0.3327068686487157, -0.3310173749917431, -0.33186662197144406, -0.333399385213852, -0.3321151435381668], "Valid": []}, "acc_val": {"Train": [0.6281328320802005, 0.6963032581453634, 0.6404761904761904, 0.8532581453634085, 0.8820175438596491, 0.8951127819548872, 0.8640977443609023, 0.8968671679197995, 0.893546365914787, 0.9060776942355889, 0.9147869674185464, 0.9159147869674186, 0.9139724310776942, 0.9256265664160401, 0.9236215538847118, 0.924436090225564, 0.9236842105263158, 0.924749373433584, 0.9256892230576441, 0.9260651629072681, 0.9263157894736842, 0.9265037593984963, 0.9264411027568922, 0.9267543859649123, 0.9263157894736842, 0.9263157894736842, 0.9258145363408521, 0.9263157894736842, 0.9262531328320802, 0.9263157894736842], "Valid": []}, "f1_val": {"Train": [0.6281095306723479, 0.6962461615591903, 0.6403860616695914, 0.8532397543551824, 0.8820101510119683, 0.8951127819548872, 0.864106259006328, 0.8968671679197996, 0.8935396954696411, 0.9060718090105896, 0.9147869674185464, 0.9159042486527134, 0.9139670405413874, 0.9256219061344696, 0.9236167679679178, 0.9244266198771777, 0.9236746459456072, 0.9247446581866032, 0.9256892230576441, 0.9260651629072681, 0.9263157894736842, 0.9264991540823359, 0.9264411027568923, 0.9267497963531549, 0.9263065547061036, 0.9263157894736842, 0.9258052387517234, 0.9263157894736842, 0.926248511811517, 0.9263157894736842], "Valid": []}}