{"roc_val": {"Train": [0.7644960615825278], "Valid": []}, "eer_val": {"Train": [0.3253132832086781], "Valid": []}, "thres": {"Train": [-0.11610011756425914], "Valid": []}, "acc_val": {"Train": [0.674749373433584], "Valid": []}, "f1_val": {"Train": [0.6747697512687176], "Valid": []}}