{"roc_val": {"Train": [0.9363953351423673, 0.9514381505141299, 0.9508549961997727, 0.955383077053536, 0.9646998605536397, 0.9763873656572509, 0.982277937952651, 0.9874162222599104, 0.9883971049176825, 0.9892664933009214, 0.9896459742715183, 0.9894734172524042, 0.9905153548030479, 0.9912729348433741, 0.9920939095859951, 0.9919388697307179, 0.992495131940126, 0.9938979026513652, 0.9942025646823826, 0.994345418684556, 0.9942864052361481, 0.9945958568099447, 0.9946201185922199, 0.9943583425983505, 0.9948019484802232, 0.9947868260877759, 0.9947912701553382, 0.9948563294200413, 0.994899922111042, 0.994890185991294], "Valid": []}, "eer_val": {"Train": [0.12969924812030081, 0.1057644110275689, 0.10413533834624443, 0.09611528822055335, 0.08258145363438255, 0.06027568922303816, 0.05325814536331481, 0.04974937343485622, 0.04736842105318609, 0.04398496240601536, 0.045488721804694876, 0.042982456140368004, 0.039348370927869664, 0.03709273182957412, 0.02907268170424732, 0.032581453634048775, 0.033333333333333375, 0.029197994987466596, 0.026315789473617533, 0.025062656641604928, 0.026566416040099936, 0.02644110275688552, 0.02431077694232714, 0.02606516290729756, 0.0245614035087343, 0.024185463659228867, 0.024812030075525338, 0.02380952380939743, 0.02380952380910105, 0.024185463658693215], "Valid": []}, "thres": {"Train": [-0.46344799796740216, -0.547612726688385, -0.5117036104205795, -0.5090342589787082, -0.4736083944641092, -0.41430842876432405, -0.3653077483176543, -0.3198221325900595, -0.3438606560239812, -0.37603569030761735, -0.38200518488893775, -0.356230467557924, -0.3963319063192, -0.40750255187352546, -0.37989392876619843, -0.40187588334081586, -0.3730605840682984, -0.3731728692849438, -0.40014114975925863, -0.39817145466805665, -0.4116310700774183, -0.40505534410475763, -0.4089781343936514, -0.40591651201252876, -0.4022091925143297, -0.4034417967003623, -0.4036400119468998, -0.40158364176679595, -0.4038493931291317, -0.401330709456918], "Valid": []}, "acc_val": {"Train": [0.8703007518796992, 0.8944235588972431, 0.8958020050125314, 0.9038847117794486, 0.9174812030075188, 0.9397869674185464, 0.9468045112781955, 0.95031328320802, 0.9525689223057644, 0.955952380952381, 0.9544486215538847, 0.9570175438596491, 0.9605889724310777, 0.962907268170426, 0.9709899749373434, 0.9674185463659147, 0.9666040100250627, 0.9708020050125313, 0.9736842105263158, 0.974874686716792, 0.9734962406015037, 0.9736215538847118, 0.9757518796992481, 0.9738721804511278, 0.9755012531328321, 0.9758771929824561, 0.975250626566416, 0.9761278195488722, 0.9761278195488722, 0.9758145363408521], "Valid": []}, "f1_val": {"Train": [0.8703007518796992, 0.8944037099705459, 0.8957954759070118, 0.9038847117794485, 0.917476032332853, 0.9397831944357415, 0.9468011780186728, 0.9503163962157759, 0.9525659502475092, 0.9559496209035654, 0.9544457672786515, 0.9570175438596491, 0.9605865029137164, 0.962907268170426, 0.9709881571527038, 0.9674144629652839, 0.9666019174133719, 0.9708020050125313, 0.9736809123950371, 0.9748731123503979, 0.9734945798608936, 0.973619900996303, 0.9757503602982645, 0.973870543267122, 0.9754997180274454, 0.9758756814336738, 0.9752490757566263, 0.9761233314532807, 0.9761233314532807, 0.9758115052011531], "Valid": []}}