{"roc_val": {"Train": [0.8801594996262587], "Valid": []}, "eer_val": {"Train": [0.2073934837092731], "Valid": []}, "thres": {"Train": [-0.36034461855888367], "Valid": []}, "acc_val": {"Train": [0.7926691729323309], "Valid": []}, "f1_val": {"Train": [0.7926561814650042], "Valid": []}}