{"roc_val": {"Train": [0.8317307601711044, 0.7688365415418246, 0.8098012339746609, 0.9304527609751195, 0.9377210570285361, 0.9516218255538595, 0.9692619079025886, 0.9711103494952922, 0.9726112194647017, 0.9799247335129805, 0.9810941671220659, 0.9815523143698847, 0.9842075583696082, 0.984040678136444, 0.983391977751396, 0.9841762457522251, 0.9842127247944422, 0.9841756961325621, 0.9841684725598457, 0.9841955923643695, 0.9841873166625839, 0.9842063963166061, 0.9841782871966884, 0.9842601177128284, 0.9842116098516969, 0.984198528903713, 0.9841711107342291, 0.9843022185790291, 0.9843036789969912, 0.984326739467717], "Valid": []}, "eer_val": {"Train": [0.25275689223031106, 0.31804511278195335, 0.2592731829573287, 0.12581453633960302, 0.12481203007518824, 0.10313283208104163, 0.06691729323227827, 0.07807017543832909, 0.07368421052631544, 0.057268170426065204, 0.06152882205513103, 0.05977443609022565, 0.049874686717267795, 0.05125313283208021, 0.05100250626468816, 0.05087719298286562, 0.05037593984962409, 0.05025062656463268, 0.05050125313283198, 0.050250626566037036, 0.05012531328320846, 0.050375939849623595, 0.05050125313282793, 0.05025062656641609, 0.05025062656722594, 0.05012531328416067, 0.05037593984949138, 0.050375939849704926, 0.049999999999996665, 0.0500000000000278], "Valid": []}, "thres": {"Train": [-0.10792502760880879, -0.01394249591976402, -0.001618060166947522, -0.010142683982848908, -0.04158171638846398, -0.14589698612706364, -0.186205357312873, -0.23056794702961786, -0.25751644372940063, -0.2574562430381775, -0.26891188323497034, -0.28992399573326116, -0.2859112620355474, -0.28872848302125936, -0.29231783747609874, -0.29549470543882334, -0.2973630428314209, -0.2973918616766651, -0.29775720834732045, -0.29832972586140594, -0.29905003309249895, -0.29909617453813503, -0.29774284362792564, -0.29840697348117834, -0.2987038493162905, -0.2994613051425532, -0.29773777723295336, -0.2985087931157199, -0.29917827248572837, -0.2991499900818331], "Valid": []}, "acc_val": {"Train": [0.7471804511278195, 0.6820175438596491, 0.7407894736842106, 0.8741854636591478, 0.8752506265664161, 0.8969924812030076, 0.9330827067669173, 0.9219924812030075, 0.9263784461152882, 0.9427944862155389, 0.9384711779448621, 0.9401629072681704, 0.950125313283208, 0.9488095238095238, 0.9489974937343358, 0.9490601503759398, 0.9496867167919799, 0.949749373433584, 0.9495614035087719, 0.949812030075188, 0.949812030075188, 0.9496867167919799, 0.9494360902255639, 0.949812030075188, 0.949749373433584, 0.949874686716792, 0.9496867167919799, 0.9496867167919799, 0.950062656641604, 0.950125313283208], "Valid": []}, "f1_val": {"Train": [0.7471329197217522, 0.6819976188984272, 0.7407732314054766, 0.8741696954505578, 0.8752428096998559, 0.8970053877960155, 0.9330743200902369, 0.9219875932075944, 0.9263738329469264, 0.9427909016855693, 0.9384711779448621, 0.9401591578419701, 0.950125313283208, 0.9488063161852247, 0.9489911016418097, 0.9490569584560437, 0.9496835641330911, 0.94974307557338, 0.9495582429976815, 0.9498088852685006, 0.9498088852685006, 0.9496835641330911, 0.9494265839443504, 0.9498088852685006, 0.949749373433584, 0.949874686716792, 0.9496835641330911, 0.9496835641330911, 0.9500595275393195, 0.9501315624608445], "Valid": []}}