{"roc_val": {"Train": [0.9431654009710994, 0.956264737658683, 0.9589832350299305, 0.9622598868725699, 0.9658113485468056, 0.9764509173937349, 0.9819712501805892, 0.9848221116701529, 0.9867570555461336, 0.9880072910974178, 0.9893700887557239, 0.9889237975892111, 0.9923623438294985, 0.9931118366090667, 0.9946328540649871, 0.9943164144697582, 0.9936366762771591, 0.9957444519820855, 0.9952279743845831, 0.9950075533445142, 0.9954080219345355, 0.9952708133114743, 0.9958993583583018, 0.9959593925289413, 0.9956154326920057, 0.9956403069076198, 0.9958660906652596, 0.9962062738299383, 0.9963330475311084, 0.9963357485191676], "Valid": []}, "eer_val": {"Train": [0.11729323308270498, 0.09598997493734293, 0.0906015037606891, 0.08646616541421259, 0.08082706766935935, 0.057644110275864135, 0.06040100250705781, 0.05551378446115287, 0.04974937343241717, 0.047243107768488724, 0.0443609022560352, 0.044110275689223745, 0.03609022556390992, 0.03208020050125322, 0.028822055137844572, 0.029824561403611755, 0.030827067669554644, 0.022807017543859488, 0.02543859649097443, 0.031578947368369595, 0.024185463659143126, 0.030701754385964928, 0.024686716791864044, 0.027819548871627207, 0.02230576441244011, 0.021303258145372705, 0.022431077693644552, 0.02117794486213971, 0.021177944862521357, 0.020802005012912288], "Valid": []}, "thres": {"Train": [-0.4534180164337146, -0.5390958786010738, -0.5041852593443197, -0.5084877610215107, -0.4589519500734376, -0.4069473147393241, -0.4029042422773183, -0.3975118398666382, -0.39365404844051105, -0.43300509452805597, -0.37524577975368484, -0.39925006031990184, -0.4014277607202531, -0.41631862521171575, -0.4246026575565338, -0.41281729340569906, -0.4132520258432333, -0.41858085989952065, -0.42319263517763694, -0.4270339012145531, -0.3932826519012329, -0.48018135627110803, -0.46083593368513526, -0.45585435628877036, -0.4213892817566751, -0.4193459898233637, -0.4322316944591724, -0.42102742195126475, -0.43101456761412255, -0.4273675978195751], "Valid": []}, "acc_val": {"Train": [0.8827694235588972, 0.9040726817042607, 0.9093358395989974, 0.9135338345864662, 0.9191102756892231, 0.9423558897243107, 0.9395989974937343, 0.9445488721804511, 0.950187969924812, 0.9527568922305765, 0.955639097744361, 0.9558270676691729, 0.9639097744360903, 0.9679197994987468, 0.9712406015037593, 0.9701754385964912, 0.969172932330827, 0.9772556390977444, 0.974561403508772, 0.968483709273183, 0.9758771929824561, 0.9692982456140351, 0.97531328320802, 0.9721804511278196, 0.9777568922305765, 0.9786340852130326, 0.9776315789473684, 0.9788220551378446, 0.9788220551378446, 0.9791979949874686], "Valid": []}, "f1_val": {"Train": [0.8827620778244251, 0.9040666708440378, 0.9093301585312363, 0.9135338345864662, 0.9191052070931762, 0.9423558897243107, 0.9395989974937343, 0.9445453975813022, 0.9501786050009401, 0.9527509712996616, 0.955639097744361, 0.9558242997681559, 0.9639097744360903, 0.9679197994987468, 0.9712387994235229, 0.9701754385964912, 0.969172932330827, 0.9772542139231782, 0.974561403508772, 0.9684817344445141, 0.9758756814336738, 0.9692982456140351, 0.97531328320802, 0.9721769645318962, 0.9777582858216904, 0.9786354238456237, 0.9776301773294066, 0.9788194009274346, 0.9788220551378446, 0.9791979949874686], "Valid": []}}