{"roc_val": {"Train": [0.7089923665680492, 0.6248151000935923, 0.6655327149326953, 0.727708352962607, 0.8286139220231029, 0.8145115294501918, 0.8248191829825189, 0.8820911065257128, 0.8746800899491838, 0.8920895204803991, 0.9174137097128787, 0.9033012826552598, 0.9126339030533728, 0.9375261540442585, 0.9359425977223761, 0.9434984626352849, 0.9394420889316021, 0.9449391021413184, 0.9460640793713607, 0.9464258547370933, 0.947255167995176, 0.9457307114905057, 0.9464012396278918, 0.9461517986696063, 0.9459920948989012, 0.94574767118297, 0.9455608319043222, 0.945513753054315, 0.9453916432685724, 0.9454877167856987], "Valid": []}, "eer_val": {"Train": [0.3508771929813276, 0.420426065163091, 0.391854636591465, 0.33421052631578957, 0.2407268170426066, 0.2562656641610862, 0.2547619047619095, 0.19122807017543864, 0.19649122807010413, 0.17506265664112672, 0.14962406015031252, 0.16804511278196624, 0.1610275689228877, 0.12919799498902246, 0.12982456140367118, 0.12218045112902184, 0.12819548872180447, 0.11854636591478668, 0.11516290726855112, 0.11679197995117829, 0.11403508771928725, 0.11629072681700402, 0.11441102756892148, 0.11566416040100252, 0.11654135338414234, 0.11741854636591441, 0.11741854636591274, 0.11741854636627602, 0.11829573934736974, 0.11817042606516241], "Valid": []}, "thres": {"Train": [-0.20305608212923415, -0.009686267934740684, -0.00015773015911689452, -3.0458993933280002e-05, -4.7772293328307576e-05, -0.00020686403149774337, -0.0013667889870703383, -0.003774972399696708, -0.026957230642436165, -0.05570637434719838, -0.09824086874722887, -0.12472372502088863, -0.12248661369112311, -0.1637188196184058, -0.13804230093962983, -0.2159333378078156, -0.21188570559024808, -0.23998038470745076, -0.24463686347012495, -0.23194020986726716, -0.23460353910922055, -0.24105972051618757, -0.24573482573032293, -0.24826394021511078, -0.25086224079139624, -0.2531591951847076, -0.2548983097076399, -0.2568090856078388, -0.256744801997211, -0.2579288482666015], "Valid": []}, "acc_val": {"Train": [0.6491854636591479, 0.5796365914786967, 0.6081453634085213, 0.6657268170426065, 0.7592731829573934, 0.743796992481203, 0.7451754385964913, 0.8087092731829574, 0.8035714285714286, 0.824874686716792, 0.8504385964912281, 0.8318922305764411, 0.8392230576441103, 0.8707393483709274, 0.8701127819548872, 0.8778195488721805, 0.8718671679197995, 0.881516290726817, 0.8848370927318295, 0.8831453634085213, 0.8860275689223057, 0.8837719298245614, 0.8856516290726817, 0.8842731829573934, 0.8833959899749373, 0.8826441102756892, 0.8826441102756892, 0.8825814536340852, 0.8816416040100251, 0.8818922305764411], "Valid": []}, "f1_val": {"Train": [0.6491634814211417, 0.5796629283879455, 0.6080962526632409, 0.665705871295194, 0.7592731829573933, 0.7438130442954702, 0.7451594711448085, 0.8086972867974184, 0.8035591202456295, 0.8248417622360092, 0.8504292248887775, 0.8318816968481735, 0.8392633425206715, 0.8707312488251143, 0.8701046431480669, 0.8778195488721805, 0.8718591390437997, 0.8815088664703303, 0.8848370927318295, 0.8831380412306535, 0.8860204273450717, 0.8837646469077011, 0.8856444639388434, 0.884265931449339, 0.8833886835014726, 0.8826367566890156, 0.8826367566890156, 0.8825814536340854, 0.8816193520085229, 0.8818848298765587], "Valid": []}}