{"roc_val": {"Train": [0.9205748079471864], "Valid": []}, "eer_val": {"Train": [0.15401002506235303], "Valid": []}, "thres": {"Train": [-0.4948688149452202], "Valid": []}, "acc_val": {"Train": [0.8459899749373434], "Valid": []}, "f1_val": {"Train": [0.8459706730166686], "Valid": []}}