{"roc_val": {"Train": [0.873231064817432], "Valid": []}, "eer_val": {"Train": [0.223308270676675], "Valid": []}, "thres": {"Train": [-0.16109401732683085], "Valid": []}, "acc_val": {"Train": [0.7766290726817042], "Valid": []}, "f1_val": {"Train": [0.7766430674769751], "Valid": []}}