{"roc_val": {"Train": [0.9468894589229969], "Valid": []}, "eer_val": {"Train": [0.11716791979949756], "Valid": []}, "thres": {"Train": [-0.3803126811981196], "Valid": []}, "acc_val": {"Train": [0.8828947368421053], "Valid": []}, "f1_val": {"Train": [0.8828873989598346], "Valid": []}}