{"roc_val": {"Train": [0.8881797695994372], "Valid": []}, "eer_val": {"Train": [0.2017543859649157], "Valid": []}, "thres": {"Train": [-0.19853164255619113], "Valid": []}, "acc_val": {"Train": [0.7981829573934837], "Valid": []}, "f1_val": {"Train": [0.7981703114230214], "Valid": []}}