{"roc_val": {"Train": [0.7559060244596454, 0.674333845264791, 0.6216836813210972, 0.7149777482553501, 0.804548573815491, 0.8350302683400229, 0.8402624826477222, 0.9052160554896013, 0.8435501818455916, 0.8430786081745718, 0.8467510803952236, 0.9140143906131243, 0.9276059509676446, 0.9430336885446698, 0.947085845880365, 0.9528218886816036, 0.9396512427685756, 0.9482708258742093, 0.9479512220400625, 0.9441446033630443, 0.9500403185281499, 0.9510214288854969, 0.9533330663752112, 0.9546162084409018, 0.9550312655071264], "Valid": []}, "eer_val": {"Train": [0.31716791979916686, 0.3877192982445091, 0.44160401002506877, 0.352882205513807, 0.26363813725931595, 0.24598997493734365, 0.23997493734310116, 0.16666666666572, 0.23220551378445964, 0.2302005012545456, 0.23345864661614107, 0.15914786967274364, 0.14436090225410994, 0.12243107769461518, 0.11516290726786894, 0.10701754385965563, 0.1255639097744371, 0.11290726817026078, 0.1125313283208125, 0.11716791979930137, 0.10877192982456134, 0.10726817042542855, 0.10513784461128481, 0.10325814536231662, 0.10250626566416053], "Valid": []}, "thres": {"Train": [-0.0870097428560146, -0.00772198336198657, -0.0002061172126559561, -4.386412001622551e-06, -1.9941449948250347e-06, -0.0009531932300888007, -0.003981086735919863, -0.012844881042829215, -0.020126434043049805, -0.028639452531977885, -0.034922972321472366, -0.06432674825190315, -0.09846311807628091, -0.15750182420039882, -0.19066490232937577, -0.23327182233334168, -0.2017465084791186, -0.2571506202220598, -0.3160051405429974, -0.21177504956721802, -0.24375118315219874, -0.2361208498470748, -0.23686471581456844, -0.2460364103314149, -0.2504394948482514], "Valid": []}, "acc_val": {"Train": [0.6828320802005012, 0.61234335839599, 0.5583333333333333, 0.6470551378446115, 0.7334586466165414, 0.7540100250626567, 0.7600877192982456, 0.8333333333333334, 0.7678571428571429, 0.7697994987468672, 0.7666040100250626, 0.8409147869674185, 0.8556390977443609, 0.8776315789473684, 0.8848997493734336, 0.8929197994987469, 0.8743734335839599, 0.886967418546366, 0.887406015037594, 0.8827694235588972, 0.8912907268170426, 0.8925438596491229, 0.8949248120300752, 0.8967418546365915, 0.8974310776942356], "Valid": []}, "f1_val": {"Train": [0.6827923298658981, 0.6123190676107526, 0.5583056582492637, 0.6470330221191805, 0.7316765485051091, 0.7540100250626566, 0.7600726862585375, 0.8333124451685674, 0.7678425966539256, 0.7697994987468672, 0.7665893852998309, 0.8409048185976564, 0.8556210051384885, 0.8776239112726362, 0.8848925371263864, 0.8929130897925937, 0.8743655617519893, 0.8869390824768113, 0.8873989598345761, 0.8827473835934072, 0.8912839150322702, 0.8925101848950173, 0.8949182279591453, 0.8967289133976689, 0.897424650667335], "Valid": []}}