{"roc_val": {"Train": [0.8608908863637792, 0.845565480116331, 0.8452258701264439, 0.8933747511008098, 0.9552764665422954, 0.9570673551045533, 0.9685836301279513, 0.9560831197668356, 0.970530194533954, 0.9739215991105583, 0.9652396263214427, 0.9824590925936396, 0.9824115426410637, 0.9834172602559029, 0.9841996674015866, 0.9862027248572559, 0.9884651635354049, 0.9884224188290274, 0.9887811320280652, 0.9890186148328214, 0.9891098045866545, 0.9891021884284645, 0.9891012540750371, 0.9891064676101281, 0.989109396297762, 0.9891178447371561, 0.9891350870911615, 0.9891400650749682, 0.9891571660982029, 0.9891499739323244], "Valid": []}, "eer_val": {"Train": [0.2220551378446107, 0.24060150375918385, 0.23859649122807194, 0.18997493734335835, 0.10789473684146528, 0.10513784461152877, 0.08934837092814751, 0.11115288220554453, 0.08295739348368507, 0.08208020050125878, 0.09035087719298239, 0.062155388471412214, 0.06177944862155409, 0.05827067669269047, 0.055137844611522296, 0.05338345864660567, 0.0473684210529383, 0.04636591478694384, 0.04511278195488289, 0.044360902255175985, 0.043734335840777926, 0.043233082706590306, 0.04348370927317067, 0.04385964912279854, 0.043734335839552475, 0.04385964912280747, 0.043609022556395156, 0.04398496240703022, 0.043734335841231986, 0.04348370927331123], "Valid": []}, "thres": {"Train": [-0.054239869117736594, -0.02760123461484222, -0.011803223751485363, -0.0024138439912348986, -0.0013207703595961519, -0.0051637496799230576, -0.017657749354882964, -0.04510499164462539, -0.0858009830117211, -0.1353145986795441, -0.19891792535781855, -0.2432365044953329, -0.28311589360237127, -0.3517324328426679, -0.3465966582298215, -0.3588294088840458, -0.3729932010175352, -0.387294679880089, -0.4002541422843915, -0.4050001502037035, -0.40723118186068896, -0.4091357588765489, -0.4094494581222308, -0.4098717272281615, -0.40997654199586536, -0.40961650013923734, -0.40991404652595953, -0.4104547500612341, -0.41005170345342823, -0.4103038012981712], "Valid": []}, "acc_val": {"Train": [0.7780075187969925, 0.7594611528822055, 0.7613408521303258, 0.8100877192982456, 0.8920426065162907, 0.8949248120300752, 0.9107769423558897, 0.8887844611528822, 0.9171052631578948, 0.9178571428571428, 0.9097117794486216, 0.937844611528822, 0.9381578947368421, 0.9417919799498747, 0.9449248120300752, 0.9466791979949875, 0.9526942355889725, 0.9536340852130326, 0.9548872180451128, 0.9555764411027569, 0.956265664160401, 0.9568295739348371, 0.9565789473684211, 0.9562030075187969, 0.956328320802005, 0.956077694235589, 0.956328320802005, 0.956015037593985, 0.9562030075187969, 0.9565162907268171], "Valid": []}, "f1_val": {"Train": [0.7779936086220942, 0.7594460805814901, 0.7613258976126325, 0.8100758192869228, 0.8920223099580121, 0.8949182279591453, 0.9107881217892495, 0.8887774923240804, 0.9171000689266244, 0.9178519957390813, 0.9097061219374649, 0.937844611528822, 0.9381540196754183, 0.9417956268404236, 0.9449213609875305, 0.9466758568832634, 0.952697199423595, 0.953628274219827, 0.9548872180451128, 0.9555680892398322, 0.956265664160401, 0.9568268688514319, 0.9565762265806128, 0.9562002631743843, 0.9563255843097939, 0.9560749420389749, 0.9563255843097939, 0.956015037593985, 0.9562002631743843, 0.9565162907268171], "Valid": []}}