{"optimizer_name": [{"best_val_loss": {"param": "RMSprop", "value": 0.12080879509449005}, "best_roc_val": {"param": "RMSprop", "value": 0.9065098985702066}, "best_eer_val": {"param": "RMSprop", "value": 0.17057142857142818}, "best_thres": {"param": "RMSprop", "value": -0.3461057255268096}, "best_acc_val": {"param": "RMSprop", "value": 0.8294562580276866}, "best_f1_val": {"param": "RMSprop", "value": 0.8293100985573488}}], "optimizer_lr": [{"best_val_loss": {"param": 0.0005, "value": 0.1650042086839676}, "best_roc_val": {"param": 0.0005, "value": 0.9110341663611552}, "best_eer_val": {"param": 0.0004, "value": 0.1668571428571428}, "best_thres": {"param": 0.0004, "value": -0.46313089799880974}, "best_acc_val": {"param": 0.0004, "value": 0.8330954759526188}, "best_f1_val": {"param": 0.0004, "value": 0.8329643647789761}}], "batch_size": [{"best_val_loss": {"param": 64, "value": 0.11578845977783203}, "best_roc_val": {"param": 64, "value": 0.910676646706587}, "best_eer_val": {"param": 32, "value": 0.16871428571428626}, "best_thres": {"param": 64, "value": -0.3975736927985945}, "best_acc_val": {"param": 32, "value": 0.8313115455972598}, "best_f1_val": {"param": 32, "value": 0.8311669761462648}}], "contrastive_loss_margin": [{"best_val_loss": {"param": 0.5, "value": 0.02919389307498932}, "best_roc_val": {"param": 1.2, "value": 0.9162355493095441}, "best_eer_val": {"param": 1.2, "value": 0.16238950670081015}, "best_thres": {"param": 1.5, "value": -0.5888905994296072}, "best_acc_val": {"param": 1.2, "value": 0.8376623376623377}, "best_f1_val": {"param": 1.2, "value": 0.8375116063138346}}], "filters_streams": [{"best_val_loss": {"param": 256, "value": 0.1547558605670929}, "best_roc_val": {"param": 256, "value": 0.9361416860157236}, "best_eer_val": {"param": 256, "value": 0.13328571428571437}, "best_thres": {"param": 256, "value": -0.5419395753741265}, "best_acc_val": {"param": 256, "value": 0.8667760810617954}, "best_f1_val": {"param": 256, "value": 0.8666523819727162}}], "kernels_streams": [{"best_val_loss": {"param": 3, "value": 0.15335194766521454}, "best_roc_val": {"param": 3, "value": 0.9371335594117887}, "best_eer_val": {"param": 3, "value": 0.13530082691727882}, "best_thres": {"param": 3, "value": -0.5439814329145785}, "best_acc_val": {"param": 3, "value": 0.864706721849579}, "best_f1_val": {"param": 3, "value": 0.8645714285714285}}], "dense_layers": [{"best_val_loss": {"param": 8, "value": 0.143107071518898}, "best_roc_val": {"param": 8, "value": 0.940827732290521}, "best_eer_val": {"param": 8, "value": 0.12631879099029691}, "best_thres": {"param": 8, "value": -0.5535427927976224}, "best_acc_val": {"param": 8, "value": 0.8736263736263736}, "best_f1_val": {"param": 8, "value": 0.8735090350689237}}]}