{"window_size":{"0":1750,"1":2000,"2":1750,"3":2000},"step_width":{"0":875,"1":1000,"2":875,"3":1000},"Mean_EER":{"0":0.0582763158,"1":0.0621052632,"2":0.0563421053,"3":0.0581710526},"median_nu":{"0":0.0347591837,"1":0.0347591837,"2":0.0347591837,"3":0.0286428571},"median_gamma":{"0":0.0686648845,"1":0.0306496821,"2":0.0946720743,"3":0.0686648845},"cut_off_freq":{"0":48,"1":48,"2":49,"3":49}}