{"window_size":{"0":2000,"1":2000},"step_width":{"0":1000,"1":1000},"Mean_EER":{"0":0.0627763158,"1":0.0582763158},"median_nu":{"0":0.0306816327,"1":0.0347591837},"median_gamma":{"0":0.0258589758,"1":0.0686648845},"cut_off_freq":{"0":48,"1":49}}