{"('', 'cut_off_freq')":{"1":49,"0":48},"('Window Size', 1750)":{"1":0.0563421053,"0":0.0582763158},"('Window Size', 2000)":{"1":0.0581710526,"0":0.0621052632},"('', 'mean')":{"1":0.0572565789,"0":0.0601907895},"('', 'var')":{"1":0.0000016725,"0":0.0000073304}}