{"('', 'cut_off_freq')":{"1":49,"0":48},"('Window Size', 2000)":{"1":0.0582763158,"0":0.0627763158},"('', 'mean')":{"1":0.0582763158,"0":0.0627763158},"('', 'var')":{"1":null,"0":null}}