{"('', 'cut_off_freq')":{"0":43},"('', 'SMA_winsize')":{"0":34},"('Window Size', 125)":{"0":0.1808440488},"('Window Size', 250)":{"0":0.1469727212},"('Window Size', 500)":{"0":0.1493975904},"('Window Size', 750)":{"0":0.1533333333},"('Window Size', 1000)":{"0":0.1501355014},"('Window Size', 1250)":{"0":0.1369791667},"('Window Size', 1500)":{"0":0.1586419753},"('Window Size', 1750)":{"0":0.1562801932},"('Window Size', 2000)":{"0":0.1572222222},"('', 'mean')":{"0":0.1544229725},"('', 'var')":{"0":0.0001414719}}