{"('', 'cut_off_freq')":{"0":40},"('', 'EMA_span')":{"0":3},"('Window Size', 125)":{"0":0.2158753709},"('Window Size', 250)":{"0":0.1636393879},"('Window Size', 500)":{"0":0.1442436412},"('Window Size', 750)":{"0":0.1287878788},"('Window Size', 1000)":{"0":0.1364498645},"('Window Size', 1250)":{"0":0.1293402778},"('Window Size', 1500)":{"0":0.1230452675},"('Window Size', 1750)":{"0":0.1251207729},"('Window Size', 2000)":{"0":0.1383333333},"('', 'mean')":{"0":0.144981755},"('', 'var')":{"0":0.0008592646}}