{"window_size":{"0":125,"1":250,"2":500,"3":750,"4":1000,"5":1250,"6":1500,"7":1750,"8":2000},"step_width":{"0":62,"1":125,"2":250,"3":375,"4":500,"5":625,"6":750,"7":875,"8":1000},"Mean_EER":{"0":0.2171447412,"1":0.1650698603,"2":0.1488621151,"3":0.1297979798,"4":0.1425474255,"5":0.1362847222,"6":0.1205761317,"7":0.1256038647,"8":0.1352777778},"median_n_neighbors":{"0":10,"1":12,"2":13,"3":13,"4":14,"5":12,"6":11,"7":9,"8":10},"median_contamination":{"0":0.0551469388,"1":0.0510693878,"2":0.0429142857,"3":0.0510693878,"4":0.0510693878,"5":0.0469918367,"6":0.0510693878,"7":0.0490306122,"8":0.0469918367},"Gini_coef":{"0":0.3647096535,"1":0.4726409602,"2":0.5131494804,"3":0.554128837,"4":0.5616392057,"5":0.5850955414,"6":0.5833522943,"7":0.6299145299,"8":0.6127081907},"cut_off_freq":{"0":26,"1":26,"2":26,"3":26,"4":26,"5":26,"6":26,"7":26,"8":26},"SMA_winsize":{"0":2,"1":2,"2":2,"3":2,"4":2,"5":2,"6":2,"7":2,"8":2}}