{"('', 'cut_off_freq')":{"0":41},"('', 'EMA_span')":{"0":48},"('Window Size', 125)":{"0":0.1391691395},"('Window Size', 250)":{"0":0.097338656},"('Window Size', 500)":{"0":0.0557563588},"('Window Size', 750)":{"0":0.0368686869},"('Window Size', 1000)":{"0":0.0256097561},"('Window Size', 1250)":{"0":0.0157986111},"('Window Size', 1500)":{"0":0.0098765432},"('Window Size', 1750)":{"0":0.0099033816},"('Window Size', 2000)":{"0":0.0055555556},"('', 'mean')":{"0":0.0439862987},"('', 'var')":{"0":0.002128716}}