{"('', 'SMA_winsize')":{"0":49},"('Window Size', 125)":{"0":0.1032311243},"('Window Size', 250)":{"0":0.070093147},"('Window Size', 500)":{"0":0.0455153949},"('Window Size', 750)":{"0":0.0426262626},"('Window Size', 1000)":{"0":0.0291327913},"('Window Size', 1250)":{"0":0.0255208333},"('Window Size', 1500)":{"0":0.0267489712},"('Window Size', 1750)":{"0":0.0301932367},"('Window Size', 2000)":{"0":0.025},"('', 'mean')":{"0":0.0442290846},"('', 'var')":{"0":0.0007005785}}