{"('', 'cut_off_freq')":{"0":-99999},"('Window Size', 125)":{"0":0.1454170788},"('Window Size', 250)":{"0":0.0849966733},"('Window Size', 500)":{"0":0.0513386881},"('Window Size', 750)":{"0":0.0312121212},"('Window Size', 1000)":{"0":0.0238482385},"('Window Size', 1250)":{"0":0.0161458333},"('Window Size', 1500)":{"0":0.0061728395},"('Window Size', 1750)":{"0":0.0062801932},"('Window Size', 2000)":{"0":0.0036111111},"('', 'mean')":{"0":0.0410025308},"('', 'var')":{"0":0.0022211953}}