{"window_size":{"0":125,"1":250,"2":500,"3":750,"4":1000,"5":1250,"6":1500,"7":1750,"8":2000},"step_width":{"0":62,"1":125,"2":250,"3":375,"4":500,"5":625,"6":750,"7":875,"8":1000},"Mean_EER":{"0":0.160352786,"1":0.1044577512,"2":0.0755689424,"3":0.0397979798,"4":0.0277777778,"5":0.0161458333,"6":0.0096707819,"7":0.0070048309,"8":0.0038888889},"median_n_neighbors":{"0":8,"1":8,"2":11,"3":9,"4":8,"5":11,"6":11,"7":8,"8":8},"median_contamination":{"0":0.0510693878,"1":0.0449530612,"2":0.0429142857,"3":0.0469918367,"4":0.0449530612,"5":0.0469918367,"6":0.0469918367,"7":0.05005,"8":0.0490306122},"Gini_coef":{"0":0.6398467039,"1":0.7002406228,"2":0.7905029033,"3":0.8285391991,"4":0.8764769648,"5":0.9183990442,"6":0.9373522459,"7":0.977394636,"8":0.973015873},"cut_off_freq":{"0":43,"1":43,"2":43,"3":43,"4":43,"5":43,"6":43,"7":43,"8":43},"SMA_winsize":{"0":34,"1":34,"2":34,"3":34,"4":34,"5":34,"6":34,"7":34,"8":34}}