{"window_size":{"0":125,"1":250,"2":500,"3":750,"4":1000,"5":1250,"6":1500,"7":1750,"8":2000},"step_width":{"0":62,"1":125,"2":250,"3":375,"4":500,"5":625,"6":750,"7":875,"8":1000},"Mean_EER":{"0":0.1379162545,"1":0.0944444444,"2":0.0615127175,"3":0.0338383838,"4":0.0233062331,"5":0.0152777778,"6":0.0096707819,"7":0.0079710145,"8":0.0058333333},"median_n_neighbors":{"0":7,"1":10,"2":10,"3":10,"4":8,"5":8,"6":8,"7":11,"8":12},"median_contamination":{"0":0.0510693878,"1":0.0490306122,"2":0.0490306122,"3":0.0510693878,"4":0.0490306122,"5":0.0449530612,"6":0.0510693878,"7":0.0490306122,"8":0.0490306122},"Gini_coef":{"0":0.6723483943,"1":0.7340808579,"2":0.804654818,"3":0.8316749585,"4":0.8600775194,"5":0.901010101,"6":0.9486997636,"7":0.97003367,"8":0.971957672},"EMA_span":{"0":49,"1":49,"2":49,"3":49,"4":49,"5":49,"6":49,"7":49,"8":49}}