{"window_size":{"0":125,"1":250,"2":500,"3":750,"4":1000,"5":1250,"6":1500,"7":1750,"8":2000},"step_width":{"0":62,"1":125,"2":250,"3":375,"4":500,"5":625,"6":750,"7":875,"8":1000},"Mean_EER":{"0":0.1331519947,"1":0.0742847638,"2":0.0451807229,"3":0.0341414141,"4":0.0323848238,"5":0.0258680556,"6":0.0372427984,"7":0.0246376812,"8":0.0422222222},"median_n_neighbors":{"0":7,"1":8,"2":8,"3":10,"4":8,"5":11,"6":11,"7":11,"8":11},"median_contamination":{"0":0.0490306122,"1":0.0510693878,"2":0.0490306122,"3":0.0490306122,"4":0.0408755102,"5":0.0490306122,"6":0.0469918367,"7":0.0490306122,"8":0.0490306122},"Gini_coef":{"0":0.6016796665,"1":0.7466537294,"2":0.8250699588,"3":0.8714661407,"4":0.8844723384,"5":0.8862788963,"6":0.8724984653,"7":0.888671024,"8":0.893128655},"cut_off_freq":{"0":26,"1":26,"2":26,"3":26,"4":26,"5":26,"6":26,"7":26,"8":26},"SMA_winsize":{"0":2,"1":2,"2":2,"3":2,"4":2,"5":2,"6":2,"7":2,"8":2}}