{"('', 'EMA_span')":{"0":1},"('Window Size', 125)":{"0":0.1377349159},"('Window Size', 250)":{"0":0.0769461078},"('Window Size', 500)":{"0":0.0425702811},"('Window Size', 750)":{"0":0.0339393939},"('Window Size', 1000)":{"0":0.0303523035},"('Window Size', 1250)":{"0":0.0255208333},"('Window Size', 1500)":{"0":0.0269547325},"('Window Size', 1750)":{"0":0.0222222222},"('Window Size', 2000)":{"0":0.0283333333},"('', 'mean')":{"0":0.0471749026},"('', 'var')":{"0":0.0014277771}}