{"('', 'cut_off_freq')":{"0":33},"('Window Size', 125)":{"0":0.195928124},"('Window Size', 250)":{"0":0.1377578177},"('Window Size', 500)":{"0":0.1014725569},"('Window Size', 750)":{"0":0.0852525253},"('Window Size', 1000)":{"0":0.0807588076},"('Window Size', 1250)":{"0":0.0767361111},"('Window Size', 1500)":{"0":0.066872428},"('Window Size', 1750)":{"0":0.0685990338},"('Window Size', 2000)":{"0":0.0738888889},"('', 'mean')":{"0":0.0985851437},"('', 'var')":{"0":0.0018132721}}