{"('', 'SMA_winsize')":{"0":49},"('Window Size', 125)":{"0":0.1562973953},"('Window Size', 250)":{"0":0.1193612774},"('Window Size', 500)":{"0":0.099330656},"('Window Size', 750)":{"0":0.0834343434},"('Window Size', 1000)":{"0":0.0840108401},"('Window Size', 1250)":{"0":0.0741319444},"('Window Size', 1500)":{"0":0.0728395062},"('Window Size', 1750)":{"0":0.0801932367},"('Window Size', 2000)":{"0":0.0813888889},"('', 'mean')":{"0":0.0945542321},"('', 'var')":{"0":0.0007441751}}