{"window_size":{"0":125,"1":250,"2":500,"3":750,"4":1000,"5":1250,"6":1500,"7":1750,"8":2000},"step_width":{"0":62,"1":125,"2":250,"3":375,"4":500,"5":625,"6":750,"7":875,"8":1000},"Mean_EER":{"0":0.1376854599,"1":0.0767132402,"2":0.0416331995,"3":0.0339393939,"4":0.0303523035,"5":0.0255208333,"6":0.0269547325,"7":0.0222222222,"8":0.0283333333},"median_n_neighbors":{"0":8,"1":8,"2":8,"3":10,"4":9,"5":10,"6":11,"7":10,"8":11},"median_contamination":{"0":0.0429142857,"1":0.0449530612,"2":0.0490306122,"3":0.0439336735,"4":0.0490306122,"5":0.0490306122,"6":0.0490306122,"7":0.0490306122,"8":0.0490306122},"Gini_coef":{"0":0.5884392295,"1":0.7321962031,"2":0.81886388,"3":0.8660714286,"4":0.8993055556,"5":0.892441421,"6":0.8784563189,"7":0.8983091787,"8":0.9082788671},"SMA_winsize":{"0":1,"1":1,"2":1,"3":1,"4":1,"5":1,"6":1,"7":1,"8":1}}