{"window_size":{"0":125,"1":250,"2":500,"3":750,"4":1000,"5":1250,"6":1500,"7":1750,"8":2000},"step_width":{"0":62,"1":125,"2":250,"3":375,"4":500,"5":625,"6":750,"7":875,"8":1000},"Mean_EER":{"0":0.1525387405,"1":0.1126413839,"2":0.0909638554,"3":0.0836363636,"4":0.0768292683,"5":0.0758680556,"6":0.0650205761,"7":0.0712560386,"8":0.0763888889},"median_n_neighbors":{"0":9,"1":9,"2":12,"3":14,"4":13,"5":15,"6":12,"7":14,"8":10},"median_contamination":{"0":0.054127551,"1":0.0490306122,"2":0.0490306122,"3":0.0490306122,"4":0.0531081633,"5":0.0449530612,"6":0.0469918367,"7":0.0490306122,"8":0.0469918367},"Gini_coef":{"0":0.5184300587,"1":0.624591455,"2":0.7109884719,"3":0.7477724101,"4":0.7675680972,"5":0.7514619883,"6":0.7405063291,"7":0.7588323917,"8":0.7752323232},"cut_off_freq":{"0":41,"1":41,"2":41,"3":41,"4":41,"5":41,"6":41,"7":41,"8":41},"EMA_span":{"0":48,"1":48,"2":48,"3":48,"4":48,"5":48,"6":48,"7":48,"8":48}}