{"('', 'EMA_span')":{"0":49},"('Window Size', 125)":{"0":0.1526211672},"('Window Size', 250)":{"0":0.1153027279},"('Window Size', 500)":{"0":0.0911646586},"('Window Size', 750)":{"0":0.0851515152},"('Window Size', 1000)":{"0":0.0731707317},"('Window Size', 1250)":{"0":0.0741319444},"('Window Size', 1500)":{"0":0.0654320988},"('Window Size', 1750)":{"0":0.0695652174},"('Window Size', 2000)":{"0":0.0755555556},"('', 'mean')":{"0":0.0891217352},"('', 'var')":{"0":0.000793048}}