{"('', 'cut_off_freq')":{"0":37},"('Window Size', 125)":{"0":0.1272832179},"('Window Size', 250)":{"0":0.0707917498},"('Window Size', 500)":{"0":0.0378848728},"('Window Size', 750)":{"0":0.0317171717},"('Window Size', 1000)":{"0":0.029403794},"('Window Size', 1250)":{"0":0.0223958333},"('Window Size', 1500)":{"0":0.0279835391},"('Window Size', 1750)":{"0":0.0239130435},"('Window Size', 2000)":{"0":0.0261111111},"('', 'mean')":{"0":0.0441649259},"('', 'var')":{"0":0.0011877156}}