{"window_size":{"0":125,"1":250,"2":500,"3":750,"4":1000,"5":1250,"6":1500,"7":1750,"8":2000},"step_width":{"0":62,"1":125,"2":250,"3":375,"4":500,"5":625,"6":750,"7":875,"8":1000},"Mean_EER":{"0":0.2161885922,"1":0.1670326015,"2":0.1527443106,"3":0.1345454545,"4":0.1405149051,"5":0.1451388889,"6":0.1318930041,"7":0.1338164251,"8":0.135},"median_n_neighbors":{"0":11,"1":10,"2":12,"3":13,"4":12,"5":14,"6":12,"7":11,"8":10},"median_contamination":{"0":0.0429142857,"1":0.054127551,"2":0.0490306122,"3":0.0490306122,"4":0.045972449,"5":0.0510693878,"6":0.0510693878,"7":0.0469918367,"8":0.0449530612},"Gini_coef":{"0":0.3487519699,"1":0.4614729248,"2":0.5103807576,"3":0.519302636,"4":0.5596807029,"5":0.541307815,"6":0.5611197781,"7":0.5849578821,"8":0.5780521262},"EMA_span":{"0":1,"1":1,"2":1,"3":1,"4":1,"5":1,"6":1,"7":1,"8":1}}