{"window_size":{"0":125,"1":250,"2":500,"3":750,"4":1000,"5":1250,"6":1500,"7":1750,"8":2000},"step_width":{"0":62,"1":125,"2":250,"3":375,"4":500,"5":625,"6":750,"7":875,"8":1000},"Mean_EER":{"0":0.3730794593,"1":0.3330339321,"2":0.297523427,"3":0.2793939394,"4":0.2632791328,"5":0.2564236111,"6":0.2594650206,"7":0.2224637681,"8":0.2466666667},"median_n_neighbors":{"0":11,"1":8,"2":12,"3":13,"4":12,"5":14,"6":12,"7":11,"8":10},"median_contamination":{"0":0.0429142857,"1":0.0551469388,"2":0.0490306122,"3":0.0490306122,"4":0.045972449,"5":0.0520887755,"6":0.0510693878,"7":0.0469918367,"8":0.0449530612},"SMA_winsize":{"0":1,"1":1,"2":1,"3":1,"4":1,"5":1,"6":1,"7":1,"8":1}}