{"window_size":{"0":125,"1":250,"2":500,"3":750,"4":1000,"5":1250,"6":1500,"7":1750,"8":2000},"step_width":{"0":62,"1":125,"2":250,"3":375,"4":500,"5":625,"6":750,"7":875,"8":1000},"Mean_EER":{"0":0.2158753709,"1":0.1636393879,"2":0.1442436412,"3":0.1287878788,"4":0.1364498645,"5":0.1293402778,"6":0.1230452675,"7":0.1251207729,"8":0.1383333333},"median_n_neighbors":{"0":8,"1":11,"2":15,"3":14,"4":14,"5":14,"6":11,"7":9,"8":11},"median_contamination":{"0":0.0429142857,"1":0.0408755102,"2":0.0490306122,"3":0.0490306122,"4":0.0490306122,"5":0.0510693878,"6":0.0490306122,"7":0.0490306122,"8":0.0408755102},"Gini_coef":{"0":0.3595256883,"1":0.4724514919,"2":0.5025986079,"3":0.5369498911,"4":0.5732869911,"5":0.5715883669,"6":0.5868821999,"7":0.619004719,"8":0.5941990183},"cut_off_freq":{"0":40,"1":40,"2":40,"3":40,"4":40,"5":40,"6":40,"7":40,"8":40},"EMA_span":{"0":3,"1":3,"2":3,"3":3,"4":3,"5":3,"6":3,"7":3,"8":3}}