{"('', 'overlap')":{"0":0.17},"('Window Size', 125)":{"0":0.145210728},"('Window Size', 250)":{"0":0.0848734873},"('Window Size', 500)":{"0":0.0477777778},"('Window Size', 750)":{"0":0.0345117845},"('Window Size', 1000)":{"0":0.0295555556},"('Window Size', 1250)":{"0":0.0311111111},"('Window Size', 1500)":{"0":0.0274305556},"('Window Size', 1750)":{"0":0.028968254},"('Window Size', 2000)":{"0":0.0300925926},"('', 'mean')":{"0":0.051059094},"('', 'var')":{"0":0.0015798444}}