{"('', 'overlap')":{"0":0.37},"('Window Size', 125)":{"0":0.1503109453},"('Window Size', 250)":{"0":0.0912698413},"('Window Size', 500)":{"0":0.0504208754},"('Window Size', 750)":{"0":0.0328165375},"('Window Size', 1000)":{"0":0.0206597222},"('Window Size', 1250)":{"0":0.0117521368},"('Window Size', 1500)":{"0":0.0074074074},"('Window Size', 1750)":{"0":0.0070987654},"('Window Size', 2000)":{"0":0.0038194444},"('', 'mean')":{"0":0.0417284084},"('', 'var')":{"0":0.0024445251}}