{"('', 'overlap')":{"0":0.57},"('Window Size', 125)":{"0":0.1899746193},"('Window Size', 250)":{"0":0.1463917526},"('Window Size', 500)":{"0":0.1067708333},"('Window Size', 750)":{"0":0.0882716049},"('Window Size', 1000)":{"0":0.0879432624},"('Window Size', 1250)":{"0":0.0792792793},"('Window Size', 1500)":{"0":0.0835125448},"('Window Size', 1750)":{"0":0.0873931624},"('Window Size', 2000)":{"0":0.0758454106},"('', 'mean')":{"0":0.1050424966},"('', 'var')":{"0":0.0014738889}}