{"('', 'overlap')":{"0":0.77},"('Window Size', 125)":{"0":0.1396112601},"('Window Size', 250)":{"0":0.0873059361},"('Window Size', 500)":{"0":0.0487962963},"('Window Size', 750)":{"0":0.0324387947},"('Window Size', 1000)":{"0":0.0228535354},"('Window Size', 1250)":{"0":0.0155394525},"('Window Size', 1500)":{"0":0.0113060429},"('Window Size', 1750)":{"0":0.0055555556},"('Window Size', 2000)":{"0":0.0033068783},"('', 'mean')":{"0":0.0407459724},"('', 'var')":{"0":0.0020672826}}