{"('', 'overlap')":{"0":0.69},"('Window Size', 125)":{"0":0.1973232323},"('Window Size', 250)":{"0":0.1403292181},"('Window Size', 500)":{"0":0.1050580431},"('Window Size', 750)":{"0":0.0923611111},"('Window Size', 1000)":{"0":0.0872649573},"('Window Size', 1250)":{"0":0.0820512821},"('Window Size', 1500)":{"0":0.0828165375},"('Window Size', 1750)":{"0":0.0848765432},"('Window Size', 2000)":{"0":0.0876344086},"('', 'mean')":{"0":0.106635037},"('', 'var')":{"0":0.001493402}}