{"window_size":{"0":125,"1":250,"2":500,"3":750,"4":1000,"5":1250,"6":1500,"7":1750,"8":2000},"step_width":{"0":23,"1":47,"2":94,"3":142,"4":189,"5":237,"6":284,"7":332,"8":379},"Mean_EER":{"0":0.1887726383,"1":0.1501633987,"2":0.1070015221,"3":0.0932012432,"4":0.0949161426,"5":0.0947751323,"6":0.0956521739,"7":0.0860153257,"8":0.088671024},"median_n_neighbors":{"0":9,"1":10,"2":12,"3":13,"4":12,"5":11,"6":12,"7":12,"8":12},"median_contamination":{"0":0.0408755102,"1":0.0531081633,"2":0.0510693878,"3":0.0449530612,"4":0.0490306122,"5":0.0490306122,"6":0.0490306122,"7":0.0490306122,"8":0.0490306122},"Gini_coef":{"0":0.4284319551,"1":0.5764245789,"2":0.6677677678,"3":0.7388309944,"4":0.7504325419,"5":0.7574242072,"6":0.7655817434,"7":0.7992081168,"8":0.7783237783},"overlap":{"0":0.81,"1":0.81,"2":0.81,"3":0.81,"4":0.81,"5":0.81,"6":0.81,"7":0.81,"8":0.81}}