{"('', 'overlap')":{"0":0.37},"('Window Size', 125)":{"0":0.1352819237},"('Window Size', 250)":{"0":0.0788220551},"('Window Size', 500)":{"0":0.0383838384},"('Window Size', 750)":{"0":0.0341085271},"('Window Size', 1000)":{"0":0.0364583333},"('Window Size', 1250)":{"0":0.0269230769},"('Window Size', 1500)":{"0":0.0214285714},"('Window Size', 1750)":{"0":0.0277777778},"('Window Size', 2000)":{"0":0.025},"('', 'mean')":{"0":0.0471315671},"('', 'var')":{"0":0.0013835269}}