{"('', 'overlap')":{"0":0.05},"('Window Size', 125)":{"0":0.1352793471},"('Window Size', 250)":{"0":0.0751262626},"('Window Size', 500)":{"0":0.0468434343},"('Window Size', 750)":{"0":0.0363984674},"('Window Size', 1000)":{"0":0.0335858586},"('Window Size', 1250)":{"0":0.035620915},"('Window Size', 1500)":{"0":0.0305555556},"('Window Size', 1750)":{"0":0.0282407407},"('Window Size', 2000)":{"0":0.0282828283},"('', 'mean')":{"0":0.0499926011},"('', 'var')":{"0":0.0012372788}}