{"('', 'overlap')":{"0":0.97},"('Window Size', 125)":{"0":0.1593651706},"('Window Size', 250)":{"0":0.103445756},"('Window Size', 500)":{"0":0.0631390718},"('Window Size', 750)":{"0":0.0564844975},"('Window Size', 1000)":{"0":0.0443611528},"('Window Size', 1250)":{"0":0.029619226},"('Window Size', 1500)":{"0":0.0179723502},"('Window Size', 1750)":{"0":0.0112608565},"('Window Size', 2000)":{"0":0.0129162285},"('', 'mean')":{"0":0.0553960344},"('', 'var')":{"0":0.0023898361}}