{"window_size":{"0":125,"1":250,"2":500,"3":750,"4":1000,"5":1250,"6":1500,"7":1750,"8":2000},"step_width":{"0":68,"1":137,"2":275,"3":412,"4":550,"5":687,"6":825,"7":962,"8":1100},"Mean_EER":{"0":0.1341295693,"1":0.0773391813,"2":0.0403703704,"3":0.032,"4":0.03003003,"5":0.0270114943,"6":0.0296296296,"7":0.028042328,"8":0.0265432099},"median_n_neighbors":{"0":8,"1":6,"2":9,"3":9,"4":10,"5":12,"6":11,"7":11,"8":10},"median_contamination":{"0":0.0510693878,"1":0.045972449,"2":0.0490306122,"3":0.0469918367,"4":0.0510693878,"5":0.0490306122,"6":0.0490306122,"7":0.0490306122,"8":0.0490306122},"Gini_coef":{"0":0.6090543863,"1":0.7268431002,"2":0.8219571865,"3":0.8635030864,"4":0.8952222222,"5":0.8929078014,"6":0.89375,"7":0.9044025157,"8":0.9090439276},"overlap":{"0":0.45,"1":0.45,"2":0.45,"3":0.45,"4":0.45,"5":0.45,"6":0.45,"7":0.45,"8":0.45}}