{"('', 'overlap')":{"0":0.17},"('Window Size', 125)":{"0":0.2050082102},"('Window Size', 250)":{"0":0.1414741474},"('Window Size', 500)":{"0":0.1017777778},"('Window Size', 750)":{"0":0.0946127946},"('Window Size', 1000)":{"0":0.0788888889},"('Window Size', 1250)":{"0":0.0863888889},"('Window Size', 1500)":{"0":0.0795138889},"('Window Size', 1750)":{"0":0.0658730159},"('Window Size', 2000)":{"0":0.0740740741},"('', 'mean')":{"0":0.1030679652},"('', 'var')":{"0":0.0019477158}}