{"window_size":{"0":125,"1":250,"2":500,"3":750,"4":1000,"5":1250,"6":1500,"7":1750,"8":2000},"step_width":{"0":53,"1":107,"2":214,"3":322,"4":429,"5":537,"6":644,"7":752,"8":859},"Mean_EER":{"0":0.1306542583,"1":0.0767468499,"2":0.0419560185,"3":0.0427689594,"4":0.0325059102,"5":0.024024024,"6":0.0234767025,"7":0.0211538462,"8":0.0277777778},"median_n_neighbors":{"0":8,"1":8,"2":9,"3":11,"4":12,"5":8,"6":9,"7":10,"8":12},"median_contamination":{"0":0.0531081633,"1":0.0490306122,"2":0.0490306122,"3":0.0490306122,"4":0.0469918367,"5":0.0469918367,"6":0.0490306122,"7":0.0490306122,"8":0.0490306122},"Gini_coef":{"0":0.6017075569,"1":0.7321310116,"2":0.8356015326,"3":0.8757159221,"4":0.8987070707,"5":0.8958333333,"6":0.8993214589,"7":0.8968574635,"8":0.9042512077},"overlap":{"0":0.57,"1":0.57,"2":0.57,"3":0.57,"4":0.57,"5":0.57,"6":0.57,"7":0.57,"8":0.57}}