{"('', 'overlap')":{"0":0.13},"('Window Size', 125)":{"0":0.2087342497},"('Window Size', 250)":{"0":0.141724537},"('Window Size', 500)":{"0":0.1012731481},"('Window Size', 750)":{"0":0.0881944444},"('Window Size', 1000)":{"0":0.0896135266},"('Window Size', 1250)":{"0":0.0918128655},"('Window Size', 1500)":{"0":0.0866666667},"('Window Size', 1750)":{"0":0.0833333333},"('Window Size', 2000)":{"0":0.0841414141},"('', 'mean')":{"0":0.1083882428},"('', 'var')":{"0":0.0017442201}}