{"window_size":{"0":125,"1":250,"2":500,"3":750,"4":1000,"5":1250,"6":1500,"7":1750,"8":2000},"step_width":{"0":108,"1":217,"2":435,"3":652,"4":870,"5":1087,"6":1305,"7":1522,"8":1740},"Mean_EER":{"0":0.1601660939,"1":0.084837963,"2":0.0509259259,"3":0.0300347222,"4":0.0214975845,"5":0.0105263158,"6":0.0059259259,"7":0.0047008547,"8":0.0085858586},"median_n_neighbors":{"0":8,"1":6,"2":8,"3":11,"4":9,"5":9,"6":9,"7":11,"8":10},"median_contamination":{"0":0.0490306122,"1":0.0510693878,"2":0.0449530612,"3":0.0490306122,"4":0.0490306122,"5":0.0490306122,"6":0.0490306122,"7":0.0490306122,"8":0.0490306122},"Gini_coef":{"0":0.5827979419,"1":0.6760951948,"2":0.7806565657,"3":0.8049454078,"4":0.8405742821,"5":0.8882716049,"6":0.9166666667,"7":0.9262626263,"8":0.9156862745},"overlap":{"0":0.13,"1":0.13,"2":0.13,"3":0.13,"4":0.13,"5":0.13,"6":0.13,"7":0.13,"8":0.13}}