{"('', 'overlap')":{"0":0.85},"('Window Size', 125)":{"0":0.1919157088},"('Window Size', 250)":{"0":0.1517825312},"('Window Size', 500)":{"0":0.1060827251},"('Window Size', 750)":{"0":0.0963167587},"('Window Size', 1000)":{"0":0.1007462687},"('Window Size', 1250)":{"0":0.0951257862},"('Window Size', 1500)":{"0":0.0864623244},"('Window Size', 1750)":{"0":0.0902402402},"('Window Size', 2000)":{"0":0.0868055556},"('', 'mean')":{"0":0.1117197665},"('', 'var')":{"0":0.0013026559}}