{"('', 'overlap')":{"0":0.21},"('Window Size', 125)":{"0":0.1992990654},"('Window Size', 250)":{"0":0.1448637317},"('Window Size', 500)":{"0":0.1016025641},"('Window Size', 750)":{"0":0.0922222222},"('Window Size', 1000)":{"0":0.094017094},"('Window Size', 1250)":{"0":0.0917989418},"('Window Size', 1500)":{"0":0.0699346405},"('Window Size', 1750)":{"0":0.080952381},"('Window Size', 2000)":{"0":0.0794871795},"('', 'mean')":{"0":0.1060197578},"('', 'var')":{"0":0.0016750687}}