{"window_size":{"0":125,"1":250,"2":500,"3":750,"4":1000,"5":1250,"6":1500,"7":1750,"8":2000},"step_width":{"0":48,"1":97,"2":195,"3":292,"4":390,"5":487,"6":585,"7":682,"8":780},"Mean_EER":{"0":0.1311877395,"1":0.0754153686,"2":0.0390461216,"3":0.0348412698,"4":0.0297008547,"5":0.02899729,"6":0.022875817,"7":0.0262452107,"8":0.0304444444},"median_n_neighbors":{"0":8,"1":8,"2":10,"3":12,"4":11,"5":10,"6":11,"7":11,"8":11},"median_contamination":{"0":0.0510693878,"1":0.0490306122,"2":0.0439336735,"3":0.0490306122,"4":0.0490306122,"5":0.0449530612,"6":0.0490306122,"7":0.0490306122,"8":0.0490306122},"Gini_coef":{"0":0.5972827968,"1":0.7477490916,"2":0.828650261,"3":0.8773221969,"4":0.8976019185,"5":0.9007268951,"6":0.8942857143,"7":0.9056772101,"8":0.902919708},"overlap":{"0":0.61,"1":0.61,"2":0.61,"3":0.61,"4":0.61,"5":0.61,"6":0.61,"7":0.61,"8":0.61}}