{"('', 'overlap')":{"0":0.89},"('Window Size', 125)":{"0":0.1264286703},"('Window Size', 250)":{"0":0.0763834706},"('Window Size', 500)":{"0":0.045628655},"('Window Size', 750)":{"0":0.0393387314},"('Window Size', 1000)":{"0":0.0300724638},"('Window Size', 1250)":{"0":0.0298850575},"('Window Size', 1500)":{"0":0.0254435107},"('Window Size', 1750)":{"0":0.0210121012},"('Window Size', 2000)":{"0":0.0279054917},"('', 'mean')":{"0":0.0468997947},"('', 'var')":{"0":0.0011646129}}