{"('', 'overlap')":{"0":0.29},"('Window Size', 125)":{"0":0.1435807656},"('Window Size', 250)":{"0":0.0821092279},"('Window Size', 500)":{"0":0.0499042146},"('Window Size', 750)":{"0":0.0324786325},"('Window Size', 1000)":{"0":0.0325670498},"('Window Size', 1250)":{"0":0.0268115942},"('Window Size', 1500)":{"0":0.0301169591},"('Window Size', 1750)":{"0":0.0243055556},"('Window Size', 2000)":{"0":0.0242063492},"('', 'mean')":{"0":0.0495644832},"('', 'var')":{"0":0.0015820156}}