{"window_size":{"0":125,"1":250,"2":500,"3":750,"4":1000,"5":1250,"6":1500,"7":1750,"8":2000},"step_width":{"0":113,"1":227,"2":455,"3":682,"4":910,"5":1137,"6":1365,"7":1592,"8":1820},"Mean_EER":{"0":0.1525225225,"1":0.094384058,"2":0.0536231884,"3":0.0311111111,"4":0.021969697,"5":0.012962963,"6":0.0040740741,"7":0.0051282051,"8":0.0015151515},"median_n_neighbors":{"0":8,"1":9,"2":7,"3":9,"4":11,"5":9,"6":11,"7":11,"8":10},"median_contamination":{"0":0.0490306122,"1":0.0449530612,"2":0.0449530612,"3":0.0490306122,"4":0.0490306122,"5":0.0490306122,"6":0.0490306122,"7":0.0490306122,"8":0.0490306122},"Gini_coef":{"0":0.582518431,"1":0.6906732068,"2":0.8139139139,"3":0.8224867725,"4":0.8591315453,"5":0.8920634921,"6":0.9262626263,"7":0.9314814815,"8":0.9888888889},"overlap":{"0":0.09,"1":0.09,"2":0.09,"3":0.09,"4":0.09,"5":0.09,"6":0.09,"7":0.09,"8":0.09}}