{"('', 'overlap')":{"0":0.89},"('Window Size', 125)":{"0":0.1384391864},"('Window Size', 250)":{"0":0.0871116891},"('Window Size', 500)":{"0":0.0481140351},"('Window Size', 750)":{"0":0.0340755735},"('Window Size', 1000)":{"0":0.0213466184},"('Window Size', 1250)":{"0":0.014559387},"('Window Size', 1500)":{"0":0.0110177404},"('Window Size', 1750)":{"0":0.0084708471},"('Window Size', 2000)":{"0":0.0037037037},"('', 'mean')":{"0":0.0407598645},"('', 'var')":{"0":0.0020190222}}