{"window_size":{"0":125,"1":250,"2":500,"3":750,"4":1000,"5":1250,"6":1500,"7":1750,"8":2000},"step_width":{"0":68,"1":137,"2":275,"3":412,"4":550,"5":687,"6":825,"7":962,"8":1100},"Mean_EER":{"0":0.1949692363,"1":0.1379751462,"2":0.1059259259,"3":0.0941111111,"4":0.0840840841,"5":0.0795019157,"6":0.0768518519,"7":0.085978836,"8":0.0685185185},"median_n_neighbors":{"0":8,"1":8,"2":11,"3":10,"4":12,"5":11,"6":11,"7":11,"8":10},"median_contamination":{"0":0.0408755102,"1":0.045972449,"2":0.0449530612,"3":0.0449530612,"4":0.0469918367,"5":0.0469918367,"6":0.0490306122,"7":0.0490306122,"8":0.0490306122},"Gini_coef":{"0":0.4065734381,"1":0.5739720383,"2":0.6751515152,"3":0.7355240719,"4":0.7602380952,"5":0.7635073628,"6":0.7462516734,"7":0.7871111111,"8":0.790990991},"overlap":{"0":0.45,"1":0.45,"2":0.45,"3":0.45,"4":0.45,"5":0.45,"6":0.45,"7":0.45,"8":0.45}}