{"window_size":{"0":125,"1":250,"2":500,"3":750,"4":1000,"5":1250,"6":1500,"7":1750,"8":2000},"step_width":{"0":98,"1":197,"2":395,"3":592,"4":790,"5":987,"6":1185,"7":1382,"8":1580},"Mean_EER":{"0":0.1992990654,"1":0.1448637317,"2":0.1016025641,"3":0.0922222222,"4":0.094017094,"5":0.0917989418,"6":0.0699346405,"7":0.080952381,"8":0.0794871795},"median_n_neighbors":{"0":7,"1":7,"2":11,"3":8,"4":8,"5":10,"6":9,"7":11,"8":9},"median_contamination":{"0":0.0449530612,"1":0.054127551,"2":0.0469918367,"3":0.0490306122,"4":0.0510693878,"5":0.0490306122,"6":0.0469918367,"7":0.0490306122,"8":0.0490306122},"Gini_coef":{"0":0.4063986221,"1":0.5839684837,"2":0.6690618063,"3":0.7219162364,"4":0.7288888889,"5":0.7787704131,"6":0.7589823468,"7":0.7407407407,"8":0.7861409797},"overlap":{"0":0.21,"1":0.21,"2":0.21,"3":0.21,"4":0.21,"5":0.21,"6":0.21,"7":0.21,"8":0.21}}