{"('', 'overlap')":{"0":0.81},"('Window Size', 125)":{"0":0.1887726383},"('Window Size', 250)":{"0":0.1501633987},"('Window Size', 500)":{"0":0.1070015221},"('Window Size', 750)":{"0":0.0932012432},"('Window Size', 1000)":{"0":0.0949161426},"('Window Size', 1250)":{"0":0.0947751323},"('Window Size', 1500)":{"0":0.0956521739},"('Window Size', 1750)":{"0":0.0860153257},"('Window Size', 2000)":{"0":0.088671024},"('', 'mean')":{"0":0.1110187334},"('', 'var')":{"0":0.0012244306}}