{"window_size":{"0":125,"1":250,"2":500,"3":750,"4":1000,"5":1250,"6":1500,"7":1750,"8":2000},"step_width":{"0":33,"1":67,"2":135,"3":202,"4":270,"5":337,"6":405,"7":472,"8":540},"Mean_EER":{"0":0.2075390556,"1":0.1662365591,"2":0.1389619883,"3":0.1349284928,"4":0.1451111111,"5":0.1329566855,"6":0.1348072562,"7":0.1237127371,"8":0.1287037037},"median_n_neighbors":{"0":7,"1":11,"2":17,"3":17,"4":16,"5":16,"6":14,"7":16,"8":15},"median_contamination":{"0":0.0490306122,"1":0.05005,"2":0.0490306122,"3":0.0490306122,"4":0.0490306122,"5":0.0429142857,"6":0.0469918367,"7":0.0490306122,"8":0.0490306122},"overlap":{"0":0.73,"1":0.73,"2":0.73,"3":0.73,"4":0.73,"5":0.73,"6":0.73,"7":0.73,"8":0.73}}