{"('', 'overlap')":{"0":0.01},"('Window Size', 125)":{"0":0.1447058824},"('Window Size', 250)":{"0":0.0858169935},"('Window Size', 500)":{"0":0.0552910053},"('Window Size', 750)":{"0":0.026984127},"('Window Size', 1000)":{"0":0.0259259259},"('Window Size', 1250)":{"0":0.0121527778},"('Window Size', 1500)":{"0":0.0055555556},"('Window Size', 1750)":{"0":0.0055555556},"('Window Size', 2000)":{"0":0.0016666667},"('', 'mean')":{"0":0.0404060544},"('', 'var')":{"0":0.0022850117}}