{"('', 'overlap')":{"0":0.45},"('Window Size', 125)":{"0":0.1341295693},"('Window Size', 250)":{"0":0.0773391813},"('Window Size', 500)":{"0":0.0403703704},"('Window Size', 750)":{"0":0.032},"('Window Size', 1000)":{"0":0.03003003},"('Window Size', 1250)":{"0":0.0270114943},"('Window Size', 1500)":{"0":0.0296296296},"('Window Size', 1750)":{"0":0.028042328},"('Window Size', 2000)":{"0":0.0265432099},"('', 'mean')":{"0":0.0472328681},"('', 'var')":{"0":0.0013184519}}