{"('', 'overlap')":{"0":0.45},"('Window Size', 125)":{"0":0.1455845096},"('Window Size', 250)":{"0":0.0941885965},"('Window Size', 500)":{"0":0.0472592593},"('Window Size', 750)":{"0":0.0343333333},"('Window Size', 1000)":{"0":0.0177177177},"('Window Size', 1250)":{"0":0.0099616858},"('Window Size', 1500)":{"0":0.00625},"('Window Size', 1750)":{"0":0.0044973545},"('Window Size', 2000)":{"0":0.0027777778},"('', 'mean')":{"0":0.0402855816},"('', 'var')":{"0":0.0024190451}}