{"window_size":{"0":125,"1":250,"2":500,"3":750,"4":1000,"5":1250,"6":1500,"7":1750,"8":2000},"step_width":{"0":18,"1":37,"2":75,"3":112,"4":150,"5":187,"6":225,"7":262,"8":300},"Mean_EER":{"0":0.1919157088,"1":0.1517825312,"2":0.1060827251,"3":0.0963167587,"4":0.1007462687,"5":0.0951257862,"6":0.0864623244,"7":0.0902402402,"8":0.0868055556},"median_n_neighbors":{"0":13,"1":14,"2":12,"3":12,"4":10,"5":12,"6":12,"7":12,"8":12},"median_contamination":{"0":0.0520887755,"1":0.05005,"2":0.0510693878,"3":0.0449530612,"4":0.0510693878,"5":0.0490306122,"6":0.0490306122,"7":0.0490306122,"8":0.0490306122},"Gini_coef":{"0":0.4194804907,"1":0.5680092502,"2":0.6694359497,"3":0.7291197507,"4":0.74434385,"5":0.7570186716,"6":0.7699983588,"7":0.7852468109,"8":0.7947777778},"overlap":{"0":0.85,"1":0.85,"2":0.85,"3":0.85,"4":0.85,"5":0.85,"6":0.85,"7":0.85,"8":0.85}}