{"('', 'overlap')":{"0":0.13},"('Window Size', 125)":{"0":0.1601660939},"('Window Size', 250)":{"0":0.084837963},"('Window Size', 500)":{"0":0.0509259259},"('Window Size', 750)":{"0":0.0300347222},"('Window Size', 1000)":{"0":0.0214975845},"('Window Size', 1250)":{"0":0.0105263158},"('Window Size', 1500)":{"0":0.0059259259},"('Window Size', 1750)":{"0":0.0047008547},"('Window Size', 2000)":{"0":0.0085858586},"('', 'mean')":{"0":0.0419112494},"('', 'var')":{"0":0.0026551372}}