{"window_size":{"0":125,"1":250,"2":500,"3":750,"4":1000,"5":1250,"6":1500,"7":1750,"8":2000},"step_width":{"0":38,"1":77,"2":154,"3":232,"4":309,"5":387,"6":464,"7":542,"8":619},"Mean_EER":{"0":0.1317979798,"1":0.0722633745,"2":0.0466832504,"3":0.0330808081,"4":0.0312820513,"5":0.0300213675,"6":0.0260981912,"7":0.0203703704,"8":0.0247311828},"median_n_neighbors":{"0":8,"1":11,"2":11,"3":11,"4":11,"5":11,"6":10,"7":12,"8":11},"median_contamination":{"0":0.0551469388,"1":0.0490306122,"2":0.0490306122,"3":0.0469918367,"4":0.0469918367,"5":0.0469918367,"6":0.0449530612,"7":0.0490306122,"8":0.0490306122},"Gini_coef":{"0":0.5993766605,"1":0.7370665654,"2":0.823702388,"3":0.8742154368,"4":0.8945355191,"5":0.9041122974,"6":0.902860286,"7":0.8983164983,"8":0.9051529791},"overlap":{"0":0.69,"1":0.69,"2":0.69,"3":0.69,"4":0.69,"5":0.69,"6":0.69,"7":0.69,"8":0.69}}