{"window_size":{"0":125,"1":250,"2":500,"3":750,"4":1000,"5":1250,"6":1500,"7":1750,"8":2000},"step_width":{"0":88,"1":177,"2":355,"3":532,"4":710,"5":887,"6":1065,"7":1242,"8":1420},"Mean_EER":{"0":0.1999766573,"1":0.1458568738,"2":0.0954022989,"3":0.0935897436,"4":0.0940613027,"5":0.0789855072,"6":0.0862573099,"7":0.0708333333,"8":0.080952381},"median_n_neighbors":{"0":6,"1":8,"2":9,"3":8,"4":10,"5":11,"6":9,"7":10,"8":10},"median_contamination":{"0":0.0429142857,"1":0.0469918367,"2":0.0469918367,"3":0.0490306122,"4":0.0449530612,"5":0.0490306122,"6":0.0490306122,"7":0.0490306122,"8":0.0490306122},"Gini_coef":{"0":0.4128075432,"1":0.5565741338,"2":0.6906068719,"3":0.7458312193,"4":0.727970129,"5":0.7557934081,"6":0.7311864407,"7":0.7745098039,"8":0.7612200436},"overlap":{"0":0.29,"1":0.29,"2":0.29,"3":0.29,"4":0.29,"5":0.29,"6":0.29,"7":0.29,"8":0.29}}