{"window_size":{"0":125,"1":250,"2":500,"3":750,"4":1000,"5":1250,"6":1500,"7":1750,"8":2000},"step_width":{"0":28,"1":57,"2":114,"3":172,"4":229,"5":287,"6":345,"7":402,"8":459},"Mean_EER":{"0":0.1396112601,"1":0.0873059361,"2":0.0487962963,"3":0.0324387947,"4":0.0228535354,"5":0.0155394525,"6":0.0113060429,"7":0.0055555556,"8":0.0033068783},"median_n_neighbors":{"0":9,"1":11,"2":11,"3":12,"4":10,"5":11,"6":11,"7":11,"8":11},"median_contamination":{"0":0.0510693878,"1":0.0490306122,"2":0.0490306122,"3":0.0490306122,"4":0.0510693878,"5":0.0490306122,"6":0.0490306122,"7":0.0490306122,"8":0.0490306122},"Gini_coef":{"0":0.6056832797,"1":0.6852781652,"2":0.8086935132,"3":0.8416545718,"4":0.8567219153,"5":0.8852619459,"6":0.8925287356,"7":0.9101851852,"8":0.9542222222},"overlap":{"0":0.77,"1":0.77,"2":0.77,"3":0.77,"4":0.77,"5":0.77,"6":0.77,"7":0.77,"8":0.77}}