{"window_size":{"0":125,"1":250,"2":500,"3":750,"4":1000,"5":1250,"6":1500,"7":1750,"8":2000},"step_width":{"0":118,"1":237,"2":475,"3":712,"4":950,"5":1187,"6":1425,"7":1662,"8":1900},"Mean_EER":{"0":0.1417765223,"1":0.0881944444,"2":0.0476010101,"3":0.0360153257,"4":0.0171717172,"5":0.0104575163,"6":0.0083333333,"7":0.0087962963,"8":0.0111111111},"median_n_neighbors":{"0":8,"1":8,"2":7,"3":9,"4":9,"5":9,"6":9,"7":11,"8":9},"median_contamination":{"0":0.0469918367,"1":0.0449530612,"2":0.0510693878,"3":0.0490306122,"4":0.0490306122,"5":0.0490306122,"6":0.0490306122,"7":0.0490306122,"8":0.0490306122},"Gini_coef":{"0":0.5992497479,"1":0.680450171,"2":0.7910109048,"3":0.8314420804,"4":0.8251633987,"5":0.84375,"6":0.8968253968,"7":0.9,"8":0.9515151515},"overlap":{"0":0.05,"1":0.05,"2":0.05,"3":0.05,"4":0.05,"5":0.05,"6":0.05,"7":0.05,"8":0.05}}