{"('', 'overlap')":{"0":0.13},"('Window Size', 125)":{"0":0.1357388316},"('Window Size', 250)":{"0":0.0792824074},"('Window Size', 500)":{"0":0.0424768519},"('Window Size', 750)":{"0":0.0328125},"('Window Size', 1000)":{"0":0.034057971},"('Window Size', 1250)":{"0":0.0263157895},"('Window Size', 1500)":{"0":0.0288888889},"('Window Size', 1750)":{"0":0.0307692308},"('Window Size', 2000)":{"0":0.0343434343},"('', 'mean')":{"0":0.049409545},"('', 'var')":{"0":0.0013041496}}