{"('', 'overlap')":{"0":0.97},"('Window Size', 125)":{"0":0.1447102872},"('Window Size', 250)":{"0":0.0877552932},"('Window Size', 500)":{"0":0.0543769812},"('Window Size', 750)":{"0":0.0485703945},"('Window Size', 1000)":{"0":0.0419290355},"('Window Size', 1250)":{"0":0.0374323762},"('Window Size', 1500)":{"0":0.0283026114},"('Window Size', 1750)":{"0":0.027148847},"('Window Size', 2000)":{"0":0.0263932702},"('', 'mean')":{"0":0.0551798996},"('', 'var')":{"0":0.0014935669}}