{"window_size":{"0":125,"1":250,"2":500,"3":750,"4":1000,"5":1250,"6":1500,"7":1750,"8":2000},"step_width":{"0":103,"1":207,"2":415,"3":622,"4":830,"5":1037,"6":1245,"7":1452,"8":1660},"Mean_EER":{"0":0.2050082102,"1":0.1414741474,"2":0.1017777778,"3":0.0946127946,"4":0.0788888889,"5":0.0863888889,"6":0.0795138889,"7":0.0658730159,"8":0.0740740741},"median_n_neighbors":{"0":6,"1":7,"2":7,"3":11,"4":8,"5":11,"6":11,"7":11,"8":9},"median_contamination":{"0":0.0592244898,"1":0.0449530612,"2":0.0490306122,"3":0.045972449,"4":0.0490306122,"5":0.0490306122,"6":0.0490306122,"7":0.0490306122,"8":0.0490306122},"Gini_coef":{"0":0.404460167,"1":0.583437014,"2":0.6803250849,"3":0.7115460656,"4":0.7584037559,"5":0.777170418,"6":0.7688985929,"7":0.7523427041,"8":0.7731944444},"overlap":{"0":0.17,"1":0.17,"2":0.17,"3":0.17,"4":0.17,"5":0.17,"6":0.17,"7":0.17,"8":0.17}}