{"window_size":{"0":125,"1":250,"2":500,"3":750,"4":1000,"5":1250,"6":1500,"7":1750,"8":2000},"step_width":{"0":68,"1":137,"2":275,"3":412,"4":550,"5":687,"6":825,"7":962,"8":1100},"Mean_EER":{"0":0.1455845096,"1":0.0941885965,"2":0.0472592593,"3":0.0343333333,"4":0.0177177177,"5":0.0099616858,"6":0.00625,"7":0.0044973545,"8":0.0027777778},"median_n_neighbors":{"0":8,"1":8,"2":9,"3":8,"4":11,"5":10,"6":9,"7":9,"8":11},"median_contamination":{"0":0.0510693878,"1":0.0490306122,"2":0.0469918367,"3":0.0469918367,"4":0.0490306122,"5":0.0490306122,"6":0.0490306122,"7":0.0490306122,"8":0.0490306122},"Gini_coef":{"0":0.59265106,"1":0.688789721,"2":0.8140369209,"3":0.8298094211,"4":0.8467043315,"5":0.8965811966,"6":0.9279835391,"7":0.9209150327,"8":0.9567901235},"overlap":{"0":0.45,"1":0.45,"2":0.45,"3":0.45,"4":0.45,"5":0.45,"6":0.45,"7":0.45,"8":0.45}}