{"('', 'overlap')":{"0":0.61},"('Window Size', 125)":{"0":0.1455300128},"('Window Size', 250)":{"0":0.0850986501},"('Window Size', 500)":{"0":0.0451781971},"('Window Size', 750)":{"0":0.0299206349},"('Window Size', 1000)":{"0":0.0221153846},"('Window Size', 1250)":{"0":0.016395664},"('Window Size', 1500)":{"0":0.0107843137},"('Window Size', 1750)":{"0":0.0036398467},"('Window Size', 2000)":{"0":0.0028888889},"('', 'mean')":{"0":0.0401723992},"('', 'var')":{"0":0.0022160609}}