{"('', 'overlap')":{"0":0.53},"('Window Size', 125)":{"0":0.1941666667},"('Window Size', 250)":{"0":0.1466916355},"('Window Size', 500)":{"0":0.1063131313},"('Window Size', 750)":{"0":0.0912835249},"('Window Size', 1000)":{"0":0.0865633075},"('Window Size', 1250)":{"0":0.0807189542},"('Window Size', 1500)":{"0":0.0757936508},"('Window Size', 1750)":{"0":0.075462963},"('Window Size', 2000)":{"0":0.0888888889},"('', 'mean')":{"0":0.1050980803},"('', 'var')":{"0":0.0015991453}}