{"window_size":{"0":125,"1":250,"2":500,"3":750,"4":1000,"5":1250,"6":1500,"7":1750,"8":2000},"step_width":{"0":113,"1":227,"2":455,"3":682,"4":910,"5":1137,"6":1365,"7":1592,"8":1820},"Mean_EER":{"0":0.1337837838,"1":0.0814009662,"2":0.0438405797,"3":0.0405555556,"4":0.0353535354,"5":0.037962963,"6":0.0277777778,"7":0.0256410256,"8":0.0306060606},"median_n_neighbors":{"0":6,"1":9,"2":7,"3":10,"4":8,"5":11,"6":10,"7":11,"8":11},"median_contamination":{"0":0.0490306122,"1":0.0429142857,"2":0.0510693878,"3":0.0439336735,"4":0.0490306122,"5":0.0510693878,"6":0.0490306122,"7":0.0490306122,"8":0.0490306122},"Gini_coef":{"0":0.5969098391,"1":0.71030333,"2":0.8215794307,"3":0.8539320142,"4":0.8777777778,"5":0.9036133695,"6":0.8848888889,"7":0.8940740741,"8":0.9144481115},"overlap":{"0":0.09,"1":0.09,"2":0.09,"3":0.09,"4":0.09,"5":0.09,"6":0.09,"7":0.09,"8":0.09}}