{"window_size":{"0":125,"1":250,"2":500,"3":750,"4":1000,"5":1250,"6":1500,"7":1750,"8":2000},"step_width":{"0":23,"1":47,"2":94,"3":142,"4":189,"5":237,"6":284,"7":332,"8":379},"Mean_EER":{"0":0.1401125795,"1":0.0856837607,"2":0.0494419077,"3":0.0322455322,"4":0.020754717,"5":0.0140873016,"6":0.0089371981,"7":0.004789272,"8":0.0032679739},"median_n_neighbors":{"0":11,"1":11,"2":10,"3":11,"4":10,"5":11,"6":11,"7":10,"8":11},"median_contamination":{"0":0.0469918367,"1":0.0490306122,"2":0.0510693878,"3":0.0469918367,"4":0.0490306122,"5":0.0490306122,"6":0.0490306122,"7":0.0480112245,"8":0.0490306122},"Gini_coef":{"0":0.6075031538,"1":0.6878082571,"2":0.8154780229,"3":0.8518607764,"4":0.8684624018,"5":0.888836724,"6":0.8971971972,"7":0.9528888889,"8":0.9481481481},"overlap":{"0":0.81,"1":0.81,"2":0.81,"3":0.81,"4":0.81,"5":0.81,"6":0.81,"7":0.81,"8":0.81}}