{"window_size":{"0":125,"1":250,"2":500,"3":750,"4":1000,"5":1250,"6":1500,"7":1750,"8":2000},"step_width":{"0":73,"1":147,"2":295,"3":442,"4":590,"5":737,"6":885,"7":1032,"8":1180},"Mean_EER":{"0":0.2064685315,"1":0.1433098592,"2":0.1071428571,"3":0.0920289855,"4":0.0918300654,"5":0.0862139918,"6":0.0806763285,"7":0.0789473684,"8":0.0758169935},"median_n_neighbors":{"0":3,"1":7,"2":6,"3":11,"4":7,"5":10,"6":10,"7":9,"8":10},"median_contamination":{"0":0.0510693878,"1":0.0408755102,"2":0.0531081633,"3":0.0490306122,"4":0.0490306122,"5":0.0490306122,"6":0.0490306122,"7":0.0490306122,"8":0.0490306122},"Gini_coef":{"0":0.4136555127,"1":0.5942882276,"2":0.6710617284,"3":0.7226888306,"4":0.7316330565,"5":0.7465658976,"6":0.7572854291,"7":0.775308642,"8":0.7802681992},"overlap":{"0":0.41,"1":0.41,"2":0.41,"3":0.41,"4":0.41,"5":0.41,"6":0.41,"7":0.41,"8":0.41}}