{"('', 'overlap')":{"0":0.93},"('Window Size', 125)":{"0":0.1276223925},"('Window Size', 250)":{"0":0.0805305305},"('Window Size', 500)":{"0":0.0462041644},"('Window Size', 750)":{"0":0.0410541311},"('Window Size', 1000)":{"0":0.0352298851},"('Window Size', 1250)":{"0":0.0278752437},"('Window Size', 1500)":{"0":0.0265957447},"('Window Size', 1750)":{"0":0.0264416315},"('Window Size', 2000)":{"0":0.0256690998},"('', 'mean')":{"0":0.0485803137},"('', 'var')":{"0":0.001179507}}