{"window_size":{"0":125,"1":250,"2":500,"3":750,"4":1000,"5":1250,"6":1500,"7":1750,"8":2000},"step_width":{"0":118,"1":237,"2":475,"3":712,"4":950,"5":1187,"6":1425,"7":1662,"8":1900},"Mean_EER":{"0":0.1953546767,"1":0.1460858586,"2":0.1005050505,"3":0.0898467433,"4":0.0888888889,"5":0.0800653595,"6":0.0912698413,"7":0.0805555556,"8":0.0839393939},"median_n_neighbors":{"0":6,"1":5,"2":9,"3":8,"4":11,"5":10,"6":9,"7":11,"8":10},"median_contamination":{"0":0.0429142857,"1":0.0531081633,"2":0.0490306122,"3":0.0490306122,"4":0.0490306122,"5":0.0490306122,"6":0.0490306122,"7":0.0490306122,"8":0.0490306122},"Gini_coef":{"0":0.4226649529,"1":0.5797752809,"2":0.6837800112,"3":0.704501303,"4":0.703030303,"5":0.7553287982,"6":0.737294686,"7":0.7469987229,"8":0.7096804386},"overlap":{"0":0.05,"1":0.05,"2":0.05,"3":0.05,"4":0.05,"5":0.05,"6":0.05,"7":0.05,"8":0.05}}