{"window_size":{"0":125,"1":250,"2":500,"3":750,"4":1000,"5":1250,"6":1500,"7":1750,"8":2000},"step_width":{"0":8,"1":17,"2":34,"3":52,"4":69,"5":87,"6":104,"7":122,"8":139},"Mean_EER":{"0":0.1372073223,"1":0.0879424879,"2":0.0510042381,"3":0.0342165242,"4":0.028045977,"5":0.018957115,"6":0.0109042553,"7":0.0093530239,"8":0.0112327656},"median_n_neighbors":{"0":14,"1":15,"2":12,"3":13,"4":12,"5":12,"6":12,"7":11,"8":11},"median_contamination":{"0":0.0469918367,"1":0.0469918367,"2":0.0490306122,"3":0.0490306122,"4":0.0490306122,"5":0.0490306122,"6":0.0490306122,"7":0.0490306122,"8":0.0490306122},"Gini_coef":{"0":0.5908846141,"1":0.6844646799,"2":0.7869018947,"3":0.8486168933,"4":0.878339405,"5":0.9065981148,"6":0.8927130382,"7":0.9210526316,"8":0.9321700762},"overlap":{"0":0.93,"1":0.93,"2":0.93,"3":0.93,"4":0.93,"5":0.93,"6":0.93,"7":0.93,"8":0.93}}