{"window_size":{"0":125,"1":250,"2":500,"3":750,"4":1000,"5":1250,"6":1500,"7":1750,"8":2000},"step_width":{"0":28,"1":57,"2":114,"3":172,"4":229,"5":287,"6":345,"7":402,"8":459},"Mean_EER":{"0":0.1316056002,"1":0.0730593607,"2":0.0443518519,"3":0.0365348399,"4":0.0284722222,"5":0.0283413849,"6":0.0249512671,"7":0.0241898148,"8":0.0263227513},"median_n_neighbors":{"0":9,"1":10,"2":11,"3":11,"4":9,"5":10,"6":12,"7":13,"8":11},"median_contamination":{"0":0.0490306122,"1":0.0490306122,"2":0.0490306122,"3":0.0490306122,"4":0.0490306122,"5":0.0469918367,"6":0.0490306122,"7":0.0469918367,"8":0.0490306122},"Gini_coef":{"0":0.5859551833,"1":0.733837963,"2":0.8365035181,"3":0.8772623139,"4":0.8972406997,"5":0.9030934343,"6":0.8983506944,"7":0.8804359383,"8":0.9166387493},"overlap":{"0":0.77,"1":0.77,"2":0.77,"3":0.77,"4":0.77,"5":0.77,"6":0.77,"7":0.77,"8":0.77}}