{"('', 'SMA_winsize')":{"0":1},"('Window Size', 125)":{"0":0.2163039894},"('Window Size', 250)":{"0":0.1682967399},"('Window Size', 500)":{"0":0.1534136546},"('Window Size', 750)":{"0":0.1348484848},"('Window Size', 1000)":{"0":0.1405149051},"('Window Size', 1250)":{"0":0.1451388889},"('Window Size', 1500)":{"0":0.1318930041},"('Window Size', 1750)":{"0":0.1338164251},"('Window Size', 2000)":{"0":0.1338888889},"('', 'mean')":{"0":0.1509016645},"('', 'var')":{"0":0.0007409789}}