{"window_size":{"0":125,"1":250,"2":500,"3":750,"4":1000,"5":1250,"6":1500,"7":1750,"8":2000},"step_width":{"0":62,"1":125,"2":250,"3":375,"4":500,"5":625,"6":750,"7":875,"8":1000},"Mean_EER":{"0":0.1694526871,"1":0.146007984,"2":0.1463186078,"3":0.1415151515,"4":0.1535230352,"5":0.1385416667,"6":0.1829218107,"7":0.1707729469,"8":0.1811111111},"median_n_neighbors":{"0":9,"1":12,"2":16,"3":12,"4":13,"5":12,"6":16,"7":11,"8":9},"median_contamination":{"0":0.0531081633,"1":0.0480112245,"2":0.0490306122,"3":0.0490306122,"4":0.0490306122,"5":0.0531081633,"6":0.0490306122,"7":0.0551469388,"8":0.0531081633},"Gini_coef":{"0":0.4607657468,"1":0.4842890053,"2":0.5080309037,"3":0.5181774923,"4":0.480445229,"5":0.4964076859,"6":0.4517060367,"7":0.4651422285,"8":0.4832992502},"SMA_winsize":{"0":49,"1":49,"2":49,"3":49,"4":49,"5":49,"6":49,"7":49,"8":49}}