{"('', 'mean rank')":{"0":7,"1":1,"2":5,"3":3,"4":7,"5":11,"6":9,"7":6,"8":2,"9":10,"10":4},"('', 'cut_off_freq')":{"0":"-","1":37,"2":33,"3":"-","4":"-","5":"-","6":"-","7":41,"8":40,"9":43,"10":26},"('', 'EMA_span')":{"0":"-","1":"-","2":"-","3":49,"4":1,"5":"-","6":"-","7":48,"8":3,"9":"-","10":"-"},"('', 'SMA_winsize')":{"0":"-","1":"-","2":"-","3":"-","4":"-","5":49,"6":1,"7":"-","8":"-","9":34,"10":2},"('', 'type')":{"0":"None","1":"Naive","2":"Real","3":"Naive","4":"Real","5":"Naive","6":"Real","7":"Naive","8":"Real","9":"Naive","10":"Real"},"('Window Size', 125)":{"0":0.2161885922,"1":0.2111440818,"2":0.2149686779,"3":0.1603857567,"4":0.2161885922,"5":0.1694526871,"6":0.2163039894,"7":0.1612265084,"8":0.2158753709,"9":0.1808440488,"10":0.2171447412},"('Window Size', 250)":{"0":0.1670326015,"1":0.1626746507,"2":0.1645708583,"3":0.1355289421,"4":0.1670326015,"5":0.146007984,"6":0.1682967399,"7":0.1328010645,"8":0.1636393879,"9":0.1469727212,"10":0.1650698603},"('Window Size', 500)":{"0":0.1527443106,"1":0.1445113788,"2":0.1455823293,"3":0.1283801874,"4":0.1527443106,"5":0.1463186078,"6":0.1534136546,"7":0.1288487282,"8":0.1442436412,"9":0.1493975904,"10":0.1488621151},"('Window Size', 750)":{"0":0.1345454545,"1":0.1287878788,"2":0.1290909091,"3":0.1287878788,"4":0.1345454545,"5":0.1415151515,"6":0.1348484848,"7":0.136969697,"8":0.1287878788,"9":0.1533333333,"10":0.1297979798},"('Window Size', 1000)":{"0":0.1405149051,"1":0.1375338753,"2":0.1394308943,"3":0.131300813,"4":0.1405149051,"5":0.1535230352,"6":0.1405149051,"7":0.1407859079,"8":0.1364498645,"9":0.1501355014,"10":0.1425474255},"('Window Size', 1250)":{"0":0.1451388889,"1":0.1310763889,"2":0.1388888889,"3":0.1401041667,"4":0.1451388889,"5":0.1385416667,"6":0.1451388889,"7":0.1428819444,"8":0.1293402778,"9":0.1369791667,"10":0.1362847222},"('Window Size', 1500)":{"0":0.1318930041,"1":0.1234567901,"2":0.1283950617,"3":0.1502057613,"4":0.1318930041,"5":0.1829218107,"6":0.1318930041,"7":0.1547325103,"8":0.1230452675,"9":0.1586419753,"10":0.1205761317},"('Window Size', 1750)":{"0":0.1338164251,"1":0.1198067633,"2":0.1330917874,"3":0.1548309179,"4":0.1338164251,"5":0.1707729469,"6":0.1338164251,"7":0.1671497585,"8":0.1251207729,"9":0.1562801932,"10":0.1256038647},"('Window Size', 2000)":{"0":0.135,"1":0.1383333333,"2":0.14,"3":0.1863888889,"4":0.135,"5":0.1811111111,"6":0.1338888889,"7":0.1855555556,"8":0.1383333333,"9":0.1572222222,"10":0.1352777778},"('', 'mean')":{"0":0.150763798,"1":0.1441472379,"2":0.1482243785,"3":0.1462125903,"4":0.150763798,"5":0.1589072223,"6":0.1509016645,"7":0.1501057416,"8":0.144981755,"9":0.1544229725,"10":0.1467960687},"('', 'variance')":{"0":0.0007300665,"1":0.0007921029,"2":0.0007436742,"3":0.000362583,"4":0.0007300665,"5":0.000299101,"6":0.0007409789,"7":0.0003443971,"8":0.0008592646,"9":0.0001414719,"10":0.0008717345}}