{"('', 'mean rank')":{"0":10,"1":3,"2":6,"3":1,"4":10,"5":5,"6":8,"7":2,"8":7,"9":9,"10":4},"('', 'cut_off_freq')":{"0":"-","1":37,"2":33,"3":"-","4":"-","5":"-","6":"-","7":41,"8":40,"9":43,"10":26},"('', 'EMA_span')":{"0":"-","1":"-","2":"-","3":49,"4":1,"5":"-","6":"-","7":48,"8":3,"9":"-","10":"-"},"('', 'SMA_winsize')":{"0":"-","1":"-","2":"-","3":"-","4":"-","5":49,"6":1,"7":"-","8":"-","9":34,"10":2},"('', 'type')":{"0":"-","1":"Naive","2":"Real","3":"Naive","4":"Real","5":"Naive","6":"Real","7":"Naive","8":"Real","9":"Naive","10":"Real"},"('Window Size', 125)":{"0":0.0,"1":4.8615893092,"2":2.1966671047,"3":18.8300509684,"4":0.0,"5":14.0855253924,"6":-0.006886113,"7":18.175871089,"8":1.291144466,"9":8.5663131786,"10":2.9610246461},"('Window Size', 250)":{"0":0.0,"1":7.17620236,"2":6.1882531608,"3":11.3342742319,"4":0.0,"5":5.3414395614,"6":0.6079687054,"7":10.0206274944,"8":1.8021930121,"9":1.6502008276,"10":5.5151449151},"('Window Size', 500)":{"0":0.0,"1":7.4848280761,"2":4.8550235925,"3":6.2373567637,"4":0.0,"5":-8.192852306,"6":0.5394470322,"7":7.6871207132,"8":3.1355360764,"9":-12.4747134267,"10":3.0006743184},"('Window Size', 750)":{"0":0.0,"1":12.4069478917,"2":12.0967741975,"3":7.1960297674,"4":0.0,"5":-0.2481389554,"6":0.0620347388,"7":8.3126550666,"8":8.6228287608,"9":-0.6823821887,"10":10.0496278156},"('Window Size', 1000)":{"0":0.0,"1":7.5949367152,"2":-0.1947419597,"3":11.4897760527,"4":0.0,"5":4.2843232568,"6":0.0,"7":8.6660175294,"8":6.6212268449,"9":3.7000973778,"10":7.5949367152},"('Window Size', 1250)":{"0":0.0,"1":9.2926489913,"2":7.7669902005,"3":6.9348126419,"4":0.0,"5":8.4604715126,"6":0.0,"7":6.3800276561,"8":10.5409152892,"9":-3.0513176615,"10":3.8834949804},"('Window Size', 1500)":{"0":0.0,"1":1.5473887489,"2":-4.2553192709,"3":5.2224370862,"4":0.0,"5":-2.5145067522,"6":0.1934235819,"7":3.6750483374,"8":-4.2553191769,"9":-19.5357834599,"10":-4.4487428528},"('Window Size', 1750)":{"0":0.0,"1":13.2286994436,"2":6.5022421419,"3":6.502242049,"4":0.0,"5":-14.5739911452,"6":0.2242152527,"7":3.8116592026,"8":2.2421523411,"9":-2.4663678722,"10":10.9865470097},"('Window Size', 2000)":{"0":0.0,"1":5.4590569749,"2":-8.188585641,"3":7.6923076854,"4":0.0,"5":-0.7444169333,"6":0.0,"7":8.9330023956,"8":-9.6774195076,"9":2.4813895097,"10":-8.6848635072},"('', 'mean')":{"0":0.0,"1":7.1698487096,"2":3.5451477789,"3":11.2167126219,"4":0.0,"5":3.7124163678,"6":0.198578754,"7":10.6271275017,"8":2.3854005184,"9":0.0497244873,"10":3.8117669522},"('', 'variance')":{"0":0.0,"1":8.361782231,"2":6.6273483893,"3":37.399723956,"4":0.0,"5":30.7921185302,"6":0.264835603,"7":36.3501967319,"8":2.2827593732,"9":20.221526393,"10":7.1592574818}}