{"('', 'mean rank')":{"0":13,"1":18,"2":22,"3":21,"4":11,"5":19,"6":8,"7":16,"8":10,"9":9,"10":15,"11":1,"12":6,"13":4,"14":2,"15":7,"16":5,"17":3,"18":14,"19":17,"20":12,"21":20,"22":23,"23":24},"('', 'overlap')":{"0":0.01,"1":0.05,"2":0.09,"3":0.13,"4":0.17,"5":0.21,"6":0.25,"7":0.29,"8":0.33,"9":0.37,"10":0.41,"11":0.45,"12":0.49,"13":0.53,"14":0.57,"15":0.61,"16":0.65,"17":0.69,"18":0.73,"19":0.77,"20":0.81,"21":0.85,"22":0.89,"23":0.93},"('Window Size', 125)":{"0":0.1566557734,"1":0.157470182,"2":0.163023023,"3":0.1682130584,"4":0.165918628,"5":0.164615784,"6":0.1578106996,"7":0.1640445067,"8":0.1618092299,"9":0.160924544,"10":0.1608197358,"11":0.1582277717,"12":0.1558232932,"13":0.1552880658,"14":0.1528106787,"15":0.158109834,"16":0.1561995123,"17":0.1559259259,"18":0.1517523843,"19":0.1549250323,"20":0.1525065263,"21":0.1525446999,"22":0.1515186108,"23":0.1526089116},"('Window Size', 250)":{"0":0.1067755991,"1":0.1031355219,"2":0.110668277,"3":0.1019483025,"4":0.1075724239,"5":0.106568833,"6":0.1089589589,"7":0.1051632141,"8":0.1077037037,"9":0.1045112782,"10":0.1034820032,"11":0.1031676413,"12":0.1033649503,"13":0.1042342905,"14":0.1037514318,"15":0.1013499481,"16":0.1029753603,"17":0.0995747599,"18":0.1021445639,"19":0.1029173009,"20":0.1036450478,"21":0.1044002113,"22":0.1042310842,"23":0.1064549398},"('Window Size', 500)":{"0":0.0690035273,"1":0.064983165,"2":0.0644122383,"3":0.0648919753,"4":0.0665185185,"5":0.0637464387,"6":0.064949495,"7":0.0667943806,"8":0.0664575866,"9":0.063664422,"10":0.0686243386,"11":0.0645185185,"12":0.0662780064,"13":0.0672348485,"14":0.0676504629,"15":0.0613556953,"16":0.0661330822,"17":0.0663764511,"18":0.0670930799,"19":0.0654423868,"20":0.0664468121,"21":0.0657137064,"22":0.0674415205,"23":0.0698605737},"('Window Size', 750)":{"0":0.0513888889,"1":0.0540868455,"2":0.0552469136,"3":0.0503472222,"4":0.0525813692,"5":0.0538095238,"6":0.0514014014,"7":0.0525641026,"8":0.0529810298,"9":0.056287683,"10":0.0512479871,"11":0.0534814815,"12":0.0533950617,"13":0.055651341,"14":0.0537624926,"15":0.0534656084,"16":0.0552469136,"17":0.0527356902,"18":0.0566740007,"19":0.054472693,"20":0.0531857032,"21":0.0544096583,"22":0.0575948418,"23":0.059705603},"('Window Size', 1000)":{"0":0.0473544974,"1":0.0465488216,"2":0.0492424243,"3":0.048389694,"4":0.0428148148,"5":0.0503561254,"6":0.0470507545,"7":0.049936143,"8":0.045,"9":0.0490740741,"10":0.0487472767,"11":0.0439439439,"12":0.046712963,"13":0.0449612403,"14":0.0478723404,"15":0.0470441595,"16":0.0500319285,"17":0.0466951567,"18":0.0489382716,"19":0.0472222222,"20":0.0487246681,"21":0.0531923715,"22":0.0501006441,"23":0.0543678161},"('Window Size', 1250)":{"0":0.0415509259,"1":0.0420479303,"2":0.0471193416,"3":0.0428849903,"4":0.0430555556,"5":0.0441798942,"6":0.0380471381,"7":0.0406602254,"8":0.0402006173,"9":0.0397435898,"10":0.0433470508,"11":0.0388250319,"12":0.0412615741,"13":0.0413398693,"14":0.038988989,"15":0.0414182475,"16":0.0408615137,"17":0.0423433049,"18":0.0433772756,"19":0.0431025228,"20":0.0449294533,"21":0.0456848358,"22":0.049348659,"23":0.05402859},"('Window Size', 1500)":{"0":0.0369047619,"1":0.0433862434,"2":0.0374074074,"3":0.0404938272,"4":0.0386574074,"5":0.0375816993,"6":0.037037037,"7":0.042202729,"8":0.0392592593,"9":0.0382716049,"10":0.0400161031,"11":0.0375771605,"12":0.0372507123,"13":0.0361111111,"14":0.0383512545,"15":0.0380718954,"16":0.0374269006,"17":0.0385874246,"18":0.0413076342,"19":0.042820013,"20":0.0429414922,"21":0.0406768838,"22":0.0448490507,"23":0.047892041},"('Window Size', 1750)":{"0":0.0388888889,"1":0.0391975309,"2":0.037037037,"3":0.0396011396,"4":0.033994709,"5":0.0374338625,"6":0.0375308642,"7":0.0329861111,"8":0.0355119826,"9":0.0351851852,"10":0.0377192982,"11":0.0395061728,"12":0.0388047138,"13":0.0355709877,"14":0.0376068376,"15":0.0412515964,"16":0.0350115741,"17":0.0366255144,"18":0.0392050587,"19":0.0402006173,"20":0.0371328225,"21":0.0405405405,"22":0.0424825816,"23":0.0466947961},"('Window Size', 2000)":{"0":0.0398148148,"1":0.0411111111,"2":0.0405050505,"3":0.0423569023,"4":0.0364197531,"5":0.0368945869,"6":0.0408831909,"7":0.0367724868,"8":0.0359259259,"9":0.0366898148,"10":0.0368191721,"11":0.0326131687,"12":0.0382066277,"13":0.0394179894,"14":0.0351046699,"15":0.0411851852,"16":0.0371693122,"17":0.0382915173,"18":0.0385802469,"19":0.0405643739,"20":0.0385257807,"21":0.0381076389,"22":0.040911026,"23":0.0465531225},"('', 'mean')":{"0":0.0653708531,"1":0.0657741502,"2":0.0671846348,"3":0.0665696791,"4":0.0652814644,"5":0.0661318609,"6":0.0648521711,"7":0.0656804333,"8":0.0649832594,"9":0.0649280218,"10":0.0656469962,"11":0.063540099,"12":0.0645664336,"13":0.0644233048,"14":0.0639887953,"15":0.0648057967,"16":0.0645617886,"17":0.0641284161,"18":0.0654525018,"19":0.0657407958,"20":0.0653375896,"21":0.0661411718,"22":0.0676086687,"23":0.0709073771},"('', 'variance')":{"0":0.0016640854,"1":0.0015862001,"2":0.0018072399,"3":0.0018417492,"4":0.0019498285,"5":0.0018395037,"6":0.0017372096,"7":0.001842168,"8":0.0018418314,"9":0.0017670774,"10":0.0017195456,"11":0.0017301567,"12":0.0016159232,"13":0.0016371363,"14":0.0015825867,"15":0.0016089387,"16":0.0016368745,"17":0.0015841101,"18":0.0014534734,"19":0.0015162405,"20":0.001490404,"21":0.0014678712,"22":0.0013730535,"23":0.0012916101}}