{"('', 'mean rank')":{"0":7,"1":1,"2":5,"3":3,"4":7,"5":11,"6":9,"7":6,"8":2,"9":10,"10":4},"('', 'cut_off_freq')":{"0":"-","1":37,"2":33,"3":"-","4":"-","5":"-","6":"-","7":41,"8":40,"9":43,"10":26},"('', 'EMA_span')":{"0":"-","1":"-","2":"-","3":49,"4":1,"5":"-","6":"-","7":48,"8":3,"9":"-","10":"-"},"('', 'SMA_winsize')":{"0":"-","1":"-","2":"-","3":"-","4":"-","5":49,"6":1,"7":"-","8":"-","9":34,"10":2},"('', 'type')":{"0":"None","1":"Naive","2":"Real","3":"Naive","4":"Real","5":"Naive","6":"Real","7":"Naive","8":"Real","9":"Naive","10":"Real"},"('Window Size', 125)":{"0":0.0,"1":2.3333841757,"2":0.5642824571,"3":25.8121092016,"4":0.0,"5":21.6181180628,"6":-0.0533780246,"7":25.4232118544,"8":0.1448833617,"9":16.3489400807,"10":-0.4422754181},"('Window Size', 250)":{"0":0.0,"1":2.6090420438,"2":1.4738100095,"3":18.8607847313,"4":0.0,"5":12.5871340751,"6":-0.7568213562,"7":20.4939255526,"8":2.0314678509,"9":12.0095598822,"10":1.1750647373},"('Window Size', 500)":{"0":0.0,"1":5.3900088112,"2":4.6888694393,"3":15.9509202695,"4":0.0,"5":4.2068361006,"6":-0.4382120665,"7":15.6441718229,"8":5.5652936379,"9":2.1910604636,"10":2.5416301823},"('Window Size', 750)":{"0":0.0,"1":4.2792792379,"2":4.0540540149,"3":4.2792792379,"4":0.0,"5":-5.1801802045,"6":-0.225225223,"7":-1.8018018587,"8":4.2792792379,"9":-13.9639639777,"10":3.5285284944},"('Window Size', 1000)":{"0":0.0,"1":2.1215043329,"2":0.7714560952,"3":6.5573770223,"4":0.0,"5":-9.2574734977,"6":0.0,"7":-0.192864095,"8":2.892960428,"9":-6.8466731648,"10":-1.4464802852},"('Window Size', 1250)":{"0":0.0,"1":9.6889952146,"2":4.3062200954,"3":3.468899506,"4":0.0,"5":4.5454545298,"6":0.0,"7":1.5550239616,"8":10.8851674556,"9":5.6220095536,"10":6.1004784914},"('Window Size', 1500)":{"0":0.0,"1":6.3962558572,"2":2.6521060945,"3":-13.8845553826,"4":0.0,"5":-38.6895475982,"6":0.0,"7":-17.3166926903,"8":6.7082683122,"9":-20.2808112398,"10":8.5803431935},"('Window Size', 1750)":{"0":0.0,"1":10.4693140543,"2":0.5415162597,"3":-15.7039711562,"4":0.0,"5":-27.6173285696,"6":0.0,"7":-24.9097473461,"8":6.4981949664,"9":-16.7870036008,"10":6.1371841266},"('Window Size', 2000)":{"0":0.0,"1":-2.4691357778,"2":-3.7037037037,"3":-38.0658436296,"4":0.0,"5":-34.1563785926,"6":0.8230452593,"7":-37.4485597037,"8":-2.4691357778,"9":-16.4609053333,"10":-0.2057613333},"('', 'mean')":{"0":0.0,"1":4.3886929083,"2":1.6843695166,"3":3.0187669383,"4":0.0,"5":-5.4014454673,"6":-0.0914453835,"7":0.4364816782,"8":3.8351667303,"9":-2.4270909519,"10":2.6317520205},"('', 'variance')":{"0":0.0,"1":-8.4973649358,"2":-1.8638957529,"3":50.3356176996,"4":0.0,"5":59.0309842024,"6":-1.4947111534,"7":52.8266082368,"8":-17.6967659359,"9":80.6220536886,"10":-19.404807547}}