{"roc_val": {"Train": [0.8445723330883601, 0.7609910035112845, 0.7104532556328164, 0.69535375091865, 0.6748530866640285, 0.6881700256279797, 0.8999381442327624, 0.9161573262730761, 0.9097808195300281, 0.9268817406925837, 0.932670319281914, 0.9429049754712595, 0.9461373986344307, 0.9505556654794882, 0.9566476419746109, 0.9609627216537586, 0.96081426938273, 0.9616452629066401, 0.9627852526051971], "Valid": []}, "eer_val": {"Train": [0.2512531328320802, 0.30977443608996746, 0.3442355889724312, 0.35664160401002515, 0.37669172932370837, 0.3723057644099472, 0.1818295739329426, 0.15827067669173286, 0.16453634085088972, 0.14799498746953615, 0.13583959899746106, 0.12268170426018848, 0.11791979949874647, 0.11240601503759398, 0.09749373433582734, 0.09323308270627083, 0.09385964912280402, 0.0922305764410435, 0.09097744360944643], "Valid": []}, "thres": {"Train": [-0.17189504206180573, -0.0725032091140543, -0.021665964275598533, -0.0050938930362463, -0.0007597247604308647, -7.685934542674132e-05, -0.0030868370085908765, -0.0075826328247786, -0.024889044463603602, -0.04941981285814248, -0.07646746188402154, -0.1327715963123858, -0.16050168871879572, -0.21501070261001587, -0.25117224454879705, -0.26440390944412, -0.2531789615750288, -0.26498728990552745, -0.2691120207313475], "Valid": []}, "acc_val": {"Train": [0.7488095238095238, 0.6902255639097744, 0.6557017543859649, 0.6432957393483709, 0.6233082706766917, 0.6276942355889724, 0.8182330827067669, 0.8416666666666667, 0.8354636591478697, 0.8520050125313283, 0.8642230576441102, 0.8773182957393484, 0.8821428571428571, 0.8875313283208021, 0.9025062656641604, 0.9067042606516291, 0.906203007518797, 0.9077694235588972, 0.9090852130325815], "Valid": []}, "f1_val": {"Train": [0.7487937840716837, 0.6901867401930067, 0.6556801804624349, 0.6432733880568957, 0.6233082706766917, 0.6276475748840706, 0.8182216930885393, 0.8416567454101134, 0.8354430379746836, 0.8520050125313283, 0.8642145497838211, 0.8773029201654343, 0.8821354721473776, 0.8875101836184747, 0.9024940468730418, 0.906686720561509, 0.9061971301459991, 0.9077578643940343, 0.9090909090909092], "Valid": []}}