{"roc_val": {"Train": [0.920610651000936, 0.9355809244288668, 0.9047085366926086, 0.8949612596654544, 0.9050860233289992, 0.9162997170243905, 0.9157927714021896, 0.9219329181349364, 0.9282441693205445, 0.9282688158365838, 0.9276808405726095, 0.9275841075118875, 0.9280524776854416, 0.9273776468112638, 0.9273364253365243, 0.9272726616038843, 0.9273147232115377, 0.9272813455945628, 0.9271919067719424, 0.9271733374790359, 0.9272034173780316, 0.9272142684405249, 0.9272508338515462, 0.9271873763355759, 0.9271950160488941, 0.9272012346027976, 0.9272143626610385, 0.9272181471850051, 0.9272009440895471, 0.9271752375927288], "Valid": []}, "eer_val": {"Train": [0.15501253132832485, 0.13684210526319676, 0.1756892230576441, 0.18383458646616538, 0.1694235588967774, 0.15150375939849642, 0.1528822055131834, 0.14799498746867162, 0.14135338345865914, 0.14223057644131715, 0.14248120300755954, 0.1446115288201202, 0.14423558897248065, 0.14448621553884708, 0.1444862155388666, 0.14486215538922817, 0.14498746867167653, 0.1449874686703504, 0.1452380952361271, 0.14523809523809558, 0.1451127819547594, 0.14511278195488722, 0.14523809523809533, 0.14523809523809572, 0.14523809523832126, 0.14511278195489147, 0.14511278195489027, 0.14511278195488775, 0.14498746867168705, 0.14498746867168094], "Valid": []}, "thres": {"Train": [-0.11117107421159789, -0.03433373570442364, -0.008694376796483994, -0.02634722925722599, -0.07421878725284807, -0.1315717101097107, -0.18906101584403825, -0.2072280943393707, -0.22578604519367396, -0.1982323825360018, -0.21217409769695564, -0.21385116875167565, -0.21450361609459248, -0.2147191564242045, -0.21480861306191204, -0.21504783630433258, -0.21502497295538572, -0.21523915231191265, -0.21516376733777123, -0.21501882374286663, -0.21510943025348572, -0.21498555690050125, -0.21519997715950012, -0.21499953667322808, -0.21500181903446855, -0.21503458172082984, -0.21483451128006106, -0.21525209769606604, -0.21543851494789434, -0.21459060534834928], "Valid": []}, "acc_val": {"Train": [0.8449248120300752, 0.8631578947368421, 0.8244360902255639, 0.8162280701754386, 0.8305764411027569, 0.8484335839598998, 0.8471177944862155, 0.8520676691729323, 0.8585839598997493, 0.8577067669172932, 0.8575814536340852, 0.8554511278195489, 0.855701754385965, 0.8555137844611529, 0.8554511278195489, 0.8552005012531328, 0.8550751879699248, 0.8550751879699248, 0.8548245614035088, 0.8546992481203007, 0.8548872180451128, 0.8548872180451128, 0.8546992481203007, 0.8546992481203007, 0.8547619047619047, 0.8550751879699248, 0.8548245614035088, 0.8548872180451128, 0.8550125313283208, 0.8550125313283208], "Valid": []}, "f1_val": {"Train": [0.8449150949307601, 0.8631578947368422, 0.8244140869783181, 0.8162165549219875, 0.8305552074194762, 0.8484240867222257, 0.8470986339140244, 0.8520583996491009, 0.8585750986903942, 0.8576978507425277, 0.8575725296071183, 0.855442070305157, 0.8556927125759759, 0.8555137844611529, 0.855442070305157, 0.855209573335004, 0.8550661068989286, 0.8550661068989286, 0.8548154646281094, 0.8546901434927, 0.8548872180451128, 0.8548872180451128, 0.8546901434927, 0.8547083516070421, 0.8547619047619046, 0.8550479413423575, 0.8548154646281094, 0.8548872180451128, 0.8550125313283208, 0.8550125313283208], "Valid": []}}