{"roc_val": {"Train": [0.6884973948027965, 0.6829907711006841, 0.6723276863838794, 0.6813286113152556, 0.676089817275017, 0.6672757159188698, 0.6767380387057871, 0.7695853198158303, 0.7999118881162807, 0.8194152203817815, 0.8386044607131864, 0.8587613457201903, 0.8608981884535901, 0.8556624330249182, 0.8670585533382328, 0.8759885773330569, 0.8738647448822557, 0.8706489830465889, 0.8831451906709129, 0.8831571252693136, 0.8829969660994591, 0.8835931699549625, 0.8888105916420124, 0.8903185517050772, 0.8911895182819204, 0.8912288317912576, 0.8911228258616466, 0.8911808421429513, 0.8912494111217895, 0.8912467650956964], "Valid": []}, "eer_val": {"Train": [0.36867167919823324, 0.37330827067715616, 0.38283208020050125, 0.37568922305715774, 0.3804511278197625, 0.38659147869761334, 0.37619047619019996, 0.2992481203005452, 0.28107769423558887, 0.25200501253132296, 0.23571428571428182, 0.2177944862155437, 0.21716791979949884, 0.22380952381002864, 0.2121553884712347, 0.19987468671679018, 0.20137844611525552, 0.2063909774440869, 0.1948621553885805, 0.19185463659146948, 0.19523809523853872, 0.19060150375913149, 0.18634085213034626, 0.1853383458647435, 0.18433583959899727, 0.18370927318295774, 0.1844611528832869, 0.18458646616541294, 0.18395989974937346, 0.18433583959886127], "Valid": []}, "thres": {"Train": [-0.3635615706444982, -0.21567872166650098, -0.10443267971277237, -0.04517398774623788, -0.02045417949557409, -0.006920848973095871, -0.012342177331440165, -0.02146456204354186, -0.041684828698635094, -0.0577360466122624, -0.07865021377801865, -0.1148642301559462, -0.1355360522866249, -0.1957715749742534, -0.23354810476306534, -0.2224576026201243, -0.227413706481456, -0.27255976200106546, -0.25345042347911834, -0.2421828806400248, -0.25855614244942954, -0.269673526286927, -0.28523275256157177, -0.28451868891718335, -0.2920441925525664, -0.29910105466842657, -0.3032917976380292, -0.3053287565708159, -0.30676594376564026, -0.30747121572489744], "Valid": []}, "acc_val": {"Train": [0.631516290726817, 0.6266917293233083, 0.6169172932330828, 0.6243734335839599, 0.6195488721804512, 0.6133458646616541, 0.6237468671679198, 0.7007518796992481, 0.7189849624060151, 0.7480576441102756, 0.7643483709273183, 0.7821428571428571, 0.7828320802005012, 0.7761904761904762, 0.7880325814536341, 0.800187969924812, 0.7986215538847118, 0.793609022556391, 0.8050751879699248, 0.8082080200501253, 0.8048245614035088, 0.8093358395989975, 0.8136591478696742, 0.8145989974937343, 0.8157268170426065, 0.8162280701754386, 0.8154761904761905, 0.8154761904761905, 0.8159774436090226, 0.8157268170426065], "Valid": []}, "f1_val": {"Train": [0.6315855415648688, 0.6266917293233083, 0.6167732230161715, 0.6243498966100632, 0.6195488721804512, 0.6133216366940285, 0.6236761295982953, 0.7007143752349918, 0.7189673538442258, 0.7480418572592268, 0.76433360486246, 0.7821292060906072, 0.7828320802005012, 0.7761904761904762, 0.7880724174653886, 0.8001754495895732, 0.7986215538847118, 0.793609022556391, 0.8050629738705433, 0.8081960022557804, 0.8048123315997243, 0.809299993733158, 0.8136591478696742, 0.8145873801616643, 0.8157152703803496, 0.8162165549219875, 0.8154646281095306, 0.8154646281095306, 0.8159659126511687, 0.8157152703803496], "Valid": []}}