{"roc_val": {"Train": [0.7943963762790436, 0.8198028985370696, 0.8355229788129472, 0.8449860789191022, 0.8377710017525015, 0.8295149920540701, 0.8546758343226487, 0.851770874554808, 0.866224450537371, 0.8567147034252298, 0.8764661654135338, 0.8730485518307046, 0.8745920408791401, 0.8848762492069773, 0.888425904988034, 0.8794981815440858, 0.8935000879391461, 0.9176668959365832, 0.9348294844253491], "Valid": []}, "eer_val": {"Train": [0.28045112782071413, 0.26190476190476186, 0.23922305764411322, 0.2290726817044605, 0.23822055138003956, 0.2424812030075187, 0.21879699248120218, 0.21854636591454502, 0.21102756892266833, 0.21177944862155265, 0.1893483709283027, 0.19223057644210662, 0.1984962406014889, 0.19411027568922254, 0.1845864661669157, 0.1968671679197611, 0.17230576441192952, 0.14987468671660922, 0.12268170426065164], "Valid": []}, "thres": {"Train": [-0.06223358213905524, -0.025858713313937187, -0.019442727789282813, -0.013241957873106669, -0.013571750372660426, -0.006328357849270104, -0.024382704868912683, -0.02293673343956356, -0.05064868554477355, -0.05686873942613593, -0.06015286222103135, -0.0728403776885703, -0.08990554759899519, -0.06774225831031794, -0.07493552565597805, -0.12054894119500723, -0.18375460803558663, -0.1869844198226784, -0.216782346367836], "Valid": []}, "acc_val": {"Train": [0.7194862155388471, 0.7381578947368421, 0.7607142857142857, 0.7708646616541354, 0.7617794486215539, 0.7575187969924813, 0.781265664160401, 0.7814536340852131, 0.7889724310776942, 0.7882832080200501, 0.8107769423558897, 0.8077694235588972, 0.8015037593984963, 0.805952380952381, 0.8154135338345865, 0.8031954887218045, 0.8276315789473684, 0.8501253132832081, 0.8772556390977444], "Valid": []}, "f1_val": {"Train": [0.7194686383858636, 0.7381414875618774, 0.7606992919355848, 0.7708503039037534, 0.7617794486215538, 0.7575187969924813, 0.7812519581427408, 0.7814262438902118, 0.7889724310776942, 0.7882699417256721, 0.8108006515474251, 0.8077694235588972, 0.8015037593984963, 0.8059402218184096, 0.8154135338345865, 0.803183156839401, 0.8276207782442508, 0.8501065296403059, 0.8772479478664076], "Valid": []}}