{"optimizer_name": [{"best_val_loss": {"param": "Adam", "value": 0.2523669898509979}, "best_roc_val": {"param": "RMSprop", "value": 0.8613155911115703}, "best_eer_val": {"param": "RMSprop", "value": 0.21018881368006045}, "best_thres": {"param": "Adadelta", "value": -0.5119590759274066}, "best_acc_val": {"param": "RMSprop", "value": 0.789895036470379}, "best_f1_val": {"param": "RMSprop", "value": 0.7896705253784506}}], "batch_size": [{"best_val_loss": {"param": 128, "value": 0.2914934754371643}, "best_roc_val": {"param": 32, "value": 0.8434722159977254}, "best_eer_val": {"param": 32, "value": 0.23525230987868656}, "best_thres": {"param": 64, "value": -0.4269641896435609}, "best_acc_val": {"param": 32, "value": 0.7648105319338196}, "best_f1_val": {"param": 32, "value": 0.764517278232989}}], "contrastive_loss_margin": [{"best_val_loss": {"param": 0.5, "value": 0.12024390697479248}, "best_roc_val": {"param": 1.5, "value": 0.8910734130254625}, "best_eer_val": {"param": 1.5, "value": 0.1826581378827529}, "best_thres": {"param": 1.4, "value": -0.6550909876830887}, "best_acc_val": {"param": 1.5, "value": 0.8180039138943248}, "best_f1_val": {"param": 1.5, "value": 0.817939135077416}}]}