{"roc_val": {"Train": [0.9188636534946388, 0.9159073985088034, 0.9057012597282681, 0.8836373907827212, 0.8611966633375419, 0.8693701437176904, 0.868851899485556, 0.8720601707903846, 0.8831047622188303, 0.8996624864165427, 0.8991009478583677, 0.9007251289250695, 0.9034974968750196, 0.9041321427001088, 0.9080363110156342, 0.8978167458118982, 0.908059088824819, 0.9076019465958128, 0.9055878260814946, 0.9059856093868757, 0.9057439494726793, 0.9058703934020516, 0.905888695736836, 0.905975166613275, 0.9059511325305746, 0.9059471674172902, 0.9060388832356582, 0.9060742708902582, 0.906036080175376, 0.905957861445594], "Valid": []}, "eer_val": {"Train": [0.14736842105187592, 0.15050125313274776, 0.16466165413537734, 0.1849624060150336, 0.20814536340834686, 0.20701754385964907, 0.2055137844610032, 0.19812030075212925, 0.18546365914718071, 0.16867167919780413, 0.1694235588972422, 0.16741854636534403, 0.16553884711874314, 0.16528822055075923, 0.16052631578871082, 0.17794486215538857, 0.15877192982510172, 0.1596491228070176, 0.16115288220561283, 0.16077694235555506, 0.1601503759398297, 0.16015037593984266, 0.1597744360902899, 0.15989974937343357, 0.1598997493745552, 0.15989974937346213, 0.15977443609040168, 0.1597744360902082, 0.15977443609022576, 0.16015037593984627], "Valid": []}, "thres": {"Train": [-0.18183404207213963, -0.1327447593212058, -0.08195205032825927, -0.037991315126418776, -0.006493612658231874, -0.005074375619490941, -0.009576238691804038, -0.021027093753238062, -0.044898860156488675, -0.05560030415653746, -0.0980945229530334, -0.12468938529483146, -0.16920007765331838, -0.18897145986522856, -0.21156625449643623, -0.2133816927671433, -0.19404585659509277, -0.2123029381036759, -0.21354788541796027, -0.21416200697411258, -0.21785916388034487, -0.22003646194934792, -0.22107572853565755, -0.22034802436828613, -0.22128963470472576, -0.2216280847787899, -0.22044770419607584, -0.22052378952503113, -0.2214210033416749, -0.22162492573261172], "Valid": []}, "acc_val": {"Train": [0.8526315789473684, 0.849561403508772, 0.8352756892230576, 0.8151002506265664, 0.7918546365914787, 0.7930451127819549, 0.7945488721804511, 0.8018796992481203, 0.8145363408521303, 0.831328320802005, 0.830639097744361, 0.8326441102756892, 0.8343984962406015, 0.8347744360902256, 0.8395363408521304, 0.8220551378446115, 0.8413533834586466, 0.8404135338345865, 0.8387844611528822, 0.8392230576441103, 0.8399122807017544, 0.8398496240601504, 0.8401629072681704, 0.8401629072681704, 0.8401002506265665, 0.8401002506265665, 0.8401629072681704, 0.8401629072681704, 0.8401629072681704, 0.8399122807017544], "Valid": []}, "f1_val": {"Train": [0.8526131094122071, 0.849551976940911, 0.8352653675042295, 0.8150886647033022, 0.791828549943602, 0.7930321448712325, 0.7945359984961463, 0.8018796992481203, 0.8145130968793082, 0.8313071813510464, 0.8306284854940784, 0.8326336236606304, 0.8343881195563632, 0.8347640829625916, 0.839526286108152, 0.8220551378446115, 0.8413732614960531, 0.8404035340560185, 0.8387743592956951, 0.8392029076325355, 0.8399022495143806, 0.8398295525755107, 0.8401528917851996, 0.8401528917851996, 0.8401002506265663, 0.8401002506265663, 0.8401528917851996, 0.8401328570533309, 0.8401528917851996, 0.8399022495143806], "Valid": []}}