{"roc_val": {"Train": [0.6600167319928896, 0.6539119345286077, 0.6628852990873173, 0.8120389607058582, 0.8499109886593398, 0.8261312036356556, 0.8522279818873276, 0.8493025047302187, 0.8502262313050797, 0.8528919616990123, 0.8517519597866847, 0.8532467254881844, 0.8524040355343944, 0.8509736442540492, 0.8561652495203478, 0.8570746161909926, 0.8568057352724613, 0.858044069377007, 0.8567628623214957, 0.8579132075524372, 0.8575270849080373, 0.8577733092826749, 0.8577628979159122, 0.8577412760528444, 0.8575918048044087, 0.8575363063046088, 0.857623662679394, 0.8577372071225126], "Valid": []}, "eer_val": {"Train": [0.39218880534656503, 0.39502923976505033, 0.3886800334168734, 0.2644945697568727, 0.225856307435245, 0.24502923976607785, 0.22034252297312434, 0.22431077694243154, 0.22151211361737672, 0.22126148704927817, 0.22284878863906188, 0.22038429406752685, 0.22147034252389097, 0.22406015037583146, 0.21704260651601037, 0.21487050960734938, 0.2175020885546848, 0.21516290726820475, 0.21570593149534317, 0.21503759398621194, 0.21604010025079523, 0.2151211361737677, 0.21474519632415942, 0.21482873851259082, 0.2159983291560633, 0.21566416040198266, 0.21558061821191313, 0.21528822055120364], "Valid": []}, "thres": {"Train": [-1.1584068934122134, -0.7911054491996206, -0.22837719321250866, -0.11214452236873718, -0.15354548394679818, -0.16160592436790408, -0.1714452952145456, -0.1777184754610082, -0.18748275935649872, -0.1593155413865593, -0.1876340508461566, -0.1717469841241117, -0.1766752898694646, -0.1751147359609499, -0.20311695337291386, -0.1835824946562446, -0.18022014200687209, -0.18504247665406032, -0.1846272647380608, -0.18621382117299015, -0.18665874004366043, -0.1860300749540329, -0.18326751887798354, -0.18412041664114628, -0.1846316307782523, -0.1835737973453118, -0.1835985779762185, -0.1842968016862467], "Valid": []}, "acc_val": {"Train": [0.6078111946532999, 0.6049707602339182, 0.6113408521303259, 0.7355054302422723, 0.7741228070175439, 0.7549916457811194, 0.779657477025898, 0.7757101086048455, 0.7785087719298246, 0.7787385129490393, 0.7772138680033417, 0.7796365914786968, 0.7785505430242272, 0.7759398496240602, 0.7829573934837093, 0.7851503759398496, 0.7825187969924812, 0.7848579782790309, 0.7842940685045948, 0.7849415204678363, 0.783939014202172, 0.7848997493734335, 0.785233918128655, 0.7851294903926482, 0.7840225563909774, 0.7843358395989974, 0.7844193817878028, 0.7847117794486216], "Valid": []}, "f1_val": {"Train": [0.6078111946532999, 0.6049542587409665, 0.6113327346018087, 0.7354943815531142, 0.7741086534243999, 0.7549865285406964, 0.7796482726930949, 0.7757147929241245, 0.7785041458677082, 0.7787292702284974, 0.7772278261595973, 0.7796319889722008, 0.778555168020718, 0.775930489995405, 0.7829483269977859, 0.7851458885941643, 0.7825142546836819, 0.784853484826333, 0.7842850578553825, 0.7849370287599992, 0.7839345015560057, 0.7848952567931661, 0.7852294325278306, 0.7851115381401955, 0.7840180454896719, 0.7843358395989974, 0.784410376373282, 0.7847027862483814], "Valid": []}}