{"roc_val": {"Train": [0.9126568143416186, 0.8700142979629526, 0.8405133290620034, 0.8109676525273082, 0.787750029836496, 0.7815201694712973, 0.7925036274897771, 0.8440539161186174, 0.8946523027493547, 0.9168862789806597, 0.9185617081550996, 0.9182701349237756, 0.9270337497880038, 0.9443580442333905, 0.9407924102235539, 0.9426179719348496, 0.9482577998881916, 0.9510014541365946, 0.9526384884517056, 0.9563055665479486, 0.9562365029114139, 0.9572776238842721, 0.9584203773845641, 0.9602643356511579, 0.9637980210551441, 0.9652267259627766, 0.9650535015483571, 0.9652385349338257, 0.96538779593093, 0.964887076714342], "Valid": []}, "eer_val": {"Train": [0.16954887217989106, 0.2075187969924248, 0.2330827067675611, 0.26641604010025094, 0.28746867167997564, 0.2927318295739347, 0.27944862155388484, 0.23634085212941092, 0.18170426065162987, 0.1711779448620461, 0.16741854636615586, 0.16741854636591158, 0.15438596491204998, 0.12493734335840907, 0.13145363408521077, 0.13721804511278213, 0.12005012531477238, 0.12280701754318203, 0.11328320801959177, 0.10300751879699337, 0.10426065162801718, 0.10413533834586365, 0.10501253132836876, 0.1023809523809518, 0.09686716791980016, 0.09210526315717647, 0.09223057644111254, 0.09160401002532499, 0.09135338345864719, 0.09197994987468672], "Valid": []}, "thres": {"Train": [-0.20025554299306336, -0.09345764666794903, -0.06367338448767612, -0.05017503350973134, -0.04032366350297232, -0.030566798523068414, -0.025684775784611705, -0.026204545050826134, -0.036179322749376484, -0.16025042533872702, -0.21448142826591973, -0.23923833668231714, -0.24285076558587815, -0.2494609504938256, -0.28017953038215204, -0.278070479631424, -0.27880430221589103, -0.2948387563224885, -0.31853362917879136, -0.30754083395004284, -0.3042198121545209, -0.30307587981223993, -0.3015778660774453, -0.3361703753471369, -0.3103584647178651, -0.31059566140088896, -0.31316144267718116, -0.30974119901667485, -0.3107866644859315, -0.31157437960306805], "Valid": []}, "acc_val": {"Train": [0.8304511278195489, 0.7925438596491228, 0.7669799498746868, 0.7335213032581454, 0.712468671679198, 0.7073308270676691, 0.7204887218045113, 0.7636591478696741, 0.8182330827067669, 0.8288847117794487, 0.8326441102756892, 0.8326441102756892, 0.8456140350877193, 0.875, 0.8686090225563909, 0.862719298245614, 0.8798872180451128, 0.8771929824561403, 0.8867167919799499, 0.8969298245614035, 0.8956766917293233, 0.8959273182957393, 0.8949248120300752, 0.8976817042606516, 0.9030701754385965, 0.9077694235588972, 0.9078320802005012, 0.9083959899749373, 0.9085839598997494, 0.9080827067669173], "Valid": []}, "f1_val": {"Train": [0.830429878430881, 0.7925308603295946, 0.7669945492137085, 0.7335046055517263, 0.7124506548029325, 0.7073124882511436, 0.7204712074691397, 0.763629527509713, 0.8182216930885393, 0.8288739895983458, 0.8326545955767183, 0.8326336236606304, 0.8455946860508836, 0.874992167429037, 0.8686007895231531, 0.8627106961589072, 0.8798796917100069, 0.8771775911768394, 0.8867025943100638, 0.896923366125697, 0.8956570783981952, 0.8959207970424212, 0.8949182279591453, 0.897675292938154, 0.903064101760762, 0.9077463023314114, 0.9078263049063223, 0.9083959899749373, 0.9085782317187794, 0.9080769471771415], "Valid": []}}