{"roc_val": {"Train": [0.8794765108259371], "Valid": []}, "eer_val": {"Train": [0.21541353383458617], "Valid": []}, "thres": {"Train": [-0.19686174889405553], "Valid": []}, "acc_val": {"Train": [0.7847117794486216], "Valid": []}, "f1_val": {"Train": [0.7846847975936834], "Valid": []}}