{"roc_val": {"Train": [0.858213743946332], "Valid": []}, "eer_val": {"Train": [0.22819548872180323], "Valid": []}, "thres": {"Train": [-0.15773543715476984], "Valid": []}, "acc_val": {"Train": [0.7718671679197995], "Valid": []}, "f1_val": {"Train": [0.7718528729870293], "Valid": []}}