{"roc_val": {"Train": [0.8881424190174685], "Valid": []}, "eer_val": {"Train": [0.20150375939859666], "Valid": []}, "thres": {"Train": [-0.19863740603129482], "Valid": []}, "acc_val": {"Train": [0.7985588972431078], "Valid": []}, "f1_val": {"Train": [0.7985462748292499], "Valid": []}}