{"roc_val": {"Train": [0.8722816596629419, 0.879720479142719, 0.8892277451146664, 0.904548456039849, 0.9324138274885208, 0.9645070225689536, 0.9787745208886881, 0.977809640014824, 0.9863952173667251, 0.9876500226129233, 0.9880174669128964, 0.987604019447114, 0.9910437905540794, 0.9870822890559732, 0.9922729599688446, 0.9942471466887772, 0.9955273679185431, 0.9955877475643997, 0.9958083177869486, 0.9959773493885088, 0.9961153667376462, 0.996172888361254, 0.9962019082794706, 0.9962198572873285, 0.996239219602892, 0.996253525417554, 0.9962571215004932, 0.9962552056833813, 0.9962701867450581, 0.9962685378860686], "Valid": []}, "eer_val": {"Train": [0.21390977443619147, 0.20538847117661405, 0.193734335839309, 0.17406015037593925, 0.13521303258165504, 0.09523809523866379, 0.06766917293243657, 0.07280701754386017, 0.052005012531262246, 0.05025062656641632, 0.04498746867167928, 0.05050125313283241, 0.042230576440833105, 0.053258145363408206, 0.03571428571421552, 0.03132832080205922, 0.028822055138059407, 0.026691729323171272, 0.026566416040100425, 0.02543859649122796, 0.025062656640691936, 0.024937343358396664, 0.024686716791980604, 0.024686716792026452, 0.024686716791980003, 0.024686716791979996, 0.024812030075078814, 0.024812030075223184, 0.024812030075187848, 0.024937343357386732], "Valid": []}, "thres": {"Train": [-0.07132399640978851, -0.04284594207995521, -0.02749621681868218, -0.01616707816720008, -0.009376534726472279, -0.008770520798879957, -0.018895212560900033, -0.03044226579368121, -0.06264205276965812, -0.10807122290134437, -0.1962915360927582, -0.27491348981857316, -0.24121843278391206, -0.32024320960044833, -0.31130090355870516, -0.3346602916717552, -0.35257051388441896, -0.38140922784777176, -0.4017416834831241, -0.4028640687465665, -0.40566337108452694, -0.409829735755921, -0.41038756817579425, -0.4102773666382775, -0.41000471512476616, -0.4091830253601076, -0.4107002913941906, -0.4107293188572719, -0.4099612832069396, -0.4103160798523243], "Valid": []}, "acc_val": {"Train": [0.7860275689223057, 0.7946741854636592, 0.8061403508771929, 0.8260025062656642, 0.8647869674185463, 0.9047619047619048, 0.9322681704260651, 0.9271303258145364, 0.9479949874686717, 0.9496867167919799, 0.9550125313283208, 0.9495614035087719, 0.9577694235588973, 0.9468045112781955, 0.9643483709273183, 0.968671679197995, 0.9712406015037593, 0.9733082706766917, 0.9733709273182958, 0.974624060150376, 0.974937343358396, 0.975, 0.9751253132832081, 0.975375939849624, 0.97531328320802, 0.975250626566416, 0.975250626566416, 0.9751253132832081, 0.975250626566416, 0.9751253132832081], "Valid": []}, "f1_val": {"Train": [0.7860409748762609, 0.7946613196315558, 0.8060917523188769, 0.8259916034839276, 0.8647869674185463, 0.9047619047619048, 0.9322639263111724, 0.9271257597593835, 0.9479949874686717, 0.9496835641330911, 0.9550125313283208, 0.9495582429976815, 0.957764130843464, 0.9468011780186728, 0.964346136976001, 0.968671679197995, 0.9712387994235229, 0.9733049254292517, 0.9733692587254841, 0.9746224700795788, 0.9749342022809876, 0.9749984334858074, 0.9751299880974753, 0.9753743968920358, 0.97531328320802, 0.9752490757566263, 0.9752490757566263, 0.9751237546212168, 0.9752490757566263, 0.9751237546212168], "Valid": []}}