{"roc_val": {"Train": [0.6973561566824329, 0.7182101400116834, 0.748336607496184, 0.7292306973574286, 0.7557849275444251, 0.8340924994189736, 0.810493267944297, 0.8302607709750567, 0.8284648808738638, 0.8188978476893989, 0.8348101456649141, 0.8469163588796552, 0.8576946046193178, 0.8688233742250363, 0.8798463498972996, 0.8813247404224847, 0.8906279326134886, 0.9075689223057642, 0.9205414460336304], "Valid": []}, "eer_val": {"Train": [0.3703007518795898, 0.3545112781954889, 0.32431077694233745, 0.3368421052633789, 0.31240601503739257, 0.24047619047619, 0.2616541353380619, 0.23784461152882208, 0.23972431077709566, 0.24837092731859206, 0.24260651629023672, 0.2276942355891794, 0.21791979949865006, 0.20839598997521053, 0.20263157894738404, 0.19260651629072678, 0.182957393483693, 0.1654135338353166, 0.14411027568922305], "Valid": []}, "thres": {"Train": [-0.08452986180781896, -0.02370965108275414, -0.009361894801258954, -0.0061352984048430375, -0.008388609625398998, -0.010139626140395796, -0.014623378403478882, -0.034364594146609306, -0.0347177125513555, -0.07854434102773693, -0.05517768487333911, -0.03737267851829985, -0.0605485811829312, -0.07585194706916848, -0.12255521863699195, -0.18145834902922311, -0.26269316673277565, -0.2609954774384013, -0.21030193269252775], "Valid": []}, "acc_val": {"Train": [0.6295739348370928, 0.6454260651629072, 0.6757518796992481, 0.6630952380952381, 0.6876566416040101, 0.7594611528822055, 0.7383458646616541, 0.7621553884711779, 0.7602756892230577, 0.7516917293233083, 0.7573308270676692, 0.7723057644110276, 0.7821428571428571, 0.7915413533834587, 0.7973057644110275, 0.8073934837092732, 0.8171052631578948, 0.8345864661654135, 0.8558897243107769], "Valid": []}, "f1_val": {"Train": [0.6294810729506142, 0.645403847358857, 0.6757315621279528, 0.6630741274515948, 0.687637069991854, 0.7594762232942798, 0.7383130718135104, 0.7621553884711779, 0.7602756892230575, 0.7517072865108702, 0.7572852039857116, 0.7723057644110276, 0.7821292060906072, 0.7915282912463186, 0.797293063475155, 0.8073934837092732, 0.817093802869854, 0.8345864661654135, 0.855889724310777], "Valid": []}}