{"roc_val": {"Train": [0.8703882120715323, 0.8726407340406153, 0.8773419921985416, 0.8772291945402353, 0.8701723842815057, 0.8778167693670267, 0.8986762724480375, 0.9452333842124107, 0.9346697492478062, 0.9384751195030182, 0.9439914950282975, 0.9562468436127913, 0.9614981611296411, 0.9680597797752526, 0.9756980405273836, 0.9769993750039259, 0.9802977054164231, 0.9830548803085408, 0.9871005364287913, 0.987455260959416, 0.9870328703965427, 0.9889534142373478, 0.9894967525329615, 0.9866560197486197, 0.9885267680479394, 0.9888574741992826, 0.988678086192926, 0.9888191028950822, 0.9888181920967832, 0.9888163547967662], "Valid": []}, "eer_val": {"Train": [0.21604010025072937, 0.2172932330827068, 0.21265664160400996, 0.21140350877193154, 0.21791979949874682, 0.20689223057644116, 0.17969924812144916, 0.12644110275689424, 0.1382205513784489, 0.12656641603995913, 0.12380952380952377, 0.09924812030076395, 0.0916040100250616, 0.07694235588973215, 0.06641604010025091, 0.06553884711698496, 0.05939849624052736, 0.05325814536339883, 0.0487468671670931, 0.050375939849555365, 0.049122807016595146, 0.04411027568922309, 0.0411027568929275, 0.04724310776942355, 0.0438596491228085, 0.043358395990068826, 0.04335839599003506, 0.04335839599065245, 0.04360902255620232, 0.04348370927318283], "Valid": []}, "thres": {"Train": [-0.40253067016604516, -0.26131353865970264, -0.20890918374061582, -0.1735443174839022, -0.1460207998752594, -0.11777330935001373, -0.10023923218268041, -0.0852107107639313, -0.1716110805670431, -0.2100059837102752, -0.24505192041397095, -0.2526281277338705, -0.26940982043743056, -0.312333658337595, -0.28741219639778187, -0.2805749773978943, -0.3028255701064073, -0.31082811951637246, -0.325477480887602, -0.30169045925126886, -0.30236431956215865, -0.3105119466781616, -0.3209471702579943, -0.32511454820632935, -0.3140919804573072, -0.31906872987749424, -0.3155464828015662, -0.3151517212395266, -0.3161925375461129, -0.31476339697837824], "Valid": []}, "acc_val": {"Train": [0.7838972431077694, 0.7827067669172932, 0.787406015037594, 0.7885338345864662, 0.7821428571428571, 0.7931077694235589, 0.8203007518796992, 0.8734962406015038, 0.8618421052631579, 0.8734335839598998, 0.8762531328320802, 0.9008145363408522, 0.9084586466165413, 0.9230576441102757, 0.9335839598997494, 0.9345238095238095, 0.9405388471177945, 0.9468045112781955, 0.9511278195488722, 0.9496867167919799, 0.9508771929824561, 0.9558270676691729, 0.9588972431077695, 0.9528195488721805, 0.956077694235589, 0.9567042606516291, 0.9566416040100251, 0.9566416040100251, 0.956328320802005, 0.9565789473684211], "Valid": []}, "f1_val": {"Train": [0.78388370198634, 0.7827067669172932, 0.7873926937778056, 0.7885205839964909, 0.7821292060906072, 0.7931077694235589, 0.8203007518796992, 0.8734883138041231, 0.8618334482110408, 0.8734177215189873, 0.8762453787831317, 0.9008083213233913, 0.9084529105833699, 0.9230576441102757, 0.9335839598997494, 0.9345197067485432, 0.9405276681080404, 0.9468011780186728, 0.9511155678114817, 0.9496835641330911, 0.9508710364707358, 0.9558242997681559, 0.9588972431077695, 0.9528165925183281, 0.9560749420389749, 0.9567069732472903, 0.9566416040100251, 0.9566416040100251, 0.9563201102964217, 0.9565762265806128], "Valid": []}}