{"roc_val": {"Train": [0.8869105643180634, 0.8692851175557943, 0.8760310236744744, 0.9089380562936162, 0.9545436822004887, 0.9691015759951257, 0.9772492792130703, 0.9804051482088681, 0.9825637872877683, 0.9803774787846812, 0.984933072028442, 0.9845184546579482, 0.9845657769109489, 0.9905934950157347, 0.9902660002135665, 0.9906870873926671, 0.9918462195589224, 0.9918333584588036, 0.9923619198371869, 0.992985439789951, 0.9928154816866729, 0.9928089333609714, 0.9928462917946496, 0.9928535153673658, 0.9928256810572798, 0.992823812350425, 0.9928372701804636, 0.9928447057493357, 0.9928212919516836, 0.992808132486605], "Valid": []}, "eer_val": {"Train": [0.1986215538847182, 0.21979949874688468, 0.21002506265663523, 0.17280701754376274, 0.11253132832071619, 0.08558897242992046, 0.06892230576499772, 0.06303258145347251, 0.06065162907076516, 0.06478696741843747, 0.05689223057644084, 0.05350877192982443, 0.05375939849633148, 0.03984962406015039, 0.04160401002486292, 0.03884711779448641, 0.036090225563540926, 0.034962406014764844, 0.03408521303258148, 0.03320802004940387, 0.03333333333333353, 0.03333333333197852, 0.03333333333333334, 0.03333333333378371, 0.033333333333936635, 0.033458646616050546, 0.03333333333376126, 0.03308270676691922, 0.033208020049210044, 0.03333333333314887], "Valid": []}, "thres": {"Train": [-0.04861251264810587, -0.025314904749393807, -0.009822873398661551, -0.001916308305225857, -0.0015461039729414276, -0.007274526637028171, -0.020311620086457042, -0.05013353005050137, -0.07143496721911122, -0.15629762411114895, -0.2050897181034088, -0.3334743976593017, -0.33340573310855665, -0.3233279883861542, -0.3167072832583852, -0.3394193053245546, -0.3550432622429115, -0.3699523508539164, -0.3704488873481751, -0.38786739110908885, -0.3880076408386233, -0.39120474457513793, -0.3928561806678772, -0.39490136504235657, -0.3943277597430728, -0.3925938308225966, -0.3942556381232709, -0.3942546248435978, -0.3941571116438056, -0.3927801549432663], "Valid": []}, "acc_val": {"Train": [0.8013784461152882, 0.7801378446115288, 0.7900375939849624, 0.8272556390977444, 0.887468671679198, 0.9144110275689223, 0.931015037593985, 0.9369674185463659, 0.9394110275689223, 0.9352756892230576, 0.9431704260651629, 0.9465538847117795, 0.9461779448621553, 0.9600877192982457, 0.9584586466165413, 0.9611528822055138, 0.9639097744360903, 0.9650375939849624, 0.9658521303258145, 0.9667293233082707, 0.9666040100250627, 0.9664160401002506, 0.9666040100250627, 0.9667919799498746, 0.9668546365914787, 0.9664786967418546, 0.9667293233082707, 0.9668546365914787, 0.9667919799498746, 0.9665413533834587], "Valid": []}, "f1_val": {"Train": [0.8013784461152882, 0.7801240679240554, 0.790024437621405, 0.8272448148380225, 0.8874545682416344, 0.9144003007895726, 0.9310107149570774, 0.9369595187366838, 0.9394072310295133, 0.935271633561, 0.9431668650917978, 0.946550535747854, 0.9461745723416253, 0.9600852183720784, 0.9584560436117551, 0.9611528822055138, 0.9639052512846221, 0.9650332121819778, 0.9658499906009148, 0.9667230682459109, 0.9666019174133719, 0.9664034098031841, 0.9666019174133719, 0.9667961408344818, 0.9668608657520515, 0.9664723945603811, 0.9667314078065284, 0.9668525596841907, 0.9667878180223084, 0.9665329656555528], "Valid": []}}