{"roc_val": {"Train": [0.755759213195897, 0.6739941881646473, 0.6265487889523308, 0.7527003991809096, 0.8189333531196412, 0.8188142819454651, 0.7984283547213898, 0.8816190539004152, 0.8522013837852778, 0.9229899859297366, 0.9383823122970332, 0.9480230808851704, 0.9534756534192624, 0.96098659085056, 0.9631040320098492, 0.9670084201732402, 0.9668738889831094, 0.9686338496617484, 0.9668662414180816, 0.9672318641214565, 0.9683817391222417, 0.9702031237240972, 0.9711169606346693, 0.9707317636195752, 0.970890768588137], "Valid": []}, "eer_val": {"Train": [0.3175438596497277, 0.38822055137844586, 0.44323308270676687, 0.3090225563909775, 0.2592731829574056, 0.2567669172931513, 0.2829573934837764, 0.19674185463659105, 0.22769423558812546, 0.14536340852130478, 0.1281954887218332, 0.11967418546506255, 0.10927318295739356, 0.09473684210570935, 0.08934837092534108, 0.08145363408521511, 0.08020050125435907, 0.07781954887267921, 0.0780701754381703, 0.07994987468587655, 0.0758145363424972, 0.07268170426002898, 0.07092731829537668, 0.0721804511277843, 0.07167919799498301], "Valid": []}, "thres": {"Train": [-0.08774793148044807, -0.008350592292845245, -0.00016062185265279058, -9.590144145477097e-06, -2.873843368433894e-05, -0.00022070444538255544, -0.0013364499900492116, -0.007056534445534145, -0.00915392395107858, -0.04337644577026369, -0.05912937596440467, -0.09536131471427091, -0.1436780393123627, -0.20279233157658882, -0.2610565125934723, -0.2721098661422737, -0.3049932718281454, -0.33360180258776323, -0.3422568440437097, -0.35091957449871136, -0.3362061381347714, -0.3189479708663602, -0.3127662539479305, -0.32516425848006736, -0.32768201828002175], "Valid": []}, "acc_val": {"Train": [0.6824561403508772, 0.6117794486215539, 0.5567669172932331, 0.6909147869674186, 0.7406641604010025, 0.7432957393483709, 0.7169799498746867, 0.8031954887218045, 0.7723057644110276, 0.8545739348370928, 0.8717418546365915, 0.8803258145363408, 0.8907894736842106, 0.9052005012531328, 0.9107142857142857, 0.9184837092731829, 0.9199874686716792, 0.9222431077694235, 0.9219298245614035, 0.9200501253132832, 0.9243107769423559, 0.9273182957393483, 0.9288847117794486, 0.9278822055137844, 0.9283834586466165], "Valid": []}, "f1_val": {"Train": [0.6824561403508772, 0.6117794486215539, 0.5567669172932331, 0.6908954195125007, 0.7406479102700669, 0.7432796541136663, 0.716962215677674, 0.8032078190589561, 0.7722772277227723, 0.8545648223572906, 0.8717338179083903, 0.8803258145363408, 0.8907826304906322, 0.9051945610627232, 0.9107086910207406, 0.9184786014161289, 0.92000250579465, 0.9222479794499091, 0.9219200401052763, 0.9200401052763505, 0.9243202606189701, 0.9273091866148641, 0.9288624255719209, 0.9278776865718403, 0.9283789711134783], "Valid": []}}