{"roc_val": {"Train": [0.7990700278264584, 0.7517310114258076, 0.7528177115721635, 0.8496119371109478, 0.8179840735925026, 0.9005018734178805, 0.9225676738839581, 0.9492362406643176, 0.9587743874096267, 0.967574332133592, 0.9396471284728112, 0.9663976985069188, 0.9751253211349175, 0.9766410936489093, 0.9785541548105854, 0.9770756072512108, 0.9807803971080583, 0.9783173315494249, 0.9806066858876513, 0.9819535995376913, 0.9813964814919504, 0.9824344382258906, 0.982454412974793, 0.9825841389187252, 0.9826205865541047, 0.9826704449092657, 0.9827282963046714, 0.982706052411731, 0.982656955672389, 0.9826185922198981], "Valid": []}, "eer_val": {"Train": [0.2902255639097731, 0.33984962405900326, 0.3135338345852928, 0.22969924812032713, 0.26892230576441195, 0.1759398496241018, 0.15551378446156353, 0.11779448621572039, 0.09486215538788607, 0.08696741854705935, 0.13458646616541356, 0.08596491228065835, 0.07255639097747028, 0.06992481203007758, 0.06779448621554021, 0.07167919799509324, 0.061528822055084885, 0.06817042606569983, 0.05877192982456154, 0.0597744360894687, 0.061403508771632205, 0.059774436090232703, 0.058771929824482136, 0.0577694235598063, 0.058145363408515324, 0.057644110275689255, 0.05739348371013667, 0.057644110275719244, 0.05789473684210596, 0.05789473684210581], "Valid": []}, "thres": {"Train": [-0.061576396226882865, -0.0019696457311471098, -0.00010864469368234495, -1.3567912901636501e-05, -0.00010580576781649155, -0.0014395471662283492, -0.0028647982981080764, -0.016227954998616758, -0.03840862959622996, -0.09444592148065856, -0.10486943274736404, -0.20182631313799426, -0.2730436176061822, -0.21349969506264205, -0.23646350204944658, -0.24355123937137574, -0.29350209236142233, -0.281564235687916, -0.3687162399291993, -0.30368843674606794, -0.3135630190370084, -0.3281313180923485, -0.32769137620922084, -0.33436810970386216, -0.3346753418445555, -0.33461746573448187, -0.3377979993823894, -0.339106440544165, -0.3389621376991278, -0.3391780853271489], "Valid": []}, "acc_val": {"Train": [0.7098370927318296, 0.6602130325814536, 0.6865288220551379, 0.7703634085213033, 0.731015037593985, 0.8240601503759398, 0.8444862155388471, 0.8822055137844611, 0.9052005012531328, 0.9130325814536341, 0.8654761904761905, 0.9140977443609023, 0.9274436090225564, 0.9300125313283208, 0.9322681704260651, 0.9282581453634086, 0.9385338345864662, 0.9318295739348371, 0.9411654135338345, 0.9402882205513784, 0.9385338345864662, 0.9401629072681704, 0.9412280701754386, 0.9423558897243107, 0.9419172932330827, 0.9423558897243107, 0.9426065162907268, 0.9422932330827067, 0.9420426065162907, 0.9420426065162907], "Valid": []}, "f1_val": {"Train": [0.7098189109593332, 0.6601917413371765, 0.6865091797731687, 0.7703490193621154, 0.7310318902324415, 0.8240601503759398, 0.8444862155388471, 0.8822055137844611, 0.9051945610627232, 0.9130325814536341, 0.8654677611379158, 0.9140923616767969, 0.9274436090225564, 0.9300081458738015, 0.9322639263111724, 0.9282536499780688, 0.9385299830816467, 0.9318295739348371, 0.9411617269252459, 0.9402844789773795, 0.9385222786238014, 0.9401591578419701, 0.9412207043489159, 0.9423631123919308, 0.9419136537377029, 0.9423558897243107, 0.9426065162907268, 0.9422896171439314, 0.9420389748731123, 0.9420389748731123], "Valid": []}}