{"roc_val": {"Train": [0.8827789555341988, 0.8869534346517924, 0.8925457362076872, 0.8899260133416247, 0.9017052656704418, 0.9303576453665493, 0.9291951448169296, 0.9511229357855793, 0.9504744866552345, 0.9411997726144934, 0.947810535109704, 0.9411275054804933, 0.9565419579650882, 0.9565777067983242, 0.9624348386630739, 0.9638389520166332, 0.9648276471253322, 0.9671613557703784, 0.9688570580586805], "Valid": []}, "eer_val": {"Train": [0.1983709273182884, 0.19147869674182905, 0.18646616541352007, 0.18947368421050725, 0.17293233082658718, 0.13258145363551732, 0.13684210526316654, 0.1111528822053588, 0.11378446115363529, 0.12531328320802018, 0.11303258145363401, 0.1208020050125312, 0.09624060150375921, 0.09761904761902258, 0.08659147869657902, 0.08621553884712892, 0.08721804511272353, 0.07957393483651382, 0.07819548872174674], "Valid": []}, "thres": {"Train": [-0.08954524993896425, -0.04638205841183569, -0.024853706359862206, -0.010954449884593325, -0.005206193309277153, -0.004646639339653098, -0.015201478265226108, -0.03498044982551435, -0.07211834937359878, -0.1163141652941704, -0.2006239145994186, -0.22504943609237663, -0.19389270246028892, -0.23336696624754769, -0.3031293451785319, -0.30124175548554066, -0.34472298622128456, -0.35388362407649643, -0.3756634891033096], "Valid": []}, "acc_val": {"Train": [0.8016917293233082, 0.8085839598997494, 0.8135964912280702, 0.8105263157894737, 0.8270676691729323, 0.8674185463659148, 0.8630952380952381, 0.8887844611528822, 0.8862155388471178, 0.874624060150376, 0.88703007518797, 0.8792606516290726, 0.9038220551378446, 0.9024436090225564, 0.9134085213032581, 0.9137218045112782, 0.912781954887218, 0.9204887218045112, 0.9218671679197995], "Valid": []}, "f1_val": {"Train": [0.801679303214487, 0.808571965662009, 0.8135848110783884, 0.8105025692442662, 0.8270459957388143, 0.8674185463659149, 0.8630866595651356, 0.8887635520461239, 0.8862155388471178, 0.8746162040228085, 0.8870229964283476, 0.8792530860329595, 0.903816028573219, 0.9024374960837145, 0.9133976688808122, 0.9137163982705684, 0.9127710239378368, 0.9204837395826807, 0.921862272072185], "Valid": []}}