{"roc_val": {"Train": [0.655626927594676, 0.6424059600756278, 0.660870087185382, 0.6724548526705234, 0.6846248531730328, 0.7216740551252818, 0.7745877852526053, 0.8003147985879486, 0.8002926253603935, 0.8300906244307511, 0.8510634198277649, 0.8707004667056111, 0.8730474761465066, 0.8947185633256072, 0.8591350007223574, 0.8753324884893939, 0.8913015621761171, 0.8923783220582785, 0.9046986670937996, 0.909381764247712, 0.9122809530090891], "Valid": []}, "eer_val": {"Train": [0.3994987468671711, 0.41290726816959045, 0.39060150376070923, 0.37882205513909517, 0.37568922305795943, 0.33552650193517064, 0.3002506265667414, 0.27819548872062994, 0.2713032581455551, 0.2353383458648731, 0.21979949874601684, 0.2092731829573997, 0.20626566416039355, 0.17781954887306267, 0.22067669172972199, 0.1998746867167365, 0.18634085212980073, 0.18558897243099176, 0.17105263157894732, 0.1650375939849552, 0.1627819548869886], "Valid": []}, "thres": {"Train": [-0.23091565072536704, -0.009180088527480992, -0.00017808853590524267, -0.00010815910354739632, -7.5574012043988445e-06, -1.3830641839903116e-07, -0.0018622432835402151, -0.006374480202776942, -0.011735124513513783, -0.026300059631483016, -0.057085432112119756, -0.14158122241497287, -0.1461278051137912, -0.14753976464306784, -0.1304530352355141, -0.15618231892584736, -0.17378309369073153, -0.2351907342671014, -0.2702554166316986, -0.28676983714103665, -0.3100369572638749], "Valid": []}, "acc_val": {"Train": [0.6004385964912281, 0.587155388471178, 0.6094611528822055, 0.6211779448621554, 0.6243107769423559, 0.656328320802005, 0.699749373433584, 0.7218671679197995, 0.7286340852130326, 0.7646616541353384, 0.7801378446115288, 0.7906641604010025, 0.7937969924812031, 0.8221804511278196, 0.7793233082706766, 0.800125313283208, 0.8136591478696742, 0.8144736842105263, 0.8290100250626566, 0.8350250626566416, 0.837218045112782], "Valid": []}, "f1_val": {"Train": [0.6004135597468513, 0.5871295193934457, 0.6094856212016793, 0.6211779448621554, 0.6243107769423559, 0.6413860738803531, 0.699749373433584, 0.721849739958644, 0.7286170812707563, 0.7646616541353384, 0.780096509368929, 0.7906510432984524, 0.7937840716836894, 0.8221804511278196, 0.7793233082706766, 0.800125313283208, 0.8136357939591428, 0.8144620590262547, 0.8289993107337553, 0.8350147252334106, 0.8371976438150143], "Valid": []}}