{"roc_val": {"Train": [0.8040548897305921, 0.7825236257938079, 0.7480635171889624, 0.7158578306668928, 0.6952263255255935, 0.7520321166324331, 0.8617975232567634, 0.9180249103334779, 0.9401579763946205, 0.9508259213195898, 0.9543945154238981, 0.9654602515059578, 0.9603981287805983, 0.970870087185382, 0.9735050345161149, 0.9734885851847664, 0.97814911652565, 0.9779128114773149, 0.978237008561504], "Valid": []}, "eer_val": {"Train": [0.28120300751974686, 0.29649122807178013, 0.33157894736720517, 0.3567669172942736, 0.36867167919767846, 0.3144110275689223, 0.2197994987468672, 0.14912280701754563, 0.1218045112781965, 0.1102756892230475, 0.10726817042605685, 0.08897243107769619, 0.09912280701702722, 0.08032581453584353, 0.07656641604011669, 0.07644110275583456, 0.06654135338250222, 0.06491228070253613, 0.06629072681765769], "Valid": []}, "thres": {"Train": [-0.22665604949015422, -0.13054862618452587, -0.053786303847995064, -0.01488771103324538, -0.002274374011903625, -0.0016950129065662622, -0.006232543149963021, -0.01059401407837869, -0.03239812329411512, -0.05506414547562528, -0.0859958976507164, -0.13812700907389366, -0.17616754770267992, -0.26815453171688, -0.26562032103539013, -0.2648223340510907, -0.2768720686435158, -0.2858601808551774, -0.29224953055452485], "Valid": []}, "acc_val": {"Train": [0.718859649122807, 0.7035714285714286, 0.6684837092731829, 0.6432330827067669, 0.631265664160401, 0.6854636591478697, 0.7802005012531328, 0.8508145363408521, 0.8781328320802005, 0.8897869674185463, 0.8927944862155388, 0.9110275689223057, 0.9008145363408522, 0.9195488721804511, 0.9234962406015037, 0.9234962406015037, 0.9334586466165413, 0.9350877192982456, 0.9337092731829574], "Valid": []}, "f1_val": {"Train": [0.7188772633293652, 0.7035900006265272, 0.6684629362742026, 0.6432330827067669, 0.6311963401641913, 0.685384808222612, 0.7802005012531327, 0.850805188295006, 0.8781251958142741, 0.8897800614073563, 0.8927877686571841, 0.9110275689223057, 0.9007958889515573, 0.9195287039358236, 0.9235010337698139, 0.9234818574920097, 0.933450307056022, 0.9350877192982456, 0.9337092731829574], "Valid": []}}