{"('', 'cut_off_freq')":{"0":43},"('', 'SMA_winsize')":{"0":34},"('Window Size', 125)":{"0":0.2016485328},"('Window Size', 250)":{"0":0.1741184298},"('Window Size', 500)":{"0":0.1643688479},"('Window Size', 750)":{"0":0.1656775329},"('Window Size', 1000)":{"0":0.1657642461},"('Window Size', 1250)":{"0":0.1670932077},"('Window Size', 1500)":{"0":0.1810611405},"('Window Size', 1750)":{"0":0.1849488361},"('Window Size', 2000)":{"0":0.2003182743},"('', 'mean')":{"0":0.1783332276},"('', 'var')":{"0":0.0002169257}}