{"window_size":{"0":125,"1":250,"2":500,"3":750,"4":1000,"5":1250,"6":1500,"7":1750,"8":2000},"step_width":{"0":62,"1":125,"2":250,"3":375,"4":500,"5":625,"6":750,"7":875,"8":1000},"Mean_EER":{"0":0.230201121,"1":0.1938789088,"2":0.1711914136,"3":0.1685199899,"4":0.1645951588,"5":0.1642757304,"6":0.165151939,"7":0.1633027375,"8":0.1699470899},"best_n_neighbors":{"0":1,"1":16,"2":19,"3":19,"4":19,"5":14,"6":19,"7":19,"8":19},"cut_off_freq":{"0":37,"1":37,"2":37,"3":37,"4":37,"5":37,"6":37,"7":37,"8":37},"SMA_winsize":{"0":10,"1":10,"2":10,"3":10,"4":10,"5":10,"6":10,"7":10,"8":10}}