{"('', 'cut_off_freq')":{"0":26},"('', 'SMA_winsize')":{"0":2},"('Window Size', 125)":{"0":0.3945921078},"('Window Size', 250)":{"0":0.3537491155},"('Window Size', 500)":{"0":0.3143020176},"('Window Size', 750)":{"0":0.2807940498},"('Window Size', 1000)":{"0":0.2716335148},"('Window Size', 1250)":{"0":0.2726533721},"('Window Size', 1500)":{"0":0.2645287594},"('Window Size', 1750)":{"0":0.2642270793},"('Window Size', 2000)":{"0":0.2570511724},"('', 'mean')":{"0":0.297059021},"('', 'var')":{"0":0.0022834018}}