{"('', 'cut_off_freq')":{"0":29},"('', 'EMA_span')":{"0":37},"('Window Size', 125)":{"0":0.2064292779},"('Window Size', 250)":{"0":0.1679308051},"('Window Size', 500)":{"0":0.1494694809},"('Window Size', 750)":{"0":0.1554314632},"('Window Size', 1000)":{"0":0.1508089566},"('Window Size', 1250)":{"0":0.1541631594},"('Window Size', 1500)":{"0":0.1565716921},"('Window Size', 1750)":{"0":0.1700948842},"('Window Size', 2000)":{"0":0.1698148148},"('', 'mean')":{"0":0.1645238371},"('', 'var')":{"0":0.0003118359}}