{"('', 'cut_off_freq')":{"0":22},"('', 'SMA_winsize')":{"0":6},"('Window Size', 125)":{"0":0.3231443673},"('Window Size', 250)":{"0":0.262580103},"('Window Size', 500)":{"0":0.2222651571},"('Window Size', 750)":{"0":0.207544171},"('Window Size', 1000)":{"0":0.1942630816},"('Window Size', 1250)":{"0":0.1961413556},"('Window Size', 1500)":{"0":0.1873021955},"('Window Size', 1750)":{"0":0.1767085346},"('Window Size', 2000)":{"0":0.1755026455},"('', 'mean')":{"0":0.2161612901},"('', 'var')":{"0":0.0023293024}}