{"('', 'EMA_span')":{"0":37},"('Window Size', 125)":{"0":0.1893504781},"('Window Size', 250)":{"0":0.1611250367},"('Window Size', 500)":{"0":0.1446809628},"('Window Size', 750)":{"0":0.1470207083},"('Window Size', 1000)":{"0":0.1513350833},"('Window Size', 1250)":{"0":0.1589751684},"('Window Size', 1500)":{"0":0.1667695473},"('Window Size', 1750)":{"0":0.1687974389},"('Window Size', 2000)":{"0":0.1800673401},"('', 'mean')":{"0":0.1631246404},"('', 'var')":{"0":0.000222504}}