{"('', 'EMA_span')":{"0":5},"('Window Size', 125)":{"0":0.3574123401},"('Window Size', 250)":{"0":0.3185463801},"('Window Size', 500)":{"0":0.2848732491},"('Window Size', 750)":{"0":0.257613658},"('Window Size', 1000)":{"0":0.2558402082},"('Window Size', 1250)":{"0":0.245938004},"('Window Size', 1500)":{"0":0.2408208071},"('Window Size', 1750)":{"0":0.2269340538},"('Window Size', 2000)":{"0":0.2321489621},"('', 'mean')":{"0":0.2689030736},"('', 'var')":{"0":0.0019099694}}