{"('', 'cut_off_freq')":{"0":-99999},"('Window Size', 125)":{"0":0.3011210023},"('Window Size', 250)":{"0":0.2033888572},"('Window Size', 500)":{"0":0.1774384649},"('Window Size', 750)":{"0":0.1612851969},"('Window Size', 1000)":{"0":0.1815442154},"('Window Size', 1250)":{"0":0.187564825},"('Window Size', 1500)":{"0":0.1660178917},"('Window Size', 1750)":{"0":0.1688779748},"('Window Size', 2000)":{"0":0.1479947508},"('', 'mean')":{"0":0.1883592421},"('', 'var')":{"0":0.0020435493}}