{"('', 'overlap')":{"0":0.41},"('Window Size', 125)":{"0":0.2652292152},"('Window Size', 250)":{"0":0.196400626},"('Window Size', 500)":{"0":0.1685928452},"('Window Size', 750)":{"0":0.1722215694},"('Window Size', 1000)":{"0":0.1944393202},"('Window Size', 1250)":{"0":0.199175509},"('Window Size', 1500)":{"0":0.1740077578},"('Window Size', 1750)":{"0":0.1571500617},"('Window Size', 2000)":{"0":0.1756002752},"('', 'mean')":{"0":0.1892019089},"('', 'var')":{"0":0.0010143911}}