{"('', 'mean rank')":{"0":6,"1":4,"2":3,"3":1,"4":9,"5":7,"6":11,"7":2,"8":8,"9":5,"10":10},"('', 'cut_off_freq')":{"0":"-","1":33,"2":33,"3":"-","4":"-","5":"-","6":"-","7":47,"8":49,"9":43,"10":26},"('', 'EMA_span')":{"0":"-","1":"-","2":"-","3":37,"4":5,"5":"-","6":"-","7":41,"8":4,"9":"-","10":"-"},"('', 'SMA_winsize')":{"0":"-","1":"-","2":"-","3":"-","4":"-","5":9,"6":1,"7":"-","8":"-","9":34,"10":2},"('', 'type')":{"0":"None","1":"Naive","2":"Real","3":"Naive","4":"Real","5":"Naive","6":"Real","7":"Naive","8":"Real","9":"Naive","10":"Real"},"('Window Size', 125)":{"0":0.0,"1":5.2917231752,"2":5.1313679377,"3":29.1599851797,"4":-33.7155085305,"5":25.8418650344,"6":-49.1173756563,"7":23.6338966286,"8":-21.9069939727,"9":24.5590230594,"10":-47.6252452331},"('Window Size', 250)":{"0":0.0,"1":4.7120645752,"2":3.9423108814,"3":15.5610424943,"4":-66.9369627698,"5":5.4044630305,"6":-92.5666736394,"7":11.7520090374,"8":-43.4086720311,"9":8.7517433916,"10":-85.3852582017},"('Window Size', 500)":{"0":0.0,"1":1.4530121878,"2":0.3125224427,"3":13.7819329307,"4":-69.7612486247,"5":0.0796918874,"6":-96.7059654996,"7":10.0869593165,"8":-41.1313662682,"9":2.0495573289,"10":-87.29839717},"('Window Size', 750)":{"0":0.0,"1":1.6500629051,"2":2.4059954613,"3":4.7304922754,"4":-66.9338058875,"5":-6.9779379297,"6":-92.6080827374,"7":-1.8127082054,"8":-45.1192703075,"9":-7.3591413272,"10":-81.9547137663},"('Window Size', 1000)":{"0":0.0,"1":8.5237106637,"2":9.1945522464,"3":15.4467242464,"4":-42.941921999,"5":6.1772230365,"6":-64.0228844065,"7":16.7689662313,"8":-16.2862640341,"9":7.3849255246,"10":-51.7658891776},"('Window Size', 1250)":{"0":0.0,"1":-3.6191616825,"2":-3.1041863838,"3":13.6327136584,"4":-33.6120491492,"5":7.6233890382,"6":-54.6146881009,"7":12.7781857398,"8":-18.597985992,"9":9.2223832161,"10":-48.1258494466},"('Window Size', 1500)":{"0":0.0,"1":8.5708517391,"2":8.3265457701,"3":0.9949979844,"4":-42.9665360273,"5":-8.8575447514,"6":-65.3762022131,"7":6.1543072012,"8":-13.4936147038,"9":-7.4894000156,"10":-57.0410832288},"('Window Size', 1750)":{"0":0.0,"1":2.6745782238,"2":3.6162980758,"3":-1.8350495243,"4":-36.9087159027,"5":-13.3561680781,"6":-58.1962438718,"7":2.5092944746,"8":-14.3691650399,"9":-11.5791448403,"10":-59.407499791},"('Window Size', 2000)":{"0":0.0,"1":-6.1444350082,"2":-4.5743415656,"3":-27.2251487371,"4":-64.0230050376,"5":-43.4651635889,"6":-87.1066778847,"7":-16.4299065786,"8":-28.958368751,"9":-41.5332854277,"10":-81.6174639081},"('', 'mean')":{"0":0.0,"1":2.8961048738,"2":3.0737130827,"3":9.3207281889,"4":-49.4803901976,"5":-0.2925816012,"6":-71.531022123,"7":8.9271018834,"8":-26.6180603533,"9":0.8664345711,"10":-65.1319851778},"('', 'variance')":{"0":0.0,"1":19.0565009311,"2":16.6319650293,"3":82.8491450276,"4":-47.2225868637,"5":85.0172465044,"6":-72.687992675,"7":79.5007951634,"8":-65.16718647,"9":83.279120823,"10":-76.0071727317}}