{"roc_val": {"Train": [0.9158358831759852, 0.9396978249979586, 0.9567715831715881, 0.9627142495964222, 0.9636082648664266, 0.9694162430669406, 0.9615152366348203, 0.9684353407798946, 0.9776501580549117, 0.9754519777670994, 0.9787217201054015, 0.9778943422937041, 0.9810930188095554, 0.9852587903813418, 0.9832635944497835, 0.9854905335864727], "Valid": []}, "eer_val": {"Train": [0.15482456140479003, 0.1218045112797698, 0.10112781954886908, 0.0901629072671953, 0.09229323308449895, 0.0819548872189341, 0.09517543859758286, 0.08264411027577846, 0.06691729323315258, 0.06810776942355892, 0.06403508771928598, 0.06904761904761797, 0.06096491228162296, 0.05106516290696244, 0.05426065162907115, 0.05012531328321432], "Valid": []}, "thres": {"Train": [-0.006995154079057986, -0.036290109157621694, -0.15237183868885007, -0.16722409427049312, -0.1632764041423968, -0.17419525980965164, -0.1848424077034111, -0.15921539068225254, -0.16963192820558415, -0.19553501904010773, -0.19079102575778703, -0.1638971269130706, -0.18037515878698082, -0.20004057884186155, -0.19126896063486687, -0.199843153357509], "Valid": []}, "acc_val": {"Train": [0.8451441102756893, 0.8781954887218045, 0.8989035087719298, 0.9097744360902256, 0.9077067669172932, 0.9180451127819549, 0.9048872180451127, 0.9174185463659148, 0.9330513784461153, 0.9318609022556391, 0.9359962406015038, 0.930983709273183, 0.9390664160401002, 0.9489661654135338, 0.9457393483709273, 0.94984335839599], "Valid": []}, "f1_val": {"Train": [0.8451392587487075, 0.8781954887218045, 0.898900341489395, 0.9097631282115554, 0.9077067669172932, 0.9180451127819549, 0.9048931771192282, 0.9174237203182758, 0.9330492809925124, 0.9318587675052477, 0.9359942354083773, 0.9309815470409475, 0.9390683249271639, 0.9489645665591028, 0.9457393483709273, 0.949841787023403], "Valid": []}}