{"roc_val": {"Train": [0.9192837513583456, 0.930974463885277, 0.9364944040866576, 0.9430510663406636, 0.9428499546171193, 0.9520420176380803, 0.9538624404055251, 0.9559190210017525, 0.9579522682803499, 0.9624879338854655, 0.9603230369941144, 0.9615600404520074, 0.9621191489060997, 0.9698219860428013, 0.9702634935553167, 0.9702130914692748], "Valid": []}, "eer_val": {"Train": [0.14411027568842286, 0.14229323308273473, 0.1342731829573905, 0.12907268170473626, 0.12537593984962395, 0.11309523809523664, 0.11522556391023281, 0.11121553884710171, 0.10632832080123583, 0.09912280701660772, 0.10476190476292795, 0.10181704260674325, 0.09743107769399693, 0.08596491228077374, 0.08464912280690187, 0.08446115288331875], "Valid": []}, "thres": {"Train": [-0.17739455401894594, -0.5906481146812628, -0.9032702445983882, -1.0311339696251256, -1.181195020675659, -1.242960929870605, -1.2092375755313207, -1.3407831192015913, -1.4310324192037527, -1.467662215232073, -1.4020304679888924, -1.5196387767806372, -1.541604280470856, -1.6041207313538461, -1.5812442302692578, -1.607538938524503], "Valid": []}, "acc_val": {"Train": [0.8558583959899749, 0.8576754385964912, 0.8657581453634086, 0.8709586466165413, 0.874655388471178, 0.8869360902255639, 0.8847744360902255, 0.8888157894736842, 0.8937030075187969, 0.9008771929824562, 0.8952067669172933, 0.8982142857142857, 0.9026002506265665, 0.9140037593984962, 0.9153195488721805, 0.9155075187969924], "Valid": []}, "f1_val": {"Train": [0.8558448475733936, 0.8576709796672827, 0.8657539396597638, 0.8709546038409726, 0.8746514615119522, 0.8869325480121557, 0.8847744360902254, 0.8888123061499421, 0.8936996773081863, 0.9008709818910959, 0.8952034838184154, 0.8982174743899, 0.9025971991603747, 0.9140010651962781, 0.9153115894350973, 0.9155048717065071], "Valid": []}}