{"roc_val": {"Train": [0.8312081150558099, 0.833532358465085, 0.8656662862513427, 0.8925936002286419, 0.9450564989384489, 0.964383613325293, 0.9683747020276254, 0.967351997239339, 0.9690669106977973, 0.9694734918436442, 0.9743560145664915, 0.9737742971149679, 0.9702224369664764, 0.9712012899573496, 0.972832074311719, 0.9765939303930253], "Valid": []}, "eer_val": {"Train": [0.2480576441088996, 0.24649122807017637, 0.21647869674163714, 0.18596491228068301, 0.11773182957456449, 0.09047619047700575, 0.08596491227932525, 0.08815789473560769, 0.08489974937448673, 0.07957393483698985, 0.07167919799482678, 0.07324561403530308, 0.07901002506193547, 0.08164160401002325, 0.07813283208020022, 0.06936090225528156], "Valid": []}, "thres": {"Train": [-0.13633546233176727, -0.17726738005876566, -0.18166553974147728, -0.15046326816081898, -0.13770064711578564, -0.14755755662937925, -0.15684831142399216, -0.14570234715895294, -0.13274182379271532, -0.13571010529989888, -0.1630441993474746, -0.14902462065228217, -0.15389028191542695, -0.15293335914611797, -0.1392580121755599, -0.13980633765455358], "Valid": []}, "acc_val": {"Train": [0.7519423558897244, 0.7535401002506266, 0.7835526315789474, 0.8140664160401002, 0.8822368421052632, 0.9095551378446115, 0.9140350877192982, 0.9118421052631579, 0.9151315789473684, 0.9203947368421053, 0.9283208020050125, 0.9267230576441102, 0.9210213032581454, 0.9183897243107769, 0.9218984962406015, 0.9306390977443609], "Valid": []}, "f1_val": {"Train": [0.7519268124569208, 0.7535323788339233, 0.7835458504339109, 0.8140605908706413, 0.8822331526676901, 0.9095579712415024, 0.9140297011090921, 0.9118365812394261, 0.9151342376491965, 0.920387254441207, 0.9283163105457736, 0.9267207619286317, 0.9210188289106802, 0.9183871675177793, 0.9218960493749805, 0.9306390977443609], "Valid": []}}