{"roc_val": {"Train": [0.8238549008015025, 0.8042817707646308, 0.8199446140413691, 0.8585561609223561, 0.9085795688312258, 0.9507406223107896, 0.9569154048969541, 0.9625733918913826, 0.9627071300588563, 0.9660128135972765, 0.9669079654022275, 0.9654575191110609, 0.9629653256732056, 0.9658868898436567, 0.9689378600008793, 0.9727202011922035], "Valid": []}, "eer_val": {"Train": [0.25601503759398153, 0.2763157894736639, 0.26090225563930436, 0.22412280701754392, 0.16823308270676868, 0.10952380952381144, 0.10338345864673952, 0.09342105263157863, 0.09448621553893329, 0.08690476190416327, 0.0827694235589016, 0.08621553884711815, 0.09229323308332804, 0.08803258145200443, 0.08088972431068454, 0.07575187969948724], "Valid": []}, "thres": {"Train": [-0.13423560559749592, -0.1631279587745595, -0.15459597110748993, -0.12491726875305177, -0.09822397679090528, -0.10394421219825775, -0.10387063771487774, -0.0979631543159484, -0.10340535392365452, -0.09502851217980936, -0.11266400665044889, -0.10357358306646351, -0.11136569082749949, -0.10798893123842784, -0.10346532613038427, -0.1015867292882131], "Valid": []}, "acc_val": {"Train": [0.7440162907268171, 0.7236528822055138, 0.7390977443609023, 0.7758458646616542, 0.831735588972431, 0.8904135338345864, 0.8966478696741854, 0.906610275689223, 0.9055451127819549, 0.9130639097744361, 0.9171992481203007, 0.9137531328320802, 0.9077067669172932, 0.9119987468671679, 0.9191416040100251, 0.9242481203007519], "Valid": []}, "f1_val": {"Train": [0.7440082709358062, 0.7236615394254565, 0.7390977443609024, 0.7758388420689871, 0.8317303173658324, 0.8904066670844037, 0.8966446317240514, 0.9066073498543187, 0.9055421535762398, 0.9130557383212708, 0.9171966540305146, 0.9137504307779066, 0.9077067669172932, 0.9119959898493061, 0.9191390707728939, 0.9242481203007519], "Valid": []}}