{"roc_val": {"Train": [0.7734265645316298, 0.8568406703632514, 0.9137925876721881, 0.9178869715014352, 0.9197331419871735, 0.9211728333992877, 0.9228944031444526, 0.9219236923763041, 0.9130640844749719, 0.9267941646880358, 0.9277590946350839, 0.927142276116356, 0.9270578074258329, 0.9270426850333854, 0.927016733170646, 0.9270024567998946, 0.9269843330915007, 0.9269829158579406, 0.9270072326021824, 0.9270054325977852], "Valid": []}, "eer_val": {"Train": [0.2915413533821881, 0.21334586465996852, 0.15407268170352637, 0.15050125313103044, 0.1395363408510498, 0.14116541353383447, 0.1348997493734265, 0.14216791979946342, 0.15507518796993247, 0.13220551378575945, 0.13364661654161505, 0.1327694235589067, 0.1330827067670593, 0.1324561403508939, 0.1325187969925318, 0.13276942355890275, 0.13251879699286567, 0.13270676691572822, 0.13264411027649062, 0.13264411027568979], "Valid": []}, "thres": {"Train": [-0.029998468235091398, -0.018562022596581285, -0.08671496808525224, -0.13290986418632625, -0.14412412047382905, -0.16488824784755693, -0.1447132229804972, -0.1317069083452207, -0.14178597927093725, -0.16512377560139382, -0.16208055615431913, -0.16148568689824136, -0.1599348038435307, -0.16214226186275504, -0.1621194481849794, -0.16150949895381947, -0.16146254539491245, -0.1611700057980097, -0.1614539027216199, -0.161295920610428], "Valid": []}, "acc_val": {"Train": [0.7084899749373433, 0.7865601503759398, 0.8458020050125313, 0.84953007518797, 0.8603696741854636, 0.8588659147869674, 0.8651315789473685, 0.8578320802005013, 0.8448934837092732, 0.8678258145363409, 0.8663847117794486, 0.8671992481203008, 0.8669799498746867, 0.8675438596491228, 0.8674498746867167, 0.8671992481203008, 0.8674812030075187, 0.8672305764411028, 0.8673558897243108, 0.8673245614035088], "Valid": []}, "f1_val": {"Train": [0.7084808421316456, 0.7865267115776281, 0.8457730149777528, 0.8495253610702089, 0.8603477988406706, 0.8588614931545474, 0.865127353613835, 0.8578231718779372, 0.8448886243303362, 0.8678299552019048, 0.8663888975909276, 0.8671950875653998, 0.8669882839421089, 0.8675438596491228, 0.8674457219837713, 0.8671950875653998, 0.8674812030075187, 0.8672139365835317, 0.8673558897243108, 0.8673204047745856], "Valid": []}}