{"roc_val": {"Train": [0.6142234423778745, 0.6460533774913474, 0.6489807931482843, 0.6519106349834486, 0.6441191873794764, 0.6609384834266117, 0.679435446385387, 0.7556587741283034, 0.7974697316599773, 0.8061659553017881, 0.8276408282611291, 0.8358166877092481, 0.8271147558746491, 0.8254139185683508, 0.8279733717124893, 0.836521307969171, 0.8378434573275293, 0.8408023112292007, 0.840895754423653, 0.8493821646848952, 0.8506595592992507, 0.8499684910898802, 0.8524585272705574, 0.8536205645693181, 0.8529920587810377], "Valid": []}, "eer_val": {"Train": [0.4280701754385965, 0.40401002506265665, 0.39937343358357247, 0.400250626567298, 0.40501253132805654, 0.38796992481080417, 0.37644110275694853, 0.31478696741854667, 0.28045112781900894, 0.26967418546364147, 0.24210526315789474, 0.23684210526278576, 0.24874686716828287, 0.24799498747035637, 0.24937343358456776, 0.23809523809458977, 0.2395989974925936, 0.23395989974932319, 0.2367167919804505, 0.2274436090225564, 0.2264411027572704, 0.2269423558895567, 0.22493734335839613, 0.22205513784479303, 0.22330827067669165], "Valid": []}, "thres": {"Train": [-0.27508440613746643, -0.00943599408492446, -0.0006249825237311618, -0.00013930114801075837, -8.167051419149862e-05, -0.000179949041921491, -0.0019211763283238153, -0.013971087522804739, -0.03057719580826358, -0.04547249898314274, -0.06922309845685959, -0.1373675614594825, -0.13410449028019583, -0.1856673657907929, -0.18466162681617798, -0.1766828745602995, -0.17141512036311746, -0.19699464738368772, -0.20367531478409945, -0.21814973652362823, -0.23632635176183223, -0.23103463649744332, -0.2339687049388886, -0.24376651644710595, -0.25762961308161414], "Valid": []}, "acc_val": {"Train": [0.5719298245614035, 0.5959899749373434, 0.6006892230576442, 0.5997493734335839, 0.5950501253132832, 0.6120300751879699, 0.6234962406015038, 0.6851503759398496, 0.7195488721804512, 0.7303884711779448, 0.7578947368421053, 0.7632205513784461, 0.7512531328320802, 0.7520676691729323, 0.7506892230576441, 0.7617794486215539, 0.7604010025062656, 0.7661027568922306, 0.7632205513784461, 0.7725563909774437, 0.7735588972431078, 0.7729949874686717, 0.775, 0.7779448621553885, 0.7766917293233083], "Valid": []}, "f1_val": {"Train": [0.5719298245614035, 0.5959899749373434, 0.6006642020176702, 0.5997493734335839, 0.5950247509242433, 0.611981451309688, 0.6234726486621969, 0.6851306472836645, 0.7195137235242512, 0.730371577166489, 0.7578643940343401, 0.7632057146437747, 0.7512531328320802, 0.7520832028068416, 0.7507048430549466, 0.7617197292554525, 0.7603709738062414, 0.7660881007581928, 0.7632057146437747, 0.7725278856999623, 0.7735588972431078, 0.772952309331328, 0.7749859013722665, 0.7779448621553885, 0.7766917293233082], "Valid": []}}