{"roc_val": {"Train": [0.9427425707124956, 0.9574783920955272, 0.9561433345267931, 0.9588376329294412, 0.9667049516020627, 0.9766633061350117, 0.9848202508150075, 0.9816599927136137, 0.9857592760095728, 0.9883093777677276, 0.988354454431819, 0.9867546529230344, 0.9908189961118334, 0.9910981086802219, 0.9923316750522924, 0.9927689367529098, 0.9931444526102222, 0.9941240004773839, 0.9958624631754825, 0.995335158070615, 0.9954458514707822, 0.9959454714480438, 0.9970331530580838, 0.9968732451429325, 0.9967393263861408, 0.9969614041369087, 0.9973418037575141, 0.9973362133403685, 0.9974496548388515, 0.9973195677162832], "Valid": []}, "eer_val": {"Train": [0.11528822055127673, 0.09398496240601507, 0.09185463659146947, 0.08822055137837102, 0.07443609022392142, 0.053884711779448806, 0.04611528822055139, 0.06566416040097335, 0.051002506264926896, 0.04573934837167945, 0.04285714285714289, 0.04849624060150589, 0.033333333335301925, 0.03659147869677677, 0.03195488721740717, 0.03057644110275692, 0.030827067669027753, 0.027192982456140446, 0.02042606516290437, 0.0266917293241796, 0.021929824562969238, 0.024436090225564228, 0.01829573934836808, 0.02005012531227989, 0.018922305764410674, 0.01729323308286647, 0.01679197994969828, 0.016917293233082584, 0.016666666666702787, 0.016666666666664543], "Valid": []}, "thres": {"Train": [-0.447933137416824, -0.5413290858268738, -0.5079919951302596, -0.5142100453376033, -0.4760824739906389, -0.4099079668521882, -0.356016144156456, -0.4356935322283914, -0.34930494427632286, -0.369648575782807, -0.36364920437335974, -0.3845145404338887, -0.31910872460105877, -0.4049533307553101, -0.378835737704139, -0.39209024608135223, -0.4051540791985912, -0.37958633899688743, -0.38808807730674144, -0.38253974914982447, -0.34985691309900624, -0.4211153388023388, -0.44092047214507474, -0.3879867196077686, -0.41305354237556396, -0.3968094587330583, -0.4094814062110966, -0.4088186919689173, -0.4176013469696256, -0.4096834063529779], "Valid": []}, "acc_val": {"Train": [0.8847744360902255, 0.905952380952381, 0.9081453634085213, 0.9119047619047619, 0.9256265664160401, 0.9460526315789474, 0.9538847117794487, 0.9343984962406015, 0.9489974937343358, 0.9541979949874687, 0.9572055137844612, 0.9514411027568922, 0.9666040100250627, 0.9633458646616542, 0.9681077694235589, 0.9694235588972431, 0.9692355889724311, 0.9727443609022557, 0.9796365914786967, 0.9733082706766917, 0.9780075187969924, 0.9756265664160401, 0.9817669172932331, 0.9799498746867168, 0.981140350877193, 0.9826441102756892, 0.9830827067669173, 0.9831453634085213, 0.9832706766917293, 0.9833959899749374], "Valid": []}, "f1_val": {"Train": [0.884767215990977, 0.9059464878751802, 0.9081453634085213, 0.9118937210176715, 0.9256219061344696, 0.946049251206216, 0.9538847117794487, 0.9343943856131337, 0.9489911016418097, 0.9541951250078325, 0.9572028322576601, 0.9514380600288238, 0.9666019174133719, 0.9633435678927252, 0.9681057710382855, 0.9694235588972431, 0.969233661256971, 0.9727426530484367, 0.9796353154959584, 0.9733082706766917, 0.978006140735635, 0.9756250391628548, 0.9817657747979196, 0.97994736182479, 0.9811391691208722, 0.9826430227457861, 0.9830784657808974, 0.9831443072874241, 0.9832696284228334, 0.9833949495582429], "Valid": []}}