{"roc_val": {"Train": [0.9200553781069215, 0.9317493294640109, 0.9374220717834687, 0.9413022845333886, 0.9461903034528678, 0.9500412057713206, 0.9486506601717326, 0.9448674081821096, 0.9295031752313114, 0.9198214128680096, 0.9184354369633356, 0.9162713487980604, 0.915710846665536, 0.9162480920345979, 0.9170312215375531, 0.9214973209967273, 0.919673156889718, 0.9203784838034939, 0.9231212822155639, 0.9225030935735329, 0.9217410773173536, 0.9222861900993085, 0.9226228556981426, 0.92221448828839, 0.9222407836634191, 0.9225313597276398, 0.9226518363578117, 0.9226167313647526, 0.9225064226983498, 0.9223207454727042], "Valid": []}, "eer_val": {"Train": [0.15438596491085999, 0.13771929824583845, 0.12944862155388515, 0.12431077694235637, 0.11967418546368651, 0.11228070175438602, 0.11679197994991689, 0.12243107769423554, 0.14235588972451632, 0.15488721804451971, 0.15175438596491228, 0.15463659147869635, 0.1578947368421065, 0.15363408521306846, 0.15501253132829207, 0.14987468671682055, 0.15238095238091084, 0.1526315789462543, 0.14786967418546335, 0.14912280701753544, 0.14949874686716783, 0.14874686716791952, 0.1482456140344661, 0.14887218045112796, 0.14887218045074074, 0.1484962406014948, 0.14812030075241744, 0.14812030075353072, 0.14837092731829568, 0.14874686716832494], "Valid": []}, "thres": {"Train": [-0.49515178799457976, -0.4108900725841874, -0.34791541099548384, -0.2972377240657809, -0.24112244695426477, -0.15937097370624542, -0.10205393284559591, -0.12851949036121366, -0.16276225447667153, -0.17438495159132794, -0.19617221504449844, -0.20292554795742027, -0.19431284070014979, -0.2065347433090245, -0.20877116918562622, -0.20170494914055664, -0.199562996625897, -0.19950464367827137, -0.2124490439891815, -0.2032671831548176, -0.20354878902435303, -0.20332556366920465, -0.20416080951680554, -0.20388882607221612, -0.20332813262930421, -0.2030874788761101, -0.20303100347530637, -0.2037780433895637, -0.2043272294104099, -0.20204529166247764], "Valid": []}, "acc_val": {"Train": [0.8456766917293234, 0.862218045112782, 0.8704887218045113, 0.8756265664160401, 0.8803258145363408, 0.887719298245614, 0.8832080200501253, 0.8776315789473684, 0.8575814536340852, 0.8451127819548873, 0.8482456140350877, 0.8454260651629073, 0.8420426065162907, 0.8463032581453634, 0.8449874686716792, 0.850062656641604, 0.8475563909774436, 0.8473057644110276, 0.8521929824561404, 0.8508771929824561, 0.8505012531328321, 0.8513784461152882, 0.8518170426065163, 0.8511278195488722, 0.8510025062656642, 0.8515037593984962, 0.8519423558897243, 0.8519423558897243, 0.8516917293233083, 0.8511904761904762], "Valid": []}, "f1_val": {"Train": [0.845667021743217, 0.8622094116172693, 0.8704806065542954, 0.8756187731060843, 0.8803258145363408, 0.887719298245614, 0.8832080200501253, 0.8776239112726362, 0.8575725296071183, 0.8450933700965033, 0.8482456140350877, 0.845416379472398, 0.842032708816342, 0.8462936274202645, 0.8449680411079084, 0.850053261482549, 0.8475277307764618, 0.8472770570909318, 0.8521837207845102, 0.850877192982456, 0.8505012531328321, 0.8513598195262564, 0.8518077573782818, 0.8511278195488723, 0.8509651541739786, 0.8515037593984961, 0.8519516321032516, 0.8519516321032516, 0.8516824362428724, 0.8511811517012344], "Valid": []}}