{"roc_val": {"Train": [0.8622152656076281, 0.8742761666069936, 0.8823816119245481, 0.8920374243880377, 0.9178890757595743, 0.9311276625146828, 0.9352601114314609, 0.9522230545034265, 0.9597251587615656, 0.9664801257529789, 0.9425799068473187, 0.9622606092298415, 0.9670967283496962, 0.9676958451894148, 0.9712171720026884, 0.9718097169615768, 0.9724856941853381, 0.9737311009352956, 0.9745336084572335, 0.974946584820447, 0.9754222649355218, 0.9756053746521692, 0.9757399922111042, 0.9757311668896553, 0.9757343546837017, 0.9757500581026503, 0.9757113962851992, 0.9757132806954731, 0.9757279947990275, 0.9757024060778513], "Valid": []}, "eer_val": {"Train": [0.22180451127819095, 0.20839598997311715, 0.1974937343358396, 0.18897243107769543, 0.15112781954887214, 0.13471177944862156, 0.13258145363408586, 0.10852130325814681, 0.09598997493734343, 0.09348370927349446, 0.12669172932328798, 0.09360902255761444, 0.08834586466200019, 0.08395989974990856, 0.08320802005012908, 0.08095238095288522, 0.07894736842105186, 0.07631578947299673, 0.0739348370915309, 0.07393483709273188, 0.07330827067523393, 0.07293233082706767, 0.07268170426071469, 0.0725563909783152, 0.07243107769423643, 0.07243107769515, 0.07255639097792084, 0.07280701754461649, 0.07268170425970043, 0.07268170426106237], "Valid": []}, "thres": {"Train": [-0.09118426591157869, -0.04922175407390981, -0.02627374976873398, -0.01332990243099632, -0.006943898275494575, -0.008064418099820614, -0.020165786147117625, -0.035385105758905536, -0.07305450737476353, -0.1365105509759473, -0.21936683853466515, -0.23630423843910703, -0.2690086662770078, -0.29607236385436786, -0.350252717733393, -0.3572971820835608, -0.38375344872474587, -0.3827206492419698, -0.3981103599065898, -0.40303346514701854, -0.4071955382818136, -0.4088795781135559, -0.40928474068646864, -0.41069546341987845, -0.411599735418957, -0.41183909774004274, -0.4098861813549692, -0.4112476408494174, -0.4123764038072165, -0.41219991445735], "Valid": []}, "acc_val": {"Train": [0.7782581453634085, 0.7916666666666666, 0.8023809523809524, 0.8110275689223058, 0.8489348370927319, 0.8652882205513784, 0.8673558897243108, 0.8914160401002507, 0.9039473684210526, 0.906578947368421, 0.8734335839598998, 0.906390977443609, 0.9116541353383458, 0.9162280701754386, 0.9167293233082707, 0.9191102756892231, 0.9211152882205513, 0.9236842105263158, 0.9260025062656642, 0.9260025062656642, 0.9267543859649123, 0.9271303258145364, 0.9273182957393483, 0.9275062656641604, 0.9275689223057644, 0.9275689223057644, 0.9273809523809524, 0.9272556390977443, 0.9271929824561403, 0.9272556390977443], "Valid": []}, "f1_val": {"Train": [0.778244250892913, 0.7916536123817282, 0.8023314113812985, 0.8110275689223058, 0.8489253712638636, 0.8652713372603082, 0.8673475781690583, 0.8914092361676798, 0.9039413497086283, 0.9065848004510996, 0.8734177215189873, 0.906390977443609, 0.9116541353383458, 0.9162438138194575, 0.916724105520396, 0.9191153436501474, 0.921110345259728, 0.9236746459456072, 0.9259885943473083, 0.925997869540698, 0.9267497963531549, 0.9271257597593835, 0.9273182957393483, 0.9275108075935092, 0.9275689223057644, 0.9275689223057644, 0.9273764020302023, 0.9272601967295283, 0.9271747305088995, 0.9272510808947929], "Valid": []}}