{"roc_val": {"Train": [0.6657292196657058, 0.6550262718199006, 0.6653140212687106, 0.6701359209427077, 0.7001176421630516, 0.7317225315795756, 0.756961145030496, 0.7722137109691523, 0.8223049007229855, 0.8499784235023651, 0.8449582524607259, 0.8719258201895715, 0.8709306945308133, 0.8443086962393451, 0.8755853056827533, 0.8775359294225539, 0.8807532301932777, 0.8879243220834039, 0.8965833286223077, 0.9002566566792922, 0.9087545304363667, 0.9108730472798539, 0.9123879246989656, 0.9126848999064077, 0.9130640196983688, 0.9131388072311103, 0.9132575878920358, 0.9132372833713355, 0.9135114729178837, 0.9134754649782351], "Valid": []}, "eer_val": {"Train": [0.3953634085213045, 0.4046365914784522, 0.38483709273181627, 0.3845864661654136, 0.3602756892235562, 0.3496240601503759, 0.3140350877198883, 0.303132832081488, 0.2550125313283208, 0.22681704260651647, 0.22882205513786166, 0.2047619047630244, 0.208646616541331, 0.23320802004930558, 0.20350877193063163, 0.1973684210526171, 0.19423558897193566, 0.1854636591478525, 0.17355889724396145, 0.17243107769425164, 0.16215538846960387, 0.15902255639021717, 0.15701754385882694, 0.15726817042600905, 0.15689223057639234, 0.15689223057644613, 0.156140350876992, 0.1565162907269069, 0.15614035087685235, 0.15614035087689568], "Valid": []}, "thres": {"Train": [-0.20028095692396233, -0.007001530379047215, -0.00019066011009272012, -0.00016580312512815, -6.7290566221416155e-06, -8.888776210369542e-05, -0.002051307354123326, -0.003593914210799485, -0.015864232555031776, -0.04611197263002397, -0.033920314162969714, -0.07962473481914156, -0.09995331118503895, -0.13739615678768263, -0.1647828221322412, -0.12409228086471069, -0.15707705914941206, -0.16405871510504805, -0.20000429451494597, -0.20621511340141888, -0.2461187988517969, -0.2636471986765542, -0.27399212121932726, -0.27864071726788275, -0.281931221485136, -0.2840797603130344, -0.28566952049708294, -0.2861079871654766, -0.2872207164763873, -0.2875432074067114], "Valid": []}, "acc_val": {"Train": [0.6046365914786967, 0.5953634085213032, 0.6152255639097745, 0.6153508771929824, 0.6397243107769424, 0.650438596491228, 0.6860275689223058, 0.6969298245614035, 0.7449874686716792, 0.7731203007518797, 0.7711152882205514, 0.7952380952380952, 0.7914160401002506, 0.7667293233082707, 0.7964912280701755, 0.8026942355889725, 0.8057644110275689, 0.8145989974937343, 0.8264411027568922, 0.8275062656641604, 0.837907268170426, 0.8409774436090226, 0.8429197994987468, 0.8427318295739349, 0.8429824561403508, 0.8430451127819549, 0.8439223057644111, 0.843609022556391, 0.8439223057644111, 0.843859649122807], "Valid": []}, "f1_val": {"Train": [0.6046365914786967, 0.5953126958265447, 0.6152014537251708, 0.6153749765052314, 0.6397243107769424, 0.6504166927752366, 0.6860472401478604, 0.6969488127310319, 0.7449555082090487, 0.7731345153812418, 0.7711009461745724, 0.7952380952380952, 0.7914029701109091, 0.7666854671930813, 0.7964912280701755, 0.802681872297763, 0.8057400676776539, 0.8145873801616643, 0.8264411027568922, 0.8274954571088414, 0.8378971113478288, 0.8409575134728663, 0.8428902675941594, 0.8427121193131971, 0.8429430935071447, 0.8430352778996177, 0.8439125258474842, 0.8436286179676733, 0.8439125258474842, 0.8438400802105527], "Valid": []}}