{"roc_val": {"Train": [0.614849600505022, 0.645518919479149, 0.6496088356857054, 0.6461522383653369, 0.6439938426894304, 0.6750446369683607, 0.7766471316134949, 0.8129154967619551, 0.8124903581007658, 0.7810079789071676, 0.802118713136224, 0.8239756502785787, 0.8006830202071594, 0.8260328688262009, 0.8089164719442717, 0.8323063375858192, 0.8459789825440795, 0.8570284420323994, 0.8587038869102581, 0.8596273029063888, 0.8611698733048159, 0.861695184075477, 0.8669312535725279, 0.8667136512961602, 0.8658451580078015, 0.8669673949912374, 0.8677044899215456, 0.8680223820830271, 0.8680465103862413, 0.868203528872306], "Valid": []}, "eer_val": {"Train": [0.42681704260662945, 0.4062656641604009, 0.39711779448747037, 0.406015037594006, 0.40563909774528173, 0.38245614035089304, 0.2911027568922268, 0.26253132832126247, 0.26353383458623736, 0.2942355889733891, 0.26917293233154144, 0.25162907268170337, 0.2799498746867189, 0.25112781954913865, 0.2718045112781936, 0.24636591478696743, 0.23245614035087647, 0.22117794486254752, 0.22155388471117712, 0.218421052631579, 0.21954887218043012, 0.22080200501167568, 0.2130325814542981, 0.2135338345873364, 0.21328320802073236, 0.21428571428571436, 0.21253132832041266, 0.21215538847117074, 0.21152882205493817, 0.21165413533729044], "Valid": []}, "thres": {"Train": [-0.28320959210397134, -0.009376742877066134, -0.0005647490615968638, -0.00023633858654648217, -4.3119223846873625e-05, -7.9965890715056e-05, -0.0008225541096180582, -0.014189998619261747, -0.018932887166735222, -0.03960319608450558, -0.05891614779833169, -0.11022035032510756, -0.12506742775440294, -0.1360868662596325, -0.1559736579656599, -0.16672714427113533, -0.19149246811866735, -0.22793231904513758, -0.2274950593709065, -0.21796652674674988, -0.22632491588590917, -0.23665502667362967, -0.2578760683539072, -0.25363427400617056, -0.26080277562160104, -0.2618134915828705, -0.2654396444558069, -0.26837280392646723, -0.26993513107291456, -0.2705405950543023], "Valid": []}, "acc_val": {"Train": [0.5731203007518797, 0.593734335839599, 0.6028822055137845, 0.5939223057644111, 0.5943609022556391, 0.6174812030075187, 0.7089598997493735, 0.7374686716791979, 0.7365288220551378, 0.7057017543859649, 0.7308270676691729, 0.7484335839598998, 0.7199874686716792, 0.7488721804511278, 0.7282581453634085, 0.7536340852130325, 0.7675438596491229, 0.7788220551378446, 0.7785087719298246, 0.781516290726817, 0.7804511278195488, 0.7791353383458647, 0.787092731829574, 0.7864661654135339, 0.7867167919799499, 0.7856516290726817, 0.787468671679198, 0.7879072681704261, 0.7885338345864662, 0.7883458646616541], "Valid": []}, "f1_val": {"Train": [0.5730935522275832, 0.593734335839599, 0.6028822055137845, 0.5938968607055579, 0.5943609022556391, 0.6175051688490696, 0.7089416630114669, 0.7374686716791979, 0.736512312801554, 0.7056833134908203, 0.730827067669173, 0.7484178206654553, 0.7199699229275018, 0.7488721804511278, 0.7282411178645278, 0.7536340852130325, 0.7675438596491229, 0.7788220551378446, 0.778494893163732, 0.7815026004135598, 0.7804236119814512, 0.7790938146268096, 0.7871194085954141, 0.7864661654135339, 0.7867167919799499, 0.7856381978820729, 0.7874686716791979, 0.7878939783194434, 0.7885205839964909, 0.7883193382629402], "Valid": []}}