{"roc_val": {"Train": [0.8250874915986709, 0.8276480518338452, 0.827429860679267, 0.8429253977676019, 0.8531521708406354, 0.8542107775704928, 0.8837404130627321, 0.8929123089679085, 0.8955438643601484, 0.8798138202649481, 0.8854123639298749, 0.8955489365644688, 0.90681877783431, 0.8880910531340884, 0.8977472110727946, 0.9084023812664493, 0.9080628262385286, 0.907549143849599, 0.9138601673356322, 0.9109919849749688, 0.9097318327146188, 0.9129630231594023, 0.9132227812639369, 0.913732482836163, 0.9121562286040916, 0.9150591390757596, 0.9151747790528953, 0.9153851184979993, 0.9155817802651992, 0.9154952465750843], "Valid": []}, "eer_val": {"Train": [0.24849624060118508, 0.2521303258150656, 0.2530075187966524, 0.23208020050125314, 0.21979949874553345, 0.2205513784461039, 0.1865914786985733, 0.17807017543945802, 0.17568922305764398, 0.19724310777058898, 0.19122807017543492, 0.1760651629067329, 0.1630325814524789, 0.18972431077620006, 0.17343358395989972, 0.158521303257431, 0.1590225563907811, 0.16115288220358295, 0.1528822055121941, 0.15350877192982326, 0.15714285714321125, 0.15313283208064238, 0.1531328320802037, 0.15300751879800184, 0.15538847117806787, 0.15075187969924383, 0.15062656641619213, 0.14974937343514524, 0.1492481203007526, 0.14962406015037602], "Valid": []}, "thres": {"Train": [-0.10950163006782333, -0.04510324075819655, -0.015324143692846858, -0.006085705943405628, -0.006473542191080959, -0.007975704036653, -0.018680226057782013, -0.04056428000335758, -0.08173368871212004, -0.12926934659495726, -0.2114643007516852, -0.29073253273918254, -0.2672120630734945, -0.30133613944018217, -0.3572571575641632, -0.29201188683462237, -0.2681657373904852, -0.28057155012981966, -0.2837372422212812, -0.28213435411453247, -0.3010738790036039, -0.29502168297809456, -0.300193786621095, -0.3066338598731431, -0.3230859637260795, -0.31243112683296154, -0.31937929987940405, -0.3189599215987389, -0.3198692798614503, -0.32080507278442383], "Valid": []}, "acc_val": {"Train": [0.7515037593984962, 0.7478070175438597, 0.7470551378446115, 0.7679197994987469, 0.7802631578947369, 0.7795112781954887, 0.8134711779448621, 0.8219924812030075, 0.8243734335839599, 0.8028195488721804, 0.8088345864661655, 0.8239348370927319, 0.8370300751879699, 0.8102130325814536, 0.8266290726817043, 0.8412907268170426, 0.8410401002506266, 0.8388471177944862, 0.8471177944862155, 0.8465538847117795, 0.8429197994987468, 0.8468671679197995, 0.8468045112781954, 0.8469298245614035, 0.8446115288220551, 0.8493107769423559, 0.8493734335839599, 0.850187969924812, 0.8506892230576442, 0.850375939849624], "Valid": []}, "f1_val": {"Train": [0.751472615615992, 0.7477912149884077, 0.7470392881759509, 0.7678907131219451, 0.7802493890594647, 0.779497462247008, 0.8134828644821753, 0.8220036338575277, 0.8243624287236042, 0.8028319027629848, 0.8088226079328278, 0.8239127710239378, 0.8370198633999624, 0.8101773516325125, 0.826618209160975, 0.8412409902851772, 0.841030139733066, 0.8388269206667501, 0.8470986339140244, 0.8465442696910834, 0.8429296409999374, 0.8468671679197995, 0.8467949119619024, 0.8469202330973118, 0.8446115288220551, 0.8493013346700922, 0.8493734335839599, 0.8501785826179584, 0.8506798671595964, 0.850375939849624], "Valid": []}}