{"roc_val": {"Train": [0.9210405949083234, 0.93251761923606, 0.9380394516994239, 0.9418054534833323, 0.9466661877123888, 0.9504049754712596, 0.9491477676019622, 0.9415110143780505, 0.9268988888260751, 0.9177478235061337, 0.9179525960892205, 0.9178482547220181, 0.9176790111243021, 0.9178483803493696, 0.9196178965584387, 0.9232416724769316, 0.9223002054007199, 0.9233241075747012, 0.9281012525046956, 0.927541245029868, 0.9264601667074955, 0.9275361806772571, 0.9277878750761617, 0.9273782827997311, 0.9273884507635003, 0.9276780139571987, 0.9278048269169163, 0.9277199577892097, 0.927536777407177, 0.9274176512710348], "Valid": []}, "eer_val": {"Train": [0.1531328320801993, 0.13709273182957385, 0.12882205513800118, 0.12393483709220346, 0.11867167919796834, 0.11140350877253831, 0.11541353383458636, 0.12944862155389195, 0.14874686716770302, 0.1587719298244925, 0.1531328320801818, 0.15426065162889965, 0.1557644110288708, 0.1546365914788238, 0.15413533834658397, 0.1498746867167498, 0.1510025062665779, 0.15125313283208017, 0.1438596491229883, 0.14573934837093153, 0.146115288220552, 0.14423558897155284, 0.1441102756892231, 0.14461152882214423, 0.14461152882231554, 0.1444862155387549, 0.14448621553844598, 0.14461152882239725, 0.14473684210407714, 0.14473684210618187], "Valid": []}, "thres": {"Train": [-0.49530361096064035, -0.4097635149955749, -0.3485305160284934, -0.297054171562092, -0.2402169108390789, -0.15895582735576877, -0.10195966809988022, -0.11245317012071723, -0.1580955684184641, -0.17361694574355901, -0.19770254194736359, -0.2057449519633794, -0.1945378035308573, -0.21327185630799977, -0.21096010506159701, -0.20437520742415785, -0.20206168294019405, -0.20541274547576904, -0.21764263510708395, -0.20836058259010404, -0.2080928534269337, -0.2079257369039423, -0.20854809135198593, -0.20857845246791998, -0.20838418602959144, -0.20771311223501582, -0.2068848162889442, -0.20802320837980054, -0.20867058634750366, -0.2065690308811428], "Valid": []}, "acc_val": {"Train": [0.8469298245614035, 0.8629072681704261, 0.8712406015037594, 0.8760651629072682, 0.881328320802005, 0.8885964912280702, 0.8846491228070176, 0.8704887218045113, 0.8512531328320802, 0.8412280701754385, 0.8468671679197995, 0.8457393483709273, 0.8442355889724311, 0.8454260651629073, 0.8458646616541353, 0.850187969924812, 0.8490601503759398, 0.8488095238095238, 0.856140350877193, 0.8541979949874686, 0.8538220551378446, 0.855701754385965, 0.8559523809523809, 0.8553884711779448, 0.8553884711779448, 0.8554511278195489, 0.8555137844611529, 0.8553884711779448, 0.8552631578947368, 0.8552631578947368], "Valid": []}, "f1_val": {"Train": [0.8469202330973118, 0.8629072681704261, 0.8712325333667523, 0.8760496302794836, 0.881328320802005, 0.8885964912280702, 0.8846418948555673, 0.8704806065542954, 0.8512344905376614, 0.8412081714500564, 0.8468479759368341, 0.8457200150394787, 0.844235588972431, 0.845435749639747, 0.8458646616541353, 0.8501785826179584, 0.8490696071674707, 0.8488000501284542, 0.856140350877193, 0.8541888589510621, 0.8538128955448336, 0.8556746255561822, 0.8559433548467948, 0.8553884711779448, 0.8553884711779448, 0.8554239518706523, 0.8554956761498934, 0.8553884711779448, 0.8552450181727034, 0.8552631578947367], "Valid": []}}