{"roc_val": {"Train": [0.7707022568953712, 0.7801493238107802, 0.747809357353283, 0.7253951765378358, 0.7488023237919361, 0.8306775868242033, 0.8548349570668528, 0.8748390006972318, 0.880904744631001, 0.8875092493137606, 0.8868522732269271, 0.8928823546962645, 0.8948048222058906, 0.8988509337252907, 0.8952704128742909, 0.9029373245142933, 0.9059968530348427, 0.9065331012368012, 0.9073609148183742, 0.9078208758110816, 0.9082483621334038, 0.9083678572998913, 0.9084678017097884, 0.908421154703802, 0.908442943197593, 0.9084547600203516, 0.9084471517138711, 0.908442660536052, 0.9084698431542515, 0.908428849379087], "Valid": []}, "eer_val": {"Train": [0.3033834586463645, 0.290726817042486, 0.32255639097744543, 0.34786967418576287, 0.32781954887218046, 0.24699248120307477, 0.21691729323307785, 0.198120300750998, 0.19172932330826775, 0.18634085213160476, 0.18609022556382654, 0.179824561403284, 0.17681704260543202, 0.17180451127826346, 0.17932330827069204, 0.1694235588972431, 0.16817042606660798, 0.1655388471177945, 0.16516290726816837, 0.16478696741733803, 0.16315789473703507, 0.1631578947360043, 0.16290726817074272, 0.16278195488721195, 0.16278195488606337, 0.16290726817000925, 0.1627819548872145, 0.16290726816939588, 0.16278195488899588, 0.16278195488876798], "Valid": []}, "thres": {"Train": [-0.2276012748479376, -0.13804289698599118, -0.08195240050554288, -0.05105975270273958, -0.037040796130895615, -0.0337667055428074, -0.058303788304328724, -0.10117796808472793, -0.14952872693538663, -0.20683220028926183, -0.25506365299216643, -0.3064709007739687, -0.31460142135615965, -0.3425240814686015, -0.37525436282158353, -0.3564315587282181, -0.3519666790972904, -0.35420775413513184, -0.36130568385124145, -0.3647513389582928, -0.36945179104815096, -0.3726233243942093, -0.3740133345129223, -0.37456965446471757, -0.37538316845854575, -0.37595945596674624, -0.37571384509404454, -0.37584099173487673, -0.37680649757404616, -0.3760350048544564], "Valid": []}, "acc_val": {"Train": [0.6966165413533835, 0.7092731829573935, 0.6773809523809524, 0.6520676691729324, 0.6722431077694235, 0.7529448621553885, 0.7831453634085213, 0.8018796992481203, 0.8083333333333333, 0.8137218045112782, 0.8137844611528822, 0.8202380952380952, 0.8231829573934837, 0.8283208020050126, 0.8206140350877194, 0.830639097744361, 0.8318922305764411, 0.8343984962406015, 0.8348997493734336, 0.8352756892230576, 0.8370300751879699, 0.8367794486215538, 0.837155388471178, 0.837280701754386, 0.837155388471178, 0.8370927318295739, 0.837280701754386, 0.8370927318295739, 0.837155388471178, 0.837155388471178], "Valid": []}, "f1_val": {"Train": [0.6965785186113547, 0.709236746459456, 0.6773607368882761, 0.6520458675355598, 0.6722225703364872, 0.7529293815401968, 0.7831317751738832, 0.801854869031207, 0.8083213233911899, 0.8137334753461563, 0.8137377788919529, 0.8202268312550912, 0.8231607970923673, 0.8283423129933591, 0.8206252741056325, 0.8306284854940784, 0.8319027629847754, 0.8343881195563632, 0.834889404098001, 0.8352653675042295, 0.8370607028753994, 0.8367487622986778, 0.8371655911283754, 0.8372705056707813, 0.8371247728269725, 0.8370927318295739, 0.8372705056707813, 0.8370723148264193, 0.8371451845353718, 0.8371451845353718], "Valid": []}}