{"roc_val": {"Train": [0.8522366850710736, 0.8829518344734015, 0.872507898819731, 0.8719820776879541, 0.8646940345852099, 0.8833928021808907, 0.8536352237109064, 0.8892930006721063, 0.8901910006846692, 0.9067581233786219, 0.9221819508043291, 0.9363130021168209, 0.9465367365782877, 0.9539120749869663, 0.9483737853405443, 0.9610794137599638, 0.9634225130495413, 0.9633440273616372, 0.965051946909881, 0.9639663695579802, 0.9638206261267204, 0.9638383160281655, 0.963785583947337, 0.9639534613476047, 0.9639096331053197, 0.9639583451108976, 0.963918646867796, 0.963907583809147, 0.9637870600687181, 0.9638756194998777], "Valid": []}, "eer_val": {"Train": [0.23208020050125308, 0.18684210526317085, 0.19849624060298704, 0.19887218045109997, 0.21052631579016368, 0.1878446115280294, 0.22593984962406016, 0.1735588972423725, 0.18709273183029484, 0.1676691729323215, 0.14335839599041625, 0.12894736842196902, 0.10551378446160306, 0.1011278195472303, 0.1106516290727388, 0.08070175438618425, 0.07756892230531633, 0.07619047618950837, 0.0734335839598991, 0.07506265664161815, 0.07556390977445343, 0.07543859649122785, 0.0754385964910286, 0.07568922305760145, 0.07581453634088091, 0.07568922305763509, 0.07581453634017873, 0.07619047619029753, 0.07631578947466275, 0.07656641604009765], "Valid": []}, "thres": {"Train": [-0.052823517471551895, -0.023963280022144734, -0.010968597605826103, -0.007061405573039947, -0.005760876461873258, -0.006936792284240657, -0.011728024110198021, -0.02629716508088533, -0.02589869499207159, -0.03377008996903869, -0.03832112997773101, -0.06610797345651433, -0.06186227574951147, -0.13263751566340706, -0.3199571967124991, -0.18837381899382782, -0.2640260457986969, -0.3245072662827303, -0.3396733850240702, -0.385837495327008, -0.41718667745592636, -0.43231168389320324, -0.4400439262388095, -0.4411419332027054, -0.44436733424669883, -0.4456960856914463, -0.4456733167163887, -0.44506800174668254, -0.44615873694760466, -0.44618731737136513], "Valid": []}, "acc_val": {"Train": [0.7679824561403509, 0.8131578947368421, 0.8015037593984963, 0.8011904761904762, 0.7895363408521303, 0.812155388471178, 0.7740601503759399, 0.8265037593984963, 0.812844611528822, 0.8323934837092731, 0.8565789473684211, 0.8709899749373433, 0.8945488721804511, 0.8988095238095238, 0.8892857142857142, 0.9192355889724311, 0.9224310776942356, 0.9235588972431078, 0.9266290726817042, 0.924874686716792, 0.9243734335839598, 0.9246240601503759, 0.9245614035087719, 0.9243734335839598, 0.9242481203007519, 0.9243734335839598, 0.9241854636591479, 0.9234962406015037, 0.9236842105263158, 0.9234962406015037], "Valid": []}, "f1_val": {"Train": [0.7679679177893352, 0.8131578947368422, 0.8015037593984963, 0.8011780186728492, 0.7895495269719943, 0.812131846096002, 0.7740601503759399, 0.8264928880255655, 0.8128328842659315, 0.8323829813898114, 0.8565699605238423, 0.8709818910959334, 0.8945422645529169, 0.8987904994673184, 0.8892787768657184, 0.9192305282285858, 0.9224213560596566, 0.9235301491788893, 0.9266244752177454, 0.9248699793220128, 0.9243686947803745, 0.9246193370511937, 0.9245519488657726, 0.9243686947803745, 0.9242433736449652, 0.9243686947803745, 0.9241759618999874, 0.9234626715978186, 0.9236842105263158, 0.9234914468325083], "Valid": []}}