{"roc_val": {"Train": [0.902006151029202, 0.9155309482980634, 0.9154812705322204, 0.9403984899592339, 0.961540780208667, 0.9651586673450544, 0.9667787890779581, 0.9700695975527792, 0.9721555612087864, 0.9766234744128492, 0.9771799329149942, 0.9783517612954692, 0.9795017383684776, 0.9800609135621007, 0.9803668004597961, 0.9805679219979772, 0.980636632307586, 0.9806935807564022, 0.9807320305776974, 0.9807951504701603, 0.9807637122254257, 0.9807458574380815, 0.9807493828556353, 0.980763751483973, 0.9807743277366349, 0.9807936507936509, 0.980766711578445, 0.9807852965747703, 0.9808081450493402, 0.9807937764210023], "Valid": []}, "eer_val": {"Train": [0.17744360902175102, 0.16365914786967833, 0.16152882205510694, 0.12518796992481201, 0.08934837092841483, 0.08220551378437091, 0.07882205513760754, 0.07255639097744888, 0.0714285714285603, 0.06591478696629191, 0.06478696741821625, 0.06516290726669216, 0.06315789473600066, 0.06152882205453939, 0.06140350877224257, 0.06140350877193773, 0.06140350877197848, 0.06115288220551372, 0.061027568922308054, 0.06140350877274138, 0.06127819548873955, 0.06127819548808911, 0.06127819548895157, 0.06127819548967847, 0.061278195490357866, 0.06115288220636336, 0.061278195489773174, 0.061278195489783374, 0.06127819548870412, 0.06140350877153948], "Valid": []}, "thres": {"Train": [-0.11857055127604685, -0.05850809812545825, -0.04289694875478589, -0.03089849092066288, -0.022652011364750615, -0.0340561158955001, -0.06085225194688514, -0.09554526209831286, -0.14213739335536682, -0.19436110556111935, -0.23900207877118554, -0.2798437476156289, -0.2926242649541078, -0.31486451625737527, -0.32512536644999346, -0.3330188989639347, -0.3374131619932473, -0.3391642272472381, -0.34246379137039207, -0.34346076846132007, -0.3444456458091761, -0.3439671099181833, -0.34510052204133224, -0.3449977934377406, -0.3449586629882008, -0.34513381123634534, -0.34493511915274294, -0.34509304166027893, -0.3452025651931755, -0.3446149826047524], "Valid": []}, "acc_val": {"Train": [0.8225563909774436, 0.8362781954887218, 0.8385338345864661, 0.874874686716792, 0.9105889724310777, 0.9177318295739348, 0.9210526315789473, 0.9273809523809524, 0.9286340852130326, 0.9341478696741855, 0.9352130325814536, 0.9347117794486216, 0.9368421052631579, 0.9384711779448621, 0.9386591478696742, 0.9385338345864662, 0.9387218045112782, 0.9389097744360902, 0.9389097744360902, 0.9386591478696742, 0.9387218045112782, 0.9387218045112782, 0.9387218045112782, 0.9387844611528822, 0.9387844611528822, 0.9388471177944863, 0.9387218045112782, 0.9387218045112782, 0.9387844611528822, 0.9385964912280702], "Valid": []}, "f1_val": {"Train": [0.8225341521493921, 0.8362679365875055, 0.8385237170248762, 0.8748668462936274, 0.9105833698853312, 0.9177163627248229, 0.9210328403108548, 0.9273764020302023, 0.9286296133842972, 0.9341437433423146, 0.9352049128963529, 0.9346954123840562, 0.9368341897480886, 0.9384634665998245, 0.9386629910406615, 0.9385299830816467, 0.9387294825209874, 0.9389059464878752, 0.9389059464878752, 0.9386629910406615, 0.9387218045112782, 0.9387141245770145, 0.9387218045112782, 0.938788296472652, 0.938788296472652, 0.9388471177944863, 0.9387218045112782, 0.9387218045112782, 0.9387806253524656, 0.9385887955884196], "Valid": []}}