{"roc_val": {"Train": [0.9109722928876074], "Valid": []}, "eer_val": {"Train": [0.1538847117810764], "Valid": []}, "thres": {"Train": [-0.09112088382266215], "Valid": []}, "acc_val": {"Train": [0.8460526315789474], "Valid": []}, "f1_val": {"Train": [0.8460429851494454], "Valid": []}}