{"roc_val": {"Train": [0.82562298603652, 0.8059797991218648, 0.8132853358333176, 0.8678305020068969, 0.8936083865679236, 0.9121778208051456, 0.9265531937613458, 0.9309883574851917, 0.9290150266015916, 0.9460129961495216, 0.9294537408684619, 0.9478550385990038, 0.9514140222109156, 0.9388218981036551, 0.957851583846835, 0.954949709800818, 0.9593739360933664, 0.9614501636296255, 0.9622086466165412, 0.9628130162498979, 0.9630657156676151, 0.9632540703261914, 0.9633398502521967, 0.9632740764819318, 0.963363743004127, 0.9633582075489475, 0.9633780880773363, 0.9633801609286375, 0.9634081444212033, 0.9633670956840724], "Valid": []}, "eer_val": {"Train": [0.25827067669244125, 0.2799498746859764, 0.2700501253150619, 0.21152882205513793, 0.1771929824557529, 0.16127819548870737, 0.14548872180449796, 0.13521303258238265, 0.14323308270626608, 0.12042606516290706, 0.14135338345865292, 0.11992481203007516, 0.11528822055137834, 0.12694235588971545, 0.10288220551454728, 0.11077694235540392, 0.10213032581449731, 0.09962406015037648, 0.0978696741854637, 0.096741854637035, 0.09649122806989159, 0.0959899749376385, 0.09561403508732341, 0.09573934837092737, 0.09536340852134007, 0.09536340852130282, 0.09561403508813343, 0.0954887218045083, 0.09561403508800846, 0.09598997493657856], "Valid": []}, "thres": {"Train": [-0.07589565217497805, -0.03362749889492348, -0.011837094090895355, -0.003696761466562748, -0.0016927582910271086, -0.0036240837071090143, -0.016093628481030308, -0.0500777587295863, -0.08763426542279963, -0.1418465822935104, -0.15819172561168793, -0.2787898778915405, -0.2454889714717865, -0.39308640360831604, -0.32248476147706506, -0.3275564610956864, -0.3372586369514219, -0.3673091232776646, -0.38111791014671326, -0.39335843920788033, -0.39985272288311213, -0.40405896306053757, -0.40531131625170014, -0.40698304772377025, -0.40807488560678223, -0.4084258377552032, -0.40889206528716415, -0.408642649650572, -0.4089218676093082, -0.4078543782233126], "Valid": []}, "acc_val": {"Train": [0.7416666666666667, 0.7200501253132832, 0.7298872180451128, 0.7885338345864662, 0.8226190476190476, 0.8387844611528822, 0.8545739348370928, 0.8648496240601504, 0.8567669172932331, 0.8796365914786968, 0.8585839598997493, 0.8801378446115288, 0.8847744360902255, 0.8731203007518797, 0.8971804511278195, 0.8891604010025063, 0.8978696741854637, 0.900375939849624, 0.9021929824561403, 0.9034461152882205, 0.9035087719298246, 0.9039473684210526, 0.9043233082706766, 0.9041979949874687, 0.9046365914786968, 0.9046992481203008, 0.9044486215538847, 0.9045112781954887, 0.9043859649122807, 0.9037593984962407], "Valid": []}, "f1_val": {"Train": [0.741650479353343, 0.7200150394786313, 0.7298702926248511, 0.7885205839964909, 0.8225634597304919, 0.8387743592956951, 0.8545648223572906, 0.8648580915982709, 0.856748966035844, 0.8796290494391878, 0.8585750986903942, 0.8801303339808257, 0.884767215990977, 0.8731123503978947, 0.8971868930518138, 0.8891395625744187, 0.8978696741854637, 0.900375939849624, 0.9021868538128955, 0.9034642611038025, 0.9034966787818022, 0.9039413497086283, 0.9043053205489753, 0.9041919919794473, 0.9046365914786968, 0.9046932765210853, 0.9044546081072614, 0.9045112781954887, 0.9043859649122808, 0.9037232042121098], "Valid": []}}