{"roc_val": {"Train": [0.8947095966733876, 0.9107051306210389, 0.9538615178296619, 0.981924469695542, 0.9869101481774613, 0.9855784511403822, 0.9899990263880252, 0.9935154223277491, 0.9950134264232007, 0.9949488068542283, 0.9960447955728923, 0.996224866677973, 0.9962774888348691, 0.996339250381593, 0.996617562075615, 0.9966171066764655, 0.9966425776219999, 0.9966678915333447, 0.9966440223365431, 0.9966368144672457, 0.9966517955289225, 0.9966652690623802, 0.9966734191368145, 0.9966536485323584, 0.9966513715366109, 0.9966606365537904, 0.9966567892161481, 0.9966721471598797, 0.996669618909429, 0.996651968266531], "Valid": []}, "eer_val": {"Train": [0.18959899749304984, 0.16766917293233038, 0.10651629072748438, 0.06203007518813837, 0.054260651629055204, 0.05426065162927779, 0.04461152882205516, 0.03408521303293157, 0.029072681704260712, 0.029072681704260354, 0.025062656641604147, 0.02406015037511611, 0.023684210526322795, 0.022807017543860303, 0.021804511278298955, 0.021804511279429013, 0.021804511278047462, 0.02167919799499604, 0.021804511278155282, 0.02167919799500853, 0.021679197995589594, 0.02167919799586393, 0.021679197994989484, 0.021679197994998827, 0.02180451127625599, 0.021929824561409562, 0.022055137844611578, 0.021804511278195528, 0.021679197994742053, 0.021804511278368993], "Valid": []}, "thres": {"Train": [-0.04323191195722031, -0.01858808286488056, -0.007424308452766151, -0.03499663248662622, -0.10424721986053623, -0.2527063488961568, -0.2891026437282563, -0.3193342983724561, -0.36670270562171936, -0.3800392150878902, -0.41060668230056785, -0.40643009543363895, -0.39140632748605514, -0.393408969044687, -0.39502337574997637, -0.3938540816316737, -0.3936820626253104, -0.39402484893804457, -0.3935365080832602, -0.3939825594425575, -0.3941611945649546, -0.395547807217372, -0.39437222480775824, -0.3934153715769968, -0.3936135470843693, -0.39514540135861675, -0.39562097191810613, -0.39452645182609564, -0.3949970688128623, -0.3934228122237235], "Valid": []}, "acc_val": {"Train": [0.8104010025062657, 0.8323934837092731, 0.893483709273183, 0.9379699248120301, 0.9458020050125313, 0.9457393483709273, 0.9553258145363408, 0.9659774436090226, 0.9708646616541353, 0.9709273182957393, 0.974874686716792, 0.9760025062656642, 0.9762531328320802, 0.9771303258145363, 0.9781328320802005, 0.9783208020050125, 0.9782581453634085, 0.9782581453634085, 0.9781954887218045, 0.9782581453634085, 0.9783208020050125, 0.9783208020050125, 0.9782581453634085, 0.9783834586466166, 0.9782581453634085, 0.9780701754385965, 0.9778822055137845, 0.9781328320802005, 0.9783834586466166, 0.9781328320802005], "Valid": []}, "f1_val": {"Train": [0.8103772402556711, 0.8323829813898114, 0.8934837092731829, 0.93796992481203, 0.945798608935397, 0.9457393483709273, 0.9553230152265181, 0.9659795752145857, 0.9708628360172943, 0.9709273182957392, 0.9748731123503979, 0.9760010025690833, 0.9762516448399022, 0.977131758661738, 0.9781314618710445, 0.9783235183560957, 0.9782567830064539, 0.9782567830064539, 0.9781927559844592, 0.9782567830064539, 0.9783208020050125, 0.9783208020050125, 0.9782567830064539, 0.9783821041418636, 0.9782567830064539, 0.9780701754385965, 0.9778808196002257, 0.9781314618710445, 0.9783821041418636, 0.9781314618710445], "Valid": []}}