{"optimizer_name": [{"best_val_loss": {"param": "Adam", "value": 0.11853521317243576}, "best_roc_val": {"param": "Adam", "value": 0.9017177685445434}, "best_eer_val": {"param": "Adamax", "value": 0.1751428571428573}, "best_thres": {"param": "RMSprop", "value": -0.38600996136717985}, "best_acc_val": {"param": "Adamax", "value": 0.824746681889539}, "best_f1_val": {"param": "Adamax", "value": 0.8246215367037989}}], "optimizer_lr": [{"best_val_loss": {"param": 0.0001, "value": 0.11821376532316208}, "best_roc_val": {"param": 0.0001, "value": 0.902032954499165}, "best_eer_val": {"param": 0.0001, "value": 0.1735101226114275}, "best_thres": {"param": 0.0002, "value": -0.392379641533145}, "best_acc_val": {"param": 0.0001, "value": 0.8264592550306836}, "best_f1_val": {"param": 0.0001, "value": 0.8262857142857143}}]}