{"roc_val": {"Train": [0.9430386979353145, 0.9471399834171895, 0.9485788562885913, 0.9484841175620755, 0.9457267385255117, 0.9422367400330401, 0.9415192586729983, 0.9364094054057449, 0.9338703431511108, 0.9336979117593482, 0.9347260852632835, 0.9331200023869197, 0.9339874121393712, 0.9360426599079152, 0.9346736515474148, 0.9321438150514131, 0.9339000069095043, 0.9340803449727074, 0.9353079047870303, 0.9337079148372185, 0.9341956787331738, 0.933676994805309, 0.9342862953122154, 0.9339534377924762, 0.9341224772457459, 0.934133987851835, 0.9341981363182391, 0.9341216057059945, 0.9340492286480612, 0.9341359193723657], "Valid": []}, "eer_val": {"Train": [0.11654135338345895, 0.11052631578949194, 0.10764411027569067, 0.10764411027576559, 0.11077694235563387, 0.11904761904757592, 0.12481203007493323, 0.13496240601495038, 0.13734335839599005, 0.1388471177952801, 0.13395989974937333, 0.1345864661668547, 0.1324561403502127, 0.12882205513784478, 0.1308270676693226, 0.13796992481202994, 0.13245614035087713, 0.13070175438596573, 0.1275689223071695, 0.1314536340852123, 0.13007518797056142, 0.13120300751885508, 0.1300751879693166, 0.13007518796992626, 0.1298245614042014, 0.12982456140419332, 0.12982456140351334, 0.13007518796992487, 0.1300751879699276, 0.12957393483709045], "Valid": []}, "thres": {"Train": [-0.4054239273071292, -0.3218200405438957, -0.27194061875343506, -0.2270980030298375, -0.18052741885181678, -0.12418682873248112, -0.07947541773314269, -0.13993206322190227, -0.1698390245437622, -0.17902985215192113, -0.18887093663215637, -0.20176362991431032, -0.18895491957640462, -0.19873066246509563, -0.21097857132563064, -0.20614875853061673, -0.20044294744729993, -0.2029710263013841, -0.2186634242541721, -0.20909185707569086, -0.20455121994027278, -0.20629401504999276, -0.2076261639593722, -0.20682097971439486, -0.20718085765874303, -0.2052456736565005, -0.2055577486753469, -0.20606222748756411, -0.20659524202347077, -0.20488367974758082], "Valid": []}, "acc_val": {"Train": [0.8834586466165414, 0.8895363408521303, 0.8922932330827068, 0.8922932330827068, 0.8892230576441102, 0.8810150375939849, 0.8751879699248121, 0.8651002506265664, 0.862593984962406, 0.8612155388471178, 0.8661027568922306, 0.8654761904761905, 0.8674812030075187, 0.8711152882205514, 0.8692982456140351, 0.8620927318295739, 0.8676065162907268, 0.869235588972431, 0.8724310776942356, 0.8686090225563909, 0.8699248120300752, 0.868734335839599, 0.8699248120300752, 0.8698621553884712, 0.8701754385964913, 0.8701127819548872, 0.8701127819548872, 0.8698621553884712, 0.8698621553884712, 0.8704260651629072], "Valid": []}, "f1_val": {"Train": [0.8834586466165414, 0.8895294191365374, 0.892286484115546, 0.892286484115546, 0.8892230576441102, 0.8810075819286923, 0.8751879699248122, 0.8650917977316874, 0.8625853750234977, 0.861224234070547, 0.8660943668149634, 0.8654846187582232, 0.8674562887760857, 0.8711072122313429, 0.8692818648953503, 0.8620840904818597, 0.8675982204398771, 0.8692273952002004, 0.8724310776942357, 0.8686007895231531, 0.8699248120300752, 0.8687261106585625, 0.8699085098383256, 0.8698540008772478, 0.8701754385964913, 0.8701046431480669, 0.8701046431480669, 0.8698540008772478, 0.8698540008772478, 0.8704098257927059], "Valid": []}}