{"roc_val": {"Train": [0.8944896467358873, 0.9076161974485085, 0.904250075376411, 0.9324851053071276, 0.9618106042047475, 0.9716327237266097, 0.9749154606440915, 0.9786107656358943, 0.9811104044572584, 0.9821940502886288, 0.9819550835107821, 0.9828909366147197, 0.9842550769153462, 0.9841750444406755, 0.9842809482980633, 0.9845595112467888, 0.9848761314313351, 0.9847178880785924, 0.9848185784008894, 0.984879287818544, 0.9848273016501152, 0.9848801750617145, 0.9848931225306374, 0.9849003303999347, 0.9849007622439557, 0.984920917582176, 0.9849043347717664, 0.984914094446643, 0.9849244587031489, 0.9849129245419311], "Valid": []}, "eer_val": {"Train": [0.18847117794472779, 0.17431077694236402, 0.17669172932302296, 0.1367167919795972, 0.09147869674185731, 0.0755639097743131, 0.0675438596491198, 0.06478696741895493, 0.06127819548872273, 0.059273182957392055, 0.06102756892313804, 0.05902255639097615, 0.05614035087758387, 0.056265664160412884, 0.05551378446064372, 0.05526315789474038, 0.05451127819549227, 0.05476190476271618, 0.05476190476196021, 0.054761904761422564, 0.05513784461030809, 0.054887218044843124, 0.0548872180451487, 0.05501253132804292, 0.055012531327150165, 0.05501253132720186, 0.0550125313278592, 0.055012531327878415, 0.05488721804595733, 0.05501253132770713], "Valid": []}, "thres": {"Train": [-0.11010402441021863, -0.05553679540753389, -0.04242705553769338, -0.029009710997327118, -0.02209626324474822, -0.03569959476590122, -0.06551045924425099, -0.1018549278378575, -0.15065672993659987, -0.19592739641666368, -0.24305789172651215, -0.27979367971420255, -0.3005738556385207, -0.3221744298934937, -0.3332187533377935, -0.3394428789615664, -0.3431510627269764, -0.3446523547173988, -0.34792593121529314, -0.34866741299597187, -0.35008028149400794, -0.35000759363161293, -0.350264132022881, -0.35051748156512913, -0.3501401245587973, -0.3506493270376901, -0.3502206206317502, -0.35060226917217496, -0.3513324260712881, -0.35050743818159047], "Valid": []}, "acc_val": {"Train": [0.8115288220551379, 0.8257518796992481, 0.8233709273182958, 0.8632205513784461, 0.9085213032581454, 0.9244987468671679, 0.9325187969924812, 0.9352130325814536, 0.9386591478696742, 0.9407894736842105, 0.9390350877192982, 0.9410401002506266, 0.9438596491228071, 0.943671679197995, 0.9444862155388472, 0.9446741854636591, 0.9454260651629073, 0.9452380952380952, 0.9453007518796992, 0.9453007518796992, 0.9449248120300752, 0.9451127819548872, 0.9450501253132833, 0.9449248120300752, 0.9449248120300752, 0.9449248120300752, 0.9449248120300752, 0.9449248120300752, 0.9451754385964912, 0.9449248120300752], "Valid": []}, "f1_val": {"Train": [0.8115052011530267, 0.8257409612131086, 0.8233598596403284, 0.8632291209823945, 0.9085213032581454, 0.9244940159157842, 0.9325145685819913, 0.9352130325814536, 0.9386553042170562, 0.9407857635190175, 0.9390389073366331, 0.9410364057898365, 0.9438596491228071, 0.9436681496334357, 0.9444792580523875, 0.9446707187167116, 0.9454226455291685, 0.9452380952380952, 0.9453041789361569, 0.945297324393759, 0.9449213609875305, 0.9451059029953629, 0.9450466821229401, 0.944914457604813, 0.944914457604813, 0.944914457604813, 0.944914457604813, 0.944914457604813, 0.9451788735041665, 0.944914457604813], "Valid": []}}