{"roc_val": {"Train": [0.9532463285406498, 0.9609756141607151, 0.9642623161914812, 0.9735656497132557, 0.9841986231242267, 0.9883129345921194, 0.9880203484902732, 0.9894633984711151, 0.9907095511334728, 0.993082800987431, 0.9912512327183876, 0.9923875949271675, 0.993231889246927, 0.9913219609173309, 0.9931964466303603, 0.9936966947443797, 0.992081189816647, 0.9944094729304465, 0.9951966068052337, 0.9945756543614674, 0.995186430989755, 0.9953346869680466, 0.995188582358151, 0.9951506428979718, 0.9952518200262561, 0.9952332271782213, 0.9951819241085169, 0.9952472032210854, 0.9952625297579789, 0.9952448791150809], "Valid": []}, "eer_val": {"Train": [0.10288220551413564, 0.09210526315930462, 0.08421052631417864, 0.06491228070170728, 0.05075187969930059, 0.04235588972320131, 0.04448621553912571, 0.04611528822055107, 0.036716791979949856, 0.030200501251751295, 0.03796992481203014, 0.03208020050127411, 0.02606516290721632, 0.03320802004972486, 0.02781954887218051, 0.026441102756963354, 0.03483709273183881, 0.024561403509802977, 0.019423558897243787, 0.022180451127823006, 0.020802005012563362, 0.021804511277578945, 0.019674185464443397, 0.01979949874688283, 0.019799498746867504, 0.01954887218049418, 0.020175438596491173, 0.019548872180457307, 0.019674185463924014, 0.019423558895561598], "Valid": []}, "thres": {"Train": [-0.4771677851681415, -0.5351428985604646, -0.45013913512171383, -0.4444230794906289, -0.4610050499439671, -0.4022737741462764, -0.3611657321460978, -0.3710242211818694, -0.34147152304649353, -0.3711181282951846, -0.38080370426177984, -0.388933360576664, -0.36102446913712655, -0.37681046128207296, -0.3807125091552737, -0.4533339142799938, -0.4037038385868901, -0.38353562355088644, -0.39295657277107415, -0.40554398298264105, -0.40439664324132396, -0.4085795283311017, -0.39693495631264886, -0.3978356719017402, -0.3970177322626123, -0.4010940492157805, -0.3987215161323544, -0.3996028006077, -0.4019645452500433, -0.3976856768105814], "Valid": []}, "acc_val": {"Train": [0.8970551378446115, 0.9078320802005012, 0.9158521303258146, 0.9351503759398496, 0.9492481203007519, 0.9577067669172933, 0.955639097744361, 0.9539473684210527, 0.9633458646616542, 0.9697368421052631, 0.9619674185463659, 0.9678571428571429, 0.9739974937343359, 0.9665413533834587, 0.9721177944862155, 0.9734962406015037, 0.9651002506265665, 0.975375939849624, 0.9806390977443609, 0.9777568922305765, 0.9791353383458646, 0.9781954887218045, 0.9803258145363408, 0.9801378446115289, 0.9802005012531328, 0.9803884711779448, 0.9798872180451128, 0.9803884711779448, 0.9803258145363408, 0.9805137844611529], "Valid": []}, "f1_val": {"Train": [0.8970486872611066, 0.9078263049063223, 0.9158468575725295, 0.9351463124255907, 0.9492481203007519, 0.9577041167992982, 0.9556446560581381, 0.9539444827370136, 0.9633435678927252, 0.9697311524722692, 0.9619650354032208, 0.9678551287674666, 0.9739958644025315, 0.9665287702143663, 0.9721160473713892, 0.9734945798608936, 0.9650980637884579, 0.9753743968920358, 0.9806378845792343, 0.9777554984648161, 0.9791366455735856, 0.9781927559844592, 0.9803258145363408, 0.9801366000375963, 0.9802005012531328, 0.9803872423084153, 0.9798859577667773, 0.9803872423084153, 0.9803258145363408, 0.9805101209500532], "Valid": []}}