{"roc_val": {"Train": [0.7643581934158705, 0.7761070596290225, 0.811171051061237, 0.8064692746904857, 0.8652694078554781, 0.8867201839184428, 0.8810522075866357, 0.8964297962952493, 0.8975488062260916, 0.9150815949648557, 0.9049745369061752, 0.9256893800918337, 0.9230014415738593, 0.9173222687043422, 0.9066392877557301, 0.9630744546202599, 0.9640893979937312, 0.9649067530982847], "Valid": []}, "eer_val": {"Train": [0.31929824561474796, 0.30476190476189263, 0.26942355889750275, 0.27581453634085346, 0.21729323308270673, 0.17456140350720772, 0.1941102756887449, 0.1571428571425214, 0.16265664160450907, 0.14273182957384667, 0.15263157894776658, 0.12606516290726846, 0.13684210526270513, 0.14949874686718317, 0.16553884711779446, 0.08822055137844596, 0.08395989974781369, 0.08145363408571303], "Valid": []}, "thres": {"Train": [-0.07218767702585104, -0.013964673504233343, -0.006100199883804981, -0.004604273475706578, -0.00406072149053216, -0.004606096539632803, -0.007277549244447157, -0.015215860679739682, -0.01940947584811682, -0.029609914869058788, -0.04224038869145767, -0.06829229742288591, -0.10535439103838301, -0.1797130703926102, -0.2265481849511464, -0.20237065851688377, -0.17419961094416903, -0.18003188073672682], "Valid": []}, "acc_val": {"Train": [0.6807017543859649, 0.6953007518796992, 0.7306390977443609, 0.7241228070175438, 0.7827694235588972, 0.8255012531328321, 0.805889724310777, 0.8428571428571429, 0.8374060150375939, 0.8572055137844612, 0.8473684210526315, 0.8738721804511278, 0.8630952380952381, 0.8504385964912281, 0.8344611528822055, 0.9118421052631579, 0.9159774436090226, 0.918546365914787], "Valid": []}, "f1_val": {"Train": [0.6807017543859649, 0.6952816592518328, 0.7306222194373081, 0.7241055203960148, 0.7827558117676545, 0.8254903189422895, 0.805865396666249, 0.8428374483017922, 0.8374162019923563, 0.8572144602468517, 0.8473684210526315, 0.8738642772103515, 0.8630694992793131, 0.8504292248887775, 0.8344611528822055, 0.9118365812394261, 0.9159616469261139, 0.918546365914787], "Valid": []}}