{"roc_val": {"Train": [0.7004059412315249, 0.689332039371612, 0.6766314910082223, 0.6846920952129697, 0.682133945452604, 0.6732405418307673, 0.67413511064629, 0.7491237727778092, 0.8197703846081369, 0.8368915396260075, 0.836343702300865, 0.8414031947035508, 0.8520760233918129, 0.853311521284414, 0.8599399815327794, 0.8645100140702634, 0.876804503426486, 0.8694296282686667, 0.8860044377861948, 0.8878944698839831, 0.8912581029641774, 0.8966897820993587, 0.9006170972544142, 0.9046044779869473, 0.9064094289608734, 0.9065551566887143, 0.9066286329859736, 0.9067894124408769, 0.9068503181512679, 0.9069048011633092], "Valid": []}, "eer_val": {"Train": [0.3649122807017544, 0.372180451127815, 0.3810776942358007, 0.3760651629062564, 0.3803258145377437, 0.38320802005068355, 0.3835839598996317, 0.3223057644123287, 0.258145363408522, 0.23959899749373392, 0.23809523809509148, 0.2414786967413755, 0.2271929824561422, 0.22568922305756126, 0.2190476190476191, 0.2114035087710162, 0.19824561403500982, 0.20639097744364462, 0.18872180451128012, 0.18458646616543506, 0.18145363408488435, 0.1758145363408071, 0.17155388471135494, 0.16679197994987321, 0.1640350877185283, 0.16390977443487817, 0.16428571428571415, 0.16453634085212948, 0.16416040100251833, 0.16390977443627144], "Valid": []}, "thres": {"Train": [-0.3183821737766266, -0.17133347690105377, -0.07865029573443258, -0.03811524435873926, -0.017684720456636972, -0.007612416986382973, -0.012445077300068415, -0.01844316720966794, -0.035653905011713546, -0.04851265251636503, -0.0846668978532089, -0.1166947707532387, -0.12398313730955139, -0.2055630683898872, -0.25537148118019104, -0.2542927563186043, -0.25521498918530205, -0.27428174018860313, -0.25254049897194186, -0.24379022419453428, -0.2883775532244521, -0.2713014781474171, -0.2954179942603333, -0.29504668712615933, -0.3074846267695771, -0.3148719668384994, -0.3194675296545028, -0.3227293491363521, -0.324758976697927, -0.324986159801568], "Valid": []}, "acc_val": {"Train": [0.6350877192982456, 0.6278822055137845, 0.6189849624060151, 0.6239974937343359, 0.6196741854636592, 0.6167919799498747, 0.6164786967418546, 0.6776315789473685, 0.7419172932330828, 0.7604636591478696, 0.76203007518797, 0.7584586466165414, 0.7727443609022556, 0.7743734335839599, 0.780889724310777, 0.7884085213032581, 0.8018170426065163, 0.793546365914787, 0.8112155388471178, 0.8153508771929825, 0.818546365914787, 0.8242481203007519, 0.8285087719298245, 0.8332706766917293, 0.8359649122807018, 0.8360275689223058, 0.8357142857142857, 0.8354010025062657, 0.8359022556390977, 0.8360902255639098], "Valid": []}, "f1_val": {"Train": [0.6350877192982456, 0.6278588884015289, 0.6190088340329554, 0.6239739332038349, 0.6196741854636592, 0.6167919799498747, 0.6164546650792656, 0.6776113791590952, 0.741901121624162, 0.760448649664766, 0.7620002506579772, 0.7584132355705959, 0.7727301209348957, 0.7743592956952191, 0.7808759947365123, 0.7883422124725791, 0.8018046243498966, 0.7935334294128704, 0.8112037095056082, 0.815339306974121, 0.8185236245143502, 0.8242371075881948, 0.8284980261921172, 0.8332602293376778, 0.8359443539290639, 0.835996741242088, 0.8357142857142857, 0.8354113150805087, 0.8359125368084707, 0.8360902255639098], "Valid": []}}