{"roc_val": {"Train": [0.9205977270871415, 0.9210622342196342, 0.9130642159911057, 0.8945082081770843, 0.8763600260048617, 0.8666172087486887, 0.8790009955967613, 0.8912174075539726, 0.9019714386216167, 0.911931638306292, 0.9115461900364947, 0.9170070382723727, 0.9149188447308748, 0.9180233164364544, 0.9147213663858896, 0.9143922305764413, 0.917038869102581, 0.9183908706603601, 0.9177834624154371, 0.9173111977939836, 0.9181090806590411, 0.9178659053649161, 0.9178291436611579, 0.9177781703632515, 0.9177816643739676, 0.917799605530116, 0.9178381888304722, 0.9178232548790521, 0.9178541592075428, 0.9178467314903802], "Valid": []}, "eer_val": {"Train": [0.15538847117782248, 0.1573934837092736, 0.1730576441104492, 0.19035087719298172, 0.20288220551410846, 0.2100250626553428, 0.19674185463681487, 0.1833333333345672, 0.16578947368354596, 0.1570175438593528, 0.15751879699306412, 0.15175438596525148, 0.15463659147869602, 0.15213032581453637, 0.15238095238095248, 0.1525062656641604, 0.14887218045112777, 0.14799498747004028, 0.15012531328307208, 0.1491228070175376, 0.14849624060163572, 0.14874686716794025, 0.14874686716791483, 0.14887218045194212, 0.14887218045065148, 0.1486215538854346, 0.14862155388577614, 0.14862155388471177, 0.1486215538847117, 0.14862155388471177], "Valid": []}, "thres": {"Train": [-0.1511023938655502, -0.11162700504064568, -0.06233945488932395, -0.019171567633748034, -0.00327681936323701, -0.00665723811834887, -0.01077299471944864, -0.02533892169598607, -0.04764392226934352, -0.07354750484227861, -0.10430574417141956, -0.1372305303813235, -0.17019829154014568, -0.2019748240709305, -0.20625269412994388, -0.20211064219474792, -0.21503978967666626, -0.23033881187469327, -0.21602298319337035, -0.2270816862583152, -0.2285085171461119, -0.23009593784809346, -0.2304095923900584, -0.2305589467287751, -0.2306175380945056, -0.23075467348126646, -0.23051016032715135, -0.23037444055080414, -0.2309172997872034, -0.23033849149942398], "Valid": []}, "acc_val": {"Train": [0.8446741854636591, 0.8425438596491228, 0.8269423558897243, 0.8096491228070175, 0.7971804511278195, 0.7899749373433584, 0.8032581453634086, 0.8166666666666667, 0.8342105263157895, 0.8429824561403508, 0.8424812030075188, 0.8481829573934837, 0.8454260651629073, 0.8478070175438597, 0.8475563909774436, 0.8475563909774436, 0.8511904761904762, 0.8520676691729323, 0.849874686716792, 0.8509398496240601, 0.8514411027568922, 0.8512531328320802, 0.8513157894736842, 0.8511278195488722, 0.8511278195488722, 0.8513784461152882, 0.8513157894736842, 0.8512531328320802, 0.8513784461152882, 0.8513784461152882], "Valid": []}, "f1_val": {"Train": [0.8446644526599411, 0.8425339933579798, 0.8269423558897243, 0.8096491228070175, 0.7971931583234133, 0.7899486151146761, 0.8032581453634084, 0.8166666666666667, 0.8341897480887329, 0.8429627772903872, 0.8424812030075188, 0.8481734444514066, 0.845416379472398, 0.8477974810451783, 0.8475468387743593, 0.8475468387743593, 0.8511811517012344, 0.852076937535242, 0.8498558716631156, 0.8509305094304155, 0.8514317939720535, 0.8512531328320802, 0.851306472836644, 0.8511278195488723, 0.8511091615490662, 0.8513784461152882, 0.851306472836644, 0.8512158435698169, 0.8513784461152882, 0.8513784461152882], "Valid": []}}