{"roc_val": {"Train": [0.9274571689248182, 0.937168767784122, 0.9416415804548968, 0.9459525693934085, 0.9498146839529902, 0.9503875525279363, 0.9490760422359155, 0.9449231474676667, 0.9294923477239465, 0.9211943863417943, 0.9242648758487698, 0.9231557904787029, 0.9259086940408666, 0.9265525970314256, 0.930865682376367, 0.931664719442717, 0.9316114691490631, 0.9325453593256325, 0.9347396844240928, 0.9354517873631448, 0.9355487010131847, 0.9352721166952469, 0.9353351659223247, 0.9351181368207486, 0.9351509883731886, 0.9353276361329388, 0.9353371681082405, 0.9353080382660914, 0.9351821832149295, 0.9350827962764052], "Valid": []}, "eer_val": {"Train": [0.14298245614034935, 0.12919799498746862, 0.12431077694235257, 0.1204260651629673, 0.11365914786974848, 0.11065162907268085, 0.11228070175438808, 0.117919799499588, 0.1402255639102406, 0.1489974937343358, 0.14411027568922252, 0.14586466165419254, 0.14223057644215978, 0.14185463659147873, 0.13521303258220452, 0.13546365914789368, 0.13596491228072094, 0.13370927318378012, 0.13120300751878333, 0.12994987468681704, 0.13007518797017997, 0.13132832080201426, 0.13107769423555837, 0.1313283208020093, 0.13095238095358847, 0.13095238095238085, 0.1308270676684037, 0.131077694234717, 0.13132832080200493, 0.13145363408504232], "Valid": []}, "thres": {"Train": [-0.47670954465865994, -0.39101392030715937, -0.3357217907905563, -0.27978224555652614, -0.21912393532696284, -0.1438919901847834, -0.09494514018297232, -0.1299249678851564, -0.1710280776026016, -0.18428689986467361, -0.19436790049076058, -0.19985058903701014, -0.1952806264164061, -0.20892693102359772, -0.20875704288486666, -0.1994847506284753, -0.19842309504748326, -0.2011083960540636, -0.21109274029731603, -0.2025378197432163, -0.20182274281987198, -0.201766401529315, -0.20255322754381797, -0.20216019451618258, -0.20220753550564502, -0.2016700506210327, -0.2014161944381843, -0.20191305875765278, -0.20265650749206543, -0.2009612768887662], "Valid": []}, "acc_val": {"Train": [0.8570802005012531, 0.8708646616541353, 0.8757518796992482, 0.8795739348370928, 0.8864035087719299, 0.8894110275689223, 0.887719298245614, 0.8820175438596491, 0.8597117794486215, 0.8510651629072682, 0.8559523809523809, 0.8543859649122807, 0.8577694235588973, 0.8580827067669173, 0.8648496240601504, 0.8645363408521304, 0.8639724310776943, 0.8664160401002506, 0.868859649122807, 0.8700501253132832, 0.8699874686716792, 0.8686090225563909, 0.868922305764411, 0.8686090225563909, 0.8690476190476191, 0.869110275689223, 0.869172932330827, 0.868922305764411, 0.868734335839599, 0.868546365914787], "Valid": []}, "f1_val": {"Train": [0.8570712450654803, 0.8708565699605239, 0.8757440942414938, 0.8795739348370929, 0.8863963907513002, 0.8894040980011279, 0.887719298245614, 0.8820101510119683, 0.8597029889090795, 0.851055830565825, 0.8559433548467948, 0.8544224505136557, 0.8577694235588973, 0.8580738141487563, 0.8648580915982709, 0.8645363408521304, 0.8639809535743375, 0.8664327778473876, 0.8688514317939721, 0.8700501253132832, 0.8699956143098803, 0.8686007895231531, 0.8689058779295652, 0.8686007895231531, 0.8690476190476191, 0.869102074064791, 0.8691565359067553, 0.8689058779295652, 0.8687261106585625, 0.8685298909637799], "Valid": []}}