{"roc_val": {"Train": [0.8724019557037959, 0.8801476121381147, 0.8893463844448214, 0.9039996686578602, 0.9284137505417679, 0.9583349272303564, 0.9753675228170677, 0.9825330085866294, 0.9866001626874205, 0.9869738726515537, 0.9887995992487484, 0.9837399262567447, 0.9915645159264075, 0.9886853097656422, 0.9914887861885291, 0.9922438929403711, 0.9937209094163982, 0.9944305155118374, 0.994911479827388, 0.9953648689392655, 0.9954700818462197, 0.9956040634166872], "Valid": []}, "eer_val": {"Train": [0.21428571428571425, 0.20526315789467572, 0.1938596491228071, 0.1746867167919796, 0.14072681704260165, 0.10563909774398177, 0.0724310776942626, 0.06065162907265948, 0.04711779448705323, 0.04837092731722656, 0.045238095236680924, 0.0609022556391014, 0.039598997493771104, 0.048496240601503496, 0.040350877192400575, 0.039724310776941385, 0.036215538847460996, 0.03157894736736205, 0.03095238095238041, 0.028696741854638594, 0.028320802004733588, 0.028446115288219585], "Valid": []}, "thres": {"Train": [-0.0715087428689003, -0.04282195866107818, -0.027575436607003213, -0.016058589890599245, -0.009419390000402839, -0.00907902419567086, -0.01529789343476326, -0.027472476474936797, -0.05730281397717607, -0.1095445752140106, -0.16762971878047822, -0.26616397500038275, -0.2470689862967478, -0.34780591726303073, -0.30567023158065826, -0.35472781459490416, -0.3421218991282576, -0.38191452622237076, -0.40122887492179843, -0.40598067641258373, -0.4078832268713435, -0.41107282042503074], "Valid": []}, "acc_val": {"Train": [0.7857769423558897, 0.7947368421052632, 0.806203007518797, 0.82531328320802, 0.8593358395989975, 0.894298245614035, 0.9275062656641604, 0.9394110275689223, 0.9530075187969925, 0.9516917293233083, 0.9546992481203007, 0.9390350877192982, 0.9603383458646616, 0.9515664160401003, 0.9595238095238096, 0.9602756892230576, 0.9637844611528822, 0.968421052631579, 0.969110275689223, 0.9712406015037593, 0.9716791979949875, 0.9716165413533835], "Valid": []}, "f1_val": {"Train": [0.7857635190174823, 0.7947111166812884, 0.8061908640892287, 0.82531328320802, 0.859327025502851, 0.8942783731277808, 0.9275017231656119, 0.9394072310295133, 0.953013406841248, 0.9516887022996429, 0.9546907313404774, 0.9390312676232846, 0.9603358606428974, 0.9515633811642333, 0.9595136625720732, 0.9602756892230576, 0.9637844611528822, 0.9684170948740444, 0.9691083401215616, 0.9712387994235229, 0.971675648577516, 0.9716147628297512], "Valid": []}}