{"roc_val": {"Train": [0.9375490417773757], "Valid": []}, "eer_val": {"Train": [0.12681704260651633], "Valid": []}, "thres": {"Train": [-0.462804580728213], "Valid": []}, "acc_val": {"Train": [0.8731829573934837], "Valid": []}, "f1_val": {"Train": [0.8731829573934837], "Valid": []}}