{"roc_val": {"Train": [0.9100529754838222, 0.910858662948097, 0.8999884187285255, 0.914629391461109, 0.9281486454230815, 0.9203665806119308, 0.9142553360217586, 0.9084052314369884, 0.9151732401178384, 0.929774341869712, 0.9299404997456047, 0.9306499409551449, 0.9302068925446447, 0.937997939711434, 0.93936014063982, 0.9398036444494695, 0.9405557675517114, 0.9408509368659745, 0.9407246107122443, 0.9406483706132499, 0.9400539333923781, 0.9401756977029039, 0.9401371536610951, 0.9400321841571346, 0.939947511322165, 0.9399520103516936, 0.9399847598319105, 0.9400442051243396, 0.9400457676145251, 0.9400178547873441], "Valid": []}, "eer_val": {"Train": [0.15902255639096566, 0.15977443609020966, 0.17631578947413906, 0.15526315789558842, 0.13408521303235266, 0.14661654135352015, 0.15350877192982734, 0.16177944862155383, 0.14874686716892202, 0.13533834586471424, 0.13220551378363127, 0.1357142857153216, 0.12994987468725255, 0.12055137844610768, 0.12105263157897846, 0.12368421052610608, 0.1203007518794707, 0.11879699248239683, 0.119423558897243, 0.1200501253132833, 0.12030075187955014, 0.12017543859649679, 0.11979949874569913, 0.11979949874814205, 0.11979949874832796, 0.11992481203007493, 0.11979949874686678, 0.11967418546459214, 0.11979949874626716, 0.11979949874595945], "Valid": []}, "thres": {"Train": [-0.1764962933957561, -0.09185535709063027, -0.04370940849185855, -0.03393148258334149, -0.023968478664748046, -0.028423158451926108, -0.047031614929437734, -0.07991565763950345, -0.12210772186564099, -0.17872343957424255, -0.20870263874477812, -0.2715340256694699, -0.3085736334325291, -0.2834058105945569, -0.28801167011262746, -0.29780843853946476, -0.308413217464986, -0.3170230686671634, -0.32721146941184986, -0.33085898558298754, -0.3366031348703318, -0.3381149768829368, -0.3397253155705907, -0.33941245079239696, -0.3402302563195197, -0.340982288122177, -0.34019020199775635, -0.3408266305929069, -0.3417817056177791, -0.3415739536284038], "Valid": []}, "acc_val": {"Train": [0.8411027568922306, 0.8402882205513784, 0.8236842105263158, 0.8447368421052631, 0.8659774436090225, 0.8533208020050125, 0.8464285714285714, 0.8382832080200501, 0.8512531328320802, 0.8646616541353384, 0.8677318295739348, 0.8643483709273183, 0.8700501253132832, 0.8795112781954887, 0.8790100250626567, 0.8763157894736842, 0.8796992481203008, 0.881203007518797, 0.8806390977443609, 0.8800751879699248, 0.8796992481203008, 0.8798245614035087, 0.8800751879699248, 0.8801378446115288, 0.8802631578947369, 0.8800751879699248, 0.8802631578947369, 0.8803258145363408, 0.8802005012531329, 0.8802005012531329], "Valid": []}, "f1_val": {"Train": [0.8410828424614615, 0.840278212920609, 0.8236842105263158, 0.8447368421052631, 0.8659690456795539, 0.8533116110031956, 0.846418948555674, 0.8382730747540573, 0.8512531328320802, 0.8646616541353384, 0.8677069624616156, 0.8643568698703088, 0.8700501253132832, 0.8795037283037784, 0.8790024437621404, 0.8763002882566738, 0.8796992481203008, 0.881203007518797, 0.8806316185224637, 0.8800601579145257, 0.8796841709487404, 0.8798245614035087, 0.8800451240912509, 0.8801303339808257, 0.8802706597330995, 0.8800751879699248, 0.8802556551162353, 0.8803258145363408, 0.8801854869031207, 0.8801854869031207], "Valid": []}}