{"roc_val": {"Train": [0.8670323207768795], "Valid": []}, "eer_val": {"Train": [0.20802005012531338], "Valid": []}, "thres": {"Train": [-0.02812464907765389], "Valid": []}, "acc_val": {"Train": [0.7919172932330827], "Valid": []}, "f1_val": {"Train": [0.7919042546525472], "Valid": []}}