{"roc_val": {"Train": [0.9335498363703747], "Valid": []}, "eer_val": {"Train": [0.13258145363408558], "Valid": []}, "thres": {"Train": [-0.49193894863128684], "Valid": []}, "acc_val": {"Train": [0.8673558897243108], "Valid": []}, "f1_val": {"Train": [0.8673475781690583], "Valid": []}}