{"roc_val": {"Train": [0.9364568925446449, 0.9201775978165966, 0.8977633306323453, 0.9233777268987003, 0.9198409165143435, 0.9258442550612119, 0.9246779071739498, 0.9237931765503985, 0.9265290261995842, 0.926465505869938, 0.9273309134364733, 0.9267973426674456, 0.9273726923825854, 0.927120134295639, 0.9270312922029385, 0.9270294706063403, 0.9270207473571146, 0.926987950766641, 0.9268978288452961, 0.926853184025226, 0.9268291577942349, 0.9268031607841659, 0.9268152524167562, 0.926752195337969, 0.9267829975942361, 0.9268256951903568, 0.9268873075546008, 0.9268590414004938, 0.9268924190174685, 0.9268812381831772], "Valid": []}, "eer_val": {"Train": [0.13583959899748255, 0.15977443609022646, 0.17794486215470337, 0.14285714285714277, 0.14837092731762594, 0.1385964912279713, 0.14511278195488053, 0.13972431077698816, 0.1373433583957856, 0.13834586466168147, 0.13571428571475963, 0.1358395989974987, 0.1354636591480314, 0.135839598996766, 0.13558897243108095, 0.13558897243176526, 0.13596491227995916, 0.13583959899747178, 0.13596491227948065, 0.13583959899848813, 0.13558897243245846, 0.13583959899887238, 0.13558897243107773, 0.1358395989972226, 0.1357142857142744, 0.13571428571427274, 0.13558897243107765, 0.13546365914791506, 0.1354636591473583, 0.1353383458646235], "Valid": []}, "thres": {"Train": [-0.10848664343356787, -0.024802674849828146, -0.005214916542166273, -0.024719359353184693, -0.06685215234745236, -0.11916828155514993, -0.1508977562189033, -0.20092651247978505, -0.21058095991596643, -0.1908149868250018, -0.20652024447930567, -0.20787256956100666, -0.21215577423576598, -0.21096085011946977, -0.21092697978019878, -0.21077355742460302, -0.2106590718029877, -0.21079100668429646, -0.2105240076776827, -0.21093545854190307, -0.21101127564942268, -0.21104359626836888, -0.21125712990760803, -0.2108878344297321, -0.21086303889751395, -0.21088996529578483, -0.21038493514060974, -0.2107093185186585, -0.21104843914503793, -0.21011268347501474], "Valid": []}, "acc_val": {"Train": [0.8642857142857143, 0.8402882205513784, 0.8220551378446115, 0.8572055137844612, 0.8515664160401003, 0.8613408521303259, 0.8549498746867168, 0.8602130325814537, 0.862719298245614, 0.8616541353383459, 0.8642857142857143, 0.8640977443609023, 0.8644736842105263, 0.8641604010025062, 0.8643483709273183, 0.8643483709273183, 0.8640977443609023, 0.8642230576441102, 0.8639724310776943, 0.8642230576441102, 0.8644110275689223, 0.8641604010025062, 0.8643483709273183, 0.8642230576441102, 0.8643483709273183, 0.8643483709273183, 0.8644736842105263, 0.8644736842105263, 0.8645363408521304, 0.8647243107769423], "Valid": []}, "f1_val": {"Train": [0.8642687053515478, 0.840278212920609, 0.822032836195012, 0.8571965662008898, 0.8515385097449395, 0.8613147834806041, 0.8549407857635191, 0.8602042734507176, 0.8627106961589072, 0.8616541353383459, 0.8642857142857143, 0.8640892286484116, 0.8644651920546401, 0.8641433763629528, 0.8643398709192305, 0.8643398709192305, 0.8640892286484116, 0.8642145497838211, 0.8639468571786676, 0.8642315644383185, 0.8644110275689223, 0.8641604010025062, 0.8643398709192305, 0.8642145497838211, 0.8643398709192305, 0.8643398709192305, 0.8644651920546401, 0.8644651920546401, 0.864519363328738, 0.8647158343254591], "Valid": []}}