{"roc_val": {"Train": [0.8214698164584393, 0.8045101868078718, 0.7784475835578922, 0.747715011212241, 0.7053285940414947, 0.8013621538181293, 0.9148969384614417, 0.8883397952902307, 0.9092267715026916, 0.916247220494846, 0.9334194351794273, 0.940899460430525, 0.9588244185023963, 0.9712990182222474, 0.9701336046884128, 0.9649064468816151, 0.9690171465631499, 0.9682645680617583, 0.9667196971124552, 0.9697444111531962, 0.9699486184132009, 0.970070139320733], "Valid": []}, "eer_val": {"Train": [0.26403508772045947, 0.2799498746871292, 0.3073934837092732, 0.33082706766964753, 0.3610275689223058, 0.27631578947241253, 0.1575187969924812, 0.19523809523843336, 0.16729323308270783, 0.16203007518840237, 0.13684210526434698, 0.12556390977419188, 0.09761904761827261, 0.08120300751879685, 0.08095238095325862, 0.08433583959901012, 0.07919799498746911, 0.0800751879699249, 0.08258145363421045, 0.07719298245654294, 0.07794486215635567, 0.07694235588923946], "Valid": []}, "thres": {"Train": [-0.19632318615956598, -0.11687973141672112, -0.04426642879843712, -0.011235970072451995, -0.0011351252207532525, -0.0015472252853186092, -0.005366053897887468, -0.015937786549335423, -0.03327669203281408, -0.053861550986887344, -0.0882740393285683, -0.15452215075490636, -0.1917127966879504, -0.2733259797096252, -0.2642941772939235, -0.2626741826534281, -0.25375127792358404, -0.2889383733272553, -0.3052708804607536, -0.3028899431232496, -0.30852693319387453, -0.31383824348417755], "Valid": []}, "acc_val": {"Train": [0.7359649122807017, 0.7200501253132832, 0.6925438596491228, 0.6691729323308271, 0.6389724310776942, 0.7236842105263158, 0.8423558897243107, 0.8046992481203008, 0.8326441102756892, 0.83796992481203, 0.8632205513784461, 0.8744987468671679, 0.9024436090225564, 0.918859649122807, 0.918984962406015, 0.9156015037593985, 0.9207393483709273, 0.9198621553884712, 0.9173558897243108, 0.9230576441102757, 0.9220551378446116, 0.9229949874686717], "Valid": []}, "f1_val": {"Train": [0.7359649122807017, 0.7200501253132832, 0.6925245942728241, 0.6691729323308271, 0.6389724310776942, 0.7236495801478882, 0.8423163700175481, 0.8046870104643148, 0.8326336236606304, 0.83796992481203, 0.8632291209823945, 0.874490882887399, 0.9024374960837145, 0.9188545648223573, 0.9189798859577668, 0.9155962153017106, 0.9207343818534997, 0.9198571339056332, 0.9173507111974434, 0.9230769230769231, 0.9220551378446116, 0.9229805101209501], "Valid": []}}