{"roc_val": {"Train": [0.6783802080388942, 0.6783906037022381, 0.6719043457641598, 0.6617336653036099, 0.7826055976407184, 0.7647861037305043, 0.8471560715699022, 0.8210476771502692, 0.8410523410656967, 0.8773097373760215, 0.8746223641811295, 0.8975296951652314, 0.9066875914724153, 0.9068465493307203, 0.9063543256637835, 0.9180996272008343, 0.9202311307717915, 0.9209487377591848, 0.9209915138724004, 0.9206434318879906, 0.9208296194747521, 0.9209370151569399, 0.9208617251147919, 0.9208605080998236, 0.9209037317604789, 0.9209300349872173, 0.9209243189427202, 0.9209725991042771, 0.9209834972770272], "Valid": []}, "eer_val": {"Train": [0.38045112781938506, 0.38157894737016856, 0.3809523809523799, 0.37907268170426056, 0.29097744360902245, 0.29962406015054754, 0.228195488721023, 0.2374686716787046, 0.22606516290575202, 0.1951127819555835, 0.19862155388471683, 0.1760651629075101, 0.16754385964796917, 0.1662907268170421, 0.16616541353383457, 0.1507518797009169, 0.147994987468671, 0.14699248120295472, 0.14724310777062435, 0.14761904761883676, 0.14837092731829543, 0.14774436090189685, 0.1476190476190475, 0.1477443609024624, 0.14774436090344345, 0.14761904762013855, 0.1481203007511358, 0.1479949874679204, 0.14786967418546543], "Valid": []}, "thres": {"Train": [-0.12585076689713906, -0.006599814631084246, -0.0009411812643520521, -0.0001764557819114998, -1.4557114809576888e-05, -0.0005693744169549242, -0.005159044172611491, -0.018566457554675404, -0.035947944968806725, -0.08016555011281473, -0.08948756754398365, -0.2014496177435266, -0.21773944795096303, -0.25711566209793085, -0.2612909972667694, -0.28747609257700124, -0.3142822384834289, -0.3218795657157632, -0.3331263065347784, -0.33743135929100493, -0.3357120752334592, -0.3402566909787137, -0.34006747603416443, -0.3415715098381394, -0.3436869680887568, -0.34421429038109386, -0.3431601524347345, -0.3433363735673929, -0.3441716432571418], "Valid": []}, "acc_val": {"Train": [0.6195488721804512, 0.6183583959899749, 0.6190476190476191, 0.6209899749373433, 0.7090852130325814, 0.70031328320802, 0.7718045112781955, 0.762593984962406, 0.7739348370927318, 0.8048872180451128, 0.8013157894736842, 0.8239348370927319, 0.8323934837092731, 0.8337719298245614, 0.8338972431077695, 0.8493107769423559, 0.8520676691729323, 0.8530701754385965, 0.8529448621553885, 0.8523809523809524, 0.8516917293233083, 0.8522556390977444, 0.8524436090225563, 0.8523182957393484, 0.8521929824561404, 0.8523809523809524, 0.8518170426065163, 0.8520050125313283, 0.8520676691729323], "Valid": []}, "f1_val": {"Train": [0.6195011906253918, 0.6183344821104079, 0.6190476190476191, 0.6209662259540072, 0.7090669841468764, 0.7002945046682123, 0.7717759117683921, 0.7625791089667272, 0.7739065045745082, 0.8048872180451129, 0.8013033398082586, 0.8239348370927319, 0.8323619728019052, 0.8337615138793157, 0.8338868350147253, 0.8493202180314516, 0.8520583996491009, 0.8530609687323767, 0.8529724989037148, 0.8523809523809524, 0.8516824362428724, 0.8522371224464219, 0.8524343630553293, 0.8523275483992231, 0.8521837207845102, 0.8523809523809524, 0.8517891834304694, 0.8519864644692318, 0.8520583996491009], "Valid": []}}