{"roc_val": {"Train": [0.8881584365047958, 0.8220832077059819, 0.8443001064691805, 0.8687083466812394, 0.9857020841577627, 0.9842143265431749, 0.9837993951043021, 0.9855349055596385, 0.982707905415167, 0.9842846935634826, 0.9826701151374677, 0.987031284351229, 0.9877840748487761, 0.9900444249722049, 0.992609947487767, 0.991664303302115, 0.9898741213937099, 0.9934058203151991, 0.9921456837582678, 0.9946364737030545, 0.9943688010753701, 0.9943105099842339, 0.9946305142555637, 0.994725331499174, 0.9946713902550863, 0.994721672602559, 0.9945880522107274, 0.994771876432937, 0.9948189866897821, 0.9947590702947845], "Valid": []}, "eer_val": {"Train": [0.20137844611528827, 0.26616541353383466, 0.22531328320802005, 0.1977443609012226, 0.05112781954888309, 0.05576441102756892, 0.05451127819549658, 0.0488721804508991, 0.05651629072634698, 0.052255639098004125, 0.05401002506182309, 0.04473684210526318, 0.041478696741854754, 0.041478696742088844, 0.031077694235588656, 0.03383458646606138, 0.037218045111221544, 0.030952380952396386, 0.034962406015038285, 0.031203007519411227, 0.02819548872145095, 0.027819548872181313, 0.027819548872787588, 0.027694235588972625, 0.027819548872096537, 0.02756892230576471, 0.02794486215538663, 0.02769423558847696, 0.027443609022445244, 0.027694235588825535], "Valid": []}, "thres": {"Train": [-0.1986274212598801, -0.10489434997240704, -0.19168466329574585, -0.2929344773291308, -0.34089699387550754, -0.3469964563846588, -0.3305013552308113, -0.3458529710769059, -0.3410985767840654, -0.3320429027080915, -0.296717017887879, -0.3378308415412903, -0.3384678363800051, -0.3646727576853967, -0.3474777638912196, -0.3522557318208498, -0.34641489386320806, -0.3413851737976224, -0.33851733803749323, -0.33238121867182896, -0.3192827105520325, -0.32824650406837647, -0.33370858430895206, -0.3312572538852692, -0.33695709705336535, -0.33678919076919595, -0.33263632655143427, -0.33316546678518144, -0.34001204371421545, -0.3352456986901537], "Valid": []}, "acc_val": {"Train": [0.7987468671679198, 0.7338345864661654, 0.7745614035087719, 0.8021303258145364, 0.9488095238095238, 0.9441729323308271, 0.9454887218045113, 0.9511278195488722, 0.943546365914787, 0.9477443609022557, 0.9459899749373434, 0.9552631578947368, 0.9584586466165413, 0.9585213032581453, 0.9689849624060151, 0.9661027568922306, 0.9627192982456141, 0.9689849624060151, 0.9649749373433584, 0.968796992481203, 0.9716791979949875, 0.9721177944862155, 0.9721177944862155, 0.9722431077694236, 0.9722431077694236, 0.9723684210526315, 0.9721177944862155, 0.9723684210526315, 0.9726190476190476, 0.9723057644110276], "Valid": []}, "f1_val": {"Train": [0.7987216443163303, 0.7338345864661654, 0.7745048884432187, 0.80208072198546, 0.9488063161852247, 0.9441624365482233, 0.9454887218045114, 0.9511216944479257, 0.9435428284980262, 0.9477443609022557, 0.9459832059155282, 0.9552631578947368, 0.9584560436117551, 0.9585213032581453, 0.968983018986152, 0.9660963840320862, 0.9627122892774331, 0.968986905582357, 0.9649727426530484, 0.968796992481203, 0.9716720982702431, 0.9721160473713892, 0.9721160473713892, 0.9722413685067987, 0.9722413685067987, 0.9723666896422081, 0.9721160473713892, 0.9723666896422081, 0.9726173319130271, 0.9723022935204912], "Valid": []}}