{"roc_val": {"Train": [0.8735241141701372], "Valid": []}, "eer_val": {"Train": [0.21904761904752512], "Valid": []}, "thres": {"Train": [-0.11636785045263352], "Valid": []}, "acc_val": {"Train": [0.7810150375939849], "Valid": []}, "f1_val": {"Train": [0.7810013158719218], "Valid": []}}