{"roc_val": {"Train": [0.8505093246901715, 0.8472387971809222, 0.8250381200494972, 0.7982489039013574, 0.7702518121745465, 0.7784190033354061, 0.8159252689995666, 0.8193087983115684, 0.8301619964698714, 0.8299731078950509, 0.8316825192680951, 0.8403605897576021, 0.8461754558702521, 0.849689417780039, 0.8460579314828424, 0.8502813503055886, 0.8589214263729499, 0.8547683039051261, 0.8511936482811036, 0.851086982807897, 0.8611349174942369, 0.8576147213271272, 0.8615014274407823, 0.860501048988386, 0.8622666393427176, 0.8626669508985495, 0.8626912205325343, 0.862785613783833, 0.862726898700385, 0.8626224474092499], "Valid": []}, "eer_val": {"Train": [0.22368421052630344, 0.22506265664161168, 0.24598997493848884, 0.2713032581453633, 0.29473684210530304, 0.2885964912275931, 0.2556390977454257, 0.2512531328312194, 0.24085213032581368, 0.24373433583959903, 0.23884711779451046, 0.23270676691729308, 0.22744360902137148, 0.22506265664194838, 0.22255639097679766, 0.22230576441102792, 0.21528822055184796, 0.2218045112792829, 0.2264411027568922, 0.225438596491228, 0.2145363408520914, 0.21967418546436454, 0.21428571428587304, 0.21604010025000706, 0.21578947368460893, 0.21528822055137722, 0.2147869674182242, 0.21491228070171284, 0.21466165413538468, 0.21491228070127158], "Valid": []}, "thres": {"Train": [-0.2748700380325314, -0.203267231583599, -0.13960485160391062, -0.08334518224000928, -0.03298547491431284, -0.009810168296085782, -0.009815520606941372, -0.022060552611943847, -0.04490683041512959, -0.0631454661488533, -0.11015148460865345, -0.12520581483840942, -0.1766975373022925, -0.2057801634073539, -0.22583378851393116, -0.22584952414035805, -0.22097341716309202, -0.24600872397463264, -0.2807139456272125, -0.25154367089271545, -0.24634104967116202, -0.2290094941856529, -0.23461800813677872, -0.2532320618628097, -0.24802686274063468, -0.25009542703628507, -0.2522108157474446, -0.2538088262080923, -0.25451999902727035, -0.25418362021441426], "Valid": []}, "acc_val": {"Train": [0.7763784461152882, 0.7748746867167919, 0.7541979949874686, 0.7287593984962406, 0.7052005012531328, 0.7114661654135338, 0.7443609022556391, 0.7487468671679198, 0.7592731829573934, 0.756203007518797, 0.7612781954887218, 0.7673558897243108, 0.7726190476190476, 0.774937343358396, 0.7775062656641604, 0.7776315789473685, 0.7847117794486216, 0.7781328320802005, 0.7736215538847118, 0.774624060150376, 0.7855263157894737, 0.7803258145363409, 0.7857142857142857, 0.7840225563909774, 0.7841478696741855, 0.7847744360902256, 0.7852130325814536, 0.7851503759398496, 0.7852756892230577, 0.7850877192982456], "Valid": []}, "f1_val": {"Train": [0.7763644338617707, 0.7748605802368569, 0.7542441896886551, 0.7287424024061658, 0.7051820289491822, 0.7114480857196566, 0.7443609022556391, 0.7487153778669005, 0.7592430129088857, 0.7561877310608434, 0.7612482767264067, 0.7673413121122877, 0.7726047997994862, 0.7749373433583959, 0.7774923240804562, 0.7776176452158656, 0.7847117794486216, 0.7781189297575036, 0.7736073688827622, 0.7746099379660379, 0.7855128767466634, 0.7803258145363409, 0.7857142857142857, 0.7840090231217495, 0.784134344257159, 0.7847609499342064, 0.7852130325814536, 0.7851369133404349, 0.7852622344758444, 0.7850607845594687], "Valid": []}}