{"roc_val": {"Train": [0.8113482641440695, 0.8311827658117725, 0.848478990395789, 0.8599486812268767, 0.8095326898072248, 0.7982274294759455, 0.7999283138925006, 0.8198406809630593, 0.8327509484865044, 0.844975793179691, 0.8544544867808621, 0.8630026585888277, 0.8684632398665837, 0.8689522992946024, 0.8734700708538263, 0.870750521353509, 0.8769011501184039, 0.8753564126481617, 0.8757488253842628, 0.8758949456975772, 0.8760645818807672, 0.8761147071940504, 0.8760885688532106, 0.876093240620348, 0.8760664427359124, 0.8760738233428181, 0.876135812589117, 0.8761678475637716, 0.8761831269904082, 0.8761625319564574], "Valid": []}, "eer_val": {"Train": [0.2773182957393485, 0.25639097744281947, 0.2332080200501253, 0.217919799498747, 0.27105263157929566, 0.28721804511277943, 0.2842105263139354, 0.2611528822055138, 0.25150375939821473, 0.23395989974928266, 0.225313283207608, 0.2174185463656737, 0.20839598997493702, 0.21253132832080213, 0.2045112781964992, 0.20776942355908862, 0.20100250626672506, 0.20438596491105976, 0.20338345864763632, 0.20350877192982444, 0.20313283208014135, 0.2030075187970366, 0.2031328320802005, 0.20338345864645319, 0.20325814536340844, 0.20325814536312367, 0.20325814536342118, 0.20300751879822268, 0.20313283207985516, 0.20313283207971783], "Valid": []}, "thres": {"Train": [-0.17941733449697497, -0.15170991420714144, -0.09798985222975413, -0.03958758339285852, -0.008519142866135301, -0.011671246495097844, -0.014606450684327893, -0.028127502650022507, -0.054390866309401646, -0.07718434929845358, -0.11152760684488658, -0.1268600225448122, -0.16059246659278859, -0.18034496903419497, -0.19503170251864546, -0.18098737299445858, -0.18496762216099433, -0.19571800529906788, -0.1978368461133295, -0.19973171821662355, -0.20315043628210103, -0.20416155755521714, -0.20483672246336937, -0.20485837757584272, -0.2053582072257995, -0.2053280025720449, -0.20518708229065816, -0.20512548089074129, -0.2051472067832663, -0.20500500500197047], "Valid": []}, "acc_val": {"Train": [0.7226817042606516, 0.743421052631579, 0.7667919799498747, 0.7821428571428571, 0.7290100250626567, 0.7128446115288221, 0.7158521303258145, 0.7387218045112782, 0.7484962406015038, 0.7660401002506265, 0.77468671679198, 0.7825814536340853, 0.7916666666666666, 0.787406015037594, 0.7954887218045112, 0.7922305764411027, 0.7989348370927318, 0.7956140350877193, 0.7966165413533834, 0.7966165413533834, 0.7969298245614035, 0.7969924812030075, 0.7969924812030075, 0.7964912280701755, 0.7967418546365915, 0.7968045112781955, 0.7966791979949874, 0.7971177944862156, 0.7967418546365915, 0.7966165413533834], "Valid": []}, "f1_val": {"Train": [0.7226817042606516, 0.7433406455656534, 0.7667919799498747, 0.7821292060906072, 0.729027003320594, 0.7128266182091609, 0.7158343254589886, 0.7386563048383055, 0.7484647198897105, 0.7660107782930192, 0.7746584785060785, 0.7825542047875673, 0.7916536123817282, 0.7873926937778056, 0.7954887218045111, 0.7922305764411027, 0.7989222382354785, 0.7955884196014538, 0.7966165413533833, 0.7965910515102143, 0.7969171000689267, 0.7969924812030075, 0.7969670384759996, 0.7964402105790925, 0.7967418546365915, 0.7967917789335172, 0.7966664577981076, 0.7971432151359479, 0.796690899974931, 0.7965400526513726], "Valid": []}}