{"roc_val": {"Train": [0.910702217636824, 0.9279014579054151, 0.9796197417101651, 0.9797008341656144, 0.9913570737620995, 0.9894298245614036, 0.9942551632841501, 0.9960757784184773, 0.9958462572471278, 0.9965438345236525, 0.9965765133384842, 0.997380748236506, 0.9972955571887112, 0.9978874347522944, 0.9977820177008938, 0.9977014748651075, 0.9977459312441505, 0.9977418954654806, 0.9977349545543055, 0.9977495430305087, 0.9977580228767408, 0.9977187957362077, 0.9977471561108284, 0.9977491818518729, 0.9977474544757884, 0.9977272127687641, 0.9976881897726771, 0.9977671779699876, 0.9977446278603779, 0.9977517101023236], "Valid": []}, "eer_val": {"Train": [0.1706766917292206, 0.14323308270676677, 0.06541353383458613, 0.06804511278195469, 0.04160401002506296, 0.042982456140371814, 0.03145363408512936, 0.022807017545553147, 0.024185463659171163, 0.022681704260651667, 0.022431077694804784, 0.018170426065680662, 0.0169172932337879, 0.015413533834586452, 0.01604010025083679, 0.01541353383445437, 0.015162907268647961, 0.015288220550543491, 0.015413533836282736, 0.015413533834758526, 0.01553884711608729, 0.015538847117458664, 0.015538847117794158, 0.015538847116517457, 0.015538847116916294, 0.015538847117520873, 0.015664160400076933, 0.015538847116732462, 0.015538847117778235, 0.015413533835951284], "Valid": []}, "thres": {"Train": [-0.026269869878886683, -0.004270147532224654, -0.006080072373151777, -0.039351787418127046, -0.14607229083776488, -0.27291402220726146, -0.2744797617196532, -0.31522348523239835, -0.3167866617441522, -0.3934927731752396, -0.34619361162206314, -0.3854748904708351, -0.38516959548220986, -0.3898556232452392, -0.39701718091968835, -0.3914197981355798, -0.3947581350821426, -0.394697099923219, -0.3955544531350398, -0.39461377263156094, -0.3945496976375178, -0.3965502083260666, -0.39459216594696017, -0.3935639262178595, -0.3948750495839762, -0.39596787095038666, -0.39541828631300746, -0.3948560953096869, -0.3967811465263361, -0.3959872722666341], "Valid": []}, "acc_val": {"Train": [0.8293233082706767, 0.856829573934837, 0.9346491228070175, 0.9320175438596491, 0.9583959899749374, 0.9569548872180451, 0.9685463659147869, 0.9771303258145363, 0.9758771929824561, 0.9773809523809524, 0.9775689223057644, 0.981829573934837, 0.9830200501253132, 0.9846491228070176, 0.9838972431077694, 0.9845864661654136, 0.9850250626566416, 0.9847117794486215, 0.9845238095238096, 0.9845238095238096, 0.9845238095238096, 0.9844611528822055, 0.9845238095238096, 0.9844611528822055, 0.9842105263157894, 0.9843984962406015, 0.9842105263157894, 0.9844611528822055, 0.9845238095238096, 0.9845864661654136], "Valid": []}, "f1_val": {"Train": [0.8293019175335256, 0.8568206027946613, 0.9346450278839525, 0.9320132840403534, 0.9583959899749374, 0.9569521899868413, 0.9685463659147869, 0.9771288927877687, 0.9758756814336738, 0.9773795350585877, 0.9775689223057644, 0.981829573934837, 0.9830189861520147, 0.9846481609123379, 0.983896234099881, 0.9845845344028074, 0.9850278769654828, 0.9847098633914025, 0.9845228397769283, 0.9845228397769283, 0.9845228397769283, 0.9844592054142124, 0.9845228397769283, 0.9844592054142124, 0.9842045881910493, 0.9843955630757661, 0.984206568062171, 0.9844592054142124, 0.9845228397769283, 0.9845864661654136], "Valid": []}}