{"roc_val": {"Train": [0.9177670758977644, 0.9167204351731459, 0.9189772049170545, 0.9239926570812999, 0.9432366866414156, 0.9542807991155835, 0.9554745965791672, 0.9560179270230715, 0.9678393351800554, 0.9641885101224239, 0.9688890773299162, 0.9682194050288627, 0.965652210099183, 0.9731323531259225, 0.9722275064226984, 0.9748000797733684, 0.9776221097857425, 0.9784256537333309, 0.9786511234225916, 0.9795117807048949, 0.9793051080081155, 0.9794482917820868, 0.9795066299834799, 0.9793904560900999, 0.9794588994415865, 0.9795485738154911, 0.9796923543193824, 0.9796737614713474, 0.9795936661830014, 0.9795421354137224], "Valid": []}, "eer_val": {"Train": [0.1515037593983861, 0.15664160401032015, 0.15263157894725887, 0.1413533834586466, 0.11804511278195563, 0.10989974937343792, 0.10827067669215587, 0.10689223057683958, 0.08784461152907214, 0.0912280701754378, 0.08333333333255324, 0.08671679197983875, 0.08734335839736805, 0.08045112781924114, 0.08182957393406746, 0.07531328320783223, 0.07092731829447005, 0.06979949874687123, 0.0706766917293235, 0.06904761904761868, 0.06904761904788798, 0.06879699248233255, 0.06892230576428683, 0.0689223057650977, 0.06917293233016525, 0.06879699248120297, 0.06791979949874682, 0.06804511278236888, 0.06829573934790292, 0.06892230576441091], "Valid": []}, "thres": {"Train": [-0.05982241407034527, -0.027217350900189924, -0.010262928903101676, -0.001702242880128324, -0.0015545801725238566, -0.008061997592449223, -0.022353338077670096, -0.06755725294353904, -0.10381444543600105, -0.19289712607860526, -0.26101145148232147, -0.3561409115790726, -0.3634920120255147, -0.3270764350890146, -0.3371387422081563, -0.3350809812544658, -0.3436228632918552, -0.36748665571213, -0.37139207124710083, -0.3913904726505277, -0.40294610708986994, -0.40812480449698996, -0.40822896361342065, -0.4111817777163417, -0.41200199723174363, -0.4124085158109665, -0.4114133715629577, -0.410717993974893, -0.41194012761115306, -0.41255605965852726], "Valid": []}, "acc_val": {"Train": [0.8485588972431077, 0.843358395989975, 0.8474310776942355, 0.8586466165413534, 0.8818922305764411, 0.8900375939849624, 0.8916666666666667, 0.893170426065163, 0.9121553884711779, 0.9088345864661654, 0.9166666666666666, 0.9132832080200501, 0.91265664160401, 0.9195488721804511, 0.918233082706767, 0.92468671679198, 0.9290726817042606, 0.9301378446115288, 0.9292606516290727, 0.930952380952381, 0.930952380952381, 0.931265664160401, 0.931077694235589, 0.9311403508771929, 0.9308270676691729, 0.931203007518797, 0.9321428571428572, 0.9319548872180451, 0.931641604010025, 0.931077694235589], "Valid": []}, "f1_val": {"Train": [0.8485494078576353, 0.843358395989975, 0.8474215176389498, 0.8586466165413535, 0.8818848298765587, 0.8900307036781754, 0.8916598784384986, 0.8931771192281185, 0.9121553884711779, 0.9088288739895983, 0.9166562225842837, 0.9132832080200501, 0.91265664160401, 0.9195387893219701, 0.9182279591453099, 0.9246772778543677, 0.9290637924551948, 0.9301334670092111, 0.9292562190613448, 0.930952380952381, 0.930952380952381, 0.9312699705532236, 0.9310690562727159, 0.9311446651212331, 0.9308183982955258, 0.931203007518797, 0.932138605175763, 0.9319548872180451, 0.9316287522717303, 0.931077694235589], "Valid": []}}