{"roc_val": {"Train": [0.7089901994962342, 0.6249097917098511, 0.6604613900038317, 0.6986303556510323, 0.8213800164571831, 0.781203290180338, 0.8570881228761126, 0.8755536868487007, 0.8338774646516041, 0.8818910449683104, 0.9140567976959945, 0.8951889513884963, 0.9229320795723646, 0.930907657615216, 0.9418867893417755, 0.9411612756829416, 0.9409075790981214, 0.9559406033881696, 0.9560559450003454, 0.9570700717960314, 0.956143114678928, 0.9597850594531441, 0.9594684471203071, 0.961048799944724, 0.9608338986564154, 0.961202842632898, 0.9613850572546655, 0.9615055888468036, 0.9616135420003642, 0.961504120577132], "Valid": []}, "eer_val": {"Train": [0.3508771929824553, 0.42030075187961036, 0.3949874686729098, 0.36416040100404956, 0.24047619047495625, 0.2934837092731655, 0.2191729323307491, 0.20902255639053594, 0.243483709273747, 0.20338345864659838, 0.1578947368421054, 0.17907268170454993, 0.15225563909762596, 0.14323308270659865, 0.12907268170404593, 0.12907268170426095, 0.12907268170291558, 0.1046365914786967, 0.10651629072607337, 0.10463659147872013, 0.10664160401010495, 0.09824561403541976, 0.09874686716792, 0.09636591478696749, 0.09586466165488707, 0.09511278195488719, 0.09411027568922352, 0.09411027568989684, 0.09423558897243145, 0.0946115288219591], "Valid": []}, "thres": {"Train": [-0.20300194993615125, -0.0095778191462145, -0.00010774231486744486, -2.8658958399332263e-05, -5.1509759941819845e-06, -0.0002396917116129745, -0.0015365827712229422, -0.006538085173808958, -0.00792997051030831, -0.032121198251843286, -0.03826776891946794, -0.06457054242496643, -0.09334528446196139, -0.20150384306907515, -0.1910673826932638, -0.23937828838825242, -0.24203813075971928, -0.2515569031238556, -0.26545700430840696, -0.27299823611975355, -0.281475365161904, -0.29255029559146856, -0.2947828173637391, -0.29950442910194397, -0.300761163235014, -0.3036953806877136, -0.30603417754173284, -0.30675962567378456, -0.30781862139701865, -0.30760008096683844], "Valid": []}, "acc_val": {"Train": [0.6491854636591479, 0.5797619047619048, 0.6049498746867168, 0.6360275689223057, 0.7595864661654136, 0.7065789473684211, 0.780827067669173, 0.7909774436090226, 0.756516290726817, 0.7966791979949874, 0.8420426065162907, 0.8209273182957394, 0.8478070175438597, 0.8567042606516291, 0.8708020050125314, 0.8709899749373433, 0.8709273182957393, 0.8954260651629072, 0.8934210526315789, 0.8954260651629072, 0.8934210526315789, 0.9017543859649123, 0.9011904761904762, 0.9035714285714286, 0.9042606516290727, 0.9049498746867168, 0.905827067669173, 0.905889724310777, 0.905827067669173, 0.9054511278195488], "Valid": []}, "f1_val": {"Train": [0.6491634814211417, 0.5797355724042859, 0.6049251206215928, 0.6360959719350999, 0.7595714017168995, 0.7065605614386866, 0.7808270676691731, 0.7909512470234367, 0.756516290726817, 0.7966664577981076, 0.842032708816342, 0.8209273182957394, 0.8477974810451783, 0.8566773202983017, 0.8707696164452243, 0.8709818910959334, 0.8709111417470861, 0.8954195125007832, 0.8934010152284264, 0.8954195125007832, 0.8934277300920995, 0.9017543859649123, 0.9011842847296196, 0.9035653863023999, 0.9042726475379025, 0.9049439187919042, 0.9058211667397706, 0.905889724310777, 0.9058211667397706, 0.9054452033335422], "Valid": []}}