{"roc_val": {"Train": [0.9350630335236588], "Valid": []}, "eer_val": {"Train": [0.12944862155445258], "Valid": []}, "thres": {"Train": [-0.4601833224298169], "Valid": []}, "acc_val": {"Train": [0.8705513784461153], "Valid": []}, "f1_val": {"Train": [0.8705513784461153], "Valid": []}}