{"roc_val": {"Train": [0.7323774662219459, 0.7415038771741383, 0.7220188629468407, 0.7653979167844422, 0.8176738839580153, 0.8253465351976432, 0.8715351112744268, 0.857998834806314, 0.8840568291028322, 0.8818446099584801, 0.893749238384181, 0.8937065878983173, 0.914994519506787, 0.9017026117926397, 0.916454081632653, 0.9339976193616875, 0.9354880465574965, 0.9369636654292373, 0.9436434680058543, 0.9442580134546894, 0.9448275372013994, 0.9451036661201877, 0.9466253509714135, 0.9460921884912783, 0.947254838223378, 0.9478766308000576, 0.9480287498194107, 0.9480726094685336, 0.9480931495405178, 0.9480023052619018], "Valid": []}, "eer_val": {"Train": [0.3395989974937341, 0.3352130325822348, 0.35075187969892835, 0.3126566416038011, 0.26340852130254855, 0.25213032581448463, 0.2077694235588973, 0.21741854636431218, 0.19398496240594867, 0.19323308270676648, 0.18571428571428564, 0.18120300751879703, 0.15513784461206626, 0.17894736842105285, 0.15588972431151168, 0.1347117794486215, 0.13258145363407967, 0.1317042606516316, 0.12117794486073685, 0.11917293233082686, 0.1194235588972422, 0.11754385964906099, 0.11553884711779454, 0.11842105263157912, 0.1145363408521126, 0.11478696741853878, 0.11578947368268522, 0.11566416040214252, 0.11541353383415756, 0.11566416040130537], "Valid": []}, "thres": {"Train": [-0.1011535823345184, -0.03899029269816199, -0.014787245541810112, -0.00415960559621354, -0.0024516636040037188, -0.004017433617263765, -0.015678860247135162, -0.04229266569002423, -0.10060402750968434, -0.13742189606030777, -0.24456468969583509, -0.3414878845214844, -0.29387116432246463, -0.31871661543846147, -0.39298790693292657, -0.34342861175537104, -0.35655024647712663, -0.35957869887352056, -0.38381719589192564, -0.3893438676993051, -0.40138658881187433, -0.4052190780639131, -0.41377487778663635, -0.4107422828674317, -0.4133417606353753, -0.4078710377216275, -0.4114691615095679, -0.41352730989527653, -0.41503956913939033, -0.4151347875596507], "Valid": []}, "acc_val": {"Train": [0.6604636591478696, 0.6647869674185464, 0.6491228070175439, 0.6873433583959899, 0.7365914786967419, 0.7478070175438597, 0.7922932330827067, 0.7824561403508772, 0.806077694235589, 0.8067669172932331, 0.8143483709273183, 0.818734335839599, 0.8447994987468672, 0.8209899749373434, 0.844047619047619, 0.8653508771929824, 0.8674812030075187, 0.8682330827067669, 0.8788220551378446, 0.880827067669173, 0.8805764411027569, 0.8823934837092732, 0.8845238095238095, 0.881516290726817, 0.8855263157894737, 0.8852756892230577, 0.8842731829573934, 0.8843358395989975, 0.8845864661654136, 0.8843358395989975], "Valid": []}, "f1_val": {"Train": [0.6604423836079955, 0.6647869674185464, 0.6490348458260216, 0.6873433583959899, 0.7365584659731796, 0.7477596039355768, 0.7922802180587756, 0.7824016044121332, 0.806065542953819, 0.8067669172932331, 0.8143367378908454, 0.8187229776301774, 0.8447897737953506, 0.8209787580675482, 0.8440378469828936, 0.8653424400025064, 0.8674728993044677, 0.8682248261169248, 0.878806868028575, 0.880827067669173, 0.8805614738689058, 0.8823713730651125, 0.8845165737201579, 0.8815088664703303, 0.8855191428034339, 0.8852685005326147, 0.884265931449339, 0.8843358395989975, 0.8845720015039479, 0.8843358395989975], "Valid": []}}