{"roc_val": {"Train": [0.7780469108234245, 0.7308449460116455, 0.7746002616189597, 0.7909660272234471, 0.7462292322284407, 0.8617261198108053, 0.9301926730987871, 0.9428753038611567, 0.9397637970238881, 0.9440635109075948, 0.948342896715473, 0.9544694835459576, 0.9590257363333144, 0.952432789366901, 0.9588509023184529, 0.9675036588966149, 0.9690105511271915, 0.9686746078856288, 0.9679947833242253, 0.9703420832783712, 0.9718586252598915, 0.9731184163416059, 0.9727071673544764, 0.9728184025225972, 0.9728568444921828, 0.9728225482251996, 0.9728392331078323, 0.9728283270833726], "Valid": []}, "eer_val": {"Train": [0.3110275689207992, 0.34912280701896714, 0.2951127819548776, 0.28458646616541355, 0.3208020050125885, 0.21315789473684232, 0.13433583959977868, 0.12406015037659263, 0.12982456140350865, 0.12593984962459776, 0.1197994987461043, 0.10927318295663088, 0.10325814536502312, 0.11065162907268172, 0.09987468671679203, 0.08784461152856293, 0.08082706766891273, 0.08646616541353357, 0.08684210526146433, 0.08195488721825427, 0.07807017543778406, 0.07556390977443257, 0.0761904761907412, 0.07518796992484832, 0.07531328320801864, 0.07518796992481226, 0.07518796992489597, 0.07543859649122957], "Valid": []}, "thres": {"Train": [-0.06639219075428977, -0.003582269651827978, -0.0001225010055350124, -2.271515768370591e-05, -0.00011371501022950927, -0.0019032375421375038, -0.004995306022473368, -0.023196743801242328, -0.04405789449810981, -0.08804837614299699, -0.150774270295529, -0.2378613352769292, -0.24802531302019054, -0.33044181764125824, -0.28098735958337784, -0.2503547370433534, -0.26500093936878477, -0.29375725984573353, -0.3120031952743391, -0.3037618398667576, -0.3259770572178445, -0.33370979130268, -0.33300673961640664, -0.3349205553532018, -0.3360679149627681, -0.3368693292140967, -0.33854490518570296, -0.33911782503128135], "Valid": []}, "acc_val": {"Train": [0.6890350877192982, 0.6508145363408522, 0.7049498746867168, 0.7154135338345865, 0.6791353383458647, 0.7867794486215539, 0.8656641604010025, 0.8758771929824561, 0.8702380952380953, 0.8740601503759399, 0.8802005012531329, 0.8907268170426065, 0.8968045112781955, 0.8894110275689223, 0.900187969924812, 0.9121553884711779, 0.919047619047619, 0.9135964912280702, 0.9130952380952381, 0.9181704260651629, 0.9219924812030075, 0.9244987468671679, 0.9237468671679198, 0.924749373433584, 0.924749373433584, 0.924749373433584, 0.924812030075188, 0.9244987468671679], "Valid": []}, "f1_val": {"Train": [0.6890156024813584, 0.650792656181465, 0.7049313866783633, 0.7153778669006141, 0.679115232784009, 0.7867660881007583, 0.8656641604010025, 0.8758694153769033, 0.8702299642834764, 0.8740601503759399, 0.8801854869031207, 0.8907131219451059, 0.8968109767558424, 0.8894040980011279, 0.9001817156463436, 0.9121443789948614, 0.9190273251441463, 0.9135910771351589, 0.9130788995425205, 0.9181806791128931, 0.9219875932075944, 0.9244940159157842, 0.9237420891033272, 0.9247446581866032, 0.9247446581866032, 0.9247446581866032, 0.924812030075188, 0.9244940159157842], "Valid": []}}