{"dense_layers": [{"best_val_loss": {"param": 8, "value": 0.07856214046478271}, "best_roc_val": {"param": 8, "value": 0.9534630942197238}, "best_eer_val": {"param": 8, "value": 0.10165383518576471}, "best_thres": {"param": 16, "value": -0.4917740225791927}, "best_acc_val": {"param": 8, "value": 0.8983873269587556}, "best_f1_val": {"param": 8, "value": 0.8982857142857142}}], "input_dropout_streams": [{"best_val_loss": {"param": 0.4, "value": 0.0816926509141922}, "best_roc_val": {"param": 0, "value": 0.9477678927858569}, "best_eer_val": {"param": 0, "value": 0.10279441117842161}, "best_thres": {"param": 0.1, "value": -0.5234146118164386}, "best_acc_val": {"param": 0, "value": 0.8973169687455401}, "best_f1_val": {"param": 0, "value": 0.8972363065057489}}], "kernels_init_streams": [{"best_val_loss": {"param": "he_normal", "value": 0.07831364870071411}, "best_roc_val": {"param": "orthogonal", "value": 0.9513974296305349}, "best_eer_val": {"param": "glorot_normal", "value": 0.09908753920700014}, "best_thres": {"param": "glorot_uniform", "value": -0.6300247874259932}, "best_acc_val": {"param": "glorot_normal", "value": 0.9008134722420437}, "best_f1_val": {"param": "glorot_normal", "value": 0.9007001000142878}}, {"best_val_loss": {"param": "lecun_uniform", "value": 0.07795713096857071}, "best_roc_val": {"param": "lecun_uniform", "value": 0.9506600676198623}, "best_eer_val": {"param": "glorot_uniform", "value": 0.10236669518198455}, "best_thres": {"param": "orthogonal", "value": -0.5943822860712568}, "best_acc_val": {"param": "glorot_uniform", "value": 0.8977451120308263}, "best_f1_val": {"param": "glorot_uniform", "value": 0.8976647861172606}}], "kernels_Max_Norm_constraint_streams": [{"best_val_loss": {"param": 5, "value": 0.0881182923913002}, "best_roc_val": {"param": 5, "value": 0.9460887001507191}, "best_eer_val": {"param": 5, "value": 0.10935272312551583}, "best_thres": {"param": 3, "value": -0.5394557118431286}, "best_acc_val": {"param": 5, "value": 0.890680747823605}, "best_f1_val": {"param": 5, "value": 0.8905870589915726}}, {"best_val_loss": {"param": 5, "value": 0.089192233979702}, "best_roc_val": {"param": 5, "value": 0.9470842396838975}, "best_eer_val": {"param": 5, "value": 0.10228571428571948}, "best_thres": {"param": 5, "value": -0.5519426760673571}, "best_acc_val": {"param": 5, "value": 0.8977451120308263}, "best_f1_val": {"param": 5, "value": 0.897650167845154}}]}