{"roc_val": {"Train": [0.7769103366184886, 0.7587477465593808, 0.7312396985571699, 0.7060802852997154, 0.6915169110118654, 0.723667439274879, 0.7973422120464068, 0.832693002870585, 0.9117192888235628, 0.9322106409507478, 0.9276606852343892, 0.9434796420876753, 0.9602855038599006, 0.9575467019679526, 0.9570354143504124, 0.9656465097581045, 0.9650670064886527, 0.9667555637213334, 0.9679777137078285, 0.9682355716986704, 0.9679690925308257, 0.9683779231914372, 0.968753329124817], "Valid": []}, "eer_val": {"Train": [0.30350877192855974, 0.3160401002506296, 0.34411027568922276, 0.36102756892246884, 0.36904761904712524, 0.3426065162907268, 0.27894736842097445, 0.25526315789391774, 0.16290726817042955, 0.1388471177945038, 0.1365914786967415, 0.11942355889615401, 0.10225563909654814, 0.09949874686716785, 0.10125313283150822, 0.08759398496273421, 0.08834586466165416, 0.08734335839586166, 0.08546365914786462, 0.08433583959709295, 0.0842105263151116, 0.08270676691645135, 0.08270676691711881], "Valid": []}, "thres": {"Train": [-0.24438923597314097, -0.1489892899990088, -0.06226180121302603, -0.02220694720745237, -0.004314522724593991, -0.0011948354658670723, -0.005174270831047189, -0.01183089241384253, -0.021925857290625607, -0.044131048023701845, -0.09872019290924068, -0.14570064842663935, -0.15858426690027727, -0.23998133838176722, -0.2535545229906164, -0.2688232362270477, -0.26448073983192444, -0.2789567708967948, -0.3010753095149989, -0.3033623099314776, -0.31111246347419275, -0.31226229667635724, -0.31752744317044374], "Valid": []}, "acc_val": {"Train": [0.6965538847117795, 0.6838972431077694, 0.655889724310777, 0.6390977443609023, 0.630889724310777, 0.6574561403508772, 0.7211152882205514, 0.7447368421052631, 0.837155388471178, 0.8611528822055138, 0.8633458646616541, 0.8805764411027569, 0.8976817042606516, 0.9005639097744361, 0.8988095238095238, 0.912406015037594, 0.9115914786967418, 0.912719298245614, 0.9145989974937343, 0.9157268170426065, 0.9156641604010025, 0.9172932330827067, 0.9173558897243108], "Valid": []}, "f1_val": {"Train": [0.6965348706059278, 0.6838774359295696, 0.655889724310777, 0.6391429645407843, 0.6308203296358965, 0.6574346763581679, 0.7210978131461871, 0.7447048502318587, 0.8371655911283754, 0.8611528822055138, 0.8633544264143852, 0.8805614738689058, 0.8976624678824341, 0.9005576790525722, 0.8988031831568395, 0.912406015037594, 0.9115859389686071, 0.9127138291872925, 0.9145936462184348, 0.9157215364371201, 0.9156430183003258, 0.9172828675272591, 0.9173507111974434], "Valid": []}}