{"roc_val": {"Train": [0.710478765836898, 0.7380059484550976, 0.744431041576372, 0.7594553269137757, 0.7961123516812081, 0.8267658416090351, 0.8464308955345757, 0.8614693218007424, 0.8863866825585267, 0.9013324586528981, 0.9096603821584036, 0.9187502119961558, 0.922480527760504, 0.9146216496755675, 0.9326841225871696, 0.9345325798832924, 0.9341832573287856, 0.9293578636440725, 0.9411606868047312, 0.9412446215790102, 0.9416900961677377, 0.9415889897048386, 0.9430508288264522, 0.9431730092775799, 0.943537540593338, 0.9435470647169301, 0.9435224339043098, 0.9436259665454363, 0.9436820827130483, 0.9436149741521724], "Valid": []}, "eer_val": {"Train": [0.3587719298248428, 0.33496240601464733, 0.32681704260651556, 0.3135338345864659, 0.2828320802005012, 0.24749373433670338, 0.2309523809523844, 0.2190476190476638, 0.19022556390962406, 0.17355889724252097, 0.16027568922254523, 0.15263157894736729, 0.14874686716713917, 0.15902255639128463, 0.13583959899743636, 0.13684210526327292, 0.1347117794479437, 0.14072681704315895, 0.12631578947426828, 0.12543859649195097, 0.12694235588987543, 0.12756892230584538, 0.12406015037524355, 0.12431077694296855, 0.12368421052631465, 0.12380952380849064, 0.12330827067724964, 0.12343358395854896, 0.12368421052614365, 0.12355889724286431], "Valid": []}, "thres": {"Train": [-0.16513612866408137, -0.07117331773042151, -0.03698127840956048, -0.014798632822930813, -0.009457181673496962, -0.011617206037051298, -0.018044950440526158, -0.032293224086365195, -0.05879184231161603, -0.1188770309090562, -0.17244538664764616, -0.28423351049423207, -0.30070272088038763, -0.3630887269976857, -0.3580006361007683, -0.36530268192296494, -0.3887919783591661, -0.3848249912269399, -0.39452627301248466, -0.40575066208866134, -0.4138465523721079, -0.4132834374904834, -0.4110101461408105, -0.4133954048166834, -0.4145556092262262, -0.415183007716986, -0.4151374101642396, -0.4150259196757583, -0.4154522716998385, -0.41452440619463027], "Valid": []}, "acc_val": {"Train": [0.6412280701754386, 0.6651002506265664, 0.6732456140350878, 0.6865288220551379, 0.7172305764411028, 0.7525062656641605, 0.768984962406015, 0.780952380952381, 0.8097744360902256, 0.8265037593984963, 0.8396616541353383, 0.8474310776942355, 0.8513157894736842, 0.8410401002506266, 0.8642230576441102, 0.8632205513784461, 0.8652882205513784, 0.8592731829573935, 0.8738095238095238, 0.874561403508772, 0.8730576441102756, 0.8723684210526316, 0.8759398496240601, 0.8757518796992482, 0.8763784461152883, 0.8760651629072682, 0.8766917293233083, 0.8765664160401002, 0.8763157894736842, 0.8764411027568922], "Valid": []}, "f1_val": {"Train": [0.6412280701754386, 0.6650792656181465, 0.6732251394197631, 0.6865091797731687, 0.7172128579484931, 0.7525062656641605, 0.768970486872611, 0.780952380952381, 0.8097505953126959, 0.8264928880255655, 0.839631509682271, 0.8474215176389498, 0.851306472836644, 0.8410500595200802, 0.8642145497838211, 0.8632291209823945, 0.8652713372603082, 0.8592731829573935, 0.8738253351710312, 0.8745614035087719, 0.8730576441102756, 0.8723604235854376, 0.8759243012908885, 0.8757596641814424, 0.8763706999185411, 0.876034093757834, 0.8766917293233083, 0.876550946233864, 0.8763002882566738, 0.8764256172452688], "Valid": []}}