{"roc_val": {"Train": [0.7748169923555757, 0.7914472192385726, 0.7968186993172154, 0.8057714226041295, 0.806692553752803, 0.8228353779184805, 0.8741507198447246, 0.891239188196054, 0.9010252840748489, 0.9321675743242819, 0.9420521227881733, 0.9538974079936683, 0.9546177081174113, 0.9566023847212015, 0.957618505851094, 0.9587550957594487, 0.9614696594242498, 0.9626646974579306, 0.9629843169954964, 0.9632885314790736, 0.9634466570561742, 0.9634890798424632, 0.9635288251958216, 0.96352048668036, 0.9635675655303673, 0.9635793273911596, 0.9635955490229333, 0.9635811018775008, 0.9635699838568855, 0.9635772623915679], "Valid": []}, "eer_val": {"Train": [0.3132832080200501, 0.29724310776941804, 0.29335839598918517, 0.28170426065162923, 0.2812030075188094, 0.26441102756952967, 0.20776942355889333, 0.1909774436098724, 0.18145363408521317, 0.1352130325814765, 0.12393483709212666, 0.11027568922305764, 0.1063909774441519, 0.10664160401013323, 0.10463659147819367, 0.10137844611521646, 0.09736842105263191, 0.09536340852127166, 0.09511278195489865, 0.09448621553884705, 0.09373433583918948, 0.09348370927384601, 0.09323308270676671, 0.0933583959899748, 0.09285714285676804, 0.0929824561394067, 0.09298245614153022, 0.0928571428581633, 0.09285714285604921, 0.09285714285800503], "Valid": []}, "thres": {"Train": [-0.11510656774044037, -0.056903179734945145, -0.029384683817575696, -0.014533328823745254, -0.0091554177924995, -0.009459752589467156, -0.01637307181954371, -0.029783841222528862, -0.06033169105648995, -0.10108945891261668, -0.15193945169430303, -0.23629304468631743, -0.2760266661644191, -0.3077595531941633, -0.3039050102228834, -0.3036632537841557, -0.3442700207233432, -0.36337283253666686, -0.37242546677590027, -0.3801797330379485, -0.3846880495545745, -0.3889090418819749, -0.3905932605266571, -0.39051088690757735, -0.39060673117627176, -0.39038506150145913, -0.3909249305725807, -0.3911674618742112, -0.3909791409959535, -0.3909061849126134], "Valid": []}, "acc_val": {"Train": [0.6867167919799498, 0.7028195488721805, 0.7067042606516291, 0.7182330827067669, 0.718734335839599, 0.7357769423558898, 0.7922932330827067, 0.8090225563909774, 0.8184837092731829, 0.8647869674185463, 0.8760651629072682, 0.8896616541353384, 0.893546365914787, 0.8933583959899749, 0.8953634085213033, 0.8986842105263158, 0.9025689223057645, 0.9046992481203008, 0.9048245614035088, 0.9055764411027569, 0.906203007518797, 0.906516290726817, 0.9068295739348371, 0.9067042606516291, 0.9070802005012532, 0.9069548872180451, 0.9069548872180451, 0.9071428571428571, 0.9072055137844611, 0.9071428571428571], "Valid": []}, "f1_val": {"Train": [0.6866775285123449, 0.702800927376402, 0.7066858825740961, 0.7182154270317689, 0.7187167115734068, 0.7358265990102111, 0.7922802180587756, 0.8090225563909773, 0.8184723353593583, 0.8647869674185463, 0.8760496302794836, 0.8896685671323852, 0.8935396954696411, 0.8933583959899749, 0.8953502945231232, 0.89867786202143, 0.9025628172191239, 0.9046932765210853, 0.9048185976564947, 0.9055705244689517, 0.9061853731904493, 0.906516290726817, 0.9068237358230465, 0.9066984146876371, 0.9070627310898038, 0.9069373942470389, 0.906949056958456, 0.9071428571428571, 0.907199699229275, 0.9071428571428571], "Valid": []}}