{"roc_val": {"Train": [0.7089846483376361, 0.6247526318930157, 0.662706861137807, 0.7325976595624399, 0.7543441938178781, 0.8509437911822162, 0.8471458721992952, 0.7717577936068241, 0.8467792444771074, 0.881632841502252, 0.8985984306003103, 0.9282476711829698, 0.9422105074716867, 0.9571368191782714, 0.950521534098404, 0.9556023360406027, 0.9605794483074854, 0.9646471284728112, 0.9654060040452008, 0.967600760987682, 0.9646960524745448, 0.966533195457315, 0.9680870409105469, 0.9687037691346159, 0.9684300899491838, 0.9685710595410834, 0.9686121318333429, 0.9687041538683803, 0.9686901385669687, 0.9686916539468973], "Valid": []}, "eer_val": {"Train": [0.35075187969924815, 0.421052631579758, 0.3961152882205402, 0.3372180451128243, 0.3170426065158132, 0.2223057644110275, 0.2238095238101466, 0.2909774436090228, 0.23370927318310267, 0.19360902255638865, 0.18295739348418288, 0.15075187969924794, 0.12456140350877189, 0.1036340852118296, 0.10902255639097991, 0.106265664160401, 0.0968671679207093, 0.09160401002503951, 0.09122807017541253, 0.08796992481203006, 0.09022556390977449, 0.0889724310759969, 0.08696741854593752, 0.08646616541437142, 0.08621553884717119, 0.08583959899749365, 0.0850877192985911, 0.0853383458646616, 0.08508771929884865, 0.08533834586466155], "Valid": []}, "thres": {"Train": [-0.20303641756375632, -0.009792920202031723, -0.00014566311438102094, -5.943531868979616e-05, -2.7824533390208053e-05, -8.096655801637098e-05, -0.0009515390847817224, -0.001533172908239068, -0.009428832679987434, -0.020887413993477676, -0.05558365583424554, -0.08446362912654874, -0.10974746197462082, -0.2055351734137229, -0.21305599311987616, -0.28917889793713886, -0.25575917959262007, -0.2822610139846798, -0.29867687821387706, -0.29819783568382263, -0.31643609205881756, -0.3351364731779787, -0.33660602569524795, -0.34138736128864716, -0.34555491805081795, -0.34849929809570307, -0.3506703376770394, -0.35185572504997253, -0.35265669226738094, -0.352484256029129], "Valid": []}, "acc_val": {"Train": [0.6492481203007519, 0.5790100250626566, 0.6039473684210527, 0.662719298245614, 0.6830200501253133, 0.7777568922305764, 0.7761904761904762, 0.7089598997493735, 0.7662280701754386, 0.806453634085213, 0.8169799498746867, 0.8492481203007519, 0.875438596491228, 0.8963659147869674, 0.8910401002506265, 0.893734335839599, 0.9031328320802005, 0.9084586466165413, 0.9088345864661654, 0.912092731829574, 0.9098370927318296, 0.9110902255639097, 0.9129072681704261, 0.9135338345864662, 0.9137218045112782, 0.9142230576441103, 0.9151629072681704, 0.9147243107769424, 0.9149749373433584, 0.9146616541353384], "Valid": []}, "f1_val": {"Train": [0.6492481203007519, 0.5790364012279932, 0.6039225515383169, 0.6626981640453663, 0.6830001879817031, 0.777742966351275, 0.7761904761904762, 0.7089416630114669, 0.7662134218936024, 0.8064415063600475, 0.8169684817344445, 0.8492481203007519, 0.875438596491228, 0.8963529264318837, 0.8910332727614512, 0.893734335839599, 0.9031328320802005, 0.9084529105833699, 0.9088288739895983, 0.9120872235102451, 0.9098314430728742, 0.9110846544269691, 0.9128854349461019, 0.9135338345864662, 0.9137163982705684, 0.9142176828122063, 0.915184164369832, 0.9147189673538443, 0.9149802643944616, 0.9146616541353384], "Valid": []}}