{"roc_val": {"Train": [0.7195902506893801, 0.7127275189854335, 0.6971248139144854, 0.7017705369313005, 0.8090356059321235, 0.7246053338232801, 0.8097605464161657, 0.8622594393251299, 0.8790748566277848, 0.878523682326116, 0.8768952456328792, 0.8671965471322417, 0.8904537895490606, 0.8950001884410275, 0.8928369247052468, 0.9024513822149359, 0.9028005948455098, 0.9028152775422265, 0.9030183384526479, 0.903065236713337, 0.9034906972946151, 0.903424994189735, 0.9032297221751121, 0.9032630762369583, 0.9033265887148949, 0.9033190981840566, 0.9034824765547954, 0.903427365405996, 0.9033753792375677, 0.9035282441693204], "Valid": []}, "eer_val": {"Train": [0.34812030075188155, 0.3532581453635521, 0.3640350877179192, 0.3585213032581145, 0.2699248120307238, 0.3472431077705826, 0.2617794486215564, 0.21641604010023924, 0.19774436090187125, 0.19686716791959985, 0.20037593984968266, 0.20927318295731184, 0.18370927318295735, 0.18007518796991587, 0.18245614035253083, 0.16979949874673728, 0.1695488721804512, 0.17142857142920553, 0.16954887218045117, 0.16942355889802355, 0.1696741854643116, 0.1691729323300673, 0.16929824561403486, 0.16904761904701096, 0.16879699248157765, 0.16929824561309292, 0.16979949874568656, 0.1686716791975066, 0.16892230576377973, 0.16842105263157855], "Valid": []}, "thres": {"Train": [-0.0671691484749322, -0.004334473982453403, -0.0007889982080070648, -8.360197534784484e-05, -0.00028292144997987795, -0.00012250161671623715, -0.0028281242121011092, -0.011137449182569922, -0.0341332033276477, -0.06520799547431098, -0.11046168208122684, -0.1471120417117829, -0.14997166395187378, -0.19212983548641174, -0.23700790107270192, -0.23980143666260467, -0.2451221396525701, -0.2591410577299869, -0.2644294202327729, -0.2703685462475532, -0.2754857242107815, -0.2766657769676467, -0.27683925628662104, -0.27744886279090436, -0.27732458710671665, -0.2777833640572803, -0.27794203162124653, -0.27830138802519394, -0.27864962816217675, -0.2791350682576495], "Valid": []}, "acc_val": {"Train": [0.6519423558897243, 0.6466791979949875, 0.6359649122807017, 0.6415413533834586, 0.7301378446115289, 0.6526942355889724, 0.7381578947368421, 0.7836466165413534, 0.8022556390977443, 0.8031954887218045, 0.7996240601503759, 0.7907268170426065, 0.8163533834586466, 0.8199874686716792, 0.8174812030075188, 0.8302005012531328, 0.8305137844611529, 0.8286340852130326, 0.8303884711779449, 0.8305764411027569, 0.8304511278195489, 0.8308270676691729, 0.8307644110275689, 0.8307644110275689, 0.831328320802005, 0.8307017543859649, 0.8302005012531328, 0.831328320802005, 0.831077694235589, 0.8315789473684211], "Valid": []}, "f1_val": {"Train": [0.6519205464001503, 0.6466570587129519, 0.6359192881313447, 0.641518892161163, 0.7301547522085083, 0.6526724732126072, 0.7381414875618774, 0.783633059715521, 0.8022308559969921, 0.803183156839401, 0.7996240601503759, 0.7907005890462464, 0.816341876057397, 0.8199761889842723, 0.8174697662760825, 0.8302005012531328, 0.830503164358669, 0.828644821753023, 0.8303778432232595, 0.8305764411027569, 0.8304723718832226, 0.8308058653966662, 0.830753806629488, 0.8307113757442808, 0.8313494549555193, 0.8306805364080713, 0.830179220453691, 0.8313071813510464, 0.8310565233738564, 0.8315789473684211], "Valid": []}}