{"roc_val": {"Train": [0.7644236766728851], "Valid": []}, "eer_val": {"Train": [0.32631578947243167], "Valid": []}, "thres": {"Train": [-0.11650442332015667], "Valid": []}, "acc_val": {"Train": [0.6737468671679198], "Valid": []}, "f1_val": {"Train": [0.673726423961401], "Valid": []}}