{"roc_val": {"Train": [0.9414058328779342], "Valid": []}, "eer_val": {"Train": [0.12180451127735795], "Valid": []}, "thres": {"Train": [-0.43613141775079967], "Valid": []}, "acc_val": {"Train": [0.8781954887218045], "Valid": []}, "f1_val": {"Train": [0.8781802230855997], "Valid": []}}