{"roc_val": {"Train": [0.688811714436467, 0.6829245968932357, 0.6723144719568346, 0.6820030339005407, 0.6771280174119509, 0.6701779040332662, 0.6719729068912883, 0.7688816417610441, 0.8090721320845975, 0.8149652797407052, 0.8318818506165163, 0.8527657489588634, 0.8710937902400112, 0.8670291015759952, 0.8774182794077926, 0.8825512716628665, 0.8756365930490386, 0.8628284370073052, 0.8813871929196424, 0.8839091462993324, 0.8856364438665586, 0.8890993539613445], "Valid": []}, "eer_val": {"Train": [0.36867167919815386, 0.3736842105263161, 0.38283208020050136, 0.3750626566416072, 0.379448621555166, 0.38609022556389894, 0.38145363408423333, 0.3026315789483732, 0.27117794486214386, 0.26027568922210087, 0.2427318295739347, 0.22606516290726703, 0.20213032581453622, 0.20626566416040537, 0.19699248120301402, 0.1931077694239566, 0.19837092731751205, 0.2151629072681613, 0.19699248120278315, 0.19072681704260663, 0.19110275689188444, 0.18521303258107186], "Valid": []}, "thres": {"Train": [-0.3619350790977872, -0.21431484818458563, -0.10252924263477328, -0.04477306082844748, -0.020318210124992308, -0.007082468985269384, -0.013759418390666292, -0.020433919504305557, -0.03837744519114483, -0.05720492452376892, -0.08200061321258544, -0.11501251161098452, -0.14733447134494781, -0.20095710456371432, -0.22454725205898485, -0.2256973385811255, -0.23060300946226264, -0.28605821728705827, -0.25352624058720696, -0.24977953732013702, -0.27029766142365375, -0.2675349613029976], "Valid": []}, "acc_val": {"Train": [0.631265664160401, 0.6262531328320802, 0.6172305764411028, 0.624874686716792, 0.6205513784461153, 0.6139097744360902, 0.618546365914787, 0.6974310776942356, 0.7288847117794486, 0.7397243107769423, 0.7573308270676692, 0.7739974937343358, 0.7979323308270677, 0.793671679197995, 0.8029448621553885, 0.8068295739348371, 0.8016290726817042, 0.7848997493734335, 0.8030075187969925, 0.8092105263157895, 0.8089598997493734, 0.8147869674185464], "Valid": []}, "f1_val": {"Train": [0.6312425590575851, 0.6262297136412056, 0.6172065918917226, 0.6248511811517012, 0.6205513784461153, 0.6139097744360902, 0.6184985587166312, 0.6974500344589939, 0.7288677235415754, 0.7396916906880562, 0.7573156212795288, 0.7739833322889904, 0.7979196691522025, 0.7936587505482798, 0.802932514568582, 0.806817469766276, 0.8016042110540168, 0.7848862710696158, 0.8029828299285625, 0.8091985713390563, 0.8089479290682373, 0.8147869674185464], "Valid": []}}