{"roc_val": {"Train": [0.6601340522358528, 0.671488712033495, 0.6462164112592815, 0.7107380729043438, 0.8344054528551956, 0.8410094044286432, 0.8420140734040616, 0.8403262367838282, 0.8425379324808819, 0.8431513150043028, 0.8523518966938372, 0.8470975056689342, 0.8474981225690236, 0.8486252755950026, 0.8535026423619616, 0.8527158016176616, 0.8518108432456803, 0.8349282205443991, 0.8527366391821938, 0.8542852562693282, 0.8546354608325325, 0.854227641297619, 0.8534978266468176, 0.8540497398815892, 0.8538176180495795, 0.8537948027266717, 0.853804997735218, 0.8538358200569651, 0.8538161375661375], "Valid": []}, "eer_val": {"Train": [0.3923976608187245, 0.38508771929824565, 0.4019632414369257, 0.35856307435258494, 0.23993316624894268, 0.2331244778612957, 0.2298245614033562, 0.23208020050125272, 0.22898913951603014, 0.2306599832915555, 0.21825396825396823, 0.22506265664156316, 0.22552213868003346, 0.22368421052661527, 0.21783625730994152, 0.21846282372569806, 0.21988304093679603, 0.2388888888894416, 0.21888053466905125, 0.21758563074330173, 0.21737677527151172, 0.21771094402810642, 0.21850459482039503, 0.21762740183804596, 0.21825396825256863, 0.21779448621545472, 0.2181286549707635, 0.21825396825401291, 0.21821219716027543], "Valid": []}, "thres": {"Train": [-0.9092420538266547, -0.6829975843429565, -0.41285842657089233, -0.0832196772098597, -0.14152424782514184, -0.15722881257533583, -0.16011482477186356, -0.17338988184928894, -0.17056140303621065, -0.15904690325260115, -0.1713293691476186, -0.16963459551333843, -0.1742931455373764, -0.17196051776409738, -0.17707416415214539, -0.17459554970263938, -0.18195892870453995, -0.19718320667767383, -0.17559021711322845, -0.1761990338563517, -0.1741483956575393, -0.17490382492571113, -0.1750349253416111, -0.17522747814660486, -0.1763400882478779, -0.17529546717800293, -0.17540287971496615, -0.17537336051467078, -0.17542698979387503], "Valid": []}, "acc_val": {"Train": [0.6076023391812866, 0.6149122807017544, 0.5980576441102757, 0.6414160401002507, 0.7600668337510442, 0.7668964076858814, 0.7701963241436925, 0.7679406850459483, 0.7710108604845447, 0.7693609022556391, 0.7817460317460317, 0.774937343358396, 0.7744569757727653, 0.7763157894736842, 0.7821428571428571, 0.7815580618212197, 0.7801378446115288, 0.7611111111111111, 0.7810985797827903, 0.7824143692564746, 0.7826441102756893, 0.7822890559732665, 0.7814954051796157, 0.7823517126148705, 0.7817042606516291, 0.7822263993316625, 0.7818504594820385, 0.7817251461988304, 0.7817669172932331], "Valid": []}, "f1_val": {"Train": [0.6076023391812866, 0.6149122807017544, 0.5980492491488962, 0.6414085507216107, 0.7600668337510442, 0.766891539088118, 0.7701915244679296, 0.7679358382589444, 0.7710108604845448, 0.7693560851312684, 0.7817460317460317, 0.7749279418522076, 0.7744522650849015, 0.7763157894736842, 0.7821292060906072, 0.7815534994465215, 0.7801424364570497, 0.7611111111111111, 0.7810848632955281, 0.7824052800868875, 0.7826395705841809, 0.7822890559732665, 0.7814954051796156, 0.7823471668163495, 0.781686022224079, 0.7822218509158503, 0.7818459032143529, 0.7817205873138539, 0.7817623592806867], "Valid": []}}