{"roc_val": {"Train": [0.8700374683576108], "Valid": []}, "eer_val": {"Train": [0.22493734335839605], "Valid": []}, "thres": {"Train": [-0.1137835436633655], "Valid": []}, "acc_val": {"Train": [0.775125313283208], "Valid": []}, "f1_val": {"Train": [0.775111222507676], "Valid": []}}