{"roc_val": {"Train": [0.8234526086519557, 0.8420895989974938, 0.8475765934259207, 0.8674963568068039, 0.8943566387773947, 0.9185587559123372, 0.9571208409494915, 0.9569689574814231, 0.9686778741967702, 0.9741372384595576, 0.9748355537967727, 0.9755725780616957, 0.9804427343421209, 0.9805161242705763, 0.9826430581466198, 0.9840513800164571, 0.9845171983844323, 0.9843170426065163, 0.9848285971821784], "Valid": []}, "eer_val": {"Train": [0.26015037594038937, 0.24310776942245488, 0.23734335839599, 0.21616541353403934, 0.18759398496279966, 0.16290726817048964, 0.10651629072683437, 0.10802005012544065, 0.08696741854636596, 0.07781954887218065, 0.07606516290560743, 0.07907268170426063, 0.06541353383334503, 0.06340852130355326, 0.05839598997605059, 0.05588972431077757, 0.05388471177836054, 0.05501253132783471, 0.052631578947601065], "Valid": []}, "thres": {"Train": [-0.09031289815927021, -0.049479369074008975, -0.02798663526773453, -0.014969138428571402, -0.009662413038327421, -0.010959193110466758, -0.018757028505206354, -0.031048428267248507, -0.0615704283118248, -0.09907586872577681, -0.163375392554919, -0.22744679450988767, -0.23822385072701752, -0.28294074535372393, -0.33076959848563314, -0.36293542385101357, -0.36440652608758844, -0.38332599401381734, -0.3871900439267031], "Valid": []}, "acc_val": {"Train": [0.7398496240601504, 0.7568295739348371, 0.762781954887218, 0.7837719298245615, 0.812468671679198, 0.8370300751879699, 0.8934210526315789, 0.8919172932330827, 0.9129699248120301, 0.9222431077694235, 0.9238721804511278, 0.9209273182957394, 0.9346491228070175, 0.9365288220551379, 0.9416040100250627, 0.944047619047619, 0.9461779448621553, 0.9449874686716792, 0.9473684210526315], "Valid": []}, "f1_val": {"Train": [0.7398496240601504, 0.756783856614652, 0.7627522245895476, 0.7837583808509305, 0.8124804210262515, 0.8370198633999624, 0.8934143743342315, 0.8919105207093176, 0.9129644714581114, 0.9222382354784133, 0.9238578680203047, 0.9209273182957394, 0.9346450278839525, 0.9365248449150949, 0.9416040100250627, 0.9440441130396641, 0.9461745723416253, 0.9449805740067678, 0.9473684210526315], "Valid": []}}