{"roc_val": {"Train": [0.8775913310846037], "Valid": []}, "eer_val": {"Train": [0.2134085213029098], "Valid": []}, "thres": {"Train": [-0.11065278202294322], "Valid": []}, "acc_val": {"Train": [0.7865288220551379], "Valid": []}, "f1_val": {"Train": [0.7865421966042226], "Valid": []}}