{"roc_val": {"Train": [0.7777655997763833], "Valid": []}, "eer_val": {"Train": [0.3126566416040103], "Valid": []}, "thres": {"Train": [-0.10874702781438829], "Valid": []}, "acc_val": {"Train": [0.6872807017543859], "Valid": []}, "f1_val": {"Train": [0.6872611065856258], "Valid": []}}