{"roc_val": {"Train": [0.7777549764134648, 0.7359883417817727, 0.6997809530090892, 0.6622513206575336, 0.6933439409928329, 0.8347470179207417, 0.9097269175444878, 0.9495060018467221, 0.9408292425926973, 0.9594617653155445, 0.949887170934856, 0.9638358427396813, 0.9642106754982696, 0.9578780990697294, 0.9680314508074698, 0.9657028693287103, 0.9780108871803569, 0.9761762802997469, 0.9793036318867344, 0.9750627822689555, 0.9759109945917425, 0.9806811672037237, 0.9775991670906591, 0.9753564519067093, 0.9819554525411273, 0.9830103454124032, 0.9810914818374258, 0.9805931181336801, 0.9812533997902022, 0.9812467179854396], "Valid": []}, "eer_val": {"Train": [0.3126566416035842, 0.327944862155315, 0.35200501253132843, 0.38721804511216473, 0.3607769423558897, 0.2335839598997494, 0.17355889724447285, 0.11904761904805171, 0.13020050125286628, 0.10175438596504027, 0.11917293233082721, 0.09636591478696797, 0.0981203007518801, 0.10438596491228072, 0.08671679197994996, 0.08671679197798719, 0.06566416040146208, 0.06716791979936718, 0.06478696741875337, 0.07293233082890582, 0.073308270676683, 0.058270676692696324, 0.0661654135338349, 0.07531328320801936, 0.06190476190470145, 0.05864661654133732, 0.060651629072680145, 0.06453634085174213, 0.0627819548868853, 0.06278195488807364], "Valid": []}, "thres": {"Train": [-0.1087717562913081, -0.043443113565435135, -0.025086812881959814, -0.008724111132307106, -0.005890516098588705, -0.1751229166984558, -0.19492803514030108, -0.30045557022126385, -0.24375911056984248, -0.2780219614506161, -0.3522018790245057, -0.35372278094291704, -0.3517968654632572, -0.25092631578445435, -0.2651981115341187, -0.301639050245075, -0.3046676814557496, -0.29779419302928467, -0.3065973818302906, -0.33421504497644994, -0.31713756918905545, -0.27575242519472287, -0.32481387257575994, -0.3066579997539513, -0.317543307940145, -0.3182083964347674, -0.3277004957199092, -0.32639673352225074, -0.32505169510812143, -0.3194673061381901], "Valid": []}, "acc_val": {"Train": [0.6873433583959899, 0.6720551378446116, 0.6480576441102757, 0.612719298245614, 0.6392857142857142, 0.7663533834586466, 0.8264411027568922, 0.880889724310777, 0.8698621553884712, 0.8981829573934837, 0.880764411027569, 0.9035714285714286, 0.9018796992481203, 0.8955513784461153, 0.9132205513784462, 0.9133458646616541, 0.9343984962406015, 0.9328320802005012, 0.9352756892230576, 0.9270050125313283, 0.9266290726817042, 0.9417919799498747, 0.9337719298245614, 0.924749373433584, 0.9380952380952381, 0.9414160401002506, 0.9394736842105263, 0.9355263157894737, 0.9372807017543859, 0.937218045112782], "Valid": []}, "f1_val": {"Train": [0.6873041734553202, 0.6720140368467227, 0.6480355912024564, 0.6126464874349815, 0.6392631117237922, 0.766338743029012, 0.8264411027568922, 0.8808822607932828, 0.8698540008772478, 0.8981765774797918, 0.8807569396578733, 0.9035653863023999, 0.9018796992481203, 0.8955448336361927, 0.9132151137289305, 0.9133404348643398, 0.9344026063529854, 0.9328320802005013, 0.9352797443769187, 0.927000438623974, 0.9266152785611331, 0.9417956268404236, 0.9337677799360862, 0.9247446581866032, 0.9380952380952381, 0.941412369196065, 0.939466098508585, 0.935522275831819, 0.9372767717275519, 0.937218045112782], "Valid": []}}