{"roc_val": {"Train": [0.6776700069583594, 0.6578707516144859, 0.6999181084150086, 0.883764587603791, 0.8980649025794785, 0.8931890860889344, 0.8906291801628827, 0.895127119176387, 0.8927097837185558, 0.89039282364223, 0.8690355448632721, 0.8929693106338666, 0.8973287140854084, 0.899290963589704, 0.8938999859716125, 0.839433582040593, 0.8799627794074437, 0.8998483878521142, 0.9009277335639292, 0.8996755176370332, 0.9000999862856809, 0.9006886568621497, 0.900543995221973, 0.9008613604465074, 0.9007204021959662, 0.9007744900052974, 0.9007375538191065, 0.9006841761532767, 0.9006390166100298, 0.9006036603622674], "Valid": []}, "eer_val": {"Train": [0.3811612364243823, 0.39594820384293494, 0.36086048454458625, 0.18922305764411027, 0.17259816207197431, 0.17890559732659142, 0.1824979114452783, 0.1778613199657768, 0.17994987468679502, 0.18291562238930806, 0.21115288220571093, 0.17827903091060804, 0.17644110275688274, 0.17243107769481666, 0.17898913951573087, 0.23913951545673212, 0.19657477025898068, 0.17147034252301208, 0.16925647452028297, 0.1720969089394096, 0.17134502924060147, 0.17055137844702456, 0.17155388471142177, 0.17076023391858644, 0.16988304093649165, 0.17030075187970206, 0.17067669173044708, 0.1708437761068207, 0.17084377610574208, 0.171219715956314], "Valid": []}, "thres": {"Train": [-0.631624341011044, -0.36467154324054657, -0.18460017442702437, -0.09156910330057144, -0.17233817279343033, -0.16387309134005223, -0.166160389780998, -0.174255192279652, -0.19074598948162735, -0.1368074119091037, -0.169419109821355, -0.15850667655467962, -0.16083461046218514, -0.1596692353487251, -0.17140431702142853, -0.18017646670381832, -0.1557662039995193, -0.1583456546068284, -0.1649719476701825, -0.16116486489777493, -0.16423599422015367, -0.16377399861822906, -0.16311764717096405, -0.1651813536882487, -0.1658215820791412, -0.1645400971174242, -0.16502510011200386, -0.16358979046339084, -0.16359785199162538, -0.16367913782594412], "Valid": []}, "acc_val": {"Train": [0.618859649122807, 0.6040726817042607, 0.6391604010025063, 0.8107351712614871, 0.8273809523809523, 0.82109440267335, 0.8175229741019214, 0.8221177944862156, 0.8200501253132833, 0.817063492063492, 0.7888262322472849, 0.8217418546365914, 0.8235797827903091, 0.8275898078529658, 0.8210108604845447, 0.7608395989974938, 0.8034461152882205, 0.8285296574770259, 0.8307644110275689, 0.8279866332497912, 0.828717627401838, 0.8294277360066834, 0.8284461152882205, 0.8292397660818713, 0.8301169590643275, 0.8296783625730995, 0.8293233082706767, 0.8291353383458646, 0.8291144527986634, 0.8288011695906433], "Valid": []}, "f1_val": {"Train": [0.6188516886317592, 0.6040644123728566, 0.6391528645126257, 0.8107193583423845, 0.8273773470623864, 0.82109440267335, 0.8175191628897848, 0.8221066482862334, 0.8200501253132831, 0.8170596712546209, 0.7888218216754735, 0.8217381315399236, 0.8235760980805782, 0.827593408658967, 0.8210108604845447, 0.7608346038973244, 0.8034420100670441, 0.8285296574770259, 0.8307679455316307, 0.8280010024225211, 0.8287283587076834, 0.8294241734372062, 0.8284389489953633, 0.8292397660818713, 0.8301169590643275, 0.8296748052382047, 0.8293233082706768, 0.8291246318691649, 0.8291001754532542, 0.8287975939347104], "Valid": []}}