{"roc_val": {"Train": [0.8868138077022129, 0.8694820305776974, 0.8745499792714869, 0.9149229904334771, 0.9408948122185162, 0.9443694292121281, 0.9673394011344151, 0.975845016677031, 0.9763383238798751, 0.9787581893329816, 0.9783440430650561, 0.9839041840189445, 0.984980512057085, 0.9894586324834642, 0.9909829712124923, 0.9919397805290168, 0.9931388307862388, 0.9930720127386136, 0.9934915609826572, 0.9936631051312492, 0.9937354507823443, 0.9937398869981973, 0.9937558652269772, 0.9937690875057318, 0.9937484061029768, 0.9937675014604179, 0.9937629788757609, 0.9937691974296643, 0.9937600109295797, 0.9937468671679196], "Valid": []}, "eer_val": {"Train": [0.19887218045120114, 0.22030075188110482, 0.21265664160498704, 0.1651629072680091, 0.12844611528895952, 0.12932330827078195, 0.0933583959899754, 0.07380952380953375, 0.06942355889807658, 0.06729323308274718, 0.06629072681548707, 0.05463659147869572, 0.05701754385926005, 0.044611528823716384, 0.03972431077694237, 0.03596491228052103, 0.033583959899749376, 0.03308270676614479, 0.0323308270676688, 0.031453634084383675, 0.03145363408545629, 0.031704260650675546, 0.03157894736842037, 0.03157894736820034, 0.03145363408531343, 0.03132832080250276, 0.031578947368389156, 0.03132832080216843, 0.03132832080319941, 0.031453634085214045], "Valid": []}, "thres": {"Train": [-0.04885724186897416, -0.025165960192768906, -0.009845846332617052, -0.0021144330967212857, -0.0021654097363358405, -0.008423264448843006, -0.014981716871261609, -0.039503373205663626, -0.0753002762795069, -0.12299916148189773, -0.2231131046989385, -0.3008179465929659, -0.30437901615976226, -0.3235363364234507, -0.31564345955848694, -0.3249924182890209, -0.3513540178537369, -0.3605621159073147, -0.3705346882343283, -0.38550147414111047, -0.3897850513461756, -0.39342546462916184, -0.3959368467330927, -0.3963374495504019, -0.39827787876131115, -0.3977194726476635, -0.39877906441683036, -0.3985947966578164, -0.3989007473005476, -0.39874953031540183], "Valid": []}, "acc_val": {"Train": [0.8010651629072681, 0.7796992481203008, 0.78734335839599, 0.8348997493734336, 0.8715538847117794, 0.8706766917293233, 0.906578947368421, 0.9261278195488721, 0.930576441102757, 0.9327067669172933, 0.9337719298245614, 0.9454887218045113, 0.9430451127819549, 0.9553884711779449, 0.9602130325814536, 0.9640350877192982, 0.9664160401002506, 0.9669799498746867, 0.9677318295739349, 0.9685463659147869, 0.968609022556391, 0.9681704260651629, 0.968483709273183, 0.9682330827067669, 0.9685463659147869, 0.968734335839599, 0.968483709273183, 0.968671679197995, 0.968734335839599, 0.968483709273183], "Valid": []}, "f1_val": {"Train": [0.8010526975374397, 0.7796992481203008, 0.78734335839599, 0.834889404098001, 0.8715538847117794, 0.8706766917293234, 0.9065730935522276, 0.9261231906761075, 0.930576441102757, 0.9327067669172933, 0.9337677799360862, 0.9454818899611481, 0.9430415439563883, 0.9553884711779449, 0.9602105395074879, 0.9640305802732173, 0.9664160401002506, 0.9669778808196002, 0.9677298076320572, 0.9685424238626394, 0.9686109892863857, 0.9681624467285034, 0.9684817344445141, 0.9682231275462236, 0.9685463659147869, 0.9687362947183761, 0.9684817344445141, 0.968671679197995, 0.9687362947183761, 0.9684817344445141], "Valid": []}}