{"('', 'mean rank')":{"0":4,"1":3,"2":1,"3":8,"4":6,"5":9,"6":2,"7":7,"8":5,"9":10},"('', 'cut_off_freq')":{"0":48,"1":49,"2":"-","3":"-","4":"-","5":"-","6":44,"7":23,"8":44,"9":23},"('', 'EMA_span')":{"0":"-","1":"-","2":48,"3":48,"4":"-","5":"-","6":43,"7":14,"8":"-","9":"-"},"('', 'SMA_winsize')":{"0":"-","1":"-","2":"-","3":"-","4":49,"5":48,"6":"-","7":"-","8":43,"9":14},"('', 'type')":{"0":"Naive","1":"Real","2":"Naive","3":"Real","4":"Naive","5":"Real","6":"Naive","7":"Real","8":"Naive","9":"Real"},"('Window Size', 125)":{"0":0.2539399934,"1":0.2527860204,"2":0.1893504781,"3":0.3546118617,"4":0.1982195846,"5":0.3967397734,"6":0.1935707221,"7":0.3423657681,"8":0.2003956479,"9":0.4647716804},"('Window Size', 250)":{"0":0.1822260804,"1":0.1832957102,"2":0.1600604992,"3":0.3163742844,"4":0.1749833666,"5":0.3650227631,"6":0.1603871256,"7":0.2980121675,"8":0.177578177,"9":0.46862556},"('Window Size', 500)":{"0":0.1653698994,"1":0.1672837344,"2":0.1446809628,"3":0.2822913898,"4":0.1676744431,"5":0.3300886861,"6":0.1478491554,"7":0.2689142645,"8":0.1699317384,"9":0.4741648556},"('Window Size', 750)":{"0":0.1520286563,"1":0.1506078914,"2":0.1492501456,"3":0.257613658,"4":0.1650892566,"5":0.2972344187,"6":0.1542481433,"7":0.2438760839,"8":0.1646810353,"9":0.4272024284},"('Window Size', 1000)":{"0":0.1619833359,"1":0.1625253413,"2":0.1513350833,"3":0.2558402082,"4":0.1687452759,"5":0.2935713212,"6":0.1523467394,"7":0.2420332756,"8":0.1695974837,"9":0.4722581261},"('Window Size', 1250)":{"0":0.1907304765,"1":0.189782568,"2":0.1589751684,"3":0.245938004,"4":0.1704389967,"5":0.2845972951,"6":0.1570137651,"7":0.2375291708,"8":0.1629975122,"9":0.4703009223},"('Window Size', 1500)":{"0":0.1540083567,"1":0.1544198793,"2":0.1667695473,"3":0.2408208071,"4":0.1833657198,"5":0.2785688987,"6":0.1646632812,"7":0.2224895828,"8":0.176168352,"9":0.4666970176},"('Window Size', 1750)":{"0":0.1661234427,"1":0.1597615174,"2":0.1687974389,"3":0.2275320881,"4":0.1878943541,"5":0.2622193531,"6":0.1688808374,"7":0.214467742,"8":0.1831998365,"9":0.4326995882},"('Window Size', 2000)":{"0":0.1502308802,"1":0.148008658,"2":0.1792592593,"3":0.2321489621,"4":0.2030525463,"5":0.264820298,"6":0.1792328042,"7":0.2218151088,"8":0.193827194,"9":0.4369678233},"('', 'mean')":{"0":0.1751823468,"1":0.1742745912,"2":0.163164287,"3":0.2681301404,"4":0.1799403937,"5":0.3080958675,"6":0.1642436193,"7":0.2546114627,"8":0.1775974419,"9":0.4570764447},"('', 'variance')":{"0":0.0010567118,"1":0.0010659613,"2":0.0002114805,"3":0.0018062379,"4":0.000194311,"5":0.0021640607,"6":0.0002104752,"7":0.0017591509,"8":0.0001649183,"9":0.0003591979}}