{"roc_val": {"Train": [0.9395136180049122], "Valid": []}, "eer_val": {"Train": [0.12318295739348313], "Valid": []}, "thres": {"Train": [-0.4507504403591154], "Valid": []}, "acc_val": {"Train": [0.8768796992481203], "Valid": []}, "f1_val": {"Train": [0.8768719844601792], "Valid": []}}