{"roc_val": {"Train": [0.9122162313678934, 0.9181956064974466, 0.9223405396322887, 0.9158373298534557, 0.8909509205344188, 0.8832698365588156, 0.8884707303974222, 0.9019894033328937, 0.912259345104616, 0.9116396960446228, 0.9172221044465803, 0.9159640799994975, 0.92290123805755, 0.9184621798858046, 0.9205376929165018, 0.9219836087713017, 0.9234795792739995, 0.9210417962198729, 0.9242142323226612, 0.9234339686936641, 0.9235370694907695, 0.9234889699185307, 0.9233642533652426, 0.9234234709580972, 0.9234245073837476, 0.9235292805949712, 0.9234750566893424, 0.9235061180520225, 0.9235020587182242, 0.9234841018586567], "Valid": []}, "eer_val": {"Train": [0.1667919799497298, 0.1605263157894726, 0.15676691729323317, 0.1612781954887182, 0.19461152882205598, 0.19962406015070724, 0.19172932330827058, 0.17593984962366427, 0.1629072681709947, 0.16090225563910734, 0.15651629072751405, 0.1582706766917288, 0.14837092731830656, 0.1558897243111839, 0.1525062656658043, 0.15125313283092712, 0.15112781954887125, 0.15162907268155013, 0.1493734335831684, 0.14974937343302597, 0.15012531328271894, 0.14974937343358397, 0.14962406014959134, 0.14962406015097304, 0.14949874686678655, 0.14924812030023246, 0.14949874686694142, 0.14949874686713888, 0.14949874686716788, 0.14949874686690315], "Valid": []}, "thres": {"Train": [-0.13332879543302592, -0.10645943135023113, -0.06168332695960999, -0.02068369463086114, -0.00415424862876535, -0.006428970955315499, -0.01182599551975727, -0.024998454377042612, -0.050214260816579995, -0.07085148245096312, -0.106205232441477, -0.150536723434925, -0.16990546882152846, -0.20734427869336183, -0.21762125194084375, -0.20897069573385252, -0.21442347764968858, -0.22412630915641069, -0.22442147135697052, -0.22633489966381887, -0.22585523128482768, -0.22820304334163666, -0.22896106541134428, -0.2285781949761211, -0.22871273756017577, -0.22848884761319405, -0.22854310274113446, -0.22846301396684604, -0.22858597834904987, -0.22816242277615836], "Valid": []}, "acc_val": {"Train": [0.8332706766917293, 0.8395363408521304, 0.8431704260651629, 0.8387844611528822, 0.8053258145363409, 0.8003759398496241, 0.8083333333333333, 0.8241228070175438, 0.8370927318295739, 0.8390350877192982, 0.843483709273183, 0.8417293233082707, 0.8515664160401003, 0.844047619047619, 0.8474310776942355, 0.8487468671679198, 0.8489348370927319, 0.8484335839598998, 0.8505639097744361, 0.850250626566416, 0.849812030075188, 0.850250626566416, 0.850375939849624, 0.8504385964912281, 0.8505639097744361, 0.8507518796992481, 0.8505639097744361, 0.8505639097744361, 0.8505639097744361, 0.8505639097744361], "Valid": []}, "f1_val": {"Train": [0.8332602293376778, 0.839526286108152, 0.8431605990350273, 0.8387743592956951, 0.8053380114027943, 0.8003759398496241, 0.8083213233911899, 0.8241117864527853, 0.8370927318295739, 0.8390250015665143, 0.843483709273183, 0.8417293233082707, 0.8515571151074628, 0.8440378469828936, 0.8474215176389498, 0.84872791076576, 0.8489253712638636, 0.8484240867222257, 0.85053581500282, 0.8502318586289008, 0.8497837939462304, 0.8502318586289008, 0.8503571876174959, 0.850447966919366, 0.850554546024187, 0.8507331745832811, 0.850554546024187, 0.850554546024187, 0.850554546024187, 0.850554546024187], "Valid": []}}