{"roc_val": {"Train": [0.9001215052041129, 0.9026376718739203, 0.8871153683079881, 0.9001539641710792, 0.9251722350990258, 0.9205959604525097, 0.9227738205162026, 0.9278596475524651, 0.9356160608287638, 0.9397641503508143, 0.9410986582998851, 0.9430241408659492, 0.9452498413954687, 0.947341473985716, 0.947409940892331, 0.9469497914585965, 0.9477676176657183, 0.9480940289319789, 0.9478405129364765, 0.9479018661943077, 0.9476370044786151, 0.9477149405468558, 0.9477108655096388, 0.9476847507239277, 0.947663182078002, 0.9476588165275345, 0.9476474158453777, 0.9477018046369055, 0.9477362971966256, 0.9476996689719286], "Valid": []}, "eer_val": {"Train": [0.17656641603994694, 0.1758145363408526, 0.19486215538847085, 0.174937343358771, 0.13847117794486843, 0.14598997493685623, 0.1433583959900442, 0.14010025062656636, 0.12393483709297455, 0.11979949874687634, 0.11904761904637005, 0.11879699248127301, 0.11265664160403628, 0.1095238095238094, 0.11102756892318916, 0.11390977443609024, 0.1111528822055096, 0.11040100250592966, 0.11015037594050806, 0.10989974937405377, 0.11090225563912016, 0.11077694235588975, 0.11115288220433964, 0.11090225564016565, 0.1110275689234768, 0.11090225563870235, 0.11102756892230438, 0.1109022556378779, 0.1106516290726817, 0.11065162907268883], "Valid": []}, "thres": {"Train": [-0.1648424267768509, -0.08521619439125064, -0.04444831237196922, -0.03539870679379353, -0.024947421625256663, -0.032692544162258835, -0.05464720726013644, -0.09052640199661253, -0.13298763334755082, -0.19226342936356955, -0.23851194977729467, -0.28112071752554424, -0.3146111965179537, -0.3071078956127167, -0.31854262948057727, -0.3228171467781067, -0.3374359011650071, -0.342677325010277, -0.34964135289263887, -0.3530299961567931, -0.35533605515957073, -0.35693708062171936, -0.35804012417758424, -0.3571224212654669, -0.3577950596811746, -0.3583311736581241, -0.35778704285621643, -0.35808596014864125, -0.3591821789741516, -0.3590678870677997], "Valid": []}, "acc_val": {"Train": [0.8234335839598997, 0.8241228070175438, 0.8052005012531328, 0.825062656641604, 0.8614661654135338, 0.8540100250626567, 0.8566416040100251, 0.8599624060150376, 0.8760651629072682, 0.8802631578947369, 0.880889724310777, 0.881265664160401, 0.88734335839599, 0.8905388471177945, 0.8889724310776942, 0.8860275689223057, 0.8889097744360902, 0.8895989974937344, 0.8898496240601503, 0.8901002506265664, 0.8890977443609023, 0.8891604010025063, 0.8889097744360902, 0.8890350877192983, 0.8890350877192983, 0.8891604010025063, 0.8890350877192983, 0.8890977443609023, 0.8894110275689223, 0.8893483709273183], "Valid": []}, "f1_val": {"Train": [0.8234114550695577, 0.8241117864527853, 0.8051882950059528, 0.8250626566416042, 0.8614574848048123, 0.8539917282867527, 0.8566416040100251, 0.8599536311798984, 0.8760651629072682, 0.8802556551162353, 0.8808673309519334, 0.8812731031890232, 0.88734335839599, 0.8905319882198133, 0.8889724310776942, 0.8860204273450717, 0.8889028134594898, 0.8895851610477503, 0.8898496240601503, 0.8901002506265664, 0.8890977443609023, 0.889153455730309, 0.8889028134594898, 0.8890281345948994, 0.8890420399724327, 0.889153455730309, 0.8890281345948994, 0.8890838450933701, 0.8894040980011279, 0.8893483709273183], "Valid": []}}