{"roc_val": {"Train": [0.9524049079465581], "Valid": []}, "eer_val": {"Train": [0.10250626566415987], "Valid": []}, "thres": {"Train": [-0.47507644295692414], "Valid": []}, "acc_val": {"Train": [0.8975563909774437], "Valid": []}, "f1_val": {"Train": [0.8975499718027444], "Valid": []}}