{"roc_val": {"Train": [0.933295440983411, 0.931606216355425, 0.9199009114264356, 0.893031686358754, 0.8676564453112732, 0.8758087025207129, 0.8886466636516103, 0.8992418703400105, 0.9051289800315324, 0.9146952201933405, 0.9122729835239728, 0.9086778113830943, 0.9100764363917313, 0.9115451928693915, 0.9124085746948827, 0.9131284429746044, 0.9135043749725191, 0.9143907780101885, 0.9131978128278089, 0.9138136695121262, 0.915754478615084, 0.9143946489029591, 0.9146997349262882, 0.9147590388879466, 0.9146429513633708, 0.91484365676095, 0.9150424934516744, 0.9150236650523553, 0.9150035803795202], "Valid": []}, "eer_val": {"Train": [0.13433583959982748, 0.13822055137675943, 0.15789473684210525, 0.18759398496240545, 0.2107769423554778, 0.20789473684384902, 0.19010025062646235, 0.17581453634188057, 0.16604010024968444, 0.15651629072588735, 0.15513784461132568, 0.16466165413533834, 0.1575187969924707, 0.15375939849624054, 0.15350877192983986, 0.15175438596511717, 0.15275689222955763, 0.14924812030075274, 0.15263157894758977, 0.15050125313263557, 0.1482456140367917, 0.15112781954887214, 0.15025062656641605, 0.15050125313283302, 0.15075187969924805, 0.15050125313283233, 0.1502506265664161, 0.15025062656445734, 0.15050125313285162], "Valid": []}, "thres": {"Train": [-0.1498601734640298, -0.10432481020677879, -0.056439572324355446, -0.017125813290476778, -0.0022595725022243173, -0.004697103519012192, -0.01033859606831867, -0.023389678448533957, -0.0447238720952335, -0.055823955684741695, -0.0928285345434989, -0.1345532387495041, -0.15455709397792797, -0.1809059360197612, -0.20842616260053082, -0.19028256833557175, -0.19524802267515623, -0.20513433218002355, -0.20615907013418294, -0.21037301421149962, -0.20837067067657564, -0.2101224474608898, -0.2114793062210083, -0.21140389144420665, -0.21194148063659665, -0.21163403987884521, -0.2108826041221619, -0.21119444072174046, -0.21139124035835274], "Valid": []}, "acc_val": {"Train": [0.8656641604010025, 0.8618421052631579, 0.8421052631578947, 0.812468671679198, 0.7892230576441103, 0.7920426065162908, 0.8098997493734336, 0.8241854636591479, 0.8340225563909774, 0.843483709273183, 0.8449248120300752, 0.8351503759398496, 0.8425438596491228, 0.8462406015037593, 0.8464285714285714, 0.8483082706766917, 0.8471177944862155, 0.8506892230576442, 0.8473684210526315, 0.8493107769423559, 0.8517543859649123, 0.8489348370927319, 0.8497493734335839, 0.8494360902255639, 0.8493107769423559, 0.8494360902255639, 0.8497493734335839, 0.849812030075188, 0.8494987468671679], "Valid": []}, "f1_val": {"Train": [0.8656641604010025, 0.8618334482110408, 0.8421052631578947, 0.812456920859703, 0.7891966411831056, 0.7920295757879566, 0.8098759243012909, 0.8241854636591478, 0.8340121561501348, 0.8434640932447676, 0.8449150949307601, 0.835098715136321, 0.8425339933579798, 0.8462406015037593, 0.846418948555674, 0.8483177745755279, 0.8470794685384809, 0.8506798671595964, 0.8473684210526315, 0.8492635537449075, 0.8517543859649124, 0.8489253712638636, 0.8497305426745206, 0.8494266558055016, 0.8493013346700922, 0.8494266558055016, 0.8497493734335838, 0.8498026192117301, 0.8494987468671679], "Valid": []}}