{"roc_val": {"Train": [0.8615633695768242, 0.8785700231154325, 0.8922243892940372, 0.9047250802444708, 0.868242787419677, 0.8434465078736941, 0.8504309489262004, 0.8592196735573268, 0.8738763811156964, 0.8811811248044923, 0.8843644433766119, 0.887588221807652, 0.8990185206123078, 0.8935998282045967, 0.9009765956243992, 0.9056837896746879, 0.9050966702470462, 0.906173218133052, 0.90639006664531, 0.9067602511918893, 0.9065285708004347, 0.9065355352667382, 0.9065206405738658, 0.9064771028448313, 0.9064518595988718, 0.9064538068228214, 0.9065015295130057, 0.9064892258842595, 0.9064914950282974, 0.9065156233315117], "Valid": []}, "eer_val": {"Train": [0.2228070175439384, 0.20476190476122397, 0.18972431077643867, 0.17092731829626925, 0.21340852130319798, 0.24185463659147857, 0.2337092731829617, 0.22568922305759048, 0.2093984962406016, 0.20012531328456118, 0.19661654135295104, 0.19260651629082795, 0.18170426065093587, 0.18496240601486974, 0.177694235588976, 0.17243107769517496, 0.17192982456140632, 0.17218045112783176, 0.17142857142855236, 0.17105263157894635, 0.17142857142899642, 0.17155388471199812, 0.17155388471038108, 0.17155388471271138, 0.17155388471131627, 0.1714285714287771, 0.1715538847112966, 0.17130325814537306, 0.17130325814536365, 0.17130325814503533], "Valid": []}, "thres": {"Train": [-0.14560967683792408, -0.12225132435551439, -0.07815703004594471, -0.030213043093691716, -0.006643970962613327, -0.010670208372175692, -0.014118290133774357, -0.0304473284631945, -0.05351034551858903, -0.07009651511938367, -0.11379218846559398, -0.14084123075011093, -0.15715287625786878, -0.19549444317815762, -0.20057151714960822, -0.1817762702704979, -0.19371037185192172, -0.19910888373852542, -0.20133458077907287, -0.2043306082487104, -0.20603230595588776, -0.20690360665323543, -0.20735794305743674, -0.20778332650755552, -0.20754727721201063, -0.20807422697549294, -0.2077133357523557, -0.20775514841080098, -0.20807974040508276, -0.20798172056658867], "Valid": []}, "acc_val": {"Train": [0.7771303258145363, 0.7953007518796993, 0.8103383458646617, 0.8290726817042606, 0.7866541353383458, 0.7582080200501253, 0.7663533834586466, 0.7743734335839599, 0.7905388471177945, 0.799874686716792, 0.8033834586466165, 0.8073308270676691, 0.818295739348371, 0.8151002506265664, 0.8223057644110275, 0.8276942355889725, 0.8280075187969925, 0.8277568922305765, 0.8286340852130326, 0.8290100250626566, 0.8285087719298245, 0.8283834586466166, 0.8284461152882205, 0.8286340852130326, 0.8282581453634085, 0.8286967418546366, 0.8284461152882205, 0.8286340852130326, 0.8286340852130326, 0.8286967418546366], "Valid": []}, "f1_val": {"Train": [0.7771163606742276, 0.7952879253086034, 0.8103264615577416, 0.8290726817042606, 0.7866407669653488, 0.7581928692273953, 0.766338743029012, 0.7743592956952191, 0.7905257221630427, 0.799874686716792, 0.8033588168943477, 0.807318754307914, 0.81827296653716, 0.8150886647033022, 0.8223057644110275, 0.8277158250845759, 0.8279967416504793, 0.8277460993796604, 0.8286233473275268, 0.8289993107337553, 0.8284980261921172, 0.8283727050567078, 0.8284246146133601, 0.8286662907974691, 0.828204324663115, 0.8287182057386293, 0.8284246146133601, 0.8286233473275268, 0.8286233473275268, 0.8286752725905503], "Valid": []}}