{"roc_val": {"Train": [0.9460621085922828, 0.9590816405047706, 0.9691948543036789, 0.9749467811131839, 0.9795845974585586, 0.9825680429143033, 0.9839735931306963, 0.9815334702671465, 0.9792034440738439, 0.9791521567075582, 0.9788346021695844, 0.9797764853863985, 0.9804382353125922, 0.9811577973756448, 0.9819378804153239, 0.9817883053498407, 0.9818767313019392, 0.9819607288898939, 0.981954651666761, 0.9819923477239464, 0.9820845660517209, 0.9820279709298309, 0.9820266047323825, 0.9820633193258835, 0.9820392930948926, 0.9820452996526403, 0.9820321166324331, 0.982084801603005, 0.9821340318214081, 0.9820626990408351], "Valid": []}, "eer_val": {"Train": [0.11741854636592523, 0.10062656641604094, 0.08533834586453894, 0.06817042606540434, 0.057518796992481386, 0.05551378446132831, 0.05776942355889727, 0.06177944862163538, 0.06566416040128246, 0.0662907268170442, 0.06817042606516951, 0.06566416040078382, 0.06315789473724169, 0.061779448620916624, 0.05877192982437591, 0.058395989975637594, 0.05877192982456141, 0.057894736842358324, 0.057644110275690705, 0.057644110275689366, 0.05751879699353657, 0.05764411027568981, 0.05764411027569368, 0.05764411027568927, 0.05776942355846305, 0.05776942355854343, 0.05776942355821782, 0.057644110275702605, 0.057393483709268674, 0.05751879699248058], "Valid": []}, "thres": {"Train": [-0.5833939313888601, -0.6738250255584718, -0.5847229361530719, -0.5159177780153162, -0.4580273860030706, -0.39927962422416774, -0.35497003793716436, -0.3296290636062861, -0.304433822631979, -0.3128786683082592, -0.31929650902748336, -0.33035326004022675, -0.3342509865762233, -0.34219217300376986, -0.33920280635337213, -0.34058645367696433, -0.34112924337387085, -0.3439579606057442, -0.3421666622161904, -0.34535658359527593, -0.3430795967585775, -0.3438043296337131, -0.3445669412612973, -0.34371246894200647, -0.3430943787092665, -0.341968238353693, -0.34164276719049413, -0.34300830960276507, -0.3451917022466613, -0.3420154154300663], "Valid": []}, "acc_val": {"Train": [0.8825187969924813, 0.8993734335839599, 0.9147243107769424, 0.9317669172932331, 0.9424812030075188, 0.944423558897243, 0.9421679197994988, 0.9381578947368421, 0.9342731829573935, 0.9336466165413534, 0.9317669172932331, 0.9343984962406015, 0.9368421052631579, 0.9382205513784461, 0.9412280701754386, 0.9416040100250627, 0.9411654135338345, 0.9422305764411028, 0.9422932330827067, 0.9422932330827067, 0.9425438596491228, 0.9422932330827067, 0.9422932330827067, 0.9423558897243107, 0.9420426065162907, 0.9422305764411028, 0.9422305764411028, 0.9422932330827067, 0.9426065162907268, 0.9425438596491228], "Valid": []}, "f1_val": {"Train": [0.8825114355536061, 0.8993734335839598, 0.9147189673538443, 0.9317626417695344, 0.9424812030075188, 0.9444200764458925, 0.9421642960085219, 0.9381540196754183, 0.9342690644777242, 0.9336424588006768, 0.9317626417695344, 0.9343943856131337, 0.9368421052631579, 0.9382128086226345, 0.9412280701754386, 0.9416040100250627, 0.9411617269252459, 0.9422378148101741, 0.9422896171439314, 0.9422896171439314, 0.9425474594323664, 0.9422896171439314, 0.9422896171439314, 0.9423558897243107, 0.9420244437480413, 0.9422233362576764, 0.9422233362576764, 0.9422896171439314, 0.9426065162907268, 0.9425402594147503], "Valid": []}}