{"roc_val": {"Train": [0.8985299165834385, 0.8837353408584118, 0.8895339068221934, 0.916985932877306, 0.9687264056130301, 0.9782058215714725, 0.982935864096331, 0.983481903380004, 0.9766572132084598, 0.9879589167153473, 0.9850640385424714, 0.989050995282693, 0.9889734675033448, 0.9907014481692955, 0.9900548049321298, 0.9942251304954114, 0.9931077380167209, 0.9948169138384809, 0.9946872507082242, 0.9951429011124302, 0.9949163478872619, 0.9949125005496195, 0.9949820038818852, 0.9949511780704896, 0.9949298842343955, 0.994944362786666, 0.9949464670448049, 0.9949353490241896, 0.9949181380770222, 0.99495042430638], "Valid": []}, "eer_val": {"Train": [0.18107769423558884, 0.20137844611501993, 0.19473684210535508, 0.16290726817042614, 0.08796992481163826, 0.07380952380906296, 0.059774436090224814, 0.05526315789561492, 0.06804511278195567, 0.052380952380401524, 0.05162907268262397, 0.04473684210613849, 0.04561403508753137, 0.037844611528821834, 0.03934837092735647, 0.031203007518324895, 0.032080200501253, 0.03170426065163049, 0.028320802005902965, 0.027443609021257816, 0.02769423558897233, 0.026566416040101626, 0.02656641604093689, 0.0265664160401002, 0.02644110275731795, 0.026817042605225015, 0.026691729322681712, 0.026691729324472335, 0.026817042606450292, 0.026817042607528832], "Valid": []}, "thres": {"Train": [-0.04485220834612846, -0.025274153798815865, -0.010989327915014186, -0.0023166210545847816, -0.0017054948257280444, -0.008139000274230935, -0.015508960001170623, -0.042546413838926024, -0.08652576059103015, -0.13475246727462442, -0.17054523527632012, -0.2734049558664957, -0.31216877698891654, -0.34369564056396457, -0.3967715799808537, -0.3298074007033409, -0.3687040507793425, -0.3612080514431054, -0.37012952566485274, -0.3710029125187117, -0.3755484521389005, -0.3807263672351846, -0.3816622793680476, -0.38182711601257313, -0.38263234496234166, -0.3817813396443453, -0.38366708159432217, -0.3838789463061883, -0.38351625204069145, -0.38437882065793044], "Valid": []}, "acc_val": {"Train": [0.818984962406015, 0.7986215538847118, 0.8053258145363409, 0.8370927318295739, 0.9119047619047619, 0.9260651629072681, 0.9402882205513784, 0.9446741854636591, 0.9318922305764411, 0.9476190476190476, 0.9485588972431078, 0.9553258145363408, 0.9544486215538847, 0.962218045112782, 0.9608395989974937, 0.968796992481203, 0.9679824561403508, 0.9682330827067669, 0.9717418546365915, 0.9725563909774436, 0.9723684210526315, 0.9733709273182958, 0.9734335839598998, 0.9734962406015037, 0.9735588972431077, 0.9731829573934837, 0.9733082706766917, 0.9733082706766917, 0.9732456140350877, 0.9731829573934837], "Valid": []}, "f1_val": {"Train": [0.8189736199009963, 0.7985963153277353, 0.8053136161413621, 0.8370927318295739, 0.9118826773627476, 0.9260466282276258, 0.9402844789773795, 0.9446707187167116, 0.9318879629049438, 0.9476124827672641, 0.948568564806114, 0.9553286134953949, 0.9544457672786515, 0.9622156776740398, 0.9608469585917434, 0.9687930818398296, 0.9679804499028761, 0.9682310921736951, 0.9717436250861474, 0.9725529514976814, 0.9723666896422081, 0.9733692587254841, 0.9734335839598998, 0.9734945798608936, 0.9735588972431077, 0.9731795964406567, 0.9733049254292517, 0.9733082706766917, 0.9732439375900745, 0.9731829573934837], "Valid": []}}