{"roc_val": {"Train": [0.8516098573849396, 0.9251666604366029, 0.9239350791752107, 0.9561156424441787, 0.965411407602814, 0.9573829633565448, 0.9610184027184439, 0.9611096313226247, 0.9547576589734279, 0.9489150041296425, 0.9447678010722829, 0.9612948537893029, 0.9575604026935236, 0.9646926068722943, 0.9535095012922932, 0.9698087704168091, 0.9737723966343415, 0.9747786427183014], "Valid": []}, "eer_val": {"Train": [0.22831937798915697, 0.14434808612443648, 0.12174043062280761, 0.09744047619037614, 0.0908333333333333, 0.09255382775292212, 0.09599282296506363, 0.0900418660299205, 0.10130952380961643, 0.10909090909094588, 0.12284688995173046, 0.09243421052591791, 0.0961124401920636, 0.08452380952395984, 0.10580357142856278, 0.07616626794387303, 0.07434523809523799, 0.06886904761904837], "Valid": []}, "thres": {"Train": [-0.003176837461056791, -0.012223584577441554, -0.05587936937837518, -0.32674349007143144, -0.46438593864440914, -0.2752254605298073, -0.4647106528275605, -0.5076366066939807, -0.21245132812432227, -0.30340504646302374, -0.5166647434230618, -0.2558856904504338, -0.49308028817202487, -0.4427976877917786, -0.6115091294050117, -0.19244134426233195, -0.2738297090643927, -0.23363223884786885], "Valid": []}, "acc_val": {"Train": [0.7716885441527447, 0.8556533412887828, 0.8782517899761336, 0.9025805489260144, 0.9091736276849642, 0.9074731503579953, 0.9040125298329356, 0.9099492840095466, 0.8987022673031027, 0.8909009546539379, 0.8771479713603818, 0.9075626491646778, 0.9038931980906921, 0.9154832935560859, 0.8941974940334129, 0.9238215990453461, 0.9256712410501193, 0.931145584725537], "Valid": []}, "f1_val": {"Train": [0.7721032726839582, 0.8559477202018547, 0.8785055075915451, 0.9027879076552103, 0.9093696509637568, 0.9076755920044057, 0.9042168405697869, 0.9101436332514697, 0.8989178810115654, 0.8911315530945788, 0.8774003393968263, 0.9077594034205081, 0.9041006176974027, 0.915666954425029, 0.8944226962177932, 0.9239882715406253, 0.9258338666706357, 0.931297255462285], "Valid": []}}