{"roc_val": {"Train": [0.7641236628538766, 0.7771322808901955, 0.8170521070847545, 0.8039740249747174, 0.8693710780711176, 0.8864752812482334, 0.899999835114101, 0.9277588787130735, 0.8929510964127109, 0.8951738368477585, 0.9126555816232309, 0.9236019167593168, 0.9362774260211932, 0.9405963059277267, 0.9243252711980452, 0.9567295981181022, 0.9614431442013555, 0.96643680787181], "Valid": []}, "eer_val": {"Train": [0.32030075188002677, 0.30300751879699284, 0.2649122807017545, 0.2769423558897239, 0.20313283208031252, 0.18020050125447495, 0.16591478696741851, 0.1337092731829533, 0.16704260651629083, 0.16879699248149346, 0.14385964912280624, 0.12468671679208437, 0.11428571428482234, 0.11027568922297286, 0.14197994987532808, 0.08834586466165406, 0.08383458646761616, 0.0779448621546871], "Valid": []}, "thres": {"Train": [-0.0722862184047949, -0.013999924995005134, -0.006310565552363793, -0.0043384496433039495, -0.003355176141485986, -0.004041637759674576, -0.005044730845838785, -0.01424358226358863, -0.02038322947919369, -0.0358504299074951, -0.05475093796849249, -0.0975811220705783, -0.11064310371865003, -0.12969130277631252, -0.18236957490453046, -0.16623711585998535, -0.18182452023038573, -0.19841951131726193], "Valid": []}, "acc_val": {"Train": [0.6797619047619048, 0.6969924812030075, 0.7351503759398497, 0.7231203007518797, 0.7969298245614035, 0.8197368421052632, 0.8340225563909774, 0.8663533834586467, 0.8328947368421052, 0.831328320802005, 0.856203007518797, 0.87531328320802, 0.8855889724310777, 0.8897243107769424, 0.8579573934837093, 0.9117167919799499, 0.9161654135338346, 0.9220551378446116], "Valid": []}, "f1_val": {"Train": [0.6797418384610564, 0.6969924812030075, 0.7351337803120496, 0.7231029513127388, 0.7969171000689267, 0.8197255467134531, 0.8340329553286134, 0.8663450090857823, 0.8328842659314493, 0.8313071813510464, 0.8561939971176139, 0.87531328320802, 0.8855602907996991, 0.8897104900363455, 0.8579484930133467, 0.9117112601040166, 0.9161654135338346, 0.9220453690938714], "Valid": []}}