{"roc_val": {"Train": [0.7187335820754893, 0.7237924070828701, 0.7131599204778865, 0.7248423612288868, 0.713971614499909, 0.7555392161481398, 0.7954463539801885, 0.7544693265117681, 0.7834776791603068, 0.8279415801408282, 0.8173297592351807, 0.844632838361568, 0.8303217709059616, 0.8134029701446599, 0.8324297821621724, 0.8257261653507201, 0.8359475992613112, 0.8513771191763869, 0.8555371590002575, 0.8615158039208296, 0.865959533859712, 0.8687533055696885, 0.8693569449940641, 0.8712805038913072, 0.8721054594506316, 0.8728648218290085, 0.8728313971017772, 0.8732135555053047, 0.8732034582069207, 0.8730386822318955], "Valid": []}, "eer_val": {"Train": [0.3501253132832173, 0.34736842105263066, 0.3567669172925658, 0.33922305764411037, 0.3508771929826082, 0.3107769423558897, 0.27581453634030234, 0.31553884711782965, 0.3017543859649121, 0.24786967418466066, 0.2612781954900333, 0.23320802004897775, 0.2501253132832005, 0.2615288220548653, 0.2401002506264276, 0.2491228070173806, 0.24010025062688492, 0.22318295739348373, 0.21829573934837068, 0.21152882205513862, 0.2041353383458648, 0.20137844611528735, 0.20162907268170396, 0.19962406015077233, 0.19837092731934008, 0.19812030075179027, 0.19799498746945918, 0.19736842105262717, 0.19649122807060782, 0.19649122807020658], "Valid": []}, "thres": {"Train": [-0.030893233604729873, -0.0018472049462919388, -0.00010697091784084884, -1.4827412996964998e-05, -6.6046277424927134e-06, -6.077774287405191e-06, -0.000478061265312124, -0.003142523695714955, -0.013603668659925457, -0.02212138101456555, -0.023375397548111247, -0.10977634787555167, -0.06253280490636776, -0.10730572789906478, -0.11245666444301487, -0.11378774791955422, -0.1588286757469644, -0.16578137874603271, -0.17120362818241108, -0.18598015606403362, -0.19925309717655185, -0.19289498031139346, -0.20832116901874537, -0.20171083509922122, -0.20570552349112955, -0.20731797814368236, -0.2077153623104989, -0.20811837911605816, -0.20865768194205966, -0.20976567268373436], "Valid": []}, "acc_val": {"Train": [0.6498746867167919, 0.6526942355889724, 0.6432330827067669, 0.6608395989974938, 0.6490601503759399, 0.6892230576441103, 0.7241854636591478, 0.6845238095238095, 0.6983082706766918, 0.7520050125313283, 0.7387218045112782, 0.7667919799498747, 0.749937343358396, 0.7384085213032582, 0.7598997493734336, 0.7508771929824561, 0.7598997493734336, 0.7767543859649123, 0.7817669172932331, 0.7884085213032581, 0.7958020050125313, 0.7986842105263158, 0.7984335839598997, 0.8003759398496241, 0.8016290726817042, 0.8016917293233082, 0.8020050125313283, 0.8026942355889725, 0.8036340852130326, 0.8034461152882205], "Valid": []}, "f1_val": {"Train": [0.6498746867167919, 0.6526724732126072, 0.6431883694698584, 0.6608183470142239, 0.6490381602857321, 0.689184108284246, 0.7241508961022686, 0.684504041606617, 0.6982893665016605, 0.7519428428177488, 0.7387218045112782, 0.7667627522245896, 0.7499216742903692, 0.7383593407282071, 0.759869657851861, 0.7508459706730166, 0.7598997493734336, 0.7767403972679994, 0.7817532426843787, 0.7883952628610815, 0.7957892098502413, 0.7986715959646595, 0.7984209536938406, 0.8003759398496241, 0.8016290726817042, 0.8016295832027578, 0.8020050125313283, 0.802681872297763, 0.8036586893872947, 0.8034337991102201], "Valid": []}}