{"roc_val": {"Train": [0.7526951699423998, 0.7748715381812928, 0.7829481755767864, 0.786887857174264, 0.7652980822984781, 0.7586878301643835, 0.753730794718626, 0.7551530376693613, 0.7669128805723582, 0.7800724241681899, 0.7950003533269264, 0.7916155755931182, 0.8145901800239949, 0.8153529500442835, 0.8093139568846929, 0.8222093218635562, 0.8202636054421768, 0.8268568586252598, 0.8274063762162297, 0.8276528413766244, 0.8389557854536089, 0.8393805315293246, 0.8397621952751553], "Valid": []}, "eer_val": {"Train": [0.3234335839588403, 0.3023809523815719, 0.29197994987466835, 0.28771929824561404, 0.30100250626505953, 0.31177944862155477, 0.315789473684404, 0.31516290726817187, 0.3022556390977152, 0.29323308270658577, 0.27944862155388667, 0.28496240601518225, 0.262406015037597, 0.260902255639103, 0.26553884711779446, 0.2565162907275865, 0.2571428571436916, 0.24837092731829566, 0.24799498746866203, 0.24912280701754388, 0.2348370927304756, 0.23421052631626765, 0.23546365914851636], "Valid": []}, "thres": {"Train": [-0.22779689729200173, -0.1995923370123386, -0.15111707150936043, -0.08902371227741242, -0.0325500220060231, -0.012917304411530502, -0.022800229489813938, -0.035051507502794316, -0.061262041330336234, -0.08646735548972476, -0.12040602415800164, -0.14195045828819958, -0.16738705337047613, -0.19387705624103668, -0.21173729002475739, -0.20582330226918222, -0.19043111801157017, -0.216965913772583, -0.2244152873754476, -0.2099268138408661, -0.2099507153032597, -0.197180718183708, -0.19720795750626127], "Valid": []}, "acc_val": {"Train": [0.6764411027568922, 0.6976190476190476, 0.7080200501253133, 0.71234335839599, 0.6990601503759398, 0.6881578947368421, 0.6841478696741855, 0.6849624060150376, 0.6978070175438597, 0.7068295739348371, 0.7204887218045113, 0.7150375939849624, 0.73765664160401, 0.7390350877192983, 0.7345864661654136, 0.743483709273183, 0.7428571428571429, 0.7516917293233083, 0.7520676691729323, 0.7508145363408522, 0.7652255639097745, 0.7657894736842106, 0.7645989974937344], "Valid": []}, "f1_val": {"Train": [0.6763599899724241, 0.6976190476190476, 0.7079834565735054, 0.7123253336675229, 0.6990412933141175, 0.688138354533492, 0.6841280782003885, 0.6849229226720139, 0.6977880819600225, 0.7068112037095057, 0.7204712074691397, 0.7150375939849624, 0.7376402030202394, 0.7390187355097437, 0.7345532021556586, 0.743483709273183, 0.7428571428571429, 0.7516761701861019, 0.7520521335923303, 0.7507989222382354, 0.7652108528103264, 0.7657894736842106, 0.7646137460058893], "Valid": []}}