{"roc_val": {"Train": [0.900775968743915, 0.9270710532597157, 0.9760369124565801, 0.965100658915459, 0.9870242963297969, 0.9923744511655077, 0.9941024239797489, 0.9954352516629918, 0.9947599889447931, 0.9962466473200544, 0.9960766656616479, 0.9973731634851539, 0.9971639468345048, 0.9975455320632409, 0.9975590448552459, 0.9974927921307029, 0.9975038473376423, 0.9975177919736685, 0.9975260676754542, 0.9975106626214659, 0.9975267193673407, 0.9975200061557401, 0.9975401065319942, 0.997537672502057, 0.9975445977098134, 0.9975401850490889, 0.997539227140533, 0.9975526849705718, 0.9975372642131645, 0.9975247956985193], "Valid": []}, "eer_val": {"Train": [0.18057644110329438, 0.14461152882226633, 0.06741854636585136, 0.09097744360939516, 0.0472431077694237, 0.03646616541353395, 0.031328320802448725, 0.028070175438597505, 0.028696741854663685, 0.026315789474180337, 0.025814536340852456, 0.021929824561389914, 0.021303258145017996, 0.020426065162150796, 0.019674185463212465, 0.020050125313442607, 0.02005012531328291, 0.020050125311673887, 0.02005012531328314, 0.020050125312202537, 0.020050125311979253, 0.02005012531322664, 0.019924812031518736, 0.019799498746867605, 0.019924812029733327, 0.019924812029364768, 0.020175438597108908, 0.01992481202959758, 0.01979949874686737, 0.01992481202935946], "Valid": []}, "thres": {"Train": [-0.026606297120454956, -0.0035322154872120424, -0.005118066444991915, -0.031547807157083205, -0.1277233064174652, -0.2524262368679047, -0.27606737613685556, -0.3198986947536472, -0.3546175261339265, -0.3771631717689494, -0.37925222516060036, -0.3891038000583646, -0.39205929636874004, -0.3966617882221591, -0.3975645005685957, -0.395316064358321, -0.3939058482646933, -0.3946848213662982, -0.39486715197563155, -0.3936494588840566, -0.39379182457894957, -0.393901824950998, -0.3941880762610802, -0.39347386360168635, -0.39349868893609236, -0.39414092898342007, -0.3945022821428044, -0.3932556509960643, -0.3955098688602451, -0.39352348446820373], "Valid": []}, "acc_val": {"Train": [0.819423558897243, 0.8554511278195489, 0.9325814536340852, 0.9090225563909774, 0.9526942355889725, 0.9634711779448621, 0.968671679197995, 0.9718671679197995, 0.9713659147869674, 0.9736215538847118, 0.9742481203007519, 0.9781328320802005, 0.9786340852130326, 0.9795739348370928, 0.9802631578947368, 0.9798872180451128, 0.9800125313283208, 0.9798245614035088, 0.9800125313283208, 0.9798872180451128, 0.9799498746867168, 0.9796992481203007, 0.9800751879699248, 0.9801378446115289, 0.9800751879699248, 0.9800125313283208, 0.9798872180451128, 0.9800125313283208, 0.9801378446115289, 0.9800751879699248], "Valid": []}, "f1_val": {"Train": [0.819423558897243, 0.8554601841989851, 0.9325730041358566, 0.9090225563909774, 0.9526912713829186, 0.9634688890281345, 0.968671679197995, 0.9718654051005703, 0.9713641205589323, 0.973619900996303, 0.9742465066733504, 0.9781314618710445, 0.9786300683085792, 0.9795713748590049, 0.9802594472645234, 0.9798859577667773, 0.980011278902187, 0.9798195036349963, 0.980011278902187, 0.9798834367362287, 0.97994736182479, 0.9796916133884919, 0.9800751879699248, 0.9801366000375963, 0.9800726908133851, 0.9800087735789935, 0.9798884781655286, 0.9800087735789935, 0.9801366000375963, 0.9800726908133851], "Valid": []}}