{"roc_val": {"Train": [0.8636361894711717], "Valid": []}, "eer_val": {"Train": [0.22468671679202276], "Valid": []}, "thres": {"Train": [-0.16879284381870346], "Valid": []}, "acc_val": {"Train": [0.7752506265664161], "Valid": []}, "f1_val": {"Train": [0.7752365436430854], "Valid": []}}