{"roc_val": {"Train": [0.9533809618030039], "Valid": []}, "eer_val": {"Train": [0.10350877193016357], "Valid": []}, "thres": {"Train": [-0.4811135344209462], "Valid": []}, "acc_val": {"Train": [0.8964912280701754], "Valid": []}, "f1_val": {"Train": [0.8964912280701754], "Valid": []}}