{"roc_val": {"Train": [0.9431521001752501], "Valid": []}, "eer_val": {"Train": [0.11403508771935247], "Valid": []}, "thres": {"Train": [-0.45049788057805623], "Valid": []}, "acc_val": {"Train": [0.8859649122807017], "Valid": []}, "f1_val": {"Train": [0.8859649122807017], "Valid": []}}