{"roc_val": {"Train": [0.8247381062304886, 0.8351201233032456, 0.796615324338415, 0.8078824489167782, 0.8893673171022797, 0.9134188227460884, 0.9174908134999151, 0.9276493944761653, 0.9327600721729136, 0.9391468568036633, 0.9376707982361921, 0.942167213145646, 0.9428673814862971, 0.9455535690730585, 0.9474752357083184, 0.9480835547515405, 0.9491590033982199, 0.949246879730655, 0.9496178965584388, 0.9496417893103687, 0.949752851740881, 0.9497738001017582, 0.9497943715805806, 0.9497966171694902, 0.94981857054918, 0.9498283145206375, 0.9497982974353176, 0.9498076723764297, 0.9498225356624646, 0.9498220488564771], "Valid": []}, "eer_val": {"Train": [0.2644110275689223, 0.24987468671679813, 0.28972431077651956, 0.2789473684210525, 0.1884711779447833, 0.15288220551505405, 0.1484962406015088, 0.13684210526315854, 0.13082706766887367, 0.12180451127819313, 0.12305764411027446, 0.12155388471183953, 0.1175438596491229, 0.11654135338345857, 0.11340852130325811, 0.11190476190563853, 0.1115288220561342, 0.11115288220601036, 0.11102756892230553, 0.11040100250761968, 0.1101503759396991, 0.10989974937338956, 0.10989974937325989, 0.1097744360904734, 0.11002506265616241, 0.1098997493736776, 0.11002506265625392, 0.11002506265652867, 0.11002506265581896, 0.11015037593899503], "Valid": []}, "thres": {"Train": [-0.1704133152961731, -0.08846747130155577, -0.0531919039785859, -0.03831839933991432, -0.02418383490294155, -0.03162808343770773, -0.06272483617067391, -0.09227751195430763, -0.13829287886612002, -0.18207514286041057, -0.23367878794670077, -0.2888121604919848, -0.3250425159931183, -0.3381602615118026, -0.3502669334411621, -0.34588330984147836, -0.3574315011502357, -0.3626229465010396, -0.3658439144492149, -0.3701624274256676, -0.37319797277445527, -0.37402352690695007, -0.3745682835578162, -0.37477079033854, -0.37547644972776856, -0.37591114640241424, -0.37485986947996625, -0.3749523758887457, -0.3755559325205605, -0.3756276071070253], "Valid": []}, "acc_val": {"Train": [0.7355263157894737, 0.750062656641604, 0.7102130325814536, 0.7211152882205514, 0.8115914786967419, 0.8471177944862155, 0.8514411027568922, 0.8630952380952381, 0.869172932330827, 0.8782581453634085, 0.8769423558897244, 0.8784461152882206, 0.8823934837092732, 0.8835213032581454, 0.8866541353383459, 0.8882832080200501, 0.8884085213032581, 0.8888471177944862, 0.8889724310776942, 0.8895363408521303, 0.8898496240601503, 0.8901002506265664, 0.8898496240601503, 0.8901629072681704, 0.8900375939849624, 0.8901002506265664, 0.8899749373433584, 0.8900375939849624, 0.8900375939849624, 0.8898496240601503], "Valid": []}, "f1_val": {"Train": [0.7354765933446136, 0.7500469954257785, 0.7101585511060976, 0.7210978131461871, 0.8115796729118367, 0.8471177944862155, 0.8514317939720535, 0.8630866595651356, 0.8691565359067553, 0.8782505169496837, 0.8769423558897244, 0.8784461152882206, 0.8823861144181966, 0.883514004636882, 0.8866470330221191, 0.8883042034705255, 0.8884015289178521, 0.8888471177944862, 0.8889724310776942, 0.8895294191365374, 0.8898358190249405, 0.8900864770021305, 0.8898081985708913, 0.8901560248135848, 0.8900307036781754, 0.8901002506265664, 0.8899749373433584, 0.8900307036781754, 0.8900307036781754, 0.8898358190249405], "Valid": []}}