{"roc_val": {"Train": [0.6895347155482692, 0.6866587242263273, 0.6846012884480766, 0.8849388247142501, 0.8993149636483299, 0.8879453960716328, 0.898965217973924, 0.8978345752992897, 0.8900186321065823, 0.8957245880295279, 0.8970061204947763, 0.889728366621092, 0.8955511411500068, 0.8851988803113324, 0.8944850081204123, 0.8987928188614114, 0.899855699538459, 0.8991386517672629, 0.8994397386532329, 0.8994729191050587, 0.9004618218478527, 0.9002855003702517, 0.9001077507539386, 0.8999372997377879, 0.9002675984726505, 0.9003111510326918, 0.9004059883417818, 0.900418537118346, 0.9003797287356514, 0.9003736933883023], "Valid": []}, "eer_val": {"Train": [0.3714703425229741, 0.3724310776937541, 0.3741019214703436, 0.18274853801169597, 0.16883876357561256, 0.18141186299081177, 0.1683792815372036, 0.1693817878026279, 0.17222222222222316, 0.16908939014201804, 0.170091896406661, 0.1728487886382624, 0.17247284878863678, 0.18780284043466378, 0.172138680033271, 0.16996658312392218, 0.16654135338340756, 0.1685045948213309, 0.1666666666665943, 0.16925647452028753, 0.16775271512122525, 0.16725146198696744, 0.16700083542201727, 0.16771094402726464, 0.16750208855520066, 0.1672096908939196, 0.16683375104326317, 0.16683375104427736, 0.16704260651575023, 0.16704260651505975], "Valid": []}, "thres": {"Train": [-0.9348020752271017, -0.5428010225295249, -0.24424387514591225, -0.0927085131406784, -0.16419103741645874, -0.15896472334861772, -0.14485104382039554, -0.15309682488437001, -0.15972740948200226, -0.13269811868667578, -0.14762130379618174, -0.14970885217189797, -0.15522556006908386, -0.1475777179002863, -0.178460374474514, -0.15212896466234455, -0.15508328378199493, -0.15020941197891782, -0.15829798579214327, -0.15522682666796442, -0.15049423277379737, -0.15390798449344303, -0.14908444881439462, -0.1494072824717742, -0.15072840452197145, -0.15014697611332511, -0.15124849975108556, -0.15139871835708618, -0.1507089436052834, -0.15105149149850516], "Valid": []}, "acc_val": {"Train": [0.6285505430242272, 0.6275689223057644, 0.6258771929824561, 0.8172305764411028, 0.8311612364243943, 0.8185672514619883, 0.8315998329156223, 0.8306182121971596, 0.8277568922305765, 0.8309314954051796, 0.8298872180451128, 0.8271303258145364, 0.827548036758563, 0.8121971595655806, 0.8278613199665831, 0.8300334168755221, 0.8334795321637427, 0.8315162907268171, 0.833312447786132, 0.8307435254803676, 0.8322472848788638, 0.8327485380116959, 0.832999164578112, 0.8323308270676691, 0.8325187969924812, 0.8327903091060985, 0.833187134502924, 0.8331244778613199, 0.8329573934837092, 0.832936507936508], "Valid": []}, "f1_val": {"Train": [0.6285427849370288, 0.6275533648022057, 0.6258693790597131, 0.8172267591219532, 0.8311612364243943, 0.8185634620606111, 0.8315963157125252, 0.8306182121971596, 0.8277532947638839, 0.8309279642431965, 0.8298765586816216, 0.8271267152613881, 0.8275444349297187, 0.8121971595655806, 0.8278541292451648, 0.8300263168887589, 0.8334760542200129, 0.8315198095277876, 0.833302003049481, 0.8307435254803676, 0.8322472848788637, 0.8327415514432517, 0.832999164578112, 0.8323378304999792, 0.8325222948559972, 0.8327903091060986, 0.8331836504521815, 0.8331105355501712, 0.832950415639751, 0.8329260396432524], "Valid": []}}