{"roc_val": {"Train": [0.652208362210176, 0.6477225881118837, 0.6579710763960864, 0.753302317336086, 0.845334076279532, 0.8589594609260551, 0.8631513656042082, 0.8528396187140087, 0.8530427337139841, 0.8626186663749321, 0.8614893401702529, 0.8539831504059509, 0.867752304215007, 0.8647438850886615, 0.8677995182888997, 0.8685980999561003, 0.8652752338239081, 0.8709431778764651, 0.8698931609167726, 0.8707442705203555, 0.8705861545397886, 0.8711165104699928, 0.8706869757239102, 0.870879892225691, 0.8708761286396164, 0.8707874444535175, 0.8710071937362203, 0.8709635705107939, 0.8710117442380666, 0.8709899583615122], "Valid": []}, "eer_val": {"Train": [0.3985797827903084, 0.403007518797513, 0.39578111946545946, 0.31578947368471477, 0.23295739348370886, 0.21883876357560567, 0.21290726817015737, 0.22673350041763357, 0.22305764411033024, 0.2124477861314791, 0.2145363408525439, 0.22172096908967315, 0.20781119465322956, 0.20948203842915772, 0.20655806182121958, 0.20726817042652035, 0.20877192982453752, 0.20405179615733665, 0.20534670008354364, 0.20476190476250036, 0.20467836257310812, 0.20417710944033957, 0.20522138680180474, 0.2045948203842706, 0.20476190476122694, 0.20488721804520968, 0.20463659147916274, 0.20463659147895955, 0.20472013366666478, 0.20467836257309968], "Valid": []}, "thres": {"Train": [-1.0696738958358756, -0.7350511550910735, -0.4322330594063681, -0.10711390525114954, -0.1555704524119694, -0.17552590370178223, -0.18326619267455957, -0.20306625962256536, -0.19917529821397045, -0.16386309266076343, -0.1822880655527898, -0.17872311174869718, -0.18588046729563185, -0.18075877428053236, -0.17944690585136414, -0.17905355989943098, -0.19609415531157412, -0.18710900843147232, -0.18224480748176589, -0.17914675176147066, -0.17297418415546714, -0.1780562102794687, -0.17685876786720844, -0.17702336609363126, -0.18000879883750845, -0.17896923422817262, -0.17983356118203306, -0.17946915328507934, -0.17955420911270362, -0.1791725456714631], "Valid": []}, "acc_val": {"Train": [0.6014411027568922, 0.5970342522974101, 0.6041771094402674, 0.6842522974101921, 0.7670426065162907, 0.7811821219715956, 0.787092731829574, 0.7732664995822891, 0.776921470342523, 0.7875522138680033, 0.7854636591478696, 0.7782790309106099, 0.7922096908939015, 0.7905179615705932, 0.7934419381787803, 0.7927318295739348, 0.79124895572264, 0.795969089390142, 0.7946324143692565, 0.7952172096908939, 0.7953007518796993, 0.7958228905597327, 0.7947786131996658, 0.7954260651629073, 0.7952380952380952, 0.7951963241436926, 0.7953634085213033, 0.7953425229741019, 0.7952798663324979, 0.7953007518796993], "Valid": []}, "f1_val": {"Train": [0.6014327784623739, 0.5970510839146235, 0.6041936427049831, 0.6842654859863831, 0.7670426065162907, 0.7811775517450238, 0.7870838380884749, 0.7732570282802123, 0.7769168111280519, 0.7875433393207737, 0.7854636591478696, 0.7782790309106099, 0.7922053509889513, 0.7905092109110656, 0.7934419381787803, 0.7927318295739348, 0.7912445957517911, 0.7959733505983584, 0.7946281250652687, 0.7952129326009315, 0.7952964765345976, 0.7958228905597328, 0.7947786131996658, 0.7954217924350968, 0.7952295417519529, 0.7952134324617827, 0.7953634085213033, 0.7953382485014308, 0.7952713145912527, 0.7952964765345976], "Valid": []}}