{"roc_val": {"Train": [0.9175004396957306, 0.8788774175413471, 0.8408205428985999, 0.8159260306153855, 0.791935744750347, 0.7830378263955629, 0.7889036579544098, 0.8422301131902438, 0.901229601258786, 0.9233185642678122, 0.919773682326116, 0.914296785196073, 0.9258436818864203, 0.9372275770880836, 0.9366609113636222, 0.9347127687640153, 0.9442089716773135, 0.9486062823097844, 0.9518230413125546, 0.9526907808368039, 0.9547900609920793, 0.9614779743845829, 0.9594807193422152, 0.9562718984177234, 0.9682907221060169, 0.9695804988662132, 0.9682418452145402, 0.9704631801935917, 0.9707892695397642, 0.972019114201544], "Valid": []}, "eer_val": {"Train": [0.1572681704259308, 0.19674185463654262, 0.23609022556391113, 0.262531328320802, 0.28245614035032895, 0.28922305764411815, 0.29110275689222315, 0.23270676691729322, 0.18145363408521298, 0.15551378446148656, 0.16578947368433256, 0.16879699248166852, 0.15451127819557223, 0.13107769423403606, 0.13358395989941008, 0.13358395989943042, 0.13057644110275687, 0.11365914786975174, 0.10050125313298468, 0.11528822055137834, 0.10501253132832104, 0.09135338345861783, 0.09974937343390489, 0.09987468671673316, 0.07894736842049345, 0.08020050125364374, 0.08583959899826152, 0.07957393483709373, 0.08095238095238085, 0.07794486215568608], "Valid": []}, "thres": {"Train": [-0.18535077571862832, -0.08572401106357067, -0.05152286589145676, -0.039161860942840576, -0.02802992798384009, -0.022936457768083115, -0.018338708207010796, -0.02020537108182907, -0.027847955003380775, -0.13343159854416534, -0.20312181115159997, -0.25880578160299034, -0.27381196245555983, -0.30156525969459924, -0.30069488286953916, -0.3124779760836006, -0.29934535920619965, -0.31144419312478266, -0.3479993939402352, -0.36099624633789057, -0.3583506842454276, -0.3314838707446775, -0.3469161689281863, -0.3583037257194158, -0.3592971861356869, -0.33291274309163366, -0.35519170761135493, -0.3487124145030983, -0.34541997313499445, -0.340816915035328], "Valid": []}, "acc_val": {"Train": [0.8427944862155389, 0.8033208020050125, 0.7638471177944862, 0.7374686716791979, 0.7175438596491228, 0.7107142857142857, 0.7089598997493735, 0.7669799498746868, 0.818609022556391, 0.8444235588972431, 0.8341478696741854, 0.831265664160401, 0.8455513784461153, 0.868922305764411, 0.8664160401002506, 0.8664786967418546, 0.8694235588972431, 0.8862781954887218, 0.8994360902255639, 0.8847744360902255, 0.8950501253132832, 0.9087092731829574, 0.900187969924812, 0.900062656641604, 0.9211152882205513, 0.9197994987468672, 0.9142230576441103, 0.9203634085213033, 0.9191102756892231, 0.9219924812030075], "Valid": []}, "f1_val": {"Train": [0.8427846356287989, 0.8033084779748104, 0.7638323203208222, 0.7374686716791979, 0.7175084597067302, 0.7106961589071997, 0.7089416630114669, 0.7668777032533065, 0.8185976564947679, 0.8444138103891222, 0.8341374772855442, 0.831276235824823, 0.8455417006078075, 0.8689058779295652, 0.8663992981576639, 0.8664703302211918, 0.8694235588972431, 0.8862710696158909, 0.8994297888338869, 0.884767215990977, 0.8950435490945549, 0.9087035528541888, 0.9001817156463436, 0.9000438678949677, 0.921110345259728, 0.9197994987468672, 0.9142284318025187, 0.9203584184472712, 0.9191052070931762, 0.9219875932075944], "Valid": []}}