{"roc_val": {"Train": [0.6836711295783318, 0.634799993404564, 0.6509940892331079, 0.6885442852117764, 0.7763109999309049, 0.8025576472509595, 0.8704800142587044, 0.8417040800623113, 0.8023216327158749, 0.8625646352723915, 0.9113693773908456, 0.9105406922695211, 0.9464427516158818, 0.9390235221512427, 0.9346178337447628, 0.927334203302743, 0.9489764747080734, 0.9525247642916816, 0.9547963659147871, 0.9591690378829278, 0.9606882337422504, 0.9621219872990749, 0.9626750460110176, 0.9628419733544388, 0.9629588696050904, 0.962947437516096, 0.9631744461404136], "Valid": []}, "eer_val": {"Train": [0.38095238095237705, 0.42017543859649115, 0.4020050125313284, 0.3755639097744193, 0.28796992481203015, 0.2778195488730839, 0.20902255639154374, 0.2352130325814536, 0.2761904761894877, 0.2139097744367251, 0.15952380952365752, 0.16365914787046812, 0.1132832080205308, 0.12456140350875526, 0.13095238095224304, 0.13308270676690936, 0.11466165413538554, 0.10852130325829545, 0.1050125313283206, 0.09924812030075, 0.0959899749373436, 0.0933583959908195, 0.09185463659242418, 0.09172932330777865, 0.0913533834586466, 0.09097744360902346, 0.09035087719297116], "Valid": []}, "thres": {"Train": [-0.20466111600398965, -0.006466168910264968, -0.0001437863005169978, -2.7010310077457133e-05, -8.060247637331486e-06, -0.0003463503089738279, -0.0009862935403372622, -0.0028538343030959368, -0.007719830144188741, -0.025957128033070414, -0.062086943536969745, -0.1253019571304809, -0.18051666021350699, -0.1386460959911272, -0.16564393043513576, -0.19216436147689261, -0.20931759476663803, -0.27745017409340644, -0.27071806788444513, -0.31083959341048994, -0.3263029754161838, -0.33660855889340296, -0.34365296363871267, -0.3464192748065442, -0.3473411599795023, -0.3496741056442276, -0.3492472469806584], "Valid": []}, "acc_val": {"Train": [0.619110275689223, 0.5798245614035088, 0.5979949874686716, 0.6244987468671679, 0.7119674185463659, 0.7221804511278196, 0.7909774436090226, 0.7648496240601503, 0.7235588972431077, 0.7860902255639097, 0.8404761904761905, 0.8363408521303258, 0.8866541353383459, 0.8755012531328321, 0.8690476190476191, 0.8669172932330828, 0.8854010025062656, 0.8914160401002507, 0.8950501253132832, 0.9008145363408522, 0.9039473684210526, 0.906578947368421, 0.9080827067669173, 0.9082080200501254, 0.9087719298245615, 0.9089598997493734, 0.9096491228070176], "Valid": []}, "f1_val": {"Train": [0.6190864089228648, 0.5798245614035088, 0.5979949874686716, 0.6244752177454728, 0.7119493702612946, 0.7221804511278195, 0.7909774436090226, 0.7648348894040979, 0.72345493293218, 0.7860902255639097, 0.8404561975184861, 0.8363408521303258, 0.8866470330221191, 0.8754934519706749, 0.8690312069181602, 0.8669172932330828, 0.885408182444709, 0.8914092361676798, 0.8950435490945549, 0.9008083213233913, 0.9039413497086283, 0.9065730935522276, 0.9080769471771415, 0.9081907626746882, 0.9087604963027948, 0.9089541951250079, 0.9096377992229603], "Valid": []}}