{"roc_val": {"Train": [0.9472672125175093], "Valid": []}, "eer_val": {"Train": [0.11190476190476191], "Valid": []}, "thres": {"Train": [-0.5635442137718201], "Valid": []}, "acc_val": {"Train": [0.8880325814536341], "Valid": []}, "f1_val": {"Train": [0.8880115309895343], "Valid": []}}