{"roc_val": {"Train": [0.8759408389394538, 0.8851717639964574, 0.8938079927261764, 0.9023080885170319, 0.9216328336505424, 0.9522158780409669, 0.9586724251103951, 0.9618876608815272, 0.9725523944573211, 0.9829162976363214, 0.9770419155658568, 0.9861018932041883, 0.9858874630184484, 0.9869077848129095, 0.9868478919730405, 0.9878416435826408, 0.9875249919912563, 0.988720611051438, 0.9889939133548156, 0.9894367576208691, 0.9895233855314979, 0.9896005678356292, 0.9896449299941583, 0.9896693017003662, 0.9896853034842746, 0.9896878631415632, 0.9896753318132423, 0.9896733531824549, 0.9896740990948548, 0.9896733531824549], "Valid": []}, "eer_val": {"Train": [0.2107769423554449, 0.1998746867163012, 0.1877192982456066, 0.17568922305764423, 0.14924812030137952, 0.11591478696772158, 0.09686716791965574, 0.096115288220589, 0.08245614035001263, 0.0597744360888043, 0.07067669172938669, 0.05200501253196278, 0.04611528822056123, 0.047869674185436834, 0.047619047618689264, 0.043358395989425175, 0.04335839599023485, 0.040476190475397, 0.038972431077612585, 0.03734335839599009, 0.03734335839598999, 0.036340852130325826, 0.03634085213031229, 0.03571428571427581, 0.03571428571313265, 0.03583959899729505, 0.03571428571428558, 0.03546365914786951, 0.03546365914786968, 0.035463659147884866], "Valid": []}, "thres": {"Train": [-0.0730255469679438, -0.04350550845264785, -0.027726331725716317, -0.015958914533257484, -0.00933219119907488, -0.008733665570621763, -0.014076220802954193, -0.033160813152790514, -0.07079728692747829, -0.11581555008852754, -0.17826672395071053, -0.2779414951807155, -0.248888015747074, -0.3319166600704146, -0.29316428303659087, -0.3176741003987963, -0.3175392746925574, -0.36215272545657273, -0.3829032480716577, -0.4007108509540561, -0.3998676955699921, -0.4067630171775818, -0.4090403914451413, -0.4098958671092963, -0.40955004095776804, -0.4099453389641975, -0.41006040573120095, -0.4105298072099683, -0.4112595021724701, -0.41053977608682274], "Valid": []}, "acc_val": {"Train": [0.7892230576441103, 0.800125313283208, 0.8123433583959899, 0.8242481203007519, 0.8507518796992481, 0.8840225563909775, 0.9031328320802005, 0.9038220551378446, 0.9174812030075188, 0.9401629072681704, 0.9293233082706767, 0.9479949874686717, 0.9538220551378446, 0.9521303258145364, 0.9522556390977444, 0.9565162907268171, 0.9566416040100251, 0.9594611528822055, 0.9610902255639098, 0.962593984962406, 0.96265664160401, 0.9635964912280702, 0.9637218045112782, 0.9643483709273183, 0.9641604010025062, 0.9642230576441103, 0.9643483709273183, 0.9645363408521304, 0.9644736842105263, 0.9645363408521304], "Valid": []}, "f1_val": {"Train": [0.7891966411831056, 0.800125313283208, 0.8123315997242935, 0.8242371075881948, 0.8507518796992481, 0.8840152891785199, 0.9031206918160171, 0.903816028573219, 0.917465689039293, 0.9401516575797455, 0.9293233082706767, 0.9479949874686717, 0.9538191616016042, 0.9521243263566863, 0.952243670092755, 0.9565053898220105, 0.9566416040100251, 0.9594535313655449, 0.9610877874553544, 0.9625916410802683, 0.96265664160401, 0.963594210163544, 0.9637195312989535, 0.964346136976001, 0.9641514163950865, 0.9642208158405915, 0.964346136976001, 0.9645363408521304, 0.9644714581114104, 0.9645363408521304], "Valid": []}}