{"roc_val": {"Train": [0.9427473916621125], "Valid": []}, "eer_val": {"Train": [0.11516290726798203], "Valid": []}, "thres": {"Train": [-0.4479034245013595], "Valid": []}, "acc_val": {"Train": [0.8848997493734336], "Valid": []}, "f1_val": {"Train": [0.8848925371263864], "Valid": []}}