{"roc_val": {"Train": [0.8566226028730974], "Valid": []}, "eer_val": {"Train": [0.2200501253129715], "Valid": []}, "thres": {"Train": [-0.03149025514720592], "Valid": []}, "acc_val": {"Train": [0.7800125313283208], "Valid": []}, "f1_val": {"Train": [0.7799987467886458], "Valid": []}}