{"roc_val": {"Train": [0.8520120633664361], "Valid": []}, "eer_val": {"Train": [0.2203007518796992], "Valid": []}, "thres": {"Train": [-0.03414295986294746], "Valid": []}, "acc_val": {"Train": [0.7797619047619048], "Valid": []}, "f1_val": {"Train": [0.7797481045178271], "Valid": []}}