{"roc_val": {"Train": [0.8946144025477227, 0.9043470282849982, 0.9135981714938978, 0.9148108052085101, 0.8799734533702678, 0.8561790598049006, 0.8766220139948869, 0.8841086896439093, 0.8945277353785466, 0.9070588909617402, 0.9059146534883575, 0.9078639581409665, 0.9144965640919341, 0.9127359203145708, 0.9135412780070478, 0.9141062242071345, 0.9139076387711133, 0.9139953737727778, 0.9140200831024929, 0.914266320563313, 0.9154196189094289, 0.9153605504990547, 0.915325469061124, 0.9152356062461919, 0.9152008153215119, 0.9151626089032103, 0.915203618381794, 0.915191149867149, 0.9151710494908951, 0.91511393615618], "Valid": []}, "eer_val": {"Train": [0.19060150375914336, 0.1761904761901861, 0.1659147869673196, 0.1619047619047619, 0.20476190476163073, 0.22819548872186862, 0.20513784461152992, 0.19398496240570345, 0.1802005012531389, 0.16854636591576003, 0.17005012531422542, 0.1699248120292464, 0.1582706766917263, 0.16015037593890727, 0.15989974937343351, 0.15964912280523738, 0.1604010025054471, 0.16065162907288424, 0.16040100250626282, 0.1602756892230565, 0.15889724310777018, 0.15852130325814817, 0.15839598997571736, 0.15864661654183113, 0.15877192982383623, 0.15864661654135315, 0.1586466165413516, 0.15864661654135326, 0.15852130325814545, 0.15864661654203613], "Valid": []}, "thres": {"Train": [-0.140141889452887, -0.11473137736318825, -0.06938436627387067, -0.024844334460794926, -0.005424759816376995, -0.008537272922694707, -0.014165901889403688, -0.028880925849078497, -0.0561290048062803, -0.07616117596641156, -0.11540011316557383, -0.14725016057483734, -0.1777069568634029, -0.19878590106944513, -0.21194662153720853, -0.21175487339448792, -0.22029694914790396, -0.22644674777989843, -0.2252152860164634, -0.2300209850072858, -0.23151060938835183, -0.2328482717275621, -0.2333752959968305, -0.23368747532370007, -0.23354461789097694, -0.23366311192512504, -0.23375158508618585, -0.23377321660518627, -0.23418577512105312, -0.23377867043048156], "Valid": []}, "acc_val": {"Train": [0.8094611528822055, 0.8238721804511279, 0.8340852130325814, 0.8381578947368421, 0.7952380952380952, 0.7717418546365915, 0.7947994987468672, 0.806077694235589, 0.8197368421052632, 0.831390977443609, 0.8299498746867168, 0.8300751879699249, 0.8417919799498746, 0.8397243107769423, 0.8401629072681704, 0.8402882205513784, 0.8392857142857143, 0.8394110275689223, 0.8396616541353383, 0.8397869674185464, 0.8410401002506266, 0.8414160401002506, 0.8417293233082707, 0.8414160401002506, 0.8412280701754385, 0.8414160401002506, 0.8414160401002506, 0.8414160401002506, 0.8414786967418546, 0.8413533834586466], "Valid": []}, "f1_val": {"Train": [0.8094492136098753, 0.8238611441819662, 0.8340644191001377, 0.8381477536186478, 0.7952124326356685, 0.7717275518516198, 0.7948123551155943, 0.806065542953819, 0.8197255467134531, 0.8313804123065355, 0.8299498746867168, 0.8300538914650959, 0.8417820665455229, 0.8396841313612434, 0.8401528917851996, 0.8402581938960958, 0.8392151946342381, 0.8394210889042041, 0.8396516072435617, 0.8397769283789711, 0.841030139733066, 0.8414061031392945, 0.8417491542413231, 0.8414259758160516, 0.8412081714500564, 0.8414061031392945, 0.8414061031392945, 0.8414061031392945, 0.8414786967418546, 0.8413533834586466], "Valid": []}}