{"roc_val": {"Train": [0.8984785114415111, 0.8851360387183498, 0.8902470304834769, 0.9184140567584373, 0.9541943360908537, 0.9805113975414725, 0.9710310864881504, 0.9850810453451926, 0.9812115187718671, 0.988587728720297, 0.9816721471598797, 0.9865326536893613, 0.9863626013655693, 0.9905203956005302, 0.9885258886564783, 0.994178726892419, 0.9941212052688112, 0.9953753431197041, 0.9955988184747585, 0.9956843392943512, 0.9957145997826646, 0.9956558375889599, 0.9959107433370394, 0.995902758148504, 0.9958889548432485, 0.9958962726364786, 0.9958741779260181, 0.9958945295569751, 0.9958835371637113, 0.995916797005044], "Valid": []}, "eer_val": {"Train": [0.18107769423671505, 0.19974937343309815, 0.19411027568922296, 0.1605263157894728, 0.11190476190476646, 0.06741854636583412, 0.08796992481199459, 0.05463659147995137, 0.05802005012529047, 0.04461152882188996, 0.06015037593915296, 0.04624060150348501, 0.04912280701754355, 0.03834586466168843, 0.043358395989741026, 0.030325814536413375, 0.02919799498746868, 0.029448621553891035, 0.027443609022556128, 0.02518796992481219, 0.024561403508771944, 0.02418546365914825, 0.023684210527863275, 0.023934837091709824, 0.023809523807920722, 0.023558897243350273, 0.023558897243107755, 0.023558897243071426, 0.023433583961101914, 0.023558897243107634], "Valid": []}, "thres": {"Train": [-0.04486558958889761, -0.025130423717190962, -0.010823072865605353, -0.002303849440068003, -0.00171760093265524, -0.006769040133803585, -0.01410396862775028, -0.03549191728239893, -0.07828448712824844, -0.16164764761921005, -0.1938566267482218, -0.2768216729161719, -0.29609987139701816, -0.3609767556191055, -0.3849243223665063, -0.3283696770668849, -0.3395884235699972, -0.35310125350952687, -0.36895555257797147, -0.3672931194305421, -0.3815391957759857, -0.38772474229335874, -0.38886177540156885, -0.39247965812523405, -0.3924983441790334, -0.3924942016603676, -0.39414894580841064, -0.3943726718425316, -0.39351674914860146, -0.39419236779212935], "Valid": []}, "acc_val": {"Train": [0.8188596491228071, 0.8003132832080201, 0.805952380952381, 0.8395363408521304, 0.8881578947368421, 0.9326441102756893, 0.912092731829574, 0.9453634085213033, 0.9420426065162907, 0.9554511278195489, 0.9398496240601504, 0.9537593984962406, 0.9509398496240602, 0.9617794486215538, 0.9567042606516291, 0.9697994987468672, 0.9708646616541353, 0.9704887218045113, 0.9726190476190476, 0.9747493734335839, 0.975375939849624, 0.9758145363408521, 0.9763157894736842, 0.9760651629072682, 0.9761904761904762, 0.9763784461152882, 0.9765037593984962, 0.9765037593984962, 0.9765664160401003, 0.9765037593984962], "Valid": []}, "f1_val": {"Train": [0.8188482987655868, 0.8003007707249826, 0.8059402218184096, 0.839526286108152, 0.8881508866470329, 0.9326398897174009, 0.9120872235102451, 0.9453634085213033, 0.9420389748731123, 0.9554483363619275, 0.9398420854743703, 0.9537536032084222, 0.950936775487186, 0.9617746584785061, 0.9567015477160222, 0.969803282796642, 0.9708628360172943, 0.9704868726110658, 0.9726173319130271, 0.9747477912149883, 0.9753743968920358, 0.9758145363408521, 0.9763157894736842, 0.9760621631783432, 0.9761874921669381, 0.9763769659753118, 0.9765022871107212, 0.9765022871107212, 0.9765664160401003, 0.9765022871107212], "Valid": []}}