{"roc_val": {"Train": [0.9109878314206568, 0.8728323785654613, 0.7715357708180226, 0.7726157734561969, 0.9533482437296249, 0.960950708538263, 0.9663684587408372, 0.9678359432415626, 0.965567686446693, 0.9736326562019083, 0.9722390562873349, 0.97436163246462, 0.977262022537547, 0.9803822369206224, 0.9778127649951949, 0.972683117568357, 0.9776567436762333, 0.9831432984089296, 0.9805895534575787, 0.9824843986532747, 0.9822168516529419, 0.9822233921269339, 0.9818329501699109, 0.9821566604481127, 0.9822194270136495, 0.9825049308735497, 0.9823036287460505, 0.9822003787664652, 0.9822755431812614, 0.982377136450148], "Valid": []}, "eer_val": {"Train": [0.15388471177968657, 0.209523809523986, 0.31353383458506917, 0.32305764411027577, 0.11817042606540659, 0.10463659147927805, 0.09561403508790521, 0.09035087719298239, 0.09699248120263912, 0.07756892230613358, 0.08045112781954689, 0.07844611528822086, 0.06992481202838176, 0.06441102756919209, 0.06691729323308357, 0.08170426065171867, 0.07167919799487174, 0.059398496240051925, 0.06365914786966899, 0.061403508771929856, 0.05989974937343719, 0.06090225563909805, 0.06228070175424787, 0.06165413533763137, 0.061654135338266386, 0.0607769423558932, 0.06152882205510717, 0.06165413533882618, 0.06127819548947014, 0.061528822055066774], "Valid": []}, "thres": {"Train": [-0.09118855744603384, -0.030038218945281414, -0.011258839629540184, -0.013206887265874281, -0.31314733624488283, -0.29313305020332736, -0.2951477468015272, -0.34997412562370295, -0.32408565282811264, -0.3879565298558532, -0.38110637664794766, -0.3872112631797797, -0.3878348469723282, -0.3621597588064369, -0.3629286289215101, -0.40336361527443015, -0.3851289749145499, -0.36725151538811746, -0.380723774433124, -0.4164935350418091, -0.37506487965584145, -0.38485261797905007, -0.3849495053290344, -0.3834664523594877, -0.37997490167609554, -0.3804509639740056, -0.37976422905921714, -0.38067528605486994, -0.3802721500404625, -0.38217407464973513], "Valid": []}, "acc_val": {"Train": [0.8461152882205514, 0.7904135338345865, 0.6865288220551379, 0.6769423558897243, 0.8817669172932331, 0.8953634085213033, 0.9043859649122807, 0.9097117794486216, 0.9030701754385965, 0.9223684210526316, 0.9196115288220551, 0.9214912280701755, 0.9301378446115288, 0.9356516290726817, 0.9330200501253133, 0.918233082706767, 0.9283208020050125, 0.9406015037593985, 0.9364035087719298, 0.9385338345864662, 0.9401629072681704, 0.9391604010025063, 0.9377192982456141, 0.9383458646616541, 0.9383458646616541, 0.9391604010025063, 0.9385338345864662, 0.9382832080200502, 0.9387844611528822, 0.9385338345864662], "Valid": []}, "f1_val": {"Train": [0.8461152882205513, 0.7904004010276334, 0.6865091797731687, 0.6769423558897243, 0.8817595087411492, 0.8953634085213033, 0.9043859649122808, 0.9097061219374649, 0.903064101760762, 0.9223635566138229, 0.9196064916348141, 0.9214863086659564, 0.9301334670092111, 0.9356556606728902, 0.9330158531236292, 0.9182279591453099, 0.9283118185236244, 0.9405940594059407, 0.9363995237796855, 0.9385299830816467, 0.9401591578419701, 0.9391565887586941, 0.9377192982456141, 0.9383381376112294, 0.9383381376112294, 0.9391565887586941, 0.9385299830816467, 0.9382793408108276, 0.938788296472652, 0.9385299830816467], "Valid": []}}