{"roc_val": {"Train": [0.7974522380512685, 0.8568268258365211, 0.943098896991853, 0.9494895603670832, 0.9771073517126148, 0.9765478545989033, 0.9807730243528622, 0.9850376096883813, 0.9862011466636516, 0.9884253239615329, 0.9888931445154239, 0.9876537835817614, 0.9896906897569739, 0.9890600247485882, 0.9889815076538463, 0.9891942104635021, 0.9892333276801025, 0.9891422164433642, 0.9891367359501511, 0.9891722963423596, 0.9891610291392641, 0.9891098359934924, 0.9891018586566668, 0.9891257278534684, 0.9891605580366958, 0.9891341448860246, 0.9889887155231436, 0.9890182536541855, 0.9890933631070158, 0.9890654895383824], "Valid": []}, "eer_val": {"Train": [0.29711779448626546, 0.19523809523808863, 0.12368421052634032, 0.11741854636539108, 0.06741854636577557, 0.07230576441135807, 0.05814536340885088, 0.05375939849624076, 0.04548872180470366, 0.04160401002506273, 0.038972431078556906, 0.04160401002565746, 0.03709273182966754, 0.037593984962622326, 0.038972431076938895, 0.03809523809407554, 0.03784461152822732, 0.038095238096598774, 0.0380952380952383, 0.038095238096048645, 0.03847117794436395, 0.038220551378459, 0.037969924812030195, 0.03847117794377616, 0.03822055137680653, 0.03834586466073728, 0.03897243107715151, 0.0384711779448625, 0.03834586466233933, 0.038471177944882015], "Valid": []}, "thres": {"Train": [-0.0021140770986678194, -3.0429484468186098e-05, -0.0018670897698030995, -0.011467480100673628, -0.06671756505965545, -0.18349361419690066, -0.18631441891202105, -0.24957998096942904, -0.2738355100156961, -0.27408711115519213, -0.29343309998593975, -0.3151419460781425, -0.3082437515261459, -0.31310734152808806, -0.3172675669163159, -0.315376937387092, -0.3127875626077045, -0.31155878305621443, -0.31420817971229587, -0.3162647783757802, -0.31464295089229555, -0.3146834373474134, -0.31314823031425476, -0.3141072988507206, -0.3138139843936508, -0.31601250171585493, -0.31403133273050116, -0.3149484694004071, -0.3177448213100694, -0.3162932991981528], "Valid": []}, "acc_val": {"Train": [0.7028195488721805, 0.8048245614035088, 0.8762531328320802, 0.8826441102756892, 0.9325814536340852, 0.9277568922305764, 0.9417919799498747, 0.9461779448621553, 0.9544486215538847, 0.9584586466165413, 0.9610902255639098, 0.9583959899749374, 0.962907268170426, 0.9624060150375939, 0.9609649122807018, 0.9619047619047619, 0.9620300751879699, 0.9618421052631579, 0.9618421052631579, 0.9619047619047619, 0.9615288220551379, 0.9617167919799499, 0.9619674185463659, 0.9614661654135338, 0.9617167919799499, 0.9616541353383459, 0.9609649122807018, 0.9614661654135338, 0.9617794486215538, 0.9614661654135338], "Valid": []}, "f1_val": {"Train": [0.702800927376402, 0.8048123315997243, 0.8762453787831317, 0.8826367566890156, 0.9325730041358566, 0.9277614184574902, 0.9417883326022933, 0.9461745723416253, 0.9544457672786515, 0.9584560436117551, 0.961092663366957, 0.9583959899749374, 0.962907268170426, 0.9624060150375939, 0.960957573478724, 0.9618999874671011, 0.9620205565304587, 0.9618397142678112, 0.9618397142678112, 0.9619047619047619, 0.9615288220551379, 0.9617143931324018, 0.9619650354032208, 0.9614589208497838, 0.9617095945353137, 0.961649329489911, 0.960957573478724, 0.9614637508615828, 0.9617842375642152, 0.9614637508615828], "Valid": []}}