{"roc_val": {"Train": [0.9110982892695398], "Valid": []}, "eer_val": {"Train": [0.1606516290726829], "Valid": []}, "thres": {"Train": [-0.07514634231726358], "Valid": []}, "acc_val": {"Train": [0.8394110275689223], "Valid": []}, "f1_val": {"Train": [0.8394009649727426], "Valid": []}}