{"roc_val": {"Train": [0.7549907349828204, 0.6809950628450826, 0.6708914359834423, 0.7494289844284898, 0.7611214439607792, 0.8103330459607666, 0.9120393873154062, 0.879263588168416, 0.9157282224986023, 0.9299641962047978, 0.9245846759756535, 0.9423385845566296, 0.9558506227975956, 0.9622003552113366, 0.9613519544475224, 0.9644182040313818, 0.9673945515417617, 0.9665173193007581, 0.9617344269194289, 0.9606556334445137, 0.9684246565662276, 0.9675633947022947, 0.9672455575027795, 0.9676176578664707, 0.9676665740164947, 0.9679289310368654, 0.9677343107141286, 0.967749582289056, 0.9676685919058295, 0.9677032964617056], "Valid": []}, "eer_val": {"Train": [0.3185463659148126, 0.38596491228260493, 0.39047619047619064, 0.31904761904771795, 0.3226817042613305, 0.26390977443608926, 0.15814536340707158, 0.20538847117794473, 0.15852130325865182, 0.1337092731829575, 0.1428571428560641, 0.12343358395981131, 0.10626566416110997, 0.0958646616532176, 0.09649122807017745, 0.09135338345864537, 0.08421052631578976, 0.08609022556330355, 0.09260651629072145, 0.0943609022556511, 0.0817042606516291, 0.08295739348365794, 0.08283208020050113, 0.08182957393368628, 0.08145363408521297, 0.08070175438690141, 0.081328320802005, 0.08095238095238104, 0.08095238095124732, 0.08120300751977257], "Valid": []}, "thres": {"Train": [-0.0871953889727597, -0.00891494378452206, -0.0002239569294033573, -2.680581019376789e-05, -5.740576307289444e-05, -0.0003629238635767251, -0.0019268030300733437, -0.008394518867135048, -0.02842958271503466, -0.03972987085580826, -0.06828442215905454, -0.09632539749143586, -0.12364614754922715, -0.1695704460136906, -0.2393938958644871, -0.2660830914974208, -0.275882333517075, -0.25256219506219585, -0.2613600790500627, -0.2815208037694397, -0.31682760268449783, -0.2978802323340559, -0.30339598655700667, -0.30529031157470654, -0.30892449617385864, -0.32298156619104507, -0.32271474599838257, -0.32291257381439215, -0.32465910911542994, -0.3245816826822937], "Valid": []}, "acc_val": {"Train": [0.681390977443609, 0.6139724310776943, 0.6094611528822055, 0.680952380952381, 0.6773809523809524, 0.7361528822055138, 0.8418546365914787, 0.7946741854636592, 0.8415413533834587, 0.8662280701754386, 0.8572055137844612, 0.8766290726817043, 0.893734335839599, 0.9041353383458647, 0.9035714285714286, 0.9087092731829574, 0.9157268170426065, 0.9139097744360902, 0.9073308270676692, 0.9056390977443609, 0.9184210526315789, 0.9170426065162908, 0.9172305764411027, 0.918233082706767, 0.918546365914787, 0.9192982456140351, 0.918734335839599, 0.918984962406015, 0.9191102756892231, 0.9187969924812031], "Valid": []}, "f1_val": {"Train": [0.6813710132213798, 0.6139482423710758, 0.6094366814963343, 0.680952380952381, 0.6774011653405176, 0.7361363493953256, 0.8418348163930317, 0.7946613196315558, 0.8415512812480421, 0.8662196879503729, 0.8571965662008898, 0.8766213421893603, 0.893734335839599, 0.9041233237247774, 0.9035653863023999, 0.9087035528541888, 0.9157215364371201, 0.9138989848351925, 0.9073134047753336, 0.9056390977443609, 0.9184108284246147, 0.917032209550069, 0.9172253900620339, 0.9182279591453099, 0.918546365914787, 0.9192982456140351, 0.9187292436869477, 0.9189798859577668, 0.9191052070931762, 0.9187969924812031], "Valid": []}}