{"roc_val": {"Train": [0.9130509230469658], "Valid": []}, "eer_val": {"Train": [0.1547619047619048], "Valid": []}, "thres": {"Train": [-0.07350665330886842], "Valid": []}, "acc_val": {"Train": [0.8451754385964912], "Valid": []}, "f1_val": {"Train": [0.8451657372015791], "Valid": []}}