{"roc_val": {"Train": [0.9062171013373032], "Valid": []}, "eer_val": {"Train": [0.16754385964804575], "Valid": []}, "thres": {"Train": [-0.1016640365121148], "Valid": []}, "acc_val": {"Train": [0.8324561403508772], "Valid": []}, "f1_val": {"Train": [0.832435142248402], "Valid": []}}