{"roc_val": {"Train": [0.9421642451994647], "Valid": []}, "eer_val": {"Train": [0.11641604010167189], "Valid": []}, "thres": {"Train": [-0.39855462312799955], "Valid": []}, "acc_val": {"Train": [0.8835213032581454], "Valid": []}, "f1_val": {"Train": [0.883514004636882], "Valid": []}}