{"roc_val": {"Train": [0.9074915594123152, 0.9112832441379137, 0.9127502575360708, 0.9041911482968072, 0.9116759159804273, 0.946927531862237, 0.9640018121745468, 0.9648469152203818, 0.9551469054842621, 0.9673696380676, 0.9611405079113823, 0.9763356700020728, 0.9651891398295236, 0.9753872777181047, 0.9752282963046716, 0.9787885754486467, 0.9751951934975283, 0.9800662684279622, 0.982921275620128, 0.984698871238246, 0.9859668673563609, 0.9865439287441662], "Valid": []}, "eer_val": {"Train": [0.16741854636591494, 0.1624060150385866, 0.15977443609022557, 0.17180451127819552, 0.16240601503766977, 0.11077694235587099, 0.09661654135338345, 0.09373433583960565, 0.11240601503720045, 0.09160401002506655, 0.09473684210592487, 0.06992481203008338, 0.09260651629072666, 0.07255639097695005, 0.07456140350729855, 0.06904761904690482, 0.07205513784461172, 0.06503759398428371, 0.05789473684206506, 0.0552631578965497, 0.05338345864661695, 0.05187969924826402], "Valid": []}, "thres": {"Train": [-0.07476413995027545, -0.04132770746947087, -0.02378072962164879, -0.013464539311826229, -0.006248251767829998, -0.004866181407123459, -0.012719536665827036, -0.033818237483502225, -0.0740888565777646, -0.11982750147581266, -0.15462721884251612, -0.27236472070217455, -0.17213298380374897, -0.2676365971561029, -0.29389938712042385, -0.27745181322076357, -0.28836303949356096, -0.31021595001181085, -0.3333301246165499, -0.35669302940688086, -0.38245937228202853, -0.3953202962876003], "Valid": []}, "acc_val": {"Train": [0.8325187969924812, 0.83765664160401, 0.8400375939849624, 0.8281954887218045, 0.837593984962406, 0.8892857142857142, 0.9034461152882205, 0.906203007518797, 0.887593984962406, 0.9083333333333333, 0.9052631578947369, 0.9301378446115288, 0.9074561403508772, 0.9274436090225564, 0.925501253132832, 0.930952380952381, 0.9278822055137844, 0.9347744360902256, 0.9421052631578948, 0.9446741854636591, 0.9465538847117795, 0.9481203007518797], "Valid": []}, "f1_val": {"Train": [0.832508302525221, 0.8376668128563373, 0.8399874647445941, 0.8281954887218045, 0.8375939849624059, 0.8892787768657184, 0.9034400651669904, 0.9061971301459991, 0.8875798972302293, 0.9083275894479604, 0.9052631578947369, 0.9301334670092111, 0.9074503415000941, 0.9274345156034591, 0.9254965849990602, 0.9309437272841208, 0.9278776865718403, 0.9347539956126605, 0.9420980072690814, 0.9446707187167116, 0.946550535747854, 0.9481203007518797], "Valid": []}}