{"roc_val": {"Train": [0.7709992713613609, 0.7801311706584757, 0.7480085944811905, 0.7249599248748437, 0.7488805817802652, 0.8317010178956162, 0.8613301659537312, 0.8731707322818324, 0.8859136092109975, 0.8887247724574595, 0.8913763183020207, 0.8938361254012224, 0.8987449592025175, 0.9017812388113139, 0.89745057348886, 0.9058900305274462, 0.9086286753852049, 0.908428441090194, 0.9094863411661988, 0.9098730771163498, 0.9102759169226324, 0.9103553134088355, 0.9103686220563941, 0.9103164003366813, 0.9103190385110644, 0.9103026834002299], "Valid": []}, "eer_val": {"Train": [0.30250626566541106, 0.291102756891658, 0.3220551378448005, 0.34736842105173166, 0.3274436090233987, 0.24423558897243144, 0.2117794486206545, 0.1971177944862156, 0.186466165412155, 0.18496240601503755, 0.18057644110275695, 0.17869674185470732, 0.17355889724289947, 0.16904761904732388, 0.17543859649122853, 0.16616541353277722, 0.16340852130325825, 0.1631578947368422, 0.1617794486215543, 0.1620300751883642, 0.16165413533749504, 0.1616541353383508, 0.16090225563964602, 0.16140350877313692, 0.16140350877235668, 0.16152882205517755], "Valid": []}, "thres": {"Train": [-0.22820454835917064, -0.13851852715014595, -0.0823613815009686, -0.05117869749657716, -0.03714345395565203, -0.0328047163784504, -0.05691149458276714, -0.0984835520386696, -0.146914958953827, -0.21015307307243347, -0.24935384094715118, -0.3042609095573511, -0.3179014921187935, -0.35007056593891295, -0.3830560445785524, -0.3640896975992968, -0.35520060062408454, -0.35486409068107605, -0.36232811212539695, -0.3669358193875987, -0.37021499872185204, -0.3738314211368578, -0.3746545314789817, -0.3756453990940712, -0.37634685635571463, -0.3767833411693794], "Valid": []}, "acc_val": {"Train": [0.6974937343358396, 0.7087719298245614, 0.6780075187969925, 0.6526315789473685, 0.6725563909774436, 0.7557017543859649, 0.7882205513784462, 0.8028822055137844, 0.8135338345864662, 0.8150375939849624, 0.8193609022556391, 0.8213032581453634, 0.8263157894736842, 0.831015037593985, 0.824498746867168, 0.8338345864661654, 0.8365914786967419, 0.8367794486215538, 0.8381578947368421, 0.83796992481203, 0.8383458646616542, 0.8384085213032582, 0.8390350877192982, 0.8387844611528822, 0.8385338345864661, 0.8384711779448621], "Valid": []}, "f1_val": {"Train": [0.6974937343358396, 0.7086989220355979, 0.6779873425653237, 0.652588043614488, 0.6725563909774436, 0.7556864465192056, 0.7881940092743451, 0.8028822055137844, 0.8135104649705477, 0.8150375939849624, 0.8193495833072247, 0.8213032581453633, 0.8262722486838806, 0.831004448900307, 0.8244877498590137, 0.8338137611229478, 0.8365914786967419, 0.8367692211291434, 0.8381477536186478, 0.83796992481203, 0.83832560471237, 0.8383983958894667, 0.8390250015665143, 0.8388147591304893, 0.8385237170248762, 0.8384711779448621], "Valid": []}}