{"roc_val": {"Train": [0.9107686116921376], "Valid": []}, "eer_val": {"Train": [0.1619047619047191], "Valid": []}, "thres": {"Train": [-0.09330327808856137], "Valid": []}, "acc_val": {"Train": [0.8381578947368421], "Valid": []}, "f1_val": {"Train": [0.8381477536186478], "Valid": []}}