{"roc_val": {"Train": [0.8480282865685518, 0.8486858672370149, 0.8574769552326933, 0.8736713494261972, 0.8804679932914996, 0.8697039591459853, 0.9150452022914428, 0.9236857965716296, 0.9330729235369125, 0.9393415634952043, 0.9422575392114373, 0.9199167561761548, 0.9358382563551737, 0.9424997487452967, 0.9455272187360633, 0.9479925534387347, 0.9505463219452138, 0.9516165256499645], "Valid": []}, "eer_val": {"Train": [0.23458646616559375, 0.2335839598994543, 0.22305764410973655, 0.20438596491228228, 0.1968671679197995, 0.21240601503759407, 0.1532581453626268, 0.14235588972431082, 0.13458646616431058, 0.1293233082696331, 0.12167919799500679, 0.14837092731827792, 0.1332080200505082, 0.12042606516221832, 0.1187969924808503, 0.11491228070174123, 0.11253132832015893, 0.10939849624060106], "Valid": []}, "thres": {"Train": [-0.1077977120876701, -0.05492420122027108, -0.025727149099089335, -0.011410065926611427, -0.007209728471934795, -0.008887345902621746, -0.019805368035998607, -0.04293319396674633, -0.07516319304688299, -0.1268843710421749, -0.17958457767964137, -0.23802539706229459, -0.2341897934676558, -0.3211556673047746, -0.34852737188333527, -0.3256529867649071, -0.37832286953914407, -0.3815167844295501], "Valid": []}, "acc_val": {"Train": [0.7654135338345864, 0.7664160401002507, 0.7769423558897243, 0.7956140350877193, 0.8031328320802005, 0.787531328320802, 0.8467418546365915, 0.8577067669172932, 0.8654135338345864, 0.8705513784461153, 0.8786340852130325, 0.8516917293233083, 0.8668546365914787, 0.8795739348370928, 0.881140350877193, 0.8851503759398496, 0.887468671679198, 0.8906641604010025], "Valid": []}, "f1_val": {"Train": [0.7654135338345864, 0.7663867652588043, 0.7769144003007896, 0.7956140350877193, 0.8031081589171576, 0.7875180149132152, 0.8467226469482392, 0.8576978507425277, 0.8653966662489034, 0.8705189270493857, 0.8786720952082681, 0.8516824362428724, 0.8668629785101184, 0.8795588419601454, 0.8811180046374633, 0.8851431793972052, 0.8874545682416344, 0.8906573093552228], "Valid": []}}