{"roc_val": {"Train": [0.9564292309721671], "Valid": []}, "eer_val": {"Train": [0.09335839599040036], "Valid": []}, "thres": {"Train": [-0.4577757716181633], "Valid": []}, "acc_val": {"Train": [0.906578947368421], "Valid": []}, "f1_val": {"Train": [0.9065730935522276], "Valid": []}}