{"roc_val": {"Train": [0.860706575335582, 0.8447943244703237, 0.8513375858191844, 0.8896492013241124, 0.9464405295821006, 0.9511600900748111, 0.9630847874699278, 0.9608500731779323, 0.9702151446913022, 0.9750296951652315, 0.9661627125457753, 0.9845917582175991, 0.9847270588752584, 0.9850243717062078, 0.9866844429369163, 0.988585608758739, 0.9902602841690694, 0.9903728227209629, 0.9906896470499558, 0.9908753713858582, 0.990893634462095, 0.9909086312271909, 0.9909318408803964, 0.9909572804190928, 0.9909374784077989, 0.9909414356693741, 0.9909380672860096, 0.9909587879473118, 0.9909707696559695, 0.9909609628708362], "Valid": []}, "eer_val": {"Train": [0.22243107769462303, 0.24097744360915926, 0.23421052631578945, 0.19085213032581444, 0.12030075187969479, 0.11453634085137443, 0.09686716791980092, 0.10275689223057645, 0.08383458646659747, 0.08220551378430813, 0.08872180451048056, 0.05864661654175216, 0.05388471177944865, 0.05513784461091279, 0.050125313284934386, 0.04686716791854236, 0.04423558897265391, 0.043233082705971135, 0.04235588972431079, 0.04122807017565757, 0.04135338345791087, 0.04110275689126165, 0.04085213032619119, 0.040977443608916406, 0.04110275689297578, 0.0412280701754142, 0.040977443609512346, 0.04110275689203192, 0.04097744360985982, 0.04072681704369226], "Valid": []}, "thres": {"Train": [-0.05414062365891671, -0.027743928755325057, -0.011585551624496778, -0.0023965351283550262, -0.0013853532727807693, -0.00650800205766462, -0.0179965700954199, -0.04148541018366814, -0.08189108967789266, -0.14738092571491873, -0.23267765343166272, -0.23882468044783106, -0.2908665239810944, -0.3500355780116005, -0.3685621619280234, -0.3758099377136056, -0.3781778812412587, -0.38995227217567063, -0.39959952235221863, -0.4033732116223957, -0.4042625129221122, -0.40692105889096347, -0.4067923426634509, -0.40687075257287864, -0.40801259875321966, -0.40774062275881007, -0.4080868661404807, -0.4071785807606199, -0.4086878597737687, -0.4075616300113875], "Valid": []}, "acc_val": {"Train": [0.7775062656641604, 0.7591478696741855, 0.7658521303258146, 0.8092105263157895, 0.8797619047619047, 0.8850250626566416, 0.9030701754385965, 0.8972431077694235, 0.9161654135338346, 0.9178571428571428, 0.9112781954887218, 0.9414160401002506, 0.9460526315789474, 0.9447994987468672, 0.949874686716792, 0.9531328320802005, 0.9557017543859649, 0.956766917293233, 0.9575814536340852, 0.9587092731829574, 0.9585839598997494, 0.9588345864661654, 0.9591478696741854, 0.9589598997493735, 0.9589598997493735, 0.9587719298245614, 0.9591478696741854, 0.9587719298245614, 0.9589598997493735, 0.9592731829573935], "Valid": []}, "f1_val": {"Train": [0.7774923240804562, 0.7591176839202908, 0.765837458487374, 0.8091985713390563, 0.8797543705745974, 0.8849601905836625, 0.903064101760762, 0.8972431077694235, 0.9161654135338346, 0.9178519957390813, 0.911267076074696, 0.9414197105444521, 0.946049251206216, 0.944789120762048, 0.949874686716792, 0.9531269582654468, 0.9556989786327464, 0.9567614989347036, 0.9575787956638888, 0.958706685882574, 0.9585761734661904, 0.9588268471517202, 0.9591478696741854, 0.9589521839944852, 0.9589624710231188, 0.9587667627522246, 0.9591529883473249, 0.9587615943845575, 0.9589573281533932, 0.9592731829573935], "Valid": []}}