{"roc_val": {"Train": [0.9118630222171971, 0.9147472299168975, 0.91527371059227, 0.9064853785466171, 0.9191655124653739, 0.9528301800868085, 0.9521602957895993, 0.9584999152015378, 0.9621762269081224, 0.9644815516234194, 0.9650301898229282, 0.9666998636943236, 0.9738806131871031, 0.968681431021162, 0.9705069534739105, 0.9738108978586819, 0.9704476966225087, 0.9752231298798373, 0.9779861150369658, 0.9790441799988693, 0.9805691704197839, 0.9815198396994993, 0.9819872048542408, 0.9821663180507659, 0.9823019327768041, 0.9823274508325953, 0.9824679493219265, 0.982523727866031, 0.9825480053517252, 0.9825165357001527], "Valid": []}, "eer_val": {"Train": [0.1591478696741806, 0.1578947368421053, 0.15426065162907507, 0.16879699248015748, 0.1513784461152882, 0.10175438596505766, 0.1141604010025063, 0.10288220551377503, 0.09411027568922305, 0.09223057644268756, 0.09197994987468669, 0.08997493734335835, 0.08408521303258144, 0.0837092731826899, 0.08909774436122447, 0.08045112781977318, 0.08471177944968099, 0.07531328320802001, 0.06929824561403515, 0.06942355889771612, 0.06641604010011531, 0.06428571428572197, 0.06215538847117813, 0.06140350877185339, 0.06115288220550177, 0.06077694235584829, 0.0609022556393827, 0.06052631578944238, 0.06077694235542661, 0.060776942355885474], "Valid": []}, "thres": {"Train": [-0.07343194447457764, -0.04039107263088227, -0.023190507665276586, -0.013425182551143569, -0.006418527569621801, -0.005858909338720445, -0.01705249585211277, -0.03044528514146721, -0.07862135022878647, -0.12646640837196643, -0.21704477071762085, -0.1792190670967102, -0.1966109201312065, -0.2570287585257304, -0.2367540001870149, -0.23697591573010882, -0.2667983770377511, -0.2925953865051269, -0.31230944395065313, -0.3308826684954874, -0.3679080605505221, -0.3850308656692527, -0.39423948526382485, -0.39809196194004, -0.4001227915286741, -0.40033516287796583, -0.39910030365045124, -0.40100663900371947, -0.4010998308658493, -0.40094545483589084], "Valid": []}, "acc_val": {"Train": [0.8408521303258145, 0.8420426065162907, 0.8456766917293234, 0.831265664160401, 0.8486215538847118, 0.8981829573934837, 0.8857769423558898, 0.8971804511278195, 0.905952380952381, 0.9077694235588972, 0.9080827067669173, 0.9100877192982456, 0.9159774436090226, 0.9162907268170426, 0.9109022556390978, 0.9195488721804511, 0.9152255639097744, 0.924749373433584, 0.9306390977443609, 0.930576441102757, 0.9335839598997494, 0.9356516290726817, 0.937781954887218, 0.9386591478696742, 0.9389097744360902, 0.9392857142857143, 0.9390350877192982, 0.9395363408521303, 0.9391604010025063, 0.9392857142857143], "Valid": []}, "f1_val": {"Train": [0.8408521303258145, 0.842032708816342, 0.845667021743217, 0.8312550911711261, 0.8486215538847118, 0.8981765774797918, 0.8857697850742529, 0.8971740083965161, 0.9059464878751802, 0.9077694235588972, 0.9080769471771415, 0.9100820853436932, 0.9159721787079391, 0.9162802356184986, 0.9109022556390979, 0.9195488721804511, 0.9152202518954822, 0.9247446581866032, 0.9306347515508492, 0.930576441102757, 0.9335756360446171, 0.9356475969672285, 0.9377858530167281, 0.9386553042170562, 0.9389059464878752, 0.9392819098941037, 0.9390312676232846, 0.9395325521649226, 0.9391489628376262, 0.9392819098941037], "Valid": []}}