{"roc_val": {"Train": [0.8793821489814762], "Valid": []}, "eer_val": {"Train": [0.2086466165417774], "Valid": []}, "thres": {"Train": [-0.12145889550451085], "Valid": []}, "acc_val": {"Train": [0.7913533834586466], "Valid": []}, "f1_val": {"Train": [0.7913533834586466], "Valid": []}}