{"roc_val": {"Train": [0.8654963929246675, 0.8749316430173177, 0.854982215878041, 0.8733187998190967, 0.9390476897130043, 0.949979734737847, 0.954195796508816, 0.9601957117103536, 0.9601825208384367, 0.9672463034151797, 0.9663680347485255, 0.9690343967688645, 0.9683944824467182, 0.9706825019943343, 0.9711690488753211, 0.9719652593262605, 0.971928905911395, 0.9719087819800126, 0.9721896376279043, 0.9721471127693921, 0.9722146845811269, 0.9723864407258748, 0.9723836847758494, 0.9723697087329852, 0.9723825462779757, 0.9723956507810881, 0.9723603730504206, 0.9723629248559997, 0.9723790444155501, 0.9723805048335123], "Valid": []}, "eer_val": {"Train": [0.2177944862151079, 0.20877192982456336, 0.23208020050057668, 0.20927318295739333, 0.12305764411027577, 0.10852130325815346, 0.09761904761905356, 0.09135338345780894, 0.09235588972472392, 0.08709273182923727, 0.08496240601501892, 0.08471177944848526, 0.08295739348392257, 0.07932330827016804, 0.07694235588972456, 0.0761904761904767, 0.07619047619045398, 0.07581453634084964, 0.07518796992478059, 0.07443609022606185, 0.07456140350877236, 0.07456140350778614, 0.07443609022474283, 0.07431077694232749, 0.07443609022556422, 0.07456140350877172, 0.07443609022555756, 0.0744360902274765, 0.07443609022556077, 0.0744360902248762], "Valid": []}, "thres": {"Train": [-0.13309161365028196, -0.06712155789136917, -0.04767159372566733, -0.03605007380247116, -0.024100543931126598, -0.03517344594001793, -0.05864922702312504, -0.10530966520290219, -0.14684867858895115, -0.20631095766998475, -0.2577642202377152, -0.29747715592377144, -0.33240514993669684, -0.34106859564754605, -0.34258560836315166, -0.34815669059753485, -0.3596849739551347, -0.36121574044227406, -0.36455211043356844, -0.3666930794716177, -0.3689557611942292, -0.37012499570768653, -0.37095013260740356, -0.3708345492680677, -0.3709058463573462, -0.3716814815998076, -0.37110757827758317, -0.3712028265004229, -0.37194308638572526, -0.3714718222614616], "Valid": []}, "acc_val": {"Train": [0.7821428571428571, 0.7911654135338346, 0.7679197994987469, 0.7907894736842105, 0.8768796992481203, 0.8914160401002507, 0.9023182957393484, 0.9085213032581454, 0.9075814536340853, 0.9129699248120301, 0.9150375939849624, 0.9153508771929825, 0.9171679197994987, 0.9206766917293233, 0.9230576441102757, 0.9237468671679198, 0.9238721804511278, 0.9242481203007519, 0.924874686716792, 0.9255639097744361, 0.9253759398496241, 0.9254385964912281, 0.9255639097744361, 0.9257518796992481, 0.925501253132832, 0.925501253132832, 0.9256265664160401, 0.925501253132832, 0.9256265664160401, 0.9255639097744361], "Valid": []}, "f1_val": {"Train": [0.7821018988531679, 0.7911523278400902, 0.7678907131219451, 0.7907763644338618, 0.8768719844601792, 0.8914092361676798, 0.9023121749483052, 0.908498370518927, 0.9075756626355035, 0.9129644714581114, 0.915026945732548, 0.9153455730308917, 0.9171782984588397, 0.9206667502193258, 0.9230576441102757, 0.9237420891033272, 0.9238674102387368, 0.9242433736449652, 0.9248699793220128, 0.9255639097744361, 0.9253712638636507, 0.925429251785938, 0.925554580774533, 0.9257472272698791, 0.9254965849990602, 0.9254965849990602, 0.9256219061344696, 0.9254965849990602, 0.9256219061344696, 0.925554580774533], "Valid": []}}