{"roc_val": {"Train": [0.8881755218246117], "Valid": []}, "eer_val": {"Train": [0.201378446115421], "Valid": []}, "thres": {"Train": [-0.19869724909468536], "Valid": []}, "acc_val": {"Train": [0.7986215538847118], "Valid": []}, "f1_val": {"Train": [0.7986215538847118], "Valid": []}}