{"window_size":{"0":125,"1":250,"2":500,"3":750,"4":1000,"5":125,"6":250,"7":500,"8":750,"9":1000,"10":125,"11":250,"12":500,"13":750,"14":1000,"15":125,"16":250,"17":500,"18":750,"19":1000},"step_width":{"0":62,"1":125,"2":250,"3":375,"4":500,"5":62,"6":125,"7":250,"8":375,"9":500,"10":62,"11":125,"12":250,"13":375,"14":500,"15":62,"16":125,"17":250,"18":375,"19":500},"Mean_EER":{"0":0.1456149027,"1":0.1214105123,"2":0.114042838,"3":0.1318585859,"4":0.0675609756,"5":0.1492779426,"6":0.1846440452,"7":0.1243105756,"8":0.1168484848,"9":0.0922764228,"10":0.1978569074,"11":0.1685296075,"12":0.1198661312,"13":0.1972525253,"14":0.1934688347,"15":0.1440652819,"16":0.1281969395,"17":0.097188755,"18":0.0843838384,"19":0.1215718157},"median_n_estimators":{"0":100,"1":100,"2":100,"3":100,"4":100,"5":100,"6":100,"7":100,"8":100,"9":150,"10":100,"11":100,"12":100,"13":100,"14":100,"15":100,"16":100,"17":100,"18":100,"19":100},"median_max_samples":{"0":0.7,"1":0.8,"2":0.3,"3":0.6,"4":0.6,"5":0.7,"6":0.7,"7":0.6,"8":0.7,"9":0.6,"10":0.7,"11":0.7,"12":0.6,"13":0.7,"14":0.6,"15":0.8,"16":0.8,"17":0.3,"18":0.6,"19":0.7},"median_contamination":{"0":0.0510693878,"1":0.0531081633,"2":0.0551469388,"3":0.0520887755,"4":0.0510693878,"5":0.0490306122,"6":0.0490306122,"7":0.0490306122,"8":0.0510693878,"9":0.0551469388,"10":0.0531081633,"11":0.0510693878,"12":0.05005,"13":0.054127551,"14":0.054127551,"15":0.0551469388,"16":0.0510693878,"17":0.0490306122,"18":0.0531081633,"19":0.0490306122},"median_max_features":{"0":0.5,"1":0.6,"2":0.5,"3":0.5,"4":0.6,"5":0.7,"6":0.6,"7":0.65,"8":0.5,"9":0.6,"10":0.6,"11":0.4,"12":0.6,"13":0.5,"14":0.5,"15":0.6,"16":0.6,"17":0.6,"18":0.5,"19":0.6},"Gini_coef":{"0":0.5836534712,"1":0.621159092,"2":0.5094299018,"3":0.6449874879,"4":0.6742746356,"5":0.5772584936,"6":0.4980157586,"7":0.6013903846,"8":0.6819233134,"9":0.6642290749,"10":0.4822925809,"11":0.5121805501,"12":0.5874171692,"13":0.49799035,"14":0.6180495245,"15":0.5769022644,"16":0.5821465643,"17":0.5682369146,"18":0.6601840768,"19":0.6794768911},"scnn_archi_name":{"0":"SCNN_3_1_conv_1_dense_arg_dict_default","1":"SCNN_3_1_conv_1_dense_arg_dict_default","2":"SCNN_3_1_conv_1_dense_arg_dict_default","3":"SCNN_3_1_conv_1_dense_arg_dict_default","4":"SCNN_3_1_conv_1_dense_arg_dict_default","5":"SCNN_3_2_conv_1_dense_arg_dict_default","6":"SCNN_3_2_conv_1_dense_arg_dict_default","7":"SCNN_3_2_conv_1_dense_arg_dict_default","8":"SCNN_3_2_conv_1_dense_arg_dict_default","9":"SCNN_3_2_conv_1_dense_arg_dict_default","10":"SCNN_1_3_conv_1_dense_arg_dict_default","11":"SCNN_1_3_conv_1_dense_arg_dict_default","12":"SCNN_1_3_conv_1_dense_arg_dict_default","13":"SCNN_1_3_conv_1_dense_arg_dict_default","14":"SCNN_1_3_conv_1_dense_arg_dict_default","15":"SCNN_3_123_conv_1_dense_arg_dict_default","16":"SCNN_3_123_conv_1_dense_arg_dict_default","17":"SCNN_3_123_conv_1_dense_arg_dict_default","18":"SCNN_3_123_conv_1_dense_arg_dict_default","19":"SCNN_3_123_conv_1_dense_arg_dict_default"},"cut_off_freq":{"0":33,"1":33,"2":33,"3":33,"4":33,"5":33,"6":33,"7":33,"8":33,"9":33,"10":33,"11":33,"12":33,"13":33,"14":33,"15":33,"16":33,"17":33,"18":33,"19":33}}