{"window_size":{"0":125,"1":250,"2":500,"3":750,"4":1000,"5":125,"6":250,"7":500,"8":750,"9":1000,"10":125,"11":250,"12":500,"13":750,"14":1000,"15":125,"16":250,"17":500,"18":750,"19":1000},"step_width":{"0":62,"1":125,"2":250,"3":375,"4":500,"5":62,"6":125,"7":250,"8":375,"9":500,"10":62,"11":125,"12":250,"13":375,"14":500,"15":62,"16":125,"17":250,"18":375,"19":500},"Mean_EER":{"0":0.1541477085,"1":0.1203060546,"2":0.0921151272,"3":0.0844242424,"4":0.0902710027,"5":0.1722749753,"6":0.1483233533,"7":0.1225435074,"8":0.1294141414,"9":0.127398374,"10":0.1848104187,"11":0.1456154358,"12":0.1671352075,"13":0.1266868687,"14":0.1297560976,"15":0.1585525882,"16":0.1145442448,"17":0.0906559572,"18":0.09,"19":0.0901084011},"median_n_estimators":{"0":100,"1":100,"2":100,"3":100,"4":100,"5":100,"6":50,"7":100,"8":100,"9":150,"10":75,"11":100,"12":150,"13":100,"14":100,"15":50,"16":100,"17":100,"18":100,"19":150},"median_max_samples":{"0":0.7,"1":0.8,"2":0.7,"3":0.8,"4":0.8,"5":0.6,"6":0.9,"7":0.7,"8":0.7,"9":0.7,"10":0.7,"11":0.8,"12":0.5,"13":0.6,"14":0.6,"15":0.8,"16":0.8,"17":0.7,"18":0.7,"19":0.8},"median_contamination":{"0":0.0469918367,"1":0.0480112245,"2":0.0490306122,"3":0.0490306122,"4":0.0531081633,"5":0.0490306122,"6":0.0531081633,"7":0.0490306122,"8":0.054127551,"9":0.0490306122,"10":0.0531081633,"11":0.0531081633,"12":0.0531081633,"13":0.0520887755,"14":0.0531081633,"15":0.0490306122,"16":0.0551469388,"17":0.0551469388,"18":0.0490306122,"19":0.0561663265},"median_max_features":{"0":0.4,"1":0.5,"2":0.6,"3":0.5,"4":0.6,"5":0.5,"6":0.5,"7":0.5,"8":0.6,"9":0.5,"10":0.6,"11":0.5,"12":0.6,"13":0.6,"14":0.6,"15":0.6,"16":0.6,"17":0.6,"18":0.6,"19":0.5},"Gini_coef":{"0":0.5369872878,"1":0.6040654303,"2":0.685744966,"3":0.7064874638,"4":0.6915474165,"5":0.5222086127,"6":0.5676634918,"7":0.591646639,"8":0.6198841364,"9":0.6395258692,"10":0.4957785984,"11":0.5878440809,"12":0.5947946425,"13":0.6122202732,"14":0.5261115752,"15":0.5269010469,"16":0.6489647873,"17":0.6707291462,"18":0.6183489213,"19":0.654566416},"scnn_archi_name":{"0":"SCNN_3_1_conv_1_dense_arg_dict_default","1":"SCNN_3_1_conv_1_dense_arg_dict_default","2":"SCNN_3_1_conv_1_dense_arg_dict_default","3":"SCNN_3_1_conv_1_dense_arg_dict_default","4":"SCNN_3_1_conv_1_dense_arg_dict_default","5":"SCNN_3_2_conv_1_dense_arg_dict_default","6":"SCNN_3_2_conv_1_dense_arg_dict_default","7":"SCNN_3_2_conv_1_dense_arg_dict_default","8":"SCNN_3_2_conv_1_dense_arg_dict_default","9":"SCNN_3_2_conv_1_dense_arg_dict_default","10":"SCNN_1_3_conv_1_dense_arg_dict_default","11":"SCNN_1_3_conv_1_dense_arg_dict_default","12":"SCNN_1_3_conv_1_dense_arg_dict_default","13":"SCNN_1_3_conv_1_dense_arg_dict_default","14":"SCNN_1_3_conv_1_dense_arg_dict_default","15":"SCNN_3_123_conv_1_dense_arg_dict_default","16":"SCNN_3_123_conv_1_dense_arg_dict_default","17":"SCNN_3_123_conv_1_dense_arg_dict_default","18":"SCNN_3_123_conv_1_dense_arg_dict_default","19":"SCNN_3_123_conv_1_dense_arg_dict_default"},"cut_off_freq":{"0":33,"1":33,"2":33,"3":33,"4":33,"5":33,"6":33,"7":33,"8":33,"9":33,"10":33,"11":33,"12":33,"13":33,"14":33,"15":33,"16":33,"17":33,"18":33,"19":33}}