{"('', 'scnn_archi_name')":{"0":"SCNN_1_3_conv_1_dense_arg_dict_default","1":"SCNN_3_1_conv_1_dense_arg_dict_default","2":"SCNN_3_123_conv_1_dense_arg_dict_default","3":"SCNN_3_2_conv_1_dense_arg_dict_default"},"('', 'cut_off_freq')":{"0":33,"1":33,"2":33,"3":33},"('', 'SMA_winsize')":{"0":20,"1":20,"2":20,"3":20},"('Window Size', 125)":{"0":0.1280811078,"1":0.1375469832,"2":0.1311341906,"3":0.1396406198},"('Window Size', 250)":{"0":0.0986759814,"1":0.0934464405,"2":0.10083167,"3":0.0864337991},"('Window Size', 500)":{"0":0.0916733601,"1":0.0783801874,"2":0.0890495315,"3":0.1194912985},"('Window Size', 750)":{"0":0.1080606061,"1":0.1699393939,"2":0.1396161616,"3":0.1835757576},"('Window Size', 1000)":{"0":0.0820596206,"1":0.1091598916,"2":0.1282113821,"3":0.1016260163},"('', 'mean')":{"0":0.1017101352,"1":0.1176945793,"2":0.1177685872,"3":0.1261534983},"('', 'var')":{"0":0.0003079606,"1":0.0013325183,"2":0.0004691628,"3":0.0014257138}}