{"roc_val": {"Train": [0.7003471397792729, 0.7050364005251224, 0.700282551617138, 0.7001483973090621, 0.7168725934510461, 0.8135525530618527, 0.7622959576258944, 0.8255510957845741, 0.811039974623275, 0.8233329485995691, 0.8427408511881208, 0.8780351332592131, 0.8804916112335978, 0.8877456407308999, 0.8928098834178178, 0.8766704825974712, 0.8746237146751591, 0.8887762168579343, 0.9095677398383175, 0.9165117288836125, 0.9227418405035145], "Valid": []}, "eer_val": {"Train": [0.36328320802022884, 0.35325814536468525, 0.365413533835607, 0.3685463659147889, 0.36353383458487687, 0.22694235588972453, 0.29899749373493983, 0.2517543859653068, 0.2665413533835435, 0.2581453634085214, 0.23170426065259236, 0.2017543859659709, 0.19072681704278688, 0.1901002506265665, 0.1843358395990146, 0.20238095238095158, 0.20250626566564336, 0.187218045113612, 0.16265664160401216, 0.15501253132748527, 0.14812030075215063], "Valid": []}, "thres": {"Train": [-0.0877886876464268, -0.002002939814716808, -0.00010524348181220764, -2.708953979890844e-05, -1.5526151400972996e-05, -9.739478628034706e-07, -0.0004386788932607747, -0.014288239181046927, -0.017244087532163686, -0.040909977008899055, -0.043418046087080976, -0.10518816113502882, -0.16775946319108168, -0.1162567436695099, -0.16002067923545943, -0.13270808756351463, -0.11694774776721384, -0.14388506114483068, -0.18444886803627203, -0.20606686174856503, -0.23873952031141563], "Valid": []}, "acc_val": {"Train": [0.6367794486215539, 0.6467418546365915, 0.6346491228070176, 0.6313909774436091, 0.6364661654135338, 0.7731203007518797, 0.7010651629072682, 0.7482456140350877, 0.7333959899749374, 0.7418546365914787, 0.768671679197995, 0.7981829573934837, 0.8092105263157895, 0.8098370927318296, 0.8157268170426065, 0.7976817042606517, 0.7975563909774436, 0.812844611528822, 0.837280701754386, 0.8449248120300752, 0.8519423558897243], "Valid": []}, "f1_val": {"Train": [0.6367566890156025, 0.6467418546365915, 0.6346720130317649, 0.6313678801929945, 0.636420604085725, 0.7730776461740929, 0.7010838919867176, 0.7482456140350877, 0.7333792844163167, 0.7418546365914787, 0.7687586120506076, 0.7981703114230214, 0.8091985713390563, 0.8098251770161037, 0.8157152703803496, 0.7976690268813835, 0.7975690746193848, 0.8128563373222228, 0.8372705056707813, 0.8448956570783983, 0.8519516321032516], "Valid": []}}