{"roc_val": {"Train": [0.8103665099465456, 0.8304974372020275, 0.8481285764536655, 0.8597238082675361, 0.8082244144195073, 0.795948855534827, 0.8039436310073429, 0.8200793179691082, 0.8311310780083039, 0.8384433357830667, 0.8494227344677483, 0.8603335798770109, 0.8617497534563225, 0.8665237262956892, 0.8723530317020621, 0.8722219160055528, 0.8760695912714116, 0.8747114339734048, 0.8749514764354496, 0.8748900446605234, 0.8743396241229642, 0.8744444601478635, 0.8744313163862037, 0.8744257024139297, 0.8744125350971415, 0.8744306725460267, 0.8745047141663683, 0.8745307739901131, 0.8745443260406657, 0.8745391282089937], "Valid": []}, "eer_val": {"Train": [0.2785714285713619, 0.25751879699205704, 0.23320802005086655, 0.21879699248156495, 0.2711779448621554, 0.2882205513784462, 0.278696741853418, 0.2586466165413501, 0.25087719298232725, 0.24072681704260662, 0.2322055137853901, 0.21979949874629787, 0.21641604010025067, 0.21503759398348993, 0.20588972431093966, 0.2042606516290727, 0.20100250626575092, 0.20275689223057286, 0.2021303258130815, 0.20225563909787697, 0.2032581453633898, 0.2030075187970692, 0.2028822055137844, 0.20313283207963223, 0.2031328320799557, 0.2030075187971764, 0.20288220551349792, 0.2030075187966569, 0.20263157894737313, 0.20288220551390745], "Valid": []}, "thres": {"Train": [-0.17910124361512003, -0.1516474187373428, -0.09800162911417312, -0.03967630490661993, -0.008550586178898811, -0.012742235946158571, -0.015561726875586372, -0.0292260721325874, -0.05489541962742029, -0.07631385326385498, -0.11174289137139229, -0.13036519289014978, -0.16229508817195892, -0.18050920963281644, -0.19678036868578405, -0.17903614044189453, -0.18652264773848978, -0.19361647963523856, -0.19673895835859356, -0.19810719788075248, -0.2009812891483139, -0.20245252549651457, -0.20315021276474, -0.20322293043125209, -0.20346000790596006, -0.20353724062446574, -0.20346142724148947, -0.2033632993697613, -0.2035688012838375, -0.20343191549185577], "Valid": []}, "acc_val": {"Train": [0.7214285714285714, 0.7423558897243108, 0.7668546365914787, 0.781203007518797, 0.7288847117794486, 0.7117794486215538, 0.7213032581453634, 0.7414160401002506, 0.7491854636591478, 0.7592105263157894, 0.7677944862155388, 0.7802005012531328, 0.7835213032581454, 0.7849624060150376, 0.7941102756892231, 0.7956766917293233, 0.7989974937343358, 0.7973057644110275, 0.7978696741854636, 0.7977443609022556, 0.7968045112781955, 0.7971177944862156, 0.7971177944862156, 0.7968671679197995, 0.7968045112781955, 0.7969298245614035, 0.7971177944862156, 0.7970551378446116, 0.7973057644110275, 0.7971804511278195], "Valid": []}, "f1_val": {"Train": [0.7213936583531771, 0.7422913010779644, 0.766869243781718, 0.781203007518797, 0.7288677235415754, 0.7117794486215538, 0.721268329364582, 0.7413998370825239, 0.7491697474779122, 0.7591954383106712, 0.7677944862155388, 0.7801729540042611, 0.7835077385801115, 0.7849354555708735, 0.7941102756892231, 0.7956638887148317, 0.7989974937343358, 0.797293063475155, 0.797844341396165, 0.7977443609022556, 0.7967917789335172, 0.7971432151359479, 0.7971177944862156, 0.7968417094874045, 0.7967663094566647, 0.7969171000689267, 0.7971177944862156, 0.7970424212043361, 0.797293063475155, 0.7971677423397456], "Valid": []}}