{"roc_val": {"Train": [0.8901536579544098, 0.9015074654053681, 0.9033318179534049, 0.9268500668965647, 0.9516530675058574, 0.9602218264960648, 0.9647809687125082, 0.9667937858430538, 0.9678064522207774, 0.9709903204125603, 0.9712300566579355, 0.9736435072644015, 0.9750399652012235, 0.9773124069572428, 0.9773633017380543, 0.9774630498552146, 0.9776050637244741, 0.9775759731408722, 0.977822273415368, 0.977875060458163, 0.9779291587364402, 0.977926127976583, 0.9779093881319841, 0.9779138479029654, 0.9779276198013833, 0.9779393973655944, 0.9779278082424107, 0.9779208908863638, 0.977950798047751, 0.9779524154999026], "Valid": []}, "eer_val": {"Train": [0.19461152882223193, 0.18220551378446118, 0.17744360902255635, 0.14285714285601336, 0.10375939849633141, 0.09285714285822472, 0.08433583959742544, 0.08120300751875734, 0.08020050125297086, 0.07731829573880727, 0.07644110275686891, 0.074937343358282, 0.07330827067670703, 0.07017543859649174, 0.06967418546365996, 0.06929824561403514, 0.06954887218017065, 0.06917293232986112, 0.06929824561543693, 0.06879699248047333, 0.06879699248120295, 0.06879699248120102, 0.06879699248070971, 0.06879699248120302, 0.06879699248117603, 0.06867167919799515, 0.06879699248119452, 0.06879699248112733, 0.0687969924819314, 0.06879699248119614], "Valid": []}, "thres": {"Train": [-0.13097065687185974, -0.06443241238594055, -0.041965469717979424, -0.02979489229616587, -0.02269532158971602, -0.03636662662032486, -0.06016690283999448, -0.09721570461988062, -0.15235757827752697, -0.20403832197180588, -0.24309274554251026, -0.29354541500403636, -0.31168525417646276, -0.3184446692466743, -0.3288755019505828, -0.33873018622398376, -0.34424802660937315, -0.3470495045183473, -0.3502835333351948, -0.35303649306270246, -0.3543097674846647, -0.35533607006072143, -0.35554704070037024, -0.35576993227005005, -0.3559598326681615, -0.35604140162467984, -0.3556033372878668, -0.3558692634104577, -0.3567233979706366, -0.35538184642791115], "Valid": []}, "acc_val": {"Train": [0.8053884711779449, 0.8177944862155389, 0.8226190476190476, 0.8571428571428571, 0.8963659147869674, 0.9070802005012532, 0.9157268170426065, 0.9187969924812031, 0.9198621553884712, 0.9226817042606517, 0.9236215538847118, 0.925125313283208, 0.9266917293233082, 0.9297619047619048, 0.9303884711779449, 0.9306390977443609, 0.9304511278195489, 0.9307017543859649, 0.9306390977443609, 0.931203007518797, 0.931265664160401, 0.931265664160401, 0.931265664160401, 0.9311403508771929, 0.931265664160401, 0.931265664160401, 0.931265664160401, 0.931265664160401, 0.931203007518797, 0.931265664160401], "Valid": []}, "f1_val": {"Train": [0.8053884711779449, 0.8177944862155389, 0.8226079328278715, 0.8571249530016293, 0.8963788998872322, 0.9070743780938655, 0.9157215364371201, 0.9187868153903997, 0.9198571339056332, 0.9226720140368467, 0.9236167679679178, 0.9251206215928317, 0.9266917293233082, 0.9297575036029827, 0.93038410928003, 0.9306347515508492, 0.9304424113297406, 0.9306843820506392, 0.9306347515508492, 0.931194385261311, 0.9312613572278965, 0.9312613572278965, 0.9312613572278965, 0.931136036092487, 0.9312613572278965, 0.9312613572278965, 0.9312613572278965, 0.9312613572278965, 0.931203007518797, 0.9312613572278965], "Valid": []}}