{"roc_val": {"Train": [0.8817589713632453, 0.8302439212065252, 0.8365211352315627, 0.8621293993128184, 0.9847942381015194, 0.9841890911489248, 0.9835711616133065, 0.9840956479544726, 0.9847209659487062, 0.9843211569022808, 0.986220642458276, 0.9854400412057712, 0.9891444306254357, 0.9862043423094077, 0.9884680058542346, 0.98798694731817, 0.986853961344464, 0.9886224175727538, 0.9898143463294828, 0.9898078529657476, 0.9908954717621121, 0.99096269809863, 0.9909516585951094, 0.9907724982883275, 0.9907332397409564, 0.9909027424450852, 0.9907181173485092, 0.9910086777093108, 0.9908687602464809, 0.9908236914340991], "Valid": []}, "eer_val": {"Train": [0.21102756892230817, 0.25952380952380955, 0.23107769423450858, 0.2016290726816995, 0.056390977443615105, 0.055639097744374255, 0.05401002506169836, 0.052506265664371915, 0.05150375939849633, 0.052506265663900556, 0.04674185463532736, 0.05375939849684497, 0.04122807017545346, 0.04837092731807062, 0.04423558897349341, 0.043483709272528044, 0.044360902255639, 0.041729323308271254, 0.04185463659147867, 0.03947368421038786, 0.036340852130996845, 0.036340852131163705, 0.035463659148687196, 0.036716791980256194, 0.03671679197938356, 0.03634085213032467, 0.036466165413533876, 0.03671679197910922, 0.03659147869674187, 0.03709273183047247], "Valid": []}, "thres": {"Train": [-0.20276085370116836, -0.09518281370401382, -0.23257321119253666, -0.23264402151107658, -0.39532474676768936, -0.3385591357946449, -0.3349271714677114, -0.3447156250486027, -0.32789302865664177, -0.335443854331734, -0.3195603787874392, -0.33139938116132656, -0.3565495014190941, -0.36485201120370475, -0.36717471480393293, -0.3487195670600636, -0.3131380975246427, -0.33843898773193415, -0.3432442843914032, -0.32688289880742954, -0.3310632705696094, -0.3408872485172151, -0.3451169729236807, -0.3357503116136462, -0.3358749151221264, -0.33686726291974206, -0.3355134725570679, -0.33372625708417275, -0.3379688858985901, -0.3347222208993604], "Valid": []}, "acc_val": {"Train": [0.7890350877192982, 0.7403508771929824, 0.768984962406015, 0.7984335839598997, 0.943609022556391, 0.9443609022556391, 0.9459899749373434, 0.9474937343358396, 0.9485588972431078, 0.9474937343358396, 0.9533208020050126, 0.9463032581453634, 0.9590852130325814, 0.9516290726817043, 0.9557017543859649, 0.9565162907268171, 0.9557017543859649, 0.9582080200501253, 0.9582706766917293, 0.9605889724310777, 0.9637844611528822, 0.9637844611528822, 0.9645989974937343, 0.9632832080200501, 0.9632832080200501, 0.9637218045112782, 0.9634711779448621, 0.9632205513784461, 0.9633458646616542, 0.9630952380952381], "Valid": []}, "f1_val": {"Train": [0.7890218685381288, 0.7402857859112559, 0.768970486872611, 0.7984209536938406, 0.943609022556391, 0.9443609022556391, 0.9459832059155282, 0.9474937343358396, 0.9485556739144055, 0.947487153778669, 0.9533178770599661, 0.9463066223920807, 0.9590980269339179, 0.9516230104023061, 0.9556989786327464, 0.9565108409575135, 0.9556989786327464, 0.9582054013409361, 0.9582654467978444, 0.9605865029137164, 0.9637889988723218, 0.9637889988723218, 0.9646012154626904, 0.9632832080200501, 0.9632786063416467, 0.9637195312989535, 0.9634688890281345, 0.9632136366484929, 0.9633435678927252, 0.963102173776859], "Valid": []}}