{"roc_val": {"Train": [0.7530468727749773, 0.8215641398417919, 0.8441493706745558, 0.8694757623818067, 0.8638737219469128, 0.8952404057017544, 0.9039874651116427, 0.8748641690340909, 0.8971867354821714, 0.8862492118969298, 0.9277604380268853, 0.9275551712199535, 0.9269647769993166, 0.9271142553649748, 0.9242916163811519, 0.9246416360503532, 0.9185982365359421, 0.9145236929326157, 0.941086548046252], "Valid": []}, "eer_val": {"Train": [0.3183313397119456, 0.25182416267966384, 0.22362440191405378, 0.20836309523806043, 0.21470238095238092, 0.18077153110128621, 0.17144138755988703, 0.20143540669824897, 0.17452380952380953, 0.1924107142857144, 0.13824760765516345, 0.13902511961551106, 0.1399521531110473, 0.1398624401908598, 0.14309210526194693, 0.14333133971309947, 0.15299043062125164, 0.16106459330149217, 0.12380952380952383], "Valid": []}, "thres": {"Train": [-0.005645113531494862, -0.02112469449639501, -0.1536544859409396, -0.33964800025734654, -0.42493879397710166, -0.4812099337583326, -0.44411575794223257, -0.5264602899550844, -0.4271359855220431, -0.506346834557397, -0.28334903717020055, -0.2752304673188002, -0.25045257806791005, -0.33613845705968354, -0.2964836060992509, -0.3325991034509332, -0.35371029376960794, -0.34423726797104787, -0.3025604316166469], "Valid": []}, "acc_val": {"Train": [0.6816825775656324, 0.748195107398568, 0.7763723150357995, 0.7916467780429595, 0.7853072792362769, 0.8192422434367542, 0.8285501193317423, 0.7985680190930787, 0.8254773269689738, 0.8075775656324582, 0.8617541766109785, 0.8609785202863962, 0.8600835322195705, 0.8601133651551313, 0.8569212410501194, 0.8567124105011933, 0.8470167064439141, 0.8389319809069212, 0.8761933174224343], "Valid": []}, "f1_val": {"Train": [0.682194555310657, 0.7486487693750837, 0.7767851825382645, 0.7920376380907006, 0.7857068413608279, 0.819597451319002, 0.8288870362651105, 0.7989458952446178, 0.8258202822604657, 0.8079442591710339, 0.8620340597832559, 0.8612599738001666, 0.8603751116403692, 0.8603924137315032, 0.8572109086578541, 0.8570110151830903, 0.8473218804894751, 0.8392532825200227, 0.8764513247990473], "Valid": []}}