{"roc_val": {"Train": [0.9374892196028919], "Valid": []}, "eer_val": {"Train": [0.12694235588972286], "Valid": []}, "thres": {"Train": [-0.4641703069210028], "Valid": []}, "acc_val": {"Train": [0.8731203007518797], "Valid": []}, "f1_val": {"Train": [0.8731123503978947], "Valid": []}}