{"roc_val": {"Train": [0.7986563762162298, 0.7513202806515035, 0.7562878295362466, 0.8450343512289495, 0.7855759542967695, 0.8243219891834851, 0.9104329118535689, 0.9408153215117996, 0.9490902459783542, 0.9715000376882055, 0.960644531127317, 0.9677574575536587, 0.9761214047022319, 0.9827903405129366, 0.9821016827783746, 0.9818365462528501, 0.9801276059823744, 0.9812571215004932, 0.9812336605925841, 0.9835720095979297, 0.9837957833179439, 0.9839432227184501, 0.984273324288164, 0.9842536007939648, 0.9843371743896082, 0.9842593953555568, 0.9842873631447039], "Valid": []}, "eer_val": {"Train": [0.2901002506254373, 0.33959899749373434, 0.30651629072682074, 0.22982456140380783, 0.28421052631561067, 0.2479949874673819, 0.17067669172932332, 0.12719298245714256, 0.11315789473716426, 0.08132832080013364, 0.10288220551378625, 0.08132832080203156, 0.07017543859637831, 0.055388471177874245, 0.05902255639117681, 0.0586466165413536, 0.06015037594070273, 0.060526315789174674, 0.05789473684210523, 0.05601503759362915, 0.05451127819548067, 0.0540100250626567, 0.052882205513784405, 0.05338345864652468, 0.05313283208019965, 0.05313283207999627, 0.05300751879721636], "Valid": []}, "thres": {"Train": [-0.06256389617908631, -0.002012610621750355, -9.462775778956744e-05, -8.193334360841176e-05, -0.0003367912431712164, -0.0009201467619247438, -0.0012123767519369721, -0.010345070622880908, -0.02949874661863806, -0.07315208017807956, -0.11631064862012863, -0.2218331396579861, -0.257054626941638, -0.24464528759315668, -0.2694970667363368, -0.266727238893509, -0.312740713358619, -0.2935950160023329, -0.36664749681949615, -0.31670860946159896, -0.326934683322902, -0.3310959339141846, -0.3332431316375732, -0.3329980671405502, -0.3345733582973471, -0.33339616656246207, -0.33408463001284366], "Valid": []}, "acc_val": {"Train": [0.7096491228070175, 0.6605889724310777, 0.6934837092731829, 0.7702380952380953, 0.7157894736842105, 0.7520050125313283, 0.8293233082706767, 0.8728696741854637, 0.8868421052631579, 0.918734335839599, 0.8970551378446115, 0.918671679197995, 0.9298872180451128, 0.9446741854636591, 0.9409774436090226, 0.9412907268170426, 0.9400375939849624, 0.9393483709273183, 0.9421679197994988, 0.944047619047619, 0.9454887218045113, 0.9459273182957394, 0.9471804511278196, 0.9465538847117795, 0.9469298245614035, 0.9469298245614035, 0.9469298245614035], "Valid": []}, "f1_val": {"Train": [0.7095399272909615, 0.660525161371185, 0.6934837092731829, 0.7702524904454608, 0.7157538538663992, 0.7519739315703722, 0.8293019175335256, 0.8728776392456613, 0.886842105263158, 0.9187292436869477, 0.8970486872611066, 0.918671679197995, 0.9298828247383922, 0.9446707187167116, 0.9409774436090226, 0.9412870480606554, 0.9400488629956775, 0.9393331662070693, 0.9421642960085219, 0.9440441130396641, 0.9454887218045114, 0.9459239300708064, 0.9471771414249013, 0.946543836560757, 0.9469264991540824, 0.9469264991540824, 0.9469264991540824], "Valid": []}}