{"roc_val": {"Train": [0.9564907962261544], "Valid": []}, "eer_val": {"Train": [0.0932330827067691], "Valid": []}, "thres": {"Train": [-0.4566370993852621], "Valid": []}, "acc_val": {"Train": [0.9067669172932331], "Valid": []}, "f1_val": {"Train": [0.9067669172932331], "Valid": []}}