{"roc_val": {"Train": [0.8907509767526586, 0.8813095238095239, 0.907838385123209, 0.9504345764159772, 0.9397964287284628, 0.9423347450706967, 0.9382016680171608, 0.9542825736019247, 0.9663736644242185, 0.9697020276254547, 0.9712674936087085, 0.9699163714423905, 0.9700769467528472, 0.9695953857073762, 0.9708410044534894, 0.9718354627169427, 0.9717924824592811, 0.9718057047380355, 0.971974720636177, 0.9718646396693489, 0.9720632879190457, 0.9720977255167996, 0.9718869071174177, 0.9717211653821269, 0.9718410060238316, 0.9718272184219947, 0.9714437409312755, 0.9717954818123001, 0.9717524230375438, 0.9717163836910573], "Valid": []}, "eer_val": {"Train": [0.17619047619063674, 0.19674185463659138, 0.16917293233081734, 0.11416040100250631, 0.1246867167914419, 0.12055137844611594, 0.13421052631578936, 0.10751879699209095, 0.0885964912280702, 0.0809523809523723, 0.08020050125313292, 0.07756892230580109, 0.08020050125247685, 0.07644110275688965, 0.0756892230579648, 0.0743107769426723, 0.07568922305607009, 0.0735588972418737, 0.07518796992481254, 0.07456140350884435, 0.07493734335857488, 0.07481203007513143, 0.07518796992481187, 0.07493734335880538, 0.07456140350897374, 0.07493734335857975, 0.07481203007549748, 0.07443609022556688, 0.07481203007398494, 0.0750626566423702], "Valid": []}, "thres": {"Train": [-0.0054598427377672, -0.10965685049692787, -0.18931858241557964, -0.1104743555188179, -0.4737936258314433, -0.211703047156334, -0.18652088940143582, -0.20102362334724788, -0.2658497095108033, -0.24336437880992629, -0.24150330324967706, -0.25831198692321905, -0.2603664398191612, -0.2672594666481005, -0.266151487827349, -0.2618761360646187, -0.25948280096015597, -0.2639464139930405, -0.26084795594215465, -0.2597029407819432, -0.26125594973578986, -0.2589662969111876, -0.26278176903724654, -0.26101374626162466, -0.25949811935433753, -0.2616947293283404, -0.2611348628999223, -0.2608563303947466, -0.2625620365139552, -0.261512726545806], "Valid": []}, "acc_val": {"Train": [0.8237468671679198, 0.8033208020050125, 0.8308270676691729, 0.8857769423558898, 0.87531328320802, 0.8793859649122807, 0.8657894736842106, 0.8922932330827068, 0.9114661654135339, 0.9191102756892231, 0.9197994987468672, 0.9223684210526316, 0.9197994987468672, 0.9235588972431078, 0.9243107769423559, 0.9256265664160401, 0.9243107769423559, 0.9265037593984963, 0.924749373433584, 0.9254385964912281, 0.925, 0.925250626566416, 0.924874686716792, 0.925187969924812, 0.9253759398496241, 0.925, 0.925125313283208, 0.925501253132832, 0.925187969924812, 0.924937343358396], "Valid": []}, "f1_val": {"Train": [0.8237358230465568, 0.8033084779748104, 0.8308058653966662, 0.8857697850742529, 0.8752976563479132, 0.879378407168369, 0.8657894736842106, 0.8922594797869007, 0.9114606178331975, 0.9191052070931762, 0.9197994987468672, 0.9223635566138229, 0.9197894472991603, 0.9235588972431078, 0.9243107769423559, 0.9256219061344696, 0.9243012908885827, 0.9264991540823359, 0.9247446581866032, 0.9254385964912281, 0.9249953004574222, 0.925245942728241, 0.9248699793220128, 0.9251973436912667, 0.9253712638636507, 0.9249953004574222, 0.9251206215928317, 0.9254965849990602, 0.9251785938087479, 0.924937343358396], "Valid": []}}