{"roc_val": {"Train": [0.8745472390248805, 0.8634673149038008, 0.861920245475845, 0.8579381882023356, 0.8517007509374941, 0.8636196145124718, 0.8875957673004566, 0.9277439447616534, 0.929570032537484, 0.9321079955527917, 0.9394656126531866, 0.9451092172787858, 0.9541409523181388, 0.9621691525178863, 0.9668470989503836, 0.9657133749159867, 0.9693764800472359, 0.9705434011092895, 0.9793378810434608, 0.9791906457874009, 0.9805618997368106, 0.9836486501341072, 0.9839079685429113, 0.9812686321065824, 0.9853897274514607, 0.9857255450656718, 0.9856743362164812, 0.9856610511240507, 0.9856114126167549, 0.9857018957167354], "Valid": []}, "eer_val": {"Train": [0.21779448621554867, 0.23333333333424666, 0.23521303258145365, 0.2406015037593985, 0.24498746867167856, 0.22944862155395973, 0.19724310776946255, 0.14085213032581445, 0.15050125313275414, 0.14649122807003304, 0.13521303258145373, 0.1208020050125479, 0.101754385966125, 0.0862155388471145, 0.08157894736689589, 0.08446115288220546, 0.07581453634007031, 0.07543859649182798, 0.05952380952412621, 0.05964912280692389, 0.05538847117734352, 0.053258145362768024, 0.049498746867167966, 0.057142857142857134, 0.047994987468976645, 0.046741854635190996, 0.04699248120300026, 0.04674185463701555, 0.046867167919799536, 0.04661654135346159], "Valid": []}, "thres": {"Train": [-0.3311584591865549, -0.2028906494382181, -0.1623991479476293, -0.13459575176239014, -0.1099751219153403, -0.08003189414741785, -0.05568099766970078, -0.05312260612845421, -0.1493085026740873, -0.19447739422321178, -0.22009329497814184, -0.23460772633552834, -0.27888002991755817, -0.2869288325309746, -0.2696531713004767, -0.28040647506713867, -0.28231853246606736, -0.30464771390035916, -0.2862882018096051, -0.2794347107409834, -0.2886654436585789, -0.2991968095299097, -0.3172102967898051, -0.3257860541343689, -0.2935692369946959, -0.3033080995053745, -0.29819759726523093, -0.2987040281310143, -0.2995212674140931, -0.2978451251983843], "Valid": []}, "acc_val": {"Train": [0.7822681704260651, 0.7666040100250626, 0.7647869674185463, 0.7593984962406015, 0.7550751879699248, 0.7704887218045112, 0.8026942355889725, 0.8592105263157894, 0.849561403508772, 0.8534461152882206, 0.8647243107769423, 0.8791353383458647, 0.8983082706766917, 0.9138471177944862, 0.9184837092731829, 0.9156015037593985, 0.9242481203007519, 0.9246240601503759, 0.9404761904761905, 0.9404135338345865, 0.9445488721804511, 0.9466791979949875, 0.950563909774436, 0.9429197994987468, 0.9519423558897243, 0.9533208020050126, 0.9530701754385965, 0.9533208020050126, 0.9530701754385965, 0.9533834586466166], "Valid": []}, "f1_val": {"Train": [0.7822545272260167, 0.7665893852998309, 0.7647869674185463, 0.7593984962406015, 0.755059840842158, 0.7704743404975248, 0.802681872297763, 0.8592017043674415, 0.849551976940911, 0.8534185623864134, 0.8647158343254591, 0.87912776489755, 0.8983146419397281, 0.9138417194059779, 0.9184786014161289, 0.9155962153017106, 0.9242433736449652, 0.9246287826577282, 0.9404761904761905, 0.9404098001127891, 0.9445384470765182, 0.9466691734035219, 0.9505608120809573, 0.9429162228209788, 0.9519393445704618, 0.9533178770599661, 0.9530672347891471, 0.9533237265835475, 0.9530672347891471, 0.9533834586466166], "Valid": []}}