{"roc_val": {"Train": [0.8379754053052431], "Valid": []}, "eer_val": {"Train": [0.2387218045111014], "Valid": []}, "thres": {"Train": [-0.0365633368492057], "Valid": []}, "acc_val": {"Train": [0.7612781954887218], "Valid": []}, "f1_val": {"Train": [0.7612482767264067], "Valid": []}}