{"roc_val": {"Train": [0.6148551752187488, 0.6452833210846665, 0.6522992867507115, 0.6483000813437102, 0.6620751754071897, 0.7068609964761527, 0.7554707649449439, 0.7523040919969095, 0.7477988910245538, 0.7892272504569695, 0.8192391536485324, 0.8359728425072707, 0.8265383540304395, 0.8329945477729412, 0.838979678205539, 0.8334816599770103, 0.8552961978882042, 0.8479224062662922, 0.8603414708450324, 0.8596819822111671, 0.860533327366034, 0.8600719923241689, 0.8629998476768362, 0.8646714138102147, 0.8638376015226036], "Valid": []}, "eer_val": {"Train": [0.42681704260651643, 0.40614035087720385, 0.3943609022556393, 0.4026315789473671, 0.39423558897111177, 0.35451127819551886, 0.31140350877188394, 0.31829573934816197, 0.32117794486215534, 0.2840852130313277, 0.25714285714285706, 0.24172932330826408, 0.250000000000344, 0.24423558897421693, 0.23834586466201138, 0.24536340852017197, 0.21954887218045166, 0.23082706766917788, 0.21779448621590042, 0.2181704260632148, 0.21729323308199425, 0.21942355889701606, 0.2141604010021979, 0.2134085213032562, 0.2141604010025019], "Valid": []}, "thres": {"Train": [-0.2834564745426178, -0.009330474771559441, -0.000776247645262629, -0.00020384017261676455, -6.345638394122767e-05, -0.0007841423503123797, -0.0023200458381324963, -0.012894610874354636, -0.015113645854095617, -0.023282844573245656, -0.0784226432442665, -0.12613485753536213, -0.11765716224913751, -0.1758623272183372, -0.14703366160397532, -0.1498488783829103, -0.2009418457746508, -0.19747719168663147, -0.2251873761415852, -0.2327916771162687, -0.24648401141152615, -0.2515975534915409, -0.2673429846763214, -0.2687949935595188, -0.2742019891738879], "Valid": []}, "acc_val": {"Train": [0.5731203007518797, 0.593796992481203, 0.6055764411027569, 0.5974310776942355, 0.6058270676691729, 0.6454260651629072, 0.6885338345864662, 0.681704260651629, 0.6788220551378447, 0.7159774436090226, 0.7428571428571429, 0.7583333333333333, 0.75, 0.7557017543859649, 0.7616541353383459, 0.7546365914786968, 0.7803884711779449, 0.7691729323308271, 0.7822681704260651, 0.7818922305764411, 0.7826441102756893, 0.7805764411027569, 0.7858395989974938, 0.7867167919799499, 0.7859022556390978], "Valid": []}, "f1_val": {"Train": [0.5730935522275832, 0.5937715395701485, 0.6055517262986402, 0.5974058524970236, 0.6058023685694593, 0.645403847358857, 0.6884752773077646, 0.6816643689685423, 0.6788220551378447, 0.715959646594398, 0.7428571428571429, 0.7583181903628047, 0.75, 0.7556864465192056, 0.761654135338346, 0.7546058403308685, 0.7803747101948744, 0.7691729323308272, 0.7822818119165466, 0.7818785638197883, 0.7826032462242275, 0.7805489409700463, 0.785812758491039, 0.7866900614112046, 0.7858888401528917], "Valid": []}}