{"roc_val": {"Train": [0.6427660539843928, 0.7981660374302233, 0.8095948144509, 0.8153278090467646, 0.8171549688318809, 0.8230651281969127, 0.8205048073842277, 0.8359606780623433, 0.8317954336302402, 0.8263159532353611, 0.8130374894088914, 0.8453493308021474, 0.7220785059239008, 0.8388662788006949, 0.8412342419436376, 0.8405467036732456, 0.8261508632198393, 0.8443222157844896, 0.8454872804347515, 0.8454510036632775, 0.8416261441067158, 0.8431908731345408, 0.8438883136463317, 0.8435437982384939, 0.8453535254151002], "Valid": []}, "eer_val": {"Train": [0.4066985645934762, 0.27684523809523726, 0.26522129186511223, 0.2596428571428573, 0.2592105263163527, 0.2524820574167497, 0.2538277511958411, 0.23898809523782968, 0.24431547619047922, 0.2483851674626599, 0.2599581339700058, 0.2329545454554926, 0.352202380952381, 0.23669258373173985, 0.2350777511968251, 0.23687499999999975, 0.2481160287090695, 0.2319377990432783, 0.2308014354069467, 0.22939593301283612, 0.23360119047619, 0.23178571428571423, 0.23113038277413744, 0.23095095693670992, 0.23053229665035946], "Valid": []}, "thres": {"Train": [-0.00014228573127200917, -0.009394949177900947, -0.09502725303154501, -0.2819865626948221, -0.1709857583047506, -0.285271197557457, -0.2772445678710195, -0.21330963264378044, -0.32821177386102296, -0.35114532709113583, -0.3191184401507852, -0.23451058566598743, -0.18159196213597342, -0.27285113930696037, -0.1851784586906742, -0.10068718530237672, -0.18653088808120108, -0.14712946116930856, -0.15018464624881991, -0.14382272958750275, -0.15759128485880192, -0.15712453348296027, -0.1614705920215206, -0.1603865325446203, -0.15360744297499015], "Valid": []}, "acc_val": {"Train": [0.5932875894988067, 0.7231652744630072, 0.7347852028639618, 0.7403639618138425, 0.7407816229116945, 0.7475089498806683, 0.74618138424821, 0.7610232696897374, 0.7556980906921241, 0.7516258949880669, 0.7400357995226731, 0.7670346062052505, 0.6478221957040573, 0.7633204057279236, 0.7649313842482101, 0.763126491646778, 0.7518943914081145, 0.7680489260143198, 0.7692571599045346, 0.7705996420047733, 0.7664081145584726, 0.7682130071599045, 0.7688842482100239, 0.7690334128878281, 0.7694659904534606], "Valid": []}, "f1_val": {"Train": [0.5938570619954121, 0.7236393418211601, 0.7352433140746918, 0.7408201554543017, 0.7412370827004975, 0.7479563424112927, 0.7466273563834539, 0.7614538199252543, 0.7561346039309114, 0.7520659926443216, 0.7404848412651142, 0.7674577886304756, 0.6483572130708051, 0.7637468173493546, 0.7653618807974628, 0.7635567731753075, 0.7523413886035049, 0.7684702659241832, 0.7696934506528504, 0.7710129390568932, 0.7668324350078913, 0.7686374938582254, 0.7693040707542955, 0.769446098868374, 0.769881329938506], "Valid": []}}