{"roc_val": {"Train": [0.9499030784982506, 0.9539902151996534, 0.9606183927864773, 0.9701480047235883, 0.9771254891615003, 0.9835314947770428, 0.9854727043171838, 0.9809743186286518, 0.9852145401096727, 0.9888251330079585, 0.9892154571893392, 0.9871444588915897, 0.9911119119854774, 0.9923653353308083, 0.9934996168365777, 0.992472943009152, 0.9946510543275483, 0.995125643055006, 0.9951029202077877, 0.9951376718739204, 0.9951914403803996, 0.995605947826961, 0.9956927406234886, 0.9955666107624952, 0.995951454450663, 0.9958104220450877, 0.9956861294841113, 0.9959511089754461, 0.9958970735108449, 0.9958107989271424], "Valid": []}, "eer_val": {"Train": [0.11002506265666667, 0.10313283208020056, 0.09398496240638085, 0.0818295739348371, 0.07380952380853666, 0.05889724310776934, 0.055889724310036415, 0.059774436090142546, 0.04937343358350136, 0.04711779448567707, 0.04586466165450928, 0.04573934837092725, 0.03458646616566632, 0.03508771929824585, 0.03345864661671521, 0.03395989974886053, 0.02807017543886386, 0.030325814535246888, 0.02769423558893565, 0.0286967418554765, 0.026065162908248753, 0.026566416040106774, 0.026190476190482505, 0.026942355888906037, 0.026441102756892234, 0.02631578947368411, 0.02694235588970565, 0.02581453634088537, 0.026190476190485847, 0.025939849624062136], "Valid": []}, "thres": {"Train": [-0.37680730223657644, -0.41176608204841614, -0.39782303571734823, -0.41284176281520296, -0.46445146203013704, -0.45938140153884877, -0.4227581918232115, -0.4232933223246361, -0.42956176400181645, -0.4584017097948244, -0.43972140550615124, -0.42390057444572443, -0.43861812353211965, -0.4336003859837856, -0.4515590965751986, -0.4442018568509152, -0.4114312430232148, -0.43933182954625105, -0.39388960599880374, -0.4262145757706666, -0.4263492524630531, -0.41800959904989904, -0.4181885421276189, -0.41808107495277563, -0.4206569194793701, -0.4201706647872923, -0.42203104495999433, -0.4169903695583743, -0.41677424311638916, -0.41828465461731523], "Valid": []}, "acc_val": {"Train": [0.8899122807017544, 0.8968045112781955, 0.9060776942355889, 0.9181704260651629, 0.9262531328320802, 0.9411654135338345, 0.944110275689223, 0.9402255639097744, 0.9506265664160402, 0.9528195488721805, 0.9540726817042606, 0.9543233082706767, 0.9653508771929824, 0.9649122807017544, 0.9666040100250627, 0.9660401002506266, 0.9719298245614035, 0.9696115288220551, 0.9723684210526315, 0.9713032581453634, 0.9739974937343359, 0.9734962406015037, 0.9737468671679198, 0.9729949874686716, 0.9734962406015037, 0.9737468671679198, 0.9730576441102757, 0.9741228070175438, 0.9737468671679198, 0.9740601503759398], "Valid": []}, "f1_val": {"Train": [0.8899053825427659, 0.8967980449902876, 0.9060718090105896, 0.9181704260651629, 0.926248511811517, 0.9411617269252459, 0.9441032710866023, 0.9402255639097744, 0.9506203784935456, 0.9528106786990035, 0.9540698038724231, 0.9543204461432421, 0.9653487060592769, 0.9649122807017544, 0.9666061023745379, 0.9660358440907381, 0.9719298245614035, 0.9696058156295042, 0.9723666896422081, 0.9713032581453634, 0.9739991228619761, 0.9734945798608936, 0.9737452221317126, 0.9729899103841574, 0.9734945798608936, 0.9737452221317126, 0.9730576441102757, 0.974121185537941, 0.9737452221317126, 0.9740601503759398], "Valid": []}}