{"roc_val": {"Train": [0.7092916580297863, 0.6274728487886382, 0.669937492540876, 0.7160123680127636, 0.7575335503545833, 0.8559008423313924, 0.8592168076833688, 0.8335497892601178, 0.8063046478979403, 0.8577219913819635, 0.9196793832953313, 0.9414120671352567, 0.9360851690630084, 0.9522416473514612, 0.9588050640385424, 0.9535864096331053, 0.9563341153635968, 0.9591693833581448, 0.9621159728896176, 0.9655990540260426, 0.9665255871508346, 0.9674284709266903, 0.968408866778475], "Valid": []}, "eer_val": {"Train": [0.35062656641612056, 0.41666666666655233, 0.39235588972435964, 0.35501253132831967, 0.3020050125313286, 0.22080200501253205, 0.21867167919663455, 0.2397243107761244, 0.26165413533834625, 0.21516290726678167, 0.16340852130268815, 0.1285714285714288, 0.13796992481188736, 0.11127819548874487, 0.10137844611528826, 0.10726817042606519, 0.10401002506287381, 0.09624060150375766, 0.09298245614032734, 0.09035087719348889, 0.08671679198058266, 0.08496240601504836, 0.08283208020126304], "Valid": []}, "thres": {"Train": [-0.1993532155951033, -0.010097078979014417, -0.0001669238117756458, -1.3619302080769544e-05, -7.105588338163217e-06, -0.000133497960632667, -0.001130167394874305, -0.004739119205605056, -0.007202064618468288, -0.022578353062249756, -0.06524806469667699, -0.10850964486598974, -0.09578087925907841, -0.1389049142599251, -0.15960964560508728, -0.19840078055858612, -0.20147034029173397, -0.23572207987308127, -0.2592771748701394, -0.26853081583993754, -0.3086059391498886, -0.30363589525223594, -0.3116626441486419], "Valid": []}, "acc_val": {"Train": [0.6494360902255639, 0.5833333333333334, 0.6076441102756892, 0.6450501253132832, 0.6979323308270676, 0.7791353383458647, 0.781328320802005, 0.7602756892230577, 0.7382832080200501, 0.7848997493734335, 0.8365914786967419, 0.8714285714285714, 0.8620927318295739, 0.8886591478696741, 0.8985588972431078, 0.8926691729323308, 0.8959899749373433, 0.9036967418546366, 0.9070175438596492, 0.9096491228070176, 0.9132832080200501, 0.9149749373433584, 0.9171679197994987], "Valid": []}, "f1_val": {"Train": [0.6494141236919606, 0.5832811129214187, 0.6076441102756892, 0.6450278839526287, 0.697913403095432, 0.7791214988407796, 0.7813009149016167, 0.7602456448176463, 0.7382668086972868, 0.7848862710696158, 0.836570998872039, 0.8714285714285714, 0.8620840904818597, 0.8886521711886709, 0.8985525408860204, 0.8926624475217745, 0.8959899749373433, 0.9037027755153186, 0.9070175438596492, 0.9096491228070175, 0.9132832080200501, 0.9149696096246631, 0.9171679197994987], "Valid": []}}