{"roc_val": {"Train": [0.84542900955396, 0.7583479532163743, 0.7026439375380809, 0.6762401618080289, 0.66293677489463, 0.7297955100784542, 0.905597358056796, 0.9207225928229095, 0.924285243183146, 0.9407663503998089, 0.9459941598984931, 0.9516822523099729, 0.9564480672231959, 0.9558518712194018, 0.9592913596648261, 0.9565712212862983, 0.9635817614210966, 0.9661550335739099, 0.9657003096714217, 0.9696259681157781, 0.9711233833330193, 0.9711504638789957, 0.9711459255909196, 0.9711309366775334, 0.9711257152907332, 0.9711581821094089, 0.9712186795309075, 0.9711405393182204, 0.971133048787382, 0.9711482496969239], "Valid": []}, "eer_val": {"Train": [0.25137844611387106, 0.3239348370932829, 0.3596491228069694, 0.3735588972431137, 0.38571428571374977, 0.3365914786967419, 0.15726817042592006, 0.14661654135277088, 0.14649122807107343, 0.12543859648993327, 0.11779448621553884, 0.11090225563944253, 0.10626566415956962, 0.10501253132751925, 0.09385964912279747, 0.10062656641567246, 0.09335839598997488, 0.08822055137776505, 0.0943609022556977, 0.08245614035076755, 0.07794486215538839, 0.07769423558900257, 0.07781954887149384, 0.07756892230576463, 0.07744360902260851, 0.07719298245533388, 0.07719298245614058, 0.07719298245616484, 0.07719298245614209, 0.07731829573934823], "Valid": []}, "thres": {"Train": [-0.16662459075444055, -0.0871028006076955, -0.032611731439826964, -0.006837120745331086, -0.0005973710794906216, -7.835836731828749e-05, -0.0016059700865296298, -0.00993409659713116, -0.03551792725932602, -0.052726570516821294, -0.08834628760814667, -0.14314159750945366, -0.1911763995883154, -0.2317805439232617, -0.3011518418788775, -0.2868738472458695, -0.2849599421024322, -0.2784834206098919, -0.28095337003474463, -0.3061895072459625, -0.31748522321383155, -0.33205191791060307, -0.3364972770210916, -0.3413822650909425, -0.3440747261048166, -0.3453659713265959, -0.34717416763305686, -0.3478113710880383, -0.3481095731258405, -0.3476828932762143], "Valid": []}, "acc_val": {"Train": [0.7486842105263158, 0.6760651629072681, 0.6404135338345864, 0.6263784461152883, 0.6142230576441102, 0.6634085213032581, 0.8427944862155389, 0.8533834586466166, 0.8535714285714285, 0.8742481203007518, 0.8820175438596491, 0.8890977443609023, 0.893734335839599, 0.8949248120300752, 0.906203007518797, 0.8993734335839599, 0.9067042606516291, 0.9117794486215539, 0.9057017543859649, 0.9176065162907269, 0.9221177944862156, 0.9223057644110275, 0.9221804511278195, 0.9223684210526316, 0.9224937343358396, 0.9228696741854636, 0.9227443609022556, 0.9227443609022556, 0.9227443609022556, 0.9227443609022556], "Valid": []}, "f1_val": {"Train": [0.7486684629362742, 0.6760651629072681, 0.6403910019424776, 0.626355034776615, 0.6141505295481607, 0.6634085213032581, 0.8427846356287989, 0.8533650833437774, 0.8535806027191278, 0.8741929417664389, 0.881980570354121, 0.8890977443609023, 0.8937210176713875, 0.8949050573416056, 0.9061971301459991, 0.8993608221581653, 0.9066984146876371, 0.9117683920290763, 0.9056958456043612, 0.9176013534682624, 0.922112914343004, 0.9223057644110275, 0.9221706980824665, 0.9223635566138229, 0.9224888777492324, 0.9228648411554609, 0.9227395200200514, 0.9227395200200514, 0.9227395200200514, 0.9227395200200514], "Valid": []}}