{"roc_val": {"Train": [0.9252528564519067, 0.9361240978385814, 0.9406955986457373, 0.9441648686251972, 0.9487229979711183, 0.9526411894397648, 0.9520016834065114, 0.9514015458445613, 0.9301690708601076, 0.9196129421297604, 0.921553115244251, 0.9179678048504721, 0.9218378103780754, 0.9182659892211732, 0.9238284464293565, 0.9248586378226267, 0.9228251549927451, 0.9244955433697025, 0.9230389256348892, 0.9257977179791583, 0.9258479218095365, 0.9266060828763638, 0.9276305896319748, 0.9267292919014328, 0.9265843807513772, 0.9268628023693317, 0.9269770918524382, 0.9268719810177072, 0.9267644047462014, 0.926663510279458], "Valid": []}, "eer_val": {"Train": [0.14586466165420786, 0.13132832080201415, 0.12744360902255628, 0.12268170426064563, 0.11466165413533715, 0.10889724310776905, 0.11441102756892528, 0.10989974937413022, 0.14035087719346784, 0.15087719298312863, 0.1414786967418547, 0.14874686716791488, 0.1458646616541353, 0.1484962406020675, 0.14185463659183956, 0.14285714285711787, 0.14511278195488725, 0.14385964912285545, 0.1411027568922309, 0.13984962405962592, 0.13934837092734337, 0.13834586466133109, 0.13746867167919788, 0.13872180451123392, 0.13822055137893866, 0.13822055137845737, 0.13822055137843242, 0.13834586466172835, 0.13834586466102913, 0.13859649122806872], "Valid": []}, "thres": {"Train": [-0.4833214208483957, -0.4018330276012457, -0.34285590052604675, -0.29311320185661266, -0.23840975761413544, -0.15956416726112355, -0.09944174438715116, -0.10909290611754965, -0.16139329969946836, -0.17181940376764662, -0.18861505389213562, -0.20376320183276941, -0.19223923981189725, -0.20599795877952437, -0.20224100351346735, -0.197297019263102, -0.20116502046585083, -0.19868478178978133, -0.2143389334281287, -0.2023684680460262, -0.2011583000421553, -0.20103259384631397, -0.20021367073059082, -0.20213903486726914, -0.2024610042573733, -0.2021655589342147, -0.20106443762779172, -0.20193897187711796, -0.20266999304248234, -0.20039485394954598], "Valid": []}, "acc_val": {"Train": [0.8541979949874686, 0.8686090225563909, 0.8726190476190476, 0.8773809523809524, 0.8854010025062656, 0.8911654135338346, 0.8855263157894737, 0.8901002506265664, 0.8596491228070176, 0.8491228070175438, 0.8584586466165414, 0.8513157894736842, 0.8541979949874686, 0.8515664160401003, 0.8582080200501253, 0.8572055137844612, 0.8548245614035088, 0.856077694235589, 0.8589598997493735, 0.8601503759398497, 0.8606516290726817, 0.8615914786967419, 0.862593984962406, 0.8613408521303259, 0.861904761904762, 0.8617794486215539, 0.8618421052631579, 0.8616541353383459, 0.8615288220551378, 0.8614661654135338], "Valid": []}, "f1_val": {"Train": [0.8541888589510621, 0.8686007895231531, 0.8726110658562567, 0.8773732690018172, 0.8853938216680244, 0.8911585938968607, 0.8855191428034339, 0.8901002506265664, 0.8596491228070176, 0.8491228070175438, 0.8584497775549846, 0.851306472836644, 0.8541888589510621, 0.8515757158072802, 0.8582169037027755, 0.8571965662008898, 0.8548154646281094, 0.8560686759822045, 0.8589510620966225, 0.8601328487279107, 0.8606516290726817, 0.8615654571661339, 0.8625853750234977, 0.8613321636694028, 0.8619220649041472, 0.8617794486215539, 0.8618334482110408, 0.8616541353383459, 0.8614941087991977, 0.8614574848048123], "Valid": []}}