{"roc_val": {"Train": [0.8723780786552848, 0.8800681449865264, 0.889134050665511, 0.9036314627420681, 0.9301088089898933, 0.9604873163485155, 0.9782615530053205, 0.9806795576032814, 0.9851704684643942, 0.9879710240513565, 0.9804582728751704, 0.9900275595002543, 0.9887028818914453, 0.9879200978637069, 0.9917440688186633, 0.9916908656352661, 0.9934648337636071, 0.9943162888424066, 0.994652043642942, 0.9952721559537943, 0.9953758770359484, 0.9954892086104987, 0.9955470443024855, 0.9955923957764085, 0.9956142863424224, 0.9956243365305495, 0.9956326122323353, 0.9956480015829046, 0.9956558846992167, 0.9956580831778695], "Valid": []}, "eer_val": {"Train": [0.21428571428571433, 0.20538847117705603, 0.19398496240601465, 0.17518796992480948, 0.13847117794533426, 0.10313283207896268, 0.06791979949967271, 0.06365914786895188, 0.05187969924812016, 0.050751879699207844, 0.06290726817042959, 0.04135338345758289, 0.04899749373473042, 0.04711779448604782, 0.036591478697907916, 0.037343358397840434, 0.03408521303256623, 0.030576441102756674, 0.029323308270675922, 0.02756892230508632, 0.0271929824553662, 0.02656641604063414, 0.026441102756009714, 0.02631578947340147, 0.0263157894736878, 0.026190476190535078, 0.026315789473870258, 0.02631578947340658, 0.026315789473674446, 0.026190476190707527], "Valid": []}, "thres": {"Train": [-0.07149674163924323, -0.04283754900094128, -0.027600634470581982, -0.01609547622501848, -0.00944175943732941, -0.008850008249256995, -0.018305277451936195, -0.03003608621656434, -0.05716190487146375, -0.10878112912178009, -0.1603634133934983, -0.24928130209207244, -0.2693589031703411, -0.21687197685193624, -0.26648104191057004, -0.30751901865006503, -0.3374717235565075, -0.37195953726768444, -0.38925719261169384, -0.39257845282547355, -0.39926990866534817, -0.4037561118608817, -0.40389031171742795, -0.4037067294119446, -0.40344215929508337, -0.4037187695503535, -0.4033986330041601, -0.40433815121593225, -0.40377205610272693, -0.403901129961362], "Valid": []}, "acc_val": {"Train": [0.7858395989974938, 0.7946741854636592, 0.806015037593985, 0.824874686716792, 0.8614661654135338, 0.8969298245614035, 0.9320175438596491, 0.9363408521303258, 0.9481829573934837, 0.9493107769423559, 0.937092731829574, 0.9585839598997494, 0.9510025062656642, 0.9529448621553884, 0.9636591478696742, 0.962593984962406, 0.9659774436090226, 0.9694862155388471, 0.9707393483709273, 0.9724937343358396, 0.9728070175438597, 0.9734962406015037, 0.9734962406015037, 0.9735588972431077, 0.9736842105263158, 0.9737468671679198, 0.9736215538847118, 0.9736842105263158, 0.9737468671679198, 0.9738721804511278], "Valid": []}, "f1_val": {"Train": [0.785812758491039, 0.7946613196315558, 0.806015037593985, 0.8248637132652421, 0.8614574848048123, 0.896923366125697, 0.9320132840403534, 0.9363328737937084, 0.9481797105081772, 0.9493076007268626, 0.937092731829574, 0.9585761734661904, 0.9510025062656642, 0.9529419136537377, 0.9636682535705338, 0.9625916410802683, 0.9659753117363242, 0.9694843035277899, 0.970737514881885, 0.9724920107776176, 0.9728036094748715, 0.9734979011340141, 0.973491257755217, 0.9735522687390322, 0.9736842105263158, 0.9737452221317126, 0.973619900996303, 0.9736809123950371, 0.9737452221317126, 0.9738738174299856], "Valid": []}}