{"roc_val": {"Train": [0.9394291807212267], "Valid": []}, "eer_val": {"Train": [0.11791979949866921], "Valid": []}, "thres": {"Train": [-0.43550152778617507], "Valid": []}, "acc_val": {"Train": [0.8820802005012531], "Valid": []}, "f1_val": {"Train": [0.8820802005012531], "Valid": []}}