{"roc_val": {"Train": [0.679881967868711, 0.6852190469909107, 0.6731275121108257, 0.8236166928041352, 0.8519386882689878, 0.8530038415797221, 0.8574184312075092, 0.8558551357857189, 0.8528893226522167, 0.8561028886264674, 0.8582896167598055, 0.8598677772124548, 0.8601269734835557, 0.860973621571333, 0.8601964672192874, 0.8532196754766337, 0.8563696853523394, 0.8628352950393248, 0.857355390704553, 0.8599190916235172, 0.8551715232107001, 0.8641572158256963, 0.8645473829728875, 0.8637443668346584, 0.8647465407112881, 0.8647722664011742, 0.8651256264791749, 0.8650211254605463, 0.8650659116113872, 0.8650227917677792, 0.8650126770211521, 0.8649911755509632, 0.865011056951764, 0.8649872662720572], "Valid": []}, "eer_val": {"Train": [0.3765246449459076, 0.3743943191311612, 0.38291562238932997, 0.2542188805346649, 0.22514619883023207, 0.22314118629711366, 0.21679197994938376, 0.22021720969091768, 0.22389306599999537, 0.21992481203007522, 0.2170426065162908, 0.2155806182120117, 0.21637426900760787, 0.21395154553090437, 0.21612364244075877, 0.22201336675066585, 0.2199248120302631, 0.2139515455304843, 0.2194235588973703, 0.2161236424394299, 0.22042606516290686, 0.21077694235578742, 0.21090225563909695, 0.2109022556390977, 0.21019214703363817, 0.21019214703488232, 0.21010860484544677, 0.20994152046778827, 0.2097744360902257, 0.20981620718454688, 0.20985797827892366, 0.20989974937343306, 0.2098997493734367, 0.2098579782790328], "Valid": []}, "thres": {"Train": [-1.1272324323654923, -0.7466985583305359, -0.3738616704940872, -0.0957579314708706, -0.1840630620716694, -0.19392871856654711, -0.18932527303693122, -0.20026639848948133, -0.2031735479832926, -0.17574013769626617, -0.19726963341236115, -0.18890868127339464, -0.19484999775898967, -0.2030066400766405, -0.20530717074898397, -0.19194263219846236, -0.20155720412734146, -0.20395828783511621, -0.20242309570313674, -0.19827158749103468, -0.1961423754692076, -0.19908241182563408, -0.19504407048225392, -0.1994277387857437, -0.20037896931131063, -0.19774354994302232, -0.20022948086261744, -0.19986729323861746, -0.20073526799678806, -0.20094619691371607, -0.20065407454967468, -0.20034335553646082, -0.2004313349723818, -0.20031778514385243], "Valid": []}, "acc_val": {"Train": [0.623454469507101, 0.6254803675856307, 0.6170634920634921, 0.7458020050125314, 0.7748329156223893, 0.7768796992481203, 0.7832080200501254, 0.7798036758563074, 0.7760860484544695, 0.7800543024227234, 0.7829782790309107, 0.7844193817878028, 0.783625730994152, 0.7860484544695071, 0.7838972431077694, 0.7779657477025899, 0.7801169590643274, 0.7860693400167085, 0.7805764411027569, 0.7838972431077694, 0.7795948203842941, 0.7892230576441103, 0.7891186299081036, 0.7891186299081036, 0.7898078529657477, 0.7898496240601504, 0.7899122807017543, 0.790079365079365, 0.7902255639097744, 0.7902046783625731, 0.7901629072681704, 0.7901211361737678, 0.7901002506265664, 0.7901211361737678], "Valid": []}, "f1_val": {"Train": [0.6234466049833957, 0.625417780748663, 0.6170554940579378, 0.7457966958374235, 0.7748188065250539, 0.7768750391612188, 0.7831989640335855, 0.779799076839533, 0.7760813717913908, 0.7800497086405312, 0.7829737463188454, 0.784410376373282, 0.783625730994152, 0.7860484544695071, 0.7839017564378354, 0.7779611102988784, 0.7801261434359468, 0.7860648718644917, 0.7805764411027569, 0.7838927295891727, 0.7795902170053677, 0.7892230576441103, 0.789114225443305, 0.789114225443305, 0.7897990726429674, 0.7898584019046824, 0.7899078928131331, 0.7900749806804653, 0.7902255639097744, 0.7902002965809645, 0.7901585246141315, 0.7901167526472983, 0.7901002506265664, 0.7901167526472983], "Valid": []}}