{"roc_val": {"Train": [0.9098422905635014], "Valid": []}, "eer_val": {"Train": [0.16879699248171337], "Valid": []}, "thres": {"Train": [-0.194049447774948], "Valid": []}, "acc_val": {"Train": [0.8312030075187969], "Valid": []}, "f1_val": {"Train": [0.8312030075187969], "Valid": []}}