{"roc_val": {"Train": [0.7778232941375997, 0.7285213817752402, 0.7418472010226067, 0.7967448618413202, 0.7090186933499162, 0.8436340145476473, 0.8759661842576366, 0.943885379174754, 0.9524593438483426, 0.959169618909429, 0.9449824592810349, 0.965877240092713, 0.9587700454142877, 0.9529697520744217, 0.9556461564311782, 0.970593463608897, 0.9745570772168517, 0.9740089336750396, 0.9724324281882653, 0.9757357365845692, 0.9772054980810422, 0.9765203657640341, 0.9765468966903476, 0.9766254923021841, 0.9765363125859762, 0.9765091927814523, 0.9765228547559375, 0.9764862814932067, 0.9764687878844982, 0.9764935678795987], "Valid": []}, "eer_val": {"Train": [0.31102756892177535, 0.3503759398496462, 0.3236842105257464, 0.2799498746867199, 0.35050125313286545, 0.23132832080203333, 0.19899749373428013, 0.12380952380975863, 0.10952380952376578, 0.09974937343512445, 0.1284461152882205, 0.09085213032581471, 0.10137844611528819, 0.11165413533834147, 0.10739348370876903, 0.08132832080200184, 0.07493734335806855, 0.07481203007519487, 0.07543859649122805, 0.07055137844725712, 0.06904761904719087, 0.0695488721811223, 0.06942355889683155, 0.06904761904822584, 0.0689223057648292, 0.0687969924812058, 0.06904761904737816, 0.06879699247950319, 0.06867167919799498, 0.06879699248189092], "Valid": []}, "thres": {"Train": [-0.06634858995670508, -0.0035213016904891356, -0.0001910665305330527, -3.091439066338358e-05, -0.0002366781845921771, -0.0016290488420054852, -0.006025672424584599, -0.01188544463366786, -0.044522657990454545, -0.09356791526113369, -0.10607367008924483, -0.18310430645942694, -0.2678660750389099, -0.293769508600232, -0.2755719125270281, -0.2703121900558453, -0.3077248334881176, -0.30003982782364774, -0.33600059151649475, -0.3228706419477471, -0.3412239551541049, -0.3504568636425158, -0.3498247563838391, -0.3564283847826252, -0.3582339286806526, -0.35974681377411194, -0.3600239753722225, -0.3612078428263323, -0.3611675401528676, -0.36103516817220055], "Valid": []}, "acc_val": {"Train": [0.6890350877192982, 0.649624060150376, 0.6763157894736842, 0.7199874686716792, 0.6494360902255639, 0.768609022556391, 0.8010651629072681, 0.8761278195488722, 0.8905388471177945, 0.900187969924812, 0.8716165413533835, 0.9090852130325815, 0.8986842105263158, 0.8884085213032581, 0.8926065162907268, 0.918734335839599, 0.925, 0.925187969924812, 0.9246240601503759, 0.9294486215538847, 0.931015037593985, 0.9305137844611528, 0.930576441102757, 0.931077694235589, 0.931077694235589, 0.9311403508771929, 0.930952380952381, 0.931203007518797, 0.931390977443609, 0.931203007518797], "Valid": []}, "f1_val": {"Train": [0.6890156024813584, 0.649624060150376, 0.6762752224589548, 0.7199699229275018, 0.6494141236919606, 0.7685945234663827, 0.8010526975374397, 0.8761200576477224, 0.8905319882198133, 0.9001817156463436, 0.8716084967729807, 0.9090795162604173, 0.89867786202143, 0.8884015289178521, 0.8925930567740318, 0.9187292436869477, 0.924985899605189, 0.925187969924812, 0.9246193370511937, 0.9294486215538847, 0.9310107149570774, 0.9305181379612807, 0.9305677403183356, 0.9310863300338305, 0.931077694235589, 0.931136036092487, 0.9309437272841208, 0.931194385261311, 0.931386678363306, 0.931203007518797], "Valid": []}}