{"roc_val": {"Train": [0.8775192523916306, 0.8820384529619789, 0.8833728902456643, 0.8808254580687308, 0.873654209144415, 0.8804512691503193, 0.902606053039868, 0.9487633714612346, 0.9343570156594495, 0.9436815566485134, 0.9545707627464652, 0.9594864510901312, 0.966570812997406, 0.970371684223089, 0.9760254960710046, 0.9756618912569645, 0.9781825491045912, 0.9808922525612276, 0.9857355010332849, 0.986519619851634, 0.9880558225136776, 0.9877644298716717, 0.9875843273597529, 0.9862876803537665, 0.9884640799994974, 0.9892706233001048, 0.9889345701346097, 0.9894923398722371, 0.9897392918386191, 0.9895006469808606], "Valid": []}, "eer_val": {"Train": [0.20977443609117877, 0.20513784461067616, 0.20726817042606063, 0.20388471177944847, 0.2116541353383459, 0.2052631578947177, 0.18020050125314127, 0.12418546365881858, 0.13558897243108203, 0.12280701754376346, 0.10451127819548883, 0.09686716791981471, 0.08483709273183113, 0.07744360902249105, 0.06015037593905105, 0.06378446115298432, 0.058020050125321215, 0.05689223057644118, 0.046491228070336184, 0.04699248120423073, 0.042606516290104514, 0.042105263157712465, 0.038721804511031965, 0.04323308270720668, 0.03922305764374019, 0.036716791979401156, 0.03671679198011718, 0.03684210526330186, 0.03621553884711781, 0.03671679197835703], "Valid": []}, "thres": {"Train": [-0.39822706580172834, -0.26049700379352037, -0.2103764894935807, -0.17358742952346795, -0.14858129123846692, -0.12291313707828419, -0.10787019878625963, -0.08090071380135581, -0.17927736043930154, -0.20380121469494258, -0.24078327417373663, -0.26986357569695407, -0.270388126373291, -0.2958824038504372, -0.29862967133495255, -0.2820804119110613, -0.3088452219963165, -0.2980974316596986, -0.3039346635341796, -0.2753994762922902, -0.28013956546607804, -0.2984246015546042, -0.32287368178322007, -0.32271122932526897, -0.3223545551297472, -0.3173775672909959, -0.31677822768701114, -0.30940052866958556, -0.32213789224624634, -0.31558054685559483], "Valid": []}, "acc_val": {"Train": [0.7901629072681704, 0.7949248120300751, 0.7927318295739348, 0.7961152882205513, 0.7882832080200501, 0.7947994987468672, 0.8197368421052632, 0.8758771929824561, 0.8644110275689223, 0.8772556390977444, 0.8954887218045112, 0.9030701754385965, 0.9151002506265664, 0.9226190476190477, 0.9398496240601504, 0.9362155388471178, 0.9419172932330827, 0.9430451127819549, 0.9535087719298245, 0.9530701754385965, 0.9573308270676691, 0.9578320802005013, 0.9612155388471177, 0.956766917293233, 0.9607142857142857, 0.9632205513784461, 0.9632832080200501, 0.9630952380952381, 0.9637218045112782, 0.9632832080200501], "Valid": []}, "f1_val": {"Train": [0.7901497587568144, 0.7949119619023748, 0.7927318295739348, 0.7961152882205513, 0.7882964726520895, 0.7947866407669654, 0.8197255467134531, 0.8758694153769033, 0.8644110275689223, 0.8772479478664076, 0.8954887218045112, 0.903064101760762, 0.9150949307600726, 0.9226141988846419, 0.9398420854743703, 0.9362155388471178, 0.9419136537377029, 0.9430415439563883, 0.9535087719298245, 0.9530731157195664, 0.9573228050385411, 0.9578241524096008, 0.9612082471642539, 0.956766917293233, 0.9607068997931943, 0.9632136366484929, 0.9632832080200501, 0.9630929256219062, 0.9637195312989535, 0.9632786063416467], "Valid": []}}