{"roc_val": {"Train": [0.8044013542628501, 0.782594000665825, 0.7476026925082129, 0.7150558806163277, 0.6942797626899329, 0.7453777535945126, 0.863966134006696, 0.9153947368421053, 0.9447320525624839, 0.9498269718783173, 0.9589555341989058, 0.9694482211167016, 0.9668336411203448, 0.9647758179910929, 0.9775883003247466, 0.9718992028944542, 0.9802062879630152, 0.9813075687338648, 0.9826816728538138, 0.9827943762916063, 0.9831810572797909, 0.9836601999987438, 0.9837311323421336, 0.9838283286537145, 0.9838761848229597, 0.9839035087719298, 0.983869118284433, 0.9839071676685447, 0.9839162285412781, 0.9839510116142487], "Valid": []}, "eer_val": {"Train": [0.2804511278196039, 0.2967418546365662, 0.3318295739348407, 0.3571428571429104, 0.3681704260651574, 0.32105263157896136, 0.21741854636547048, 0.15313283208020034, 0.1144110275690026, 0.11403508771929736, 0.0987468671683383, 0.08270676691734904, 0.08583959899749374, 0.0916040100251082, 0.06741854636611525, 0.0759398496240867, 0.06215538847204001, 0.059273182957444416, 0.057894736843151925, 0.05739348370906879, 0.05739348370927315, 0.056015037593984705, 0.05501253132832557, 0.05488721804593101, 0.05488721804511365, 0.05488721804510751, 0.054887218044511625, 0.054761904760993095, 0.054636591479684374, 0.05463659147867887], "Valid": []}, "thres": {"Train": [-0.22595845162872388, -0.12981158494949196, -0.05342818796634679, -0.014929526485503983, -0.00227997417096046, -0.0016184066189453097, -0.005613493267445662, -0.011473232880234715, -0.03069490753114695, -0.058159012347459696, -0.08770910650496537, -0.137743160128609, -0.17526494339108467, -0.21091736853123694, -0.26005630195145574, -0.26730632781982994, -0.28636032342973256, -0.2981344461441231, -0.31207656860372945, -0.32325190305700463, -0.3260750671227773, -0.3330092430114745, -0.33674684166908725, -0.3389669656765083, -0.340073794126512, -0.34057727456092446, -0.3407839834687685, -0.3405270576476589, -0.34138828516200154, -0.3407990634441246], "Valid": []}, "acc_val": {"Train": [0.7194862155388471, 0.7033208020050126, 0.6681077694235589, 0.6429197994987469, 0.6318922305764411, 0.6788847117794486, 0.7825814536340853, 0.8469298245614035, 0.8855263157894737, 0.8859649122807017, 0.9012531328320802, 0.9173558897243108, 0.9141604010025063, 0.9083333333333333, 0.9326441102756893, 0.9239974937343358, 0.937844611528822, 0.9407894736842105, 0.9420426065162907, 0.9426065162907268, 0.9426065162907268, 0.944047619047619, 0.9449248120300752, 0.9452380952380952, 0.9450501253132833, 0.9451754385964912, 0.9450501253132833, 0.9451754385964912, 0.9454260651629073, 0.9454260651629073], "Valid": []}, "f1_val": {"Train": [0.7194686383858636, 0.7033022119180399, 0.6680869728679742, 0.6429421715431365, 0.6318691647346325, 0.67886459051319, 0.7825542047875673, 0.8469202330973118, 0.8855191428034339, 0.8859649122807017, 0.9012531328320802, 0.9173507111974434, 0.9141604010025063, 0.9083275894479604, 0.9326398897174009, 0.9239927313741463, 0.937844611528822, 0.9407857635190175, 0.9420389748731123, 0.9425993232234615, 0.9426065162907268, 0.9440441130396641, 0.9449213609875305, 0.9452449567723342, 0.9450466821229401, 0.9451720032583496, 0.9450397944475778, 0.9451651312903427, 0.9454294843681474, 0.9454226455291685], "Valid": []}}