{"roc_val": {"Train": [0.8891856128416278], "Valid": []}, "eer_val": {"Train": [0.20187969924816193], "Valid": []}, "thres": {"Train": [-0.29379771649839276], "Valid": []}, "acc_val": {"Train": [0.7982456140350878], "Valid": []}, "f1_val": {"Train": [0.7982203283619502], "Valid": []}}