{"roc_val": {"Train": [0.7325679486937895, 0.7764926884881377, 0.8294439811935854, 0.8263417629286248, 0.7693313955314351, 0.809059490832344, 0.8583687445430619, 0.8836053165495191, 0.8935520662558651, 0.8907411228572685, 0.8898011790126946, 0.8870681402755007, 0.9021172448665523, 0.9046771298547119, 0.9126399017594109, 0.9284024911903821, 0.9093924504243064, 0.9392654176167234, 0.9373182172222536, 0.941657417352906, 0.9448464990797796, 0.9462359061814938, 0.9471855861458158, 0.9473989013888104, 0.9475046011017518, 0.9475075611962236, 0.9475967566158505, 0.9474554022901864, 0.9473350826942043, 0.9474906407623067], "Valid": []}, "eer_val": {"Train": [0.34849624060146517, 0.3052631578945081, 0.25137844611541704, 0.2508771929815138, 0.3071428571428571, 0.25902255639097743, 0.21541353383458633, 0.185087719298404, 0.18057644110274426, 0.16854636591368477, 0.1665413533834586, 0.1724310776942356, 0.1542606516287192, 0.15651629072654774, 0.15012531328320936, 0.13759398496211353, 0.15526315789360523, 0.11466165413533902, 0.12042606516270254, 0.11378446115288217, 0.10989974937280286, 0.10864661654078349, 0.10764411027602871, 0.10764411027625831, 0.10726817042717532, 0.10751879699248122, 0.10764411027569094, 0.10802005012531307, 0.10802005012488974, 0.10764411027568001], "Valid": []}, "thres": {"Train": [-0.07864653319119878, -0.014857285656029258, -0.007647844962776435, -0.004387812688942641, -0.006284967064857482, -0.00546679925173521, -0.009469103068113325, -0.017937814816833753, -0.03152454271912535, -0.03653618320819302, -0.047100840136408806, -0.06766898185014725, -0.09512812644234367, -0.11004848778243699, -0.1427339166402818, -0.27720072865453244, -0.17792318761305476, -0.18993463516235373, -0.1915815770625197, -0.2092398405075073, -0.20816339552377414, -0.21480998396858628, -0.22083295881770987, -0.22585740685473196, -0.22530417144456338, -0.22447539865970612, -0.22515909373760418, -0.2255235165357589, -0.22556735575163359, -0.22595959901808874], "Valid": []}, "acc_val": {"Train": [0.6515664160401002, 0.6947368421052632, 0.7485588972431078, 0.7491854636591478, 0.6929197994987468, 0.7409774436090225, 0.7846491228070176, 0.8148496240601504, 0.8194862155388472, 0.831390977443609, 0.8334586466165413, 0.8273809523809523, 0.8458020050125313, 0.843483709273183, 0.849561403508772, 0.862406015037594, 0.8447368421052631, 0.8854010025062656, 0.8796365914786968, 0.8862781954887218, 0.8899749373433584, 0.8913533834586466, 0.8923558897243108, 0.8924812030075188, 0.8927944862155388, 0.8924812030075188, 0.8922932330827068, 0.8920426065162907, 0.8920426065162907, 0.8922932330827068], "Valid": []}, "f1_val": {"Train": [0.6515445829939219, 0.6946985837824289, 0.7485431418008648, 0.7491697474779122, 0.6929005576790526, 0.7409774436090224, 0.7846356287987969, 0.8148380224324833, 0.8194749044426343, 0.8313592780597856, 0.8334586466165413, 0.827326856784707, 0.8457923428786265, 0.8434640932447676, 0.8495142588530241, 0.8623887705226219, 0.8447173831307181, 0.8853938216680244, 0.8796290494391878, 0.8862710696158909, 0.889947355226874, 0.8913397668880813, 0.8923558897243108, 0.8924946748527754, 0.8928012029321472, 0.8924812030075188, 0.892286484115546, 0.8920358418447272, 0.8920358418447272, 0.892272983643542], "Valid": []}}