{"roc_val": {"Train": [0.9461993093636345], "Valid": []}, "eer_val": {"Train": [0.11253132832080173], "Valid": []}, "thres": {"Train": [-0.4148726761341093], "Valid": []}, "acc_val": {"Train": [0.8875313283208021], "Valid": []}, "f1_val": {"Train": [0.8875242809699855], "Valid": []}}