{"roc_val": {"Train": [0.7777530684480625, 0.7272724810145664, 0.7624246549958856, 0.8071915141864686, 0.8123341169339389, 0.8558449146048077, 0.9103608959742715, 0.9316100322862293, 0.9620684543438799, 0.9689734675033449, 0.9587677056048644, 0.967622863549852, 0.9621488794040238, 0.9724463257140346, 0.9657348728965272, 0.97817375518998, 0.9796754809957223, 0.979143488420299, 0.9786265789787751, 0.9815380399620606, 0.9818108711628697, 0.9814458608928335, 0.9816284288415275, 0.9816748010376819, 0.9817176870748299, 0.9816962205011275, 0.9817320399997487, 0.9816932368515273], "Valid": []}, "eer_val": {"Train": [0.30977443609166017, 0.35325814536341416, 0.3040100250615595, 0.2699248120300725, 0.2605263157899601, 0.22330827067668949, 0.1715538847117805, 0.1385964912280697, 0.09724310776930348, 0.08784461152882211, 0.1048872180454304, 0.08496240601503673, 0.10526315789473628, 0.07994987468665844, 0.09273182957393629, 0.06741854636591668, 0.062030075189747, 0.06215538847151352, 0.06441102756949929, 0.05927318295740758, 0.05852130325814532, 0.059273182957026715, 0.059398496240602415, 0.0590225563924883, 0.05902255639091539, 0.05864661654135395, 0.058646616541100746, 0.05902255639092046], "Valid": []}, "thres": {"Train": [-0.06620316952488055, -0.00363370100967594, -0.00014617397391596126, -2.7049331038142453e-05, -0.0006374616059482539, -0.0019632736220955797, -0.0044124983251094905, -0.015375343151390549, -0.04468711093067046, -0.0791202187538147, -0.16210977733135498, -0.157946735620498, -0.2200101017951965, -0.2673582136630429, -0.3063746988773359, -0.27588632702827676, -0.308978706599689, -0.310364186764048, -0.34907430410414564, -0.33080574870110546, -0.34725251793861384, -0.3581031858913314, -0.35559287667274525, -0.36273252964209673, -0.3641282320021388, -0.36556300520896945, -0.367210894822578, -0.36804971098892375], "Valid": []}, "acc_val": {"Train": [0.6902882205513784, 0.6466791979949875, 0.6960526315789474, 0.7301378446115289, 0.7394736842105263, 0.7767543859649123, 0.8285714285714286, 0.8614035087719298, 0.9027568922305764, 0.912092731829574, 0.8951127819548872, 0.9151002506265664, 0.8947994987468672, 0.9200501253132832, 0.9072055137844611, 0.9325187969924812, 0.9380325814536341, 0.937844611528822, 0.9355889724310777, 0.9406641604010025, 0.9415413533834587, 0.9406641604010025, 0.9406015037593985, 0.9409774436090226, 0.9410401002506266, 0.9414160401002506, 0.9413533834586466, 0.9410401002506266], "Valid": []}, "f1_val": {"Train": [0.6903076248355366, 0.6466570587129519, 0.6960335860642898, 0.7301209348956701, 0.7394736842105263, 0.7767403972679994, 0.828549943601955, 0.8614035087719298, 0.9027447048502318, 0.9120872235102451, 0.8951127819548872, 0.9150949307600726, 0.8947929068237358, 0.9200401052763505, 0.907199699229275, 0.9325145685819913, 0.9380364638807092, 0.937844611528822, 0.9355889724310777, 0.940660442383608, 0.9415376903314744, 0.9406530049508053, 0.9406015037593985, 0.9409774436090226, 0.9410364057898365, 0.941412369196065, 0.941346033337511, 0.9410364057898365], "Valid": []}}