{"roc_val": {"Train": [0.9430667756483943], "Valid": []}, "eer_val": {"Train": [0.11917293233082694], "Valid": []}, "thres": {"Train": [-0.37146874144673336], "Valid": []}, "acc_val": {"Train": [0.880889724310777], "Valid": []}, "f1_val": {"Train": [0.8808822607932828], "Valid": []}}