{"roc_val": {"Train": [0.7986114016243616, 0.752412225739788, 0.7539831486611265, 0.8764296942230263, 0.8581633281197982, 0.8851185294062222, 0.9210532283088673, 0.9516609035119126, 0.9634469632728437, 0.9747307491787112, 0.9713794275789724, 0.9666394526416291, 0.9704485838656792, 0.9816382277749512, 0.9834181160922356, 0.9836288873813606, 0.9835550027952085, 0.9823150843901736, 0.9837586133252932, 0.9844364671076188, 0.9846670875182945, 0.9847180294093629, 0.9850186242548727, 0.9851468426705863, 0.9852718104785775, 0.9852273069892776, 0.9852854096393867], "Valid": []}, "eer_val": {"Train": [0.28997493734305535, 0.3379699248120298, 0.30776942355889714, 0.18972431077666732, 0.21528822055162328, 0.1933583959903815, 0.1438596491224164, 0.1124060150373245, 0.08897243107750544, 0.07644110275812291, 0.07756892230576418, 0.0860902255639838, 0.08132832080215782, 0.05689223057551563, 0.05664160401046978, 0.05438596491153238, 0.05689223057643591, 0.05827067669139903, 0.053007518796765726, 0.052882205515177035, 0.05275689223056355, 0.05162907268170533, 0.05112781954771488, 0.05062656641603523, 0.05062656641603494, 0.050501253132928275, 0.0505012531329686], "Valid": []}, "thres": {"Train": [-0.06251722574232102, -0.001990164397284388, -0.00012890614743810144, -1.6117050108725005e-05, -0.00040874467231335283, -0.001510654226877287, -0.0026500025996925615, -0.011381496675307282, -0.021253047510977455, -0.07513024657976743, -0.1067231222987175, -0.17641541175548528, -0.27550715208064036, -0.2619388401507898, -0.2890648841860545, -0.28853723406759396, -0.3093473315238923, -0.3092225193976173, -0.3688559159633979, -0.3126249611380627, -0.3359600305557223, -0.33153802156448514, -0.3383493721476161, -0.34051904082297557, -0.34276846051215915, -0.34214627742768267, -0.34333440661445863], "Valid": []}, "acc_val": {"Train": [0.7100250626566416, 0.662092731829574, 0.6922932330827067, 0.8103383458646617, 0.7847117794486216, 0.8065789473684211, 0.856140350877193, 0.88765664160401, 0.9110275689223057, 0.9236215538847118, 0.9224937343358396, 0.9139724310776942, 0.918609022556391, 0.9429197994987468, 0.943295739348371, 0.9456140350877194, 0.9431077694235589, 0.9417919799498747, 0.9469924812030075, 0.9470551378446115, 0.9473057644110275, 0.9483082706766918, 0.9488095238095238, 0.9494360902255639, 0.9494360902255639, 0.9495614035087719, 0.9494360902255639], "Valid": []}, "f1_val": {"Train": [0.7099887203910265, 0.6620715583683189, 0.6922739520020051, 0.8103264615577416, 0.7847117794486216, 0.8065668274954572, 0.856140350877193, 0.8876496021053951, 0.911016418097506, 0.9236263392018044, 0.9224888777492324, 0.9139670405413874, 0.9186039225515383, 0.9429019116264493, 0.9432921862272071, 0.9456072189497431, 0.9431006391778418, 0.9417883326022933, 0.9469924812030075, 0.9470518202894919, 0.9473024625603108, 0.9483050316435866, 0.9487998997305258, 0.949432921862272, 0.949432921862272, 0.949564563623833, 0.949432921862272], "Valid": []}}