{"roc_val": {"Train": [0.9232249954460086, 0.9382680620724744, 0.966134901790818, 0.9721029861621471, 0.9822693952927433, 0.984544035527415, 0.9849471579952387, 0.9868068196807809, 0.9870197266348829, 0.9877343107141288, 0.9878493382579255, 0.9880557282931639, 0.9878867280984416, 0.9880892393891998, 0.9880128422560159, 0.9879969818028781, 0.9880202307146312, 0.9880136117235445, 0.9880071262115189, 0.988006466667923, 0.9880087750705084, 0.9880092618764957, 0.9880157159816837, 0.9880160300500626, 0.9880173491372541, 0.9880261116450273, 0.9879958511567138, 0.9880317962826866, 0.9880463062417949, 0.9880263000860546], "Valid": []}, "eer_val": {"Train": [0.149498746867079, 0.1239348370922858, 0.08107769423488143, 0.06791979949904003, 0.059774436089889735, 0.05751879699248084, 0.05751879699248162, 0.051879699247911096, 0.05062656641603946, 0.0501253132832068, 0.04987468671676468, 0.049498746866300077, 0.05012531328299355, 0.04937343358395996, 0.04962406015059352, 0.04962406015074099, 0.049498746867168125, 0.0497493734335832, 0.04962406015037596, 0.049624060151892656, 0.049749373433528664, 0.049498746867168895, 0.049749373433663015, 0.04962406015040788, 0.04962406015191858, 0.049624060150509464, 0.049874686717172545, 0.04987468671678958, 0.049749373433586895, 0.04962406015037381], "Valid": []}, "thres": {"Train": [-0.05596722662448854, -0.03728766366836883, -0.03568740934125945, -0.08973909914501169, -0.17937476932994015, -0.2593291997909544, -0.3117835968732837, -0.3257629275319699, -0.34139999747276084, -0.34387224912643205, -0.3466804623603274, -0.3462951779361352, -0.3483286599314883, -0.3476490080356602, -0.34899404644976045, -0.3495858982208776, -0.34998992085456865, -0.3498851656913753, -0.35015904903411865, -0.3503140807161548, -0.35022228956222445, -0.3500891029834759, -0.3503167629243546, -0.35039418935778255, -0.35038676858055245, -0.35054746270191145, -0.3499822318559241, -0.3505125641822768, -0.35120144486427757, -0.34965920448302906], "Valid": []}, "acc_val": {"Train": [0.8505639097744361, 0.8760025062656641, 0.918922305764411, 0.9320802005012532, 0.9401629072681704, 0.9425438596491228, 0.9425438596491228, 0.9481203007518797, 0.9494360902255639, 0.949937343358396, 0.950187969924812, 0.950563909774436, 0.949937343358396, 0.950563909774436, 0.9503759398496241, 0.9503759398496241, 0.9504385964912281, 0.95031328320802, 0.95031328320802, 0.95031328320802, 0.95031328320802, 0.9504385964912281, 0.95031328320802, 0.95031328320802, 0.95031328320802, 0.95031328320802, 0.950125313283208, 0.950187969924812, 0.950187969924812, 0.9504385964912281], "Valid": []}, "f1_val": {"Train": [0.850554546024187, 0.8759791940841011, 0.9189121443789948, 0.9320802005012532, 0.9401516575797455, 0.9425402594147503, 0.9425402594147503, 0.9481137987216443, 0.949432921862272, 0.94993420640391, 0.950184848674729, 0.9505608120809573, 0.94993420640391, 0.9505608120809573, 0.9503759398496241, 0.9503759398496241, 0.950435490945548, 0.9503101698101385, 0.9503101698101385, 0.9503101698101385, 0.9503101698101385, 0.950435490945548, 0.9503101698101385, 0.9503101698101385, 0.9503101698101385, 0.9503101698101385, 0.950125313283208, 0.950184848674729, 0.950184848674729, 0.950435490945548], "Valid": []}}