{"optimizer_lr": [{"best_val_loss": {"param": 0.1, "value": 0.14014403522014618}, "best_roc_val": {"param": 0.1, "value": 0.9033307557585882}, "best_eer_val": {"param": 0.1, "value": 0.17028856430350045}, "best_thres": {"param": 0.05, "value": -0.6482861042023071}, "best_acc_val": {"param": 0.1, "value": 0.8297455968688845}, "best_f1_val": {"param": 0.1, "value": 0.8295636687444347}}], "optimizer_name": [{"best_val_loss": {"param": "RMSprop", "value": 0.23059679567813873}, "best_roc_val": {"param": "RMSprop", "value": 0.8731507863501973}, "best_eer_val": {"param": "RMSprop", "value": 0.20947630922693358}, "best_thres": {"param": "RMSprop", "value": -0.24286061440341383}, "best_acc_val": {"param": "RMSprop", "value": 0.7906066536203522}, "best_f1_val": {"param": "RMSprop", "value": 0.7903829029385574}}], "batch_size": [{"best_val_loss": {"param": 64, "value": 0.09882840514183044}, "best_roc_val": {"param": 64, "value": 0.9457119208274368}, "best_eer_val": {"param": 64, "value": 0.12148200926255787}, "best_thres": {"param": 64, "value": -0.5540953248318096}, "best_acc_val": {"param": 64, "value": 0.8784913716420566}, "best_f1_val": {"param": 64, "value": 0.8783615316117542}}]}