{"roc_val": {"Train": [0.9112040203893192], "Valid": []}, "eer_val": {"Train": [0.16754385964912635], "Valid": []}, "thres": {"Train": [-0.2021914869546905], "Valid": []}, "acc_val": {"Train": [0.8323934837092731], "Valid": []}, "f1_val": {"Train": [0.8323829813898114], "Valid": []}}