{"roc_val": {"Train": [0.7592149546799329, 0.7784009444036155, 0.7921705893807199, 0.807097552779191, 0.8382072662860157, 0.8653786486893926, 0.8807609405719814, 0.8923893694135088, 0.8894282777746372, 0.8866240711427693, 0.890487010131846, 0.8936533061978255, 0.897563284778362, 0.9017032713362354, 0.9128779498872495, 0.9081358785434764, 0.9179439984673464, 0.9161844460776, 0.9182873066123957, 0.9199354825032506, 0.9188294278930409, 0.920371597854285, 0.9214455625278736, 0.9217005389413383, 0.9216639264200601, 0.9218041343961406, 0.9218072829316398, 0.9218054848901702, 0.9217469346926211, 0.9217555794247523], "Valid": []}, "eer_val": {"Train": [0.3126566416033626, 0.29423558897197616, 0.27957393483709275, 0.267167919799499, 0.23734335839627865, 0.2078947368421052, 0.1901002506257742, 0.17994987468713383, 0.18496240601502764, 0.1914786967421271, 0.18120300751718915, 0.17456140350877164, 0.1749373433579098, 0.17218045112783414, 0.158395989974415, 0.1626566416040101, 0.15451127819577484, 0.15789473684210398, 0.1545112781954886, 0.1502506265664164, 0.15125313283332167, 0.15250626566410555, 0.1493734335835333, 0.14949874686621584, 0.14874686716791982, 0.14937343358395996, 0.14937343358213584, 0.14924812030077897, 0.14924812030074794, 0.14912280701787983], "Valid": []}, "thres": {"Train": [-0.14616230130178245, -0.07120664417739585, -0.036507245153188705, -0.0158517137169838, -0.009976889938116212, -0.011781737208366392, -0.015772450715296697, -0.038886711001412014, -0.06922195106744747, -0.1245872303843992, -0.17211243510221652, -0.27322933077812184, -0.24524939060206724, -0.34397202730179444, -0.35833075642574885, -0.33955916762351995, -0.32756936550160676, -0.36801055073738037, -0.3804641962051391, -0.3766534030437471, -0.4031480550779614, -0.39320072531699796, -0.39956706762295124, -0.40461975336064004, -0.4068571329116822, -0.40755600482225424, -0.4076804816722614, -0.408209115266803, -0.4088307619094832, -0.4081172198058901], "Valid": []}, "acc_val": {"Train": [0.6872807017543859, 0.7057644110275689, 0.7203007518796992, 0.7327694235588973, 0.762593984962406, 0.7921679197994987, 0.8098997493734336, 0.8200501253132833, 0.8151002506265664, 0.8086466165413534, 0.8188596491228071, 0.8254385964912281, 0.825062656641604, 0.8277568922305765, 0.8415413533834587, 0.837280701754386, 0.8454260651629073, 0.8421679197994988, 0.8455513784461153, 0.8496867167919799, 0.8487468671679198, 0.8475563909774436, 0.8506265664160401, 0.8505012531328321, 0.8511904761904762, 0.8506892230576442, 0.8506892230576442, 0.8506892230576442, 0.8508145363408521, 0.8508771929824561], "Valid": []}, "f1_val": {"Train": [0.6872219088801154, 0.7057275347787944, 0.7202306342441714, 0.7327526787392693, 0.7625791089667272, 0.7921548969233662, 0.8098759243012909, 0.8200501253132831, 0.8150886647033022, 0.8086705926575617, 0.8188482987655868, 0.8254385964912282, 0.8250407319212935, 0.8277460993796604, 0.8415115623237449, 0.8372705056707813, 0.845416379472398, 0.8421580299517513, 0.8455417006078075, 0.8496772980763205, 0.8487468671679197, 0.8475468387743593, 0.850607845594686, 0.8504825166060909, 0.8511811517012344, 0.8506798671595964, 0.8506798671595964, 0.8506798671595964, 0.850805188295006, 0.850877192982456], "Valid": []}}