{"roc_val": {"Train": [0.9522977870742019, 0.9615145712024422, 0.961964568375827, 0.9762766722570837, 0.9865257834435713, 0.9910610800183416, 0.9932287642665562, 0.9939526761766572, 0.994686999453521, 0.9964121770591894, 0.9962843198221117, 0.9954225947073196, 0.9976645718305788, 0.9969754744002864, 0.9977652307460381, 0.9973079157794236, 0.9973762256518489, 0.9981401184665926, 0.9989468659116464, 0.9988515304552108, 0.9987235632942005, 0.9987224954617118, 0.9989859988316656, 0.9989807224828989, 0.9990380007035132, 0.9989963473847526, 0.9989802199734926, 0.9990101506900082, 0.9990243779875756, 0.9989973995138222], "Valid": []}, "eer_val": {"Train": [0.1021303258148182, 0.08746867167803238, 0.08609022556390893, 0.0624060150376066, 0.0474937343364009, 0.03170426065260333, 0.02907268170426083, 0.032832080200501546, 0.026691729323308273, 0.023433583959696882, 0.02581453634085404, 0.023809523809525456, 0.01817042606562117, 0.021679197994880103, 0.01967418546365895, 0.022055137844094845, 0.022305764411027853, 0.017418546365913317, 0.012406015037419785, 0.013157894736280961, 0.014160401002506325, 0.014160401002506366, 0.011904761904734938, 0.011904761904685684, 0.011654135338348288, 0.011403508771574693, 0.011654135338590938, 0.011152882206944758, 0.011152882205522456, 0.011403508771933695], "Valid": []}, "thres": {"Train": [-0.4737876653673277, -0.5181081295000394, -0.4578147828578947, -0.4382379353046537, -0.4319916665558099, -0.3630230724816188, -0.3459399342536929, -0.3536176383495332, -0.36618778109550476, -0.37338441610305556, -0.4023036658763911, -0.38039141562250506, -0.3738781511796077, -0.41615453362455956, -0.39626178145408525, -0.45984590053517527, -0.3764899671077733, -0.4230922290257019, -0.41148972511272724, -0.40043380856051725, -0.4080325663089755, -0.43018230795860307, -0.4160149395465493, -0.40866402983640576, -0.4148583054542643, -0.41063073277415774, -0.4109461009507262, -0.4080623388336653, -0.4094928503036772, -0.40718838572504223], "Valid": []}, "acc_val": {"Train": [0.8978070175438596, 0.9125939849624061, 0.9139724310776942, 0.937531328320802, 0.9525689223057644, 0.968358395989975, 0.9708646616541353, 0.9671052631578947, 0.9733082706766917, 0.9766290726817043, 0.9741228070175438, 0.9762531328320802, 0.9817669172932331, 0.9783834586466166, 0.9803884711779448, 0.9779448621553885, 0.9776315789473684, 0.9827067669172932, 0.987593984962406, 0.9867167919799499, 0.9858395989974937, 0.9857769423558898, 0.9881578947368421, 0.9881578947368421, 0.9884711779448622, 0.9885964912280701, 0.9883458646616541, 0.9888471177944862, 0.9887844611528822, 0.9885338345864662], "Valid": []}, "f1_val": {"Train": [0.8978006140735635, 0.912588508051883, 0.9139670405413874, 0.9375274139983708, 0.9525718939916044, 0.9683603784224045, 0.9708628360172943, 0.9671032019550098, 0.9733082706766917, 0.9766276082461307, 0.974121185537941, 0.9762516448399022, 0.9817657747979196, 0.9783821041418636, 0.9803872423084153, 0.9779420980072691, 0.9776301773294066, 0.9827045995738813, 0.9875924301290888, 0.9867134620205565, 0.9858395989974937, 0.9857760511310233, 0.9881571527038036, 0.9881571527038036, 0.9884697330492543, 0.9885964912280701, 0.9883458646616541, 0.9888471177944862, 0.988783758380851, 0.9885331161100319], "Valid": []}}