{"roc_val": {"Train": [0.7801716148139772, 0.8066975631434476, 0.8479344821954636, 0.8403645705743055, 0.8591044026105363, 0.8935167257115217, 0.8987428627960881, 0.9366908813386852, 0.8911636783060409, 0.926631899297115, 0.9341797005043938, 0.9526427126714027, 0.9324682633903053, 0.9569027989773934, 0.9483625573959964, 0.9606568897180293, 0.9645533083963042, 0.9720964849467024, 0.971618669166651, 0.9744933134842119, 0.9783667188020176, 0.9826060451881584, 0.9823928398690963, 0.9829032166883374, 0.9828179000131909, 0.9827796229295042, 0.9827237580165954, 0.9828324570825562, 0.9828017333433835, 0.9827834938222749], "Valid": []}, "eer_val": {"Train": [0.30563909774256964, 0.27744360902172766, 0.23533834586466165, 0.24573934837093472, 0.22794486215538715, 0.18270676691729235, 0.18095238095284363, 0.12243107769463607, 0.16528822055137843, 0.11804511278195211, 0.12167919799571089, 0.09636591478810325, 0.12418546365940422, 0.10275689223130055, 0.11177944862155527, 0.08734335839563939, 0.07982456140350884, 0.07080200501255013, 0.07218045112746962, 0.06466165413540242, 0.059398496239573585, 0.05087719298428452, 0.05100250626569668, 0.05062656641604322, 0.05050125313283213, 0.0507518796992481, 0.0506265664149727, 0.05050125313222567, 0.050751879699374114, 0.050626566416040165], "Valid": []}, "thres": {"Train": [-0.07233168184734026, -0.010165252722794805, -0.004711425630375743, -0.003245355514809515, -0.0021512191742658585, -0.002705106977373358, -0.007659141439945357, -0.01721074059608629, -0.014027724973857403, -0.03287330269813537, -0.050449460744891164, -0.1806079000239298, -0.11721654981378521, -0.31659722328198364, -0.20154682298501372, -0.19944936037043212, -0.15430934727191925, -0.18515807390213276, -0.16981990635350955, -0.2264513224363678, -0.24120752513107263, -0.24714490771383346, -0.2581392824650052, -0.2554074227810001, -0.2592222094535828, -0.25955995917320246, -0.2585725188240451, -0.25889077782540193, -0.25949487090112666, -0.26130445301532756], "Valid": []}, "acc_val": {"Train": [0.6943609022556391, 0.7226190476190476, 0.7647243107769424, 0.7543233082706767, 0.7721177944862155, 0.8173558897243107, 0.819047619047619, 0.8776315789473684, 0.8347744360902256, 0.8820175438596491, 0.8783834586466165, 0.9035714285714286, 0.8757518796992482, 0.8972431077694235, 0.8882832080200501, 0.91265664160401, 0.9201754385964912, 0.9291353383458647, 0.9278195488721804, 0.9352756892230576, 0.9404761904761905, 0.9491228070175438, 0.9489974937343358, 0.9493107769423559, 0.9494360902255639, 0.9493107769423559, 0.9493734335839599, 0.949498746867168, 0.9493734335839599, 0.9494360902255639], "Valid": []}, "f1_val": {"Train": [0.6943225968166438, 0.7226016667711009, 0.7647095682686884, 0.7543079140297011, 0.7721035152578484, 0.817344445140673, 0.819047619047619, 0.8776392456612995, 0.8347640829625916, 0.8820101510119683, 0.8783910782532424, 0.9035653863023999, 0.8757440942414938, 0.8972431077694235, 0.8882762077824425, 0.9126456949492419, 0.9201754385964912, 0.9291308979259353, 0.9278105025692442, 0.935271633561, 0.940461268488343, 0.9491228070175438, 0.9489974937343358, 0.9493076007268626, 0.949432921862272, 0.9493076007268626, 0.949367088607595, 0.94949241759619, 0.9493797769703045, 0.949432921862272], "Valid": []}}