{"roc_val": {"Train": [0.773852213553935, 0.7905971146538023, 0.7955805868053594, 0.8023398565335645, 0.7962214825911897, 0.8237341945088285, 0.8777389589261373, 0.8904883292190376, 0.9164413540115954, 0.9303281543457641, 0.9379078177900894, 0.9445769891520782, 0.9522741848355223, 0.9565534921263058, 0.9556225934510462, 0.9588511614248655, 0.964850660485801, 0.9656821879259553], "Valid": []}, "eer_val": {"Train": [0.31353383458652057, 0.29849624060150315, 0.2956140350868518, 0.2853383458644289, 0.2926065162907445, 0.2615288220552301, 0.20187969924803406, 0.1904761904761904, 0.15701754385929517, 0.14223057644072845, 0.12706766917481982, 0.12418546365914784, 0.11190476190473547, 0.10764411027641405, 0.10989974937405889, 0.10401002506265637, 0.09310776942354393, 0.09235588972431037], "Valid": []}, "thres": {"Train": [-0.11474551260471794, -0.056582134217023836, -0.029243580996986245, -0.014507719315585858, -0.009036259725689978, -0.010910933837295316, -0.017071662470694984, -0.037596335634589195, -0.06938381493085635, -0.11885467916720437, -0.16254638135458738, -0.22807323932647705, -0.2620559930800947, -0.3020271956926314, -0.31252315640494005, -0.3240297138690945, -0.35021093487739197, -0.372603178024292], "Valid": []}, "acc_val": {"Train": [0.6865288220551379, 0.7015664160401003, 0.7044486215538847, 0.7147243107769423, 0.7073308270676691, 0.7384085213032582, 0.7981203007518797, 0.8095238095238095, 0.8429197994987468, 0.8578320802005013, 0.8729323308270677, 0.8758771929824561, 0.8881578947368421, 0.8924812030075188, 0.8900375939849624, 0.8960526315789473, 0.9069548872180451, 0.9077067669172932], "Valid": []}, "f1_val": {"Train": [0.6865091797731687, 0.7015477160223071, 0.7044301021367253, 0.7147064352403033, 0.7073124882511436, 0.7383921298326962, 0.7981203007518797, 0.8095238095238095, 0.8428902675941594, 0.8578231718779372, 0.8729323308270677, 0.8758694153769033, 0.8881508866470329, 0.8924946748527754, 0.8900307036781754, 0.8960461181778306, 0.906949056958456, 0.9077009837709129], "Valid": []}}