{"roc_val": {"Train": [0.9370573206198454, 0.9451058881539689, 0.9480996821628005, 0.9506746188780221, 0.9529221942701367, 0.9527616111079703, 0.9521540693839863, 0.9462911743644827, 0.9350292633212103, 0.9332692005703482, 0.9361964042311292, 0.9356866948071934, 0.9365146261644085, 0.936552070966891, 0.9399307636258565, 0.9373276471253322, 0.9372501429011124, 0.9387482961790442, 0.9392156848889142, 0.9406629983480005, 0.9413698406417044, 0.9406814891238121, 0.9414698714204057, 0.9413530301317203, 0.9412031802564054, 0.9414037835817614, 0.9414636450147924, 0.9414434111594776, 0.9413784304118693, 0.9413075765855743], "Valid": []}, "eer_val": {"Train": [0.12656641603979482, 0.11904761904761903, 0.11478696741854631, 0.11102756892229963, 0.10676691729293816, 0.10413533834579258, 0.10764411027568915, 0.11779448621581792, 0.13095238095172754, 0.1325814536350925, 0.12882205513784473, 0.12456140350877917, 0.1240601503756822, 0.12556390977347823, 0.12030075187969928, 0.12681704260604854, 0.12506265664301003, 0.1288220551385821, 0.12105263157891298, 0.11929824561453724, 0.11867167919799516, 0.12005012531413425, 0.11967418546365927, 0.11954887217968925, 0.12005012531285113, 0.11992481203007516, 0.11954887218044655, 0.11942355889785043, 0.11954887218157409, 0.11954887217999968], "Valid": []}, "thres": {"Train": [-0.45064112544045565, -0.37052321434020996, -0.31772278249263763, -0.2634731948375662, -0.20529411733141112, -0.13526489337280034, -0.09138462394475935, -0.12844125926499952, -0.18017907440636596, -0.18568851053727736, -0.19646067917346957, -0.2086938321590429, -0.20418868958921685, -0.21908786892886706, -0.21495963633060455, -0.20923033356648327, -0.21031631529360734, -0.2091678082943108, -0.22670421004294766, -0.2175582796336095, -0.21352870762348183, -0.2160581201315254, -0.21360820531845104, -0.21699188649607395, -0.2172311544415576, -0.2166849821805954, -0.21525894105434312, -0.21585413813609325, -0.21715754270645726, -0.21544669568515848], "Valid": []}, "acc_val": {"Train": [0.8734962406015038, 0.8810150375939849, 0.8852756892230577, 0.8889724310776942, 0.8932330827067669, 0.8959273182957393, 0.8924185463659148, 0.8822055137844611, 0.8690476190476191, 0.8674812030075187, 0.8711152882205514, 0.875375939849624, 0.8760025062656641, 0.8744360902255639, 0.8796365914786968, 0.8731829573934837, 0.875, 0.8711779448621554, 0.8790100250626567, 0.8807017543859649, 0.8813909774436091, 0.8798872180451128, 0.8802631578947369, 0.8803884711779448, 0.8799498746867168, 0.8801378446115288, 0.8805137844611529, 0.8805764411027569, 0.8804511278195488, 0.8804511278195488], "Valid": []}, "f1_val": {"Train": [0.8734883138041231, 0.8810075819286923, 0.8852685005326147, 0.8889724310776942, 0.893219701717007, 0.8959207970424212, 0.8924118052509556, 0.8822055137844611, 0.8690312069181602, 0.8674895056700708, 0.8711072122313429, 0.8753681308352653, 0.8759947365123129, 0.8744203534277478, 0.8796290494391878, 0.8731670635417972, 0.8750078315894994, 0.8711779448621554, 0.8790024437621404, 0.8807017543859649, 0.8813835453349207, 0.8798796917100069, 0.8802556551162353, 0.8803659835808736, 0.8799348289259304, 0.8801303339808257, 0.8805062973870543, 0.8805764411027568, 0.8804511278195488, 0.8804361448803109], "Valid": []}}