{"roc_val": {"Train": [0.863157973253937], "Valid": []}, "eer_val": {"Train": [0.22531328320798727], "Valid": []}, "thres": {"Train": [-0.1687790751457158], "Valid": []}, "acc_val": {"Train": [0.774749373433584], "Valid": []}, "f1_val": {"Train": [0.7747352591014475], "Valid": []}}