{"roc_val": {"Train": [0.9362389840516078], "Valid": []}, "eer_val": {"Train": [0.13020050125313157], "Valid": []}, "thres": {"Train": [-0.4622902870178217], "Valid": []}, "acc_val": {"Train": [0.8697994987468671], "Valid": []}, "f1_val": {"Train": [0.8697831808497306], "Valid": []}}