{"roc_val": {"Train": [0.847398579468722, 0.8468070316769367, 0.8255833506070942, 0.8052990951690002, 0.7832864586277725, 0.7927877573005194, 0.8076062571843142, 0.8135689945414916, 0.8286831269904082, 0.8353282721214064, 0.8324267592540248, 0.8457948913637477, 0.8529902999981156, 0.8535322171343144, 0.8469537330167524, 0.854188596491228, 0.8589515612339118, 0.8518105492427811, 0.8574259112694016, 0.8605499258798626, 0.866581891759474, 0.8609366461265946, 0.8646344715171388, 0.8658495471133976, 0.8644152046783624, 0.8648521758657294, 0.8649414105439037, 0.8650334953926169, 0.8650605994937217, 0.8650902554004058], "Valid": []}, "eer_val": {"Train": [0.2285714285714571, 0.22681704260651792, 0.24711779448610263, 0.263533834586496, 0.27982456140341333, 0.2750626566416091, 0.26403508771929907, 0.2590225563909775, 0.24636591478830125, 0.23709273182957327, 0.23558897243107815, 0.22205513784461156, 0.22055137844574538, 0.22130325814536916, 0.22456140350876225, 0.2221804511274836, 0.21503759398496208, 0.22017543859607028, 0.21854636591478696, 0.21215538847079285, 0.2087719298245614, 0.21516290726700954, 0.21065162907101312, 0.20701754386041418, 0.20952380952388236, 0.20952380952240773, 0.20964912280845627, 0.2097744360902256, 0.21015037593983432, 0.21015037594067015], "Valid": []}, "thres": {"Train": [-0.27406093478203275, -0.2031517475843431, -0.13838659226893535, -0.08133475854993265, -0.031000651419159454, -0.009134973399341158, -0.013709500432014476, -0.02180611900985241, -0.040502216666948795, -0.05487113445997225, -0.10134305804967883, -0.12529949247837066, -0.16993711888785715, -0.20920410752296453, -0.2257135361432995, -0.2227949649095314, -0.20700055360794067, -0.2349057197569525, -0.26591017842292786, -0.24996219575402578, -0.23914210498332977, -0.22908674180507618, -0.22492894530290156, -0.24511435627953573, -0.24082048237327253, -0.24455335736202927, -0.24785178899815974, -0.25001242756843567, -0.2510620504617597, -0.2511459887029721], "Valid": []}, "acc_val": {"Train": [0.7713659147869674, 0.7731203007518797, 0.7528195488721805, 0.7364661654135338, 0.7202380952380952, 0.724874686716792, 0.7359022556390977, 0.7409147869674185, 0.7536340852130325, 0.7629699248120301, 0.7643483709273183, 0.7779448621553885, 0.7794486215538847, 0.7786340852130326, 0.7755012531328321, 0.7778822055137845, 0.7850250626566416, 0.7798245614035088, 0.781203007518797, 0.787844611528822, 0.7912280701754386, 0.7848370927318296, 0.7894110275689223, 0.7929824561403509, 0.7904761904761904, 0.7904761904761904, 0.7902882205513785, 0.7901629072681704, 0.7898496240601504, 0.7897869674185464], "Valid": []}, "f1_val": {"Train": [0.7713515884453912, 0.7731060843411242, 0.7527730776461742, 0.7364661654135338, 0.7202205651983208, 0.7248574472084718, 0.7358857071245066, 0.740898552540886, 0.7536340852130325, 0.7629550723729557, 0.7643631351419083, 0.7779448621553885, 0.7794209800726908, 0.7786202142991415, 0.7754871859139043, 0.7778682874866846, 0.7850115922050254, 0.7797969670384761, 0.7811207220759684, 0.7878180223085599, 0.7912280701754386, 0.7848101265822784, 0.7893978319443574, 0.7929824561403509, 0.7904761904761904, 0.7904499310690564, 0.7902750798922239, 0.7901497587568144, 0.7898496240601504, 0.789773795350586], "Valid": []}}