{"roc_val": {"Train": [0.7985968916652534, 0.752822108529469, 0.7501844523589676, 0.8548850980835547, 0.8236132860346355, 0.8767652291756961, 0.8790723990427197, 0.9583076896501906, 0.9623917641848982, 0.9691396018241091, 0.9685340701377504, 0.9760648488388892, 0.9739654901665189, 0.9823845563156011, 0.9837347127216537, 0.9825406875584951, 0.9839527625454613, 0.984367427026212, 0.9836781333031827, 0.9851108425826471, 0.9857076588714897, 0.985947214527547, 0.9861164973838104, 0.9862203283898969, 0.9861995998768853, 0.9862017669487, 0.9861923134904932], "Valid": []}, "eer_val": {"Train": [0.2899749373433603, 0.33721804511278214, 0.31666666666666643, 0.21817042606525575, 0.24486215538846143, 0.19774436090224748, 0.20526315789378, 0.10012531328302937, 0.0966165413533837, 0.08671679197841606, 0.08496240601503564, 0.0711779448622048, 0.08007518796992483, 0.05664160401000202, 0.05538847117742284, 0.05676691729329407, 0.05726817042508221, 0.053884711780992606, 0.05313283208020841, 0.05238095238095323, 0.05087719298237535, 0.05050125313283197, 0.049373433583984855, 0.04912280701754412, 0.04912280701754393, 0.04949874686630239, 0.04899749373520949], "Valid": []}, "thres": {"Train": [-0.06251421570777904, -0.002045112662017346, -9.899908400257114e-05, -2.2225740394791783e-05, -0.00034748332109301036, -0.0019392239628359387, -0.002332691801706685, -0.010668261907990192, -0.033824197947978994, -0.07526323199269758, -0.07871454954147315, -0.17763274908067278, -0.24944221476713818, -0.24046456813811662, -0.2744556963441756, -0.2840186893940366, -0.3238336443900382, -0.3113901615153236, -0.3618935346603439, -0.31636795401573287, -0.3399429023265831, -0.33861249685287464, -0.34084010124207226, -0.3459821343421936, -0.3475975692272187, -0.34839341044281463, -0.35014140606161026], "Valid": []}, "acc_val": {"Train": [0.7099624060150376, 0.662719298245614, 0.6833333333333333, 0.7817669172932331, 0.7552005012531329, 0.8023182957393483, 0.7947368421052632, 0.8998746867167919, 0.9033208020050125, 0.9132832080200501, 0.9151002506265664, 0.9287593984962406, 0.9199874686716792, 0.943358395989975, 0.9446741854636591, 0.9431704260651629, 0.9426691729323309, 0.9461152882205514, 0.9468045112781955, 0.9475563909774436, 0.9491854636591479, 0.9495614035087719, 0.950563909774436, 0.9508145363408521, 0.9509398496240602, 0.950563909774436, 0.9510025062656642], "Valid": []}, "f1_val": {"Train": [0.7099442320947428, 0.6626981640453663, 0.6833333333333333, 0.7817532426843787, 0.7551851619775674, 0.8023059088915344, 0.7947111166812884, 0.8998621381125453, 0.903314744031581, 0.913272339892217, 0.9150949307600726, 0.9287549345197067, 0.9199824550410426, 0.943351297155032, 0.9446707187167116, 0.9431739865923188, 0.9426583944350442, 0.9461152882205514, 0.9468011780186728, 0.9475531048311298, 0.9491822795914531, 0.9495582429976815, 0.9505608120809573, 0.9508114543517764, 0.950936775487186, 0.9505608120809573, 0.9510025062656642], "Valid": []}}