{"roc_val": {"Train": [0.7727988988762633], "Valid": []}, "eer_val": {"Train": [0.3112781954886986], "Valid": []}, "thres": {"Train": [-0.08696348965167298], "Valid": []}, "acc_val": {"Train": [0.6887844611528822], "Valid": []}, "f1_val": {"Train": [0.6887649602105395], "Valid": []}}