{"roc_val": {"Train": [0.877686030552572], "Valid": []}, "eer_val": {"Train": [0.20977443609012097], "Valid": []}, "thres": {"Train": [-0.3982781171798186], "Valid": []}, "acc_val": {"Train": [0.7902882205513785], "Valid": []}, "f1_val": {"Train": [0.7902750798922239], "Valid": []}}