{"('', 'cut_off_freq')":{"0":34},"('', 'SMA_winsize')":{"0":46},"('Window Size', 125)":{"0":0.1994263106},"('Window Size', 250)":{"0":0.1598602794},"('Window Size', 500)":{"0":0.1451405622},"('Window Size', 750)":{"0":0.1472727273},"('Window Size', 1000)":{"0":0.1390243902},"('Window Size', 1250)":{"0":0.1410763889},"('Window Size', 1500)":{"0":0.1491769547},"('Window Size', 1750)":{"0":0.1624637681},"('Window Size', 2000)":{"0":0.1631111111},"('', 'mean')":{"0":0.1562836103},"('', 'var')":{"0":0.0003429878}}