{"window_size":{"0":125,"1":250,"2":500,"3":750,"4":1000,"5":1250,"6":1500,"7":1750,"8":2000},"step_width":{"0":62,"1":125,"2":250,"3":375,"4":500,"5":625,"6":750,"7":875,"8":1000},"Mean_EER":{"0":0.1994263106,"1":0.1598602794,"2":0.1451405622,"3":0.1472727273,"4":0.1390243902,"5":0.1410763889,"6":0.1491769547,"7":0.1624637681,"8":0.1631111111},"median_nu":{"0":0.0327204082,"1":0.0347591837,"2":0.0429142857,"3":0.0367979592,"4":0.0357785714,"5":0.0378173469,"6":0.0408755102,"7":0.0408755102,"8":0.0388367347},"median_gamma":{"0":0.6551285569,"1":0.2924272304,"2":0.2120950888,"3":0.1206792641,"4":0.1206792641,"5":0.0390693994,"6":0.0390693994,"7":0.0222299648,"8":0.0390693994},"Gini_coef":{"0":0.4125483583,"1":0.4707884186,"2":0.5138043411,"3":0.5368663314,"4":0.5308988521,"5":0.5512921487,"6":0.5415141762,"7":0.5296494532,"8":0.5309188616},"cut_off_freq":{"0":34,"1":34,"2":34,"3":34,"4":34,"5":34,"6":34,"7":34,"8":34},"SMA_winsize":{"0":46,"1":46,"2":46,"3":46,"4":46,"5":46,"6":46,"7":46,"8":46}}