{"('', 'cut_off_freq')":{"0":26},"('', 'SMA_winsize')":{"0":2},"('Window Size', 125)":{"0":0.1262017804},"('Window Size', 250)":{"0":0.0729274784},"('Window Size', 500)":{"0":0.0455689424},"('Window Size', 750)":{"0":0.0343232323},"('Window Size', 1000)":{"0":0.0348238482},"('Window Size', 1250)":{"0":0.02875},"('Window Size', 1500)":{"0":0.036872428},"('Window Size', 1750)":{"0":0.0297101449},"('Window Size', 2000)":{"0":0.0490555556},"('', 'mean')":{"0":0.0509148234},"('', 'var')":{"0":0.0009821282}}