{"window_size":{"0":125,"1":250,"2":500,"3":750,"4":1000,"5":1250,"6":1500,"7":1750,"8":2000},"step_width":{"0":62,"1":125,"2":250,"3":375,"4":500,"5":625,"6":750,"7":875,"8":1000},"Mean_EER":{"0":0.1246950214,"1":0.0768662675,"2":0.0446184739,"3":0.0397373737,"4":0.0368292683,"5":0.02875,"6":0.0277777778,"7":0.0256038647,"8":0.0341111111},"median_nu":{"0":0.0317010204,"1":0.0551469388,"2":0.0255846939,"3":0.0347591837,"4":0.0317010204,"5":0.0184489796,"6":0.0215071429,"7":0.008255102,"8":0.0062163265},"median_gamma":{"0":0.372759372,"1":0.6551285569,"2":0.2120950888,"3":0.0946720743,"4":0.0040949151,"5":0.0040949151,"6":0.0004291934,"7":0.0003366994,"8":0.0003366994},"Gini_coef":{"0":0.5875968036,"1":0.7287948296,"2":0.8121578825,"3":0.8592724397,"4":0.8977597907,"5":0.8926731079,"6":0.8893333333,"7":0.9012159329,"8":0.8995294969},"cut_off_freq":{"0":-99999,"1":-99999,"2":-99999,"3":-99999,"4":-99999,"5":-99999,"6":-99999,"7":-99999,"8":-99999}}