{"('', 'cut_off_freq')":{"0":34},"('', 'SMA_winsize')":{"0":46},"('Window Size', 125)":{"0":0.1869732938},"('Window Size', 250)":{"0":0.1308050566},"('Window Size', 500)":{"0":0.1184738956},"('Window Size', 750)":{"0":0.1028282828},"('Window Size', 1000)":{"0":0.0856097561},"('Window Size', 1250)":{"0":0.0787152778},"('Window Size', 1500)":{"0":0.0783539095},"('Window Size', 1750)":{"0":0.0907246377},"('Window Size', 2000)":{"0":0.0805555556},"('', 'mean')":{"0":0.1058932961},"('', 'var')":{"0":0.0012678502}}