{"('', 'EMA_span')":{"0":25},"('Window Size', 125)":{"0":0.1955753379},"('Window Size', 250)":{"0":0.1333399867},"('Window Size', 500)":{"0":0.0952074967},"('Window Size', 750)":{"0":0.0950909091},"('Window Size', 1000)":{"0":0.0858807588},"('Window Size', 1250)":{"0":0.0782291667},"('Window Size', 1500)":{"0":0.0710699588},"('Window Size', 1750)":{"0":0.0745410628},"('Window Size', 2000)":{"0":0.0761666667},"('', 'mean')":{"0":0.100566816},"('', 'var')":{"0":0.0016271038}}