{"('', 'SMA_winsize')":{"0":1},"('Window Size', 125)":{"0":0.2176458952},"('Window Size', 250)":{"0":0.1504324684},"('Window Size', 500)":{"0":0.1056091031},"('Window Size', 750)":{"0":0.1082424242},"('Window Size', 1000)":{"0":0.0905691057},"('Window Size', 1250)":{"0":0.0915277778},"('Window Size', 1500)":{"0":0.0788888889},"('Window Size', 1750)":{"0":0.0841062802},"('Window Size', 2000)":{"0":0.0777777778},"('', 'mean')":{"0":0.1116444135},"('', 'var')":{"0":0.002076987}}