{"window_size":{"0":125,"1":250,"2":500,"3":750,"4":1000,"5":1250,"6":1500,"7":1750,"8":2000},"step_width":{"0":62,"1":125,"2":250,"3":375,"4":500,"5":625,"6":750,"7":875,"8":1000},"Mean_EER":{"0":0.2107418398,"1":0.1374717232,"2":0.1041499331,"3":0.090989899,"4":0.0781571816,"5":0.0788194444,"6":0.0691358025,"7":0.0747826087,"8":0.0732222222},"median_nu":{"0":0.0429142857,"1":0.0398561224,"2":0.0347591837,"3":0.0337397959,"4":0.0255846939,"5":0.0347591837,"6":0.0398561224,"7":0.0347591837,"8":0.0367979592},"median_gamma":{"0":0.6551285569,"1":0.5139439644,"2":0.2120950888,"3":0.1206792641,"4":0.1206792641,"5":0.0686648845,"6":0.0040949151,"7":0.0686648845,"8":0.0306496821},"Gini_coef":{"0":0.4193073765,"1":0.5506404672,"2":0.6638131962,"3":0.7391109138,"4":0.7470103252,"5":0.7761135585,"6":0.7653306878,"7":0.7811943727,"8":0.8106558759},"cut_off_freq":{"0":26,"1":26,"2":26,"3":26,"4":26,"5":26,"6":26,"7":26,"8":26},"SMA_winsize":{"0":2,"1":2,"2":2,"3":2,"4":2,"5":2,"6":2,"7":2,"8":2}}