{"window_size":{"0":125,"1":250,"2":500,"3":750,"4":1000,"5":1250,"6":1500,"7":1750,"8":2000},"step_width":{"0":62,"1":125,"2":250,"3":375,"4":500,"5":625,"6":750,"7":875,"8":1000},"Mean_EER":{"0":0.2110814375,"1":0.1369594145,"2":0.1029852744,"3":0.099959596,"4":0.0863414634,"5":0.0800347222,"6":0.0700411523,"7":0.0737198068,"8":0.0732777778},"median_nu":{"0":0.0327204082,"1":0.0429142857,"2":0.0367979592,"3":0.0347591837,"4":0.0306816327,"5":0.0225265306,"6":0.0184489796,"7":0.0204877551,"8":0.008255102},"median_gamma":{"0":0.6551285569,"1":0.6551285569,"2":0.372759372,"3":0.0390693994,"4":0.0126485522,"5":0.0004291934,"6":0.0040949151,"7":0.0004291934,"8":0.0040949151},"Gini_coef":{"0":0.4182709146,"1":0.5428359377,"2":0.6655386571,"3":0.7174032157,"4":0.7263513985,"5":0.7451289467,"6":0.7693824259,"7":0.7921071793,"8":0.8100160054},"cut_off_freq":{"0":49,"1":49,"2":49,"3":49,"4":49,"5":49,"6":49,"7":49,"8":49}}