{"window_size":{"0":125,"1":250,"2":500,"3":750,"4":1000,"5":1250,"6":1500,"7":1750,"8":2000},"step_width":{"0":62,"1":125,"2":250,"3":375,"4":500,"5":625,"6":750,"7":875,"8":1000},"Mean_EER":{"0":0.2129310913,"1":0.1366333999,"2":0.0999062918,"3":0.0870707071,"4":0.0886449864,"5":0.0826736111,"6":0.067654321,"7":0.0765217391,"8":0.0736111111},"median_nu":{"0":0.0204877551,"1":0.0266040816,"2":0.0306816327,"3":0.0245653061,"4":0.0327204082,"5":0.0225265306,"6":0.0164102041,"7":0.0204877551,"8":0.0184489796},"median_gamma":{"0":0.372759372,"1":0.372759372,"2":0.372759372,"3":0.1206792641,"4":0.0004291934,"5":0.0040949151,"6":0.0040949151,"7":0.0013257114,"8":0.0390693994},"Gini_coef":{"0":0.4086780286,"1":0.5403713803,"2":0.6845370494,"3":0.7423253416,"4":0.7376031795,"5":0.7603947921,"6":0.7602054609,"7":0.7937991021,"8":0.8092159329},"cut_off_freq":{"0":40,"1":40,"2":40,"3":40,"4":40,"5":40,"6":40,"7":40,"8":40},"EMA_span":{"0":3,"1":3,"2":3,"3":3,"4":3,"5":3,"6":3,"7":3,"8":3}}