{"window_size":{"0":125,"1":250,"2":500,"3":750,"4":1000,"5":1250,"6":1500,"7":1750,"8":2000},"step_width":{"0":62,"1":125,"2":250,"3":375,"4":500,"5":625,"6":750,"7":875,"8":1000},"Mean_EER":{"0":0.0907781075,"1":0.0589354624,"2":0.0372289157,"3":0.0312323232,"4":0.0301355014,"5":0.0255555556,"6":0.0261316872,"7":0.0253623188,"8":0.0296666667},"median_nu":{"0":0.0306816327,"1":0.0347591837,"2":0.0327204082,"3":0.0378173469,"4":0.0296622449,"5":0.0204877551,"6":0.0184489796,"7":0.0072357143,"8":0.0062163265},"median_gamma":{"0":0.372759372,"1":0.1206792641,"2":0.0099227044,"3":0.0010400117,"4":0.0032124334,"5":0.0004291934,"6":0.0004291934,"7":0.0003366994,"8":0.0000790604},"Gini_coef":{"0":0.703752265,"1":0.7551265648,"2":0.7989731911,"3":0.8386085957,"4":0.8429256595,"5":0.8531099034,"6":0.8915660542,"7":0.8837460317,"8":0.8733250104},"cut_off_freq":{"0":34,"1":34,"2":34,"3":34,"4":34,"5":34,"6":34,"7":34,"8":34},"SMA_winsize":{"0":46,"1":46,"2":46,"3":46,"4":46,"5":46,"6":46,"7":46,"8":46}}