{"('', 'cut_off_freq')":{"0":41},"('Window Size', 125)":{"0":0.2105802835},"('Window Size', 250)":{"0":0.1402661344},"('Window Size', 500)":{"0":0.1000267738},"('Window Size', 750)":{"0":0.091010101},"('Window Size', 1000)":{"0":0.0806233062},"('Window Size', 1250)":{"0":0.0766666667},"('Window Size', 1500)":{"0":0.0718106996},"('Window Size', 1750)":{"0":0.0712560386},"('Window Size', 2000)":{"0":0.0712222222},"('', 'mean')":{"0":0.1014958029},"('', 'var')":{"0":0.0021598695}}