{"window_size":{"0":125,"1":250,"2":500,"3":750,"4":1000,"5":1250,"6":1500,"7":1750,"8":2000},"step_width":{"0":62,"1":125,"2":250,"3":375,"4":500,"5":625,"6":750,"7":875,"8":1000},"Mean_EER":{"0":0.2110814375,"1":0.1393280106,"2":0.1055153949,"3":0.0914747475,"4":0.0802439024,"5":0.0762152778,"6":0.0704526749,"7":0.0724637681,"8":0.0716666667},"median_nu":{"0":0.0327204082,"1":0.0367979592,"2":0.0327204082,"3":0.0327204082,"4":0.0347591837,"5":0.0378173469,"6":0.0367979592,"7":0.0347591837,"8":0.0286428571},"median_gamma":{"0":0.6551285569,"1":0.372759372,"2":0.2120950888,"3":0.1206792641,"4":0.0686648845,"5":0.1206792641,"6":0.0686648845,"7":0.0946720743,"8":0.0686648845},"Gini_coef":{"0":0.4182709146,"1":0.5391130637,"2":0.6683611041,"3":0.7293580683,"4":0.7434387782,"5":0.759984814,"6":0.7788032191,"7":0.7824444444,"8":0.8177433247},"cut_off_freq":{"0":49,"1":49,"2":49,"3":49,"4":49,"5":49,"6":49,"7":49,"8":49}}