{"window_size":{"0":125,"1":250,"2":500,"3":750,"4":1000,"5":1250,"6":1500,"7":1750,"8":2000},"step_width":{"0":62,"1":125,"2":250,"3":375,"4":500,"5":625,"6":750,"7":875,"8":1000},"Mean_EER":{"0":0.1448994395,"1":0.0819760479,"2":0.0418741633,"3":0.0219393939,"4":0.0124390244,"5":0.0197222222,"6":0.004691358,"7":0.0054589372,"8":0.0065555556},"median_nu":{"0":0.0367979592,"1":0.0551469388,"2":0.0286428571,"3":0.0235459184,"4":0.0235459184,"5":0.0102938776,"6":0.008255102,"7":0.008255102,"8":0.0011193878},"median_gamma":{"0":0.6551285569,"1":0.6551285569,"2":0.5139439644,"3":0.1206792641,"4":0.0126485522,"5":0.0004291934,"6":0.0040949151,"7":0.0001616329,"8":0.0000790604},"Gini_coef":{"0":0.5507867884,"1":0.6645844042,"2":0.7854362035,"3":0.8268058113,"4":0.8107237957,"5":0.8479655712,"6":0.9202729045,"7":0.8616519174,"8":0.865913371},"cut_off_freq":{"0":49,"1":49,"2":49,"3":49,"4":49,"5":49,"6":49,"7":49,"8":49}}