{"('', 'SMA_winsize')":{"0":1},"('Window Size', 125)":{"0":0.2149488955},"('Window Size', 250)":{"0":0.1491017964},"('Window Size', 500)":{"0":0.1063855422},"('Window Size', 750)":{"0":0.0952727273},"('Window Size', 1000)":{"0":0.0864498645},"('Window Size', 1250)":{"0":0.0853819444},"('Window Size', 1500)":{"0":0.0800411523},"('Window Size', 1750)":{"0":0.0779710145},"('Window Size', 2000)":{"0":0.0787777778},"('', 'mean')":{"0":0.1082589683},"('', 'var')":{"0":0.0021005963}}