{"window_size":{"0":125,"1":250,"2":500,"3":750,"4":1000,"5":1250,"6":1500,"7":1750,"8":2000},"step_width":{"0":62,"1":125,"2":250,"3":375,"4":500,"5":625,"6":750,"7":875,"8":1000},"Mean_EER":{"0":0.1955753379,"1":0.1333399867,"2":0.0952074967,"3":0.0950909091,"4":0.0858807588,"5":0.0782291667,"6":0.0710699588,"7":0.0745410628,"8":0.0761666667},"median_nu":{"0":0.0367979592,"1":0.0327204082,"2":0.0266040816,"3":0.0266040816,"4":0.0306816327,"5":0.0367979592,"6":0.0225265306,"7":0.0225265306,"8":0.008255102},"median_gamma":{"0":0.372759372,"1":0.2120950888,"2":0.1206792641,"3":0.0004291934,"4":0.0013257114,"5":0.0004291934,"6":0.0004291934,"7":0.0002442053,"8":0.0004291934},"Gini_coef":{"0":0.4622681517,"1":0.5694077142,"2":0.6881796025,"3":0.7064348606,"4":0.7393955331,"5":0.7459338166,"6":0.7350254134,"7":0.7620004321,"8":0.7844476862},"EMA_span":{"0":25,"1":25,"2":25,"3":25,"4":25,"5":25,"6":25,"7":25,"8":25}}