{"window_size":{"0":125,"1":250,"2":500,"3":750,"4":1000,"5":1250,"6":1500,"7":1750,"8":2000},"step_width":{"0":62,"1":125,"2":250,"3":375,"4":500,"5":625,"6":750,"7":875,"8":1000},"Mean_EER":{"0":0.2176458952,"1":0.1504324684,"2":0.1056091031,"3":0.1082424242,"4":0.0905691057,"5":0.0915277778,"6":0.0788888889,"7":0.0841062802,"8":0.0777777778},"median_nu":{"0":0.0266040816,"1":0.0429142857,"2":0.0306816327,"3":0.0327204082,"4":0.0306816327,"5":0.0225265306,"6":0.0143714286,"7":0.0184489796,"8":0.008255102},"median_gamma":{"0":0.2120950888,"1":0.372759372,"2":0.2120950888,"3":0.0023299518,"4":0.0040949151,"5":0.0040949151,"6":0.0023299518,"7":0.0040949151,"8":0.0071968567},"Gini_coef":{"0":0.3866031092,"1":0.5512103789,"2":0.6805974564,"3":0.7176890216,"4":0.740341778,"5":0.7455319508,"6":0.7613806295,"7":0.7735082009,"8":0.8015714286},"SMA_winsize":{"0":1,"1":1,"2":1,"3":1,"4":1,"5":1,"6":1,"7":1,"8":1}}