{"('', 'EMA_span')":{"0":9},"('Window Size', 125)":{"0":0.1436795252},"('Window Size', 250)":{"0":0.0926147705},"('Window Size', 500)":{"0":0.0484203481},"('Window Size', 750)":{"0":0.0394141414},"('Window Size', 1000)":{"0":0.0355826558},"('Window Size', 1250)":{"0":0.0279513889},"('Window Size', 1500)":{"0":0.0310699588},"('Window Size', 1750)":{"0":0.0271497585},"('Window Size', 2000)":{"0":0.0306666667},"('', 'mean')":{"0":0.0529499126},"('', 'var')":{"0":0.0015720461}}