{"('', 'cut_off_freq')":{"0":-99999},"('Window Size', 125)":{"0":0.2136234751},"('Window Size', 250)":{"0":0.1490818363},"('Window Size', 500)":{"0":0.1055823293},"('Window Size', 750)":{"0":0.1082626263},"('Window Size', 1000)":{"0":0.0884281843},"('Window Size', 1250)":{"0":0.0855902778},"('Window Size', 1500)":{"0":0.0781481481},"('Window Size', 1750)":{"0":0.0842028986},"('Window Size', 2000)":{"0":0.0792222222},"('', 'mean')":{"0":0.1102379998},"('', 'var')":{"0":0.0019969649}}