{"('', 'cut_off_freq')":{"0":40},"('', 'EMA_span')":{"0":3},"('Window Size', 125)":{"0":0.2137223871},"('Window Size', 250)":{"0":0.1366001331},"('Window Size', 500)":{"0":0.0981124498},"('Window Size', 750)":{"0":0.086989899},"('Window Size', 1000)":{"0":0.0782113821},"('Window Size', 1250)":{"0":0.071875},"('Window Size', 1500)":{"0":0.070781893},"('Window Size', 1750)":{"0":0.0766183575},"('Window Size', 2000)":{"0":0.0731666667},"('', 'mean')":{"0":0.100675352},"('', 'var')":{"0":0.0022284072}}