{"('', 'cut_off_freq')":{"0":41},"('Window Size', 125)":{"0":0.1214342235},"('Window Size', 250)":{"0":0.0724351297},"('Window Size', 500)":{"0":0.0409906292},"('Window Size', 750)":{"0":0.0343636364},"('Window Size', 1000)":{"0":0.0330894309},"('Window Size', 1250)":{"0":0.0260416667},"('Window Size', 1500)":{"0":0.0272427984},"('Window Size', 1750)":{"0":0.0242028986},"('Window Size', 2000)":{"0":0.0341666667},"('', 'mean')":{"0":0.0459963422},"('', 'var')":{"0":0.0010102036}}