{"window_size":{"0":125,"1":250,"2":500,"3":750,"4":1000,"5":1250,"6":1500,"7":1750,"8":2000},"step_width":{"0":62,"1":125,"2":250,"3":375,"4":500,"5":625,"6":750,"7":875,"8":1000},"Mean_EER":{"0":0.2067556874,"1":0.1621689953,"2":0.1390495315,"3":0.134989899,"4":0.1438482385,"5":0.1215277778,"6":0.1320576132,"7":0.1278743961,"8":0.1289444444},"median_nu":{"0":0.0367979592,"1":0.0429142857,"2":0.041894898,"3":0.0347591837,"4":0.0429142857,"5":0.0429142857,"6":0.0347591837,"7":0.0235459184,"8":0.0388367347},"median_gamma":{"0":0.6551285569,"1":0.6551285569,"2":0.1663871764,"3":0.1206792641,"4":0.0538671419,"5":0.1206792641,"6":0.0390693994,"7":0.0390693994,"8":0.0390693994},"Gini_coef":{"0":0.4096904396,"1":0.4520016776,"2":0.5000385097,"3":0.5425887126,"4":0.5297161517,"5":0.5943174603,"6":0.5700252761,"7":0.5920874785,"8":0.5818421179},"cut_off_freq":{"0":24,"1":24,"2":24,"3":24,"4":24,"5":24,"6":24,"7":24,"8":24},"EMA_span":{"0":30,"1":30,"2":30,"3":30,"4":30,"5":30,"6":30,"7":30,"8":30}}