{"window_size":{"0":125,"1":250,"2":500,"3":750,"4":1000,"5":1250,"6":1500,"7":1750,"8":2000},"step_width":{"0":62,"1":125,"2":250,"3":375,"4":500,"5":625,"6":750,"7":875,"8":1000},"Mean_EER":{"0":0.2100758325,"1":0.1644710579,"2":0.1455957162,"3":0.1536161616,"4":0.1399457995,"5":0.1287152778,"6":0.1355144033,"7":0.1207729469,"8":0.1277222222},"median_nu":{"0":0.0367979592,"1":0.0367979592,"2":0.0347591837,"3":0.0429142857,"4":0.0561663265,"5":0.0367979592,"6":0.0347591837,"7":0.0408755102,"8":0.041894898},"median_gamma":{"0":0.6551285569,"1":0.372759372,"2":0.1206792641,"3":0.0538671419,"4":0.0538671419,"5":0.0538671419,"6":0.0306496821,"7":0.0390693994,"8":0.0390693994},"Gini_coef":{"0":0.4018704529,"1":0.4484636821,"2":0.4864656124,"3":0.502519142,"4":0.5151820294,"5":0.5677277223,"6":0.5790903263,"7":0.6098577778,"8":0.5771639843},"EMA_span":{"0":25,"1":25,"2":25,"3":25,"4":25,"5":25,"6":25,"7":25,"8":25}}