{"('', 'overlap')":{"0":0.85},"('Window Size', 125)":{"0":0.1536685824},"('Window Size', 250)":{"0":0.0973975045},"('Window Size', 500)":{"0":0.0505515004},"('Window Size', 750)":{"0":0.0306015961},"('Window Size', 1000)":{"0":0.0201741294},"('Window Size', 1250)":{"0":0.0213417191},"('Window Size', 1500)":{"0":0.0160536398},"('Window Size', 1750)":{"0":0.0127627628},"('Window Size', 2000)":{"0":0.0084548611},"('', 'mean')":{"0":0.0456673662},"('', 'var')":{"0":0.0023971501}}