{"window_size":{"0":125,"1":250,"2":500,"3":750,"4":1000,"5":1250,"6":1500,"7":1750,"8":2000},"step_width":{"0":83,"1":167,"2":334,"3":502,"4":669,"5":837,"6":1004,"7":1172,"8":1339},"Mean_EER":{"0":0.2192151675,"1":0.1435822222,"2":0.1177956989,"3":0.1002168022,"4":0.0864814815,"5":0.0854166667,"6":0.0816666667,"7":0.0787581699,"8":0.089037037},"median_nu":{"0":0.0388367347,"1":0.0327204082,"2":0.0327204082,"3":0.0306816327,"4":0.0306816327,"5":0.0347591837,"6":0.008255102,"7":0.0021387755,"8":0.008255102},"median_gamma":{"0":0.372759372,"1":0.2120950888,"2":0.1206792641,"3":0.000754312,"4":0.0071968567,"5":0.0013257114,"6":0.0013257114,"7":0.0000790604,"8":0.0126485522},"Gini_coef":{"0":0.4036186313,"1":0.5543676097,"2":0.6581520361,"3":0.6691364702,"4":0.7442731382,"5":0.7443119542,"6":0.7449886621,"7":0.7478377132,"8":0.7688297282},"overlap":{"0":0.33,"1":0.33,"2":0.33,"3":0.33,"4":0.33,"5":0.33,"6":0.33,"7":0.33,"8":0.33}}