{"('', 'overlap')":{"0":0.37},"('Window Size', 125)":{"0":0.1282504146},"('Window Size', 250)":{"0":0.0761403509},"('Window Size', 500)":{"0":0.0386363636},"('Window Size', 750)":{"0":0.0390697674},"('Window Size', 1000)":{"0":0.0365277778},"('Window Size', 1250)":{"0":0.026025641},"('Window Size', 1500)":{"0":0.0262433862},"('Window Size', 1750)":{"0":0.0290740741},"('Window Size', 2000)":{"0":0.0259027778},"('', 'mean')":{"0":0.0473189504},"('', 'var')":{"0":0.0011661966}}