{"window_size":{"0":125,"1":250,"2":500,"3":750,"4":1000,"5":1250,"6":1500,"7":1750,"8":2000},"step_width":{"0":118,"1":237,"2":475,"3":712,"4":950,"5":1187,"6":1425,"7":1662,"8":1900},"Mean_EER":{"0":0.1442059008,"1":0.0944318182,"2":0.0480808081,"3":0.0357088123,"4":0.0137373737,"5":0.0112418301,"6":0.0221428571,"7":0.0125,"8":0.0141414141},"median_nu":{"0":0.0367979592,"1":0.0357785714,"2":0.0306816327,"3":0.0235459184,"4":0.0184489796,"5":0.008255102,"6":0.0021387755,"7":0.0011193878,"8":0.0021387755},"median_gamma":{"0":0.5139439644,"1":0.6551285569,"2":0.1206792641,"3":0.0040949151,"4":0.0126485522,"5":0.0004291934,"6":0.0000790604,"7":0.0000790604,"8":0.0004291934},"Gini_coef":{"0":0.5519734169,"1":0.6599887091,"2":0.7862394958,"3":0.7815450644,"4":0.793872549,"5":0.8104651163,"6":0.7884906412,"7":0.8636213992,"8":0.899047619},"overlap":{"0":0.05,"1":0.05,"2":0.05,"3":0.05,"4":0.05,"5":0.05,"6":0.05,"7":0.05,"8":0.05}}