{"window_size":{"0":125,"1":250,"2":500,"3":750,"4":1000,"5":1250,"6":1500,"7":1750,"8":2000},"step_width":{"0":103,"1":207,"2":415,"3":622,"4":830,"5":1037,"6":1245,"7":1452,"8":1660},"Mean_EER":{"0":0.1324630542,"1":0.0791859186,"2":0.0455555556,"3":0.0411111111,"4":0.0290666667,"5":0.0329444444,"6":0.0272916667,"7":0.0266666667,"8":0.0309259259},"median_nu":{"0":0.0306816327,"1":0.0347591837,"2":0.0327204082,"3":0.0225265306,"4":0.0225265306,"5":0.0133520408,"6":0.0072357143,"7":0.0062163265,"8":0.0031581633},"median_gamma":{"0":0.2120950888,"1":0.372759372,"2":0.1663871764,"3":0.0099227044,"4":0.0083717336,"5":0.0040949151,"6":0.0040949151,"7":0.0040949151,"8":0.0000790604},"Gini_coef":{"0":0.5700072082,"1":0.7264981013,"2":0.8119783198,"3":0.8778505779,"4":0.8919130139,"5":0.8998501031,"6":0.8842804637,"7":0.8981481481,"8":0.8951430472},"overlap":{"0":0.17,"1":0.17,"2":0.17,"3":0.17,"4":0.17,"5":0.17,"6":0.17,"7":0.17,"8":0.17}}