{"window_size":{"0":125,"1":250,"2":500,"3":750,"4":1000,"5":1250,"6":1500,"7":1750,"8":2000},"step_width":{"0":28,"1":57,"2":114,"3":172,"4":229,"5":287,"6":345,"7":402,"8":459},"Mean_EER":{"0":0.2162913315,"1":0.1464018265,"2":0.1088333333,"3":0.0971186441,"4":0.0774621212,"5":0.0890338164,"6":0.0901949318,"7":0.0796990741,"8":0.0897354497},"median_nu":{"0":0.0388367347,"1":0.0327204082,"2":0.0225265306,"3":0.0306816327,"4":0.0245653061,"5":0.0245653061,"6":0.008255102,"7":0.0204877551,"8":0.008255102},"median_gamma":{"0":0.6551285569,"1":0.6551285569,"2":0.1206792641,"3":0.0390693994,"4":0.0686648845,"5":0.0000790604,"6":0.0004291934,"7":0.0040949151,"8":0.0000790604},"Gini_coef":{"0":0.397983568,"1":0.5413120875,"2":0.653869132,"3":0.7075539181,"4":0.7546663044,"5":0.7407065774,"6":0.754179574,"7":0.7895795011,"8":0.7541928721},"overlap":{"0":0.77,"1":0.77,"2":0.77,"3":0.77,"4":0.77,"5":0.77,"6":0.77,"7":0.77,"8":0.77}}