{"window_size":{"0":125,"1":250,"2":500,"3":750,"4":1000,"5":1250,"6":1500,"7":1750,"8":2000},"step_width":{"0":8,"1":17,"2":34,"3":52,"4":69,"5":87,"6":104,"7":122,"8":139},"Mean_EER":{"0":0.2211404853,"1":0.1555510056,"2":0.1103703704,"3":0.1033532764,"4":0.0925363985,"5":0.0892836257,"6":0.0844444444,"7":0.0823066104,"8":0.0851094891},"median_nu":{"0":0.0327204082,"1":0.0429142857,"2":0.0204877551,"3":0.0245653061,"4":0.0225265306,"5":0.0123326531,"6":0.0225265306,"7":0.0164102041,"8":0.0123326531},"median_gamma":{"0":0.6551285569,"1":0.6551285569,"2":0.372759372,"3":0.0126485522,"4":0.0040949151,"5":0.0040949151,"6":0.0040949151,"7":0.0002442053,"8":0.0000790604},"Gini_coef":{"0":0.4031243403,"1":0.5414241931,"2":0.6491108959,"3":0.6898203024,"4":0.7340887343,"5":0.7550430896,"6":0.7669279582,"7":0.785252905,"8":0.7893865278},"overlap":{"0":0.93,"1":0.93,"2":0.93,"3":0.93,"4":0.93,"5":0.93,"6":0.93,"7":0.93,"8":0.93}}