{"('', 'overlap')":{"0":0.21},"('Window Size', 125)":{"0":0.1428037383},"('Window Size', 250)":{"0":0.098490566},"('Window Size', 500)":{"0":0.0460897436},"('Window Size', 750)":{"0":0.0273015873},"('Window Size', 1000)":{"0":0.0243162393},"('Window Size', 1250)":{"0":0.0127513228},"('Window Size', 1500)":{"0":0.0209803922},"('Window Size', 1750)":{"0":0.010952381},"('Window Size', 2000)":{"0":0.0152136752},"('', 'mean')":{"0":0.0443221828},"('', 'var')":{"0":0.0021035376}}