{"window_size":{"0":125,"1":250,"2":500,"3":750,"4":1000,"5":1250,"6":1500,"7":1750,"8":2000},"step_width":{"0":83,"1":167,"2":334,"3":502,"4":669,"5":837,"6":1004,"7":1172,"8":1339},"Mean_EER":{"0":0.1557627866,"1":0.0998133333,"2":0.0513978495,"3":0.0296476965,"4":0.021037037,"5":0.0204166667,"6":0.0080555556,"7":0.0147712418,"8":0.0117777778},"median_nu":{"0":0.0429142857,"1":0.0245653061,"2":0.0327204082,"3":0.0306816327,"4":0.0194683673,"5":0.008255102,"6":0.0072357143,"7":0.0021387755,"8":0.0021387755},"median_gamma":{"0":0.6551285569,"1":0.372759372,"2":0.2924272304,"3":0.0538671419,"4":0.0390693994,"5":0.0003366994,"6":0.0040949151,"7":0.0000790604,"8":0.0000790604},"Gini_coef":{"0":0.5445910116,"1":0.644485014,"2":0.7965984813,"3":0.8131017672,"4":0.8598982786,"5":0.8673973293,"6":0.8889655172,"7":0.849754179,"8":0.8608665269},"overlap":{"0":0.33,"1":0.33,"2":0.33,"3":0.33,"4":0.33,"5":0.33,"6":0.33,"7":0.33,"8":0.33}}