{"window_size":{"0":125,"1":250,"2":500,"3":750,"4":1000,"5":1250,"6":1500,"7":1750,"8":2000},"step_width":{"0":78,"1":157,"2":315,"3":472,"4":630,"5":787,"6":945,"7":1102,"8":1260},"Mean_EER":{"0":0.2119527363,"1":0.1486967419,"2":0.1148484848,"3":0.1073901809,"4":0.0896875,"5":0.0826495726,"6":0.0876719577,"7":0.0741975309,"8":0.0804861111},"median_nu":{"0":0.0347591837,"1":0.0306816327,"2":0.0327204082,"3":0.0245653061,"4":0.0347591837,"5":0.0123326531,"6":0.008255102,"7":0.0204877551,"8":0.0062163265},"median_gamma":{"0":0.372759372,"1":0.372759372,"2":0.1206792641,"3":0.0686648845,"4":0.0071968567,"5":0.0040949151,"6":0.0040949151,"7":0.0071968567,"8":0.0040949151},"Gini_coef":{"0":0.396180671,"1":0.5492474608,"2":0.6517085247,"3":0.6865950166,"4":0.7380866348,"5":0.7515914053,"6":0.7485348354,"7":0.7630985395,"8":0.7662064999},"overlap":{"0":0.37,"1":0.37,"2":0.37,"3":0.37,"4":0.37,"5":0.37,"6":0.37,"7":0.37,"8":0.37}}