{"('', 'overlap')":{"0":0.25},"('Window Size', 125)":{"0":0.2130617284},"('Window Size', 250)":{"0":0.1586386386},"('Window Size', 500)":{"0":0.103010101},"('Window Size', 750)":{"0":0.090960961},"('Window Size', 1000)":{"0":0.0885185185},"('Window Size', 1250)":{"0":0.0854040404},"('Window Size', 1500)":{"0":0.0809259259},"('Window Size', 1750)":{"0":0.0837037037},"('Window Size', 2000)":{"0":0.0904273504},"('', 'mean')":{"0":0.1105167742},"('', 'var')":{"0":0.0020478348}}