{"('', 'overlap')":{"0":0.81},"('Window Size', 125)":{"0":0.2208480176},"('Window Size', 250)":{"0":0.1531271996},"('Window Size', 500)":{"0":0.1066362253},"('Window Size', 750)":{"0":0.100979021},"('Window Size', 1000)":{"0":0.0944863732},"('Window Size', 1250)":{"0":0.0911243386},"('Window Size', 1500)":{"0":0.0864251208},"('Window Size', 1750)":{"0":0.0846360153},"('Window Size', 2000)":{"0":0.0891721133},"('', 'mean')":{"0":0.1141593805},"('', 'var')":{"0":0.0020392623}}