{"window_size":{"0":125,"1":250,"2":500,"3":750,"4":1000,"5":1250,"6":1500,"7":1750,"8":2000},"step_width":{"0":43,"1":87,"2":175,"3":262,"4":350,"5":437,"6":525,"7":612,"8":700},"Mean_EER":{"0":0.1479995428,"1":0.0971315667,"2":0.0523917137,"3":0.0354700855,"4":0.0229885057,"5":0.0134057971,"6":0.0121052632,"7":0.0097222222,"8":0.0080555556},"median_nu":{"0":0.0408755102,"1":0.0357785714,"2":0.0327204082,"3":0.0235459184,"4":0.0194683673,"5":0.0123326531,"6":0.0184489796,"7":0.008255102,"8":0.0021387755},"median_gamma":{"0":0.6551285569,"1":0.6551285569,"2":0.6551285569,"3":0.0686648845,"4":0.0022620542,"5":0.1206792641,"6":0.0000790604,"7":0.0000790604,"8":0.0000790604},"Gini_coef":{"0":0.5497762673,"1":0.6521966422,"2":0.7899313044,"3":0.8054172245,"4":0.8052407407,"5":0.885985986,"6":0.854589372,"7":0.8747619048,"8":0.848877942},"overlap":{"0":0.65,"1":0.65,"2":0.65,"3":0.65,"4":0.65,"5":0.65,"6":0.65,"7":0.65,"8":0.65}}