{"('', 'overlap')":{"0":0.57},"('Window Size', 125)":{"0":0.1513508178},"('Window Size', 250)":{"0":0.096093929},"('Window Size', 500)":{"0":0.0502777778},"('Window Size', 750)":{"0":0.0323985891},"('Window Size', 1000)":{"0":0.0213238771},"('Window Size', 1250)":{"0":0.0245345345},"('Window Size', 1500)":{"0":0.0105376344},"('Window Size', 1750)":{"0":0.0059401709},"('Window Size', 2000)":{"0":0.0046859903},"('', 'mean')":{"0":0.0441270357},"('', 'var')":{"0":0.002427352}}