{"window_size":{"0":125,"1":250,"2":500,"3":750,"4":1000,"5":1250,"6":1500,"7":1750,"8":2000},"step_width":{"0":68,"1":137,"2":275,"3":412,"4":550,"5":687,"6":825,"7":962,"8":1100},"Mean_EER":{"0":0.154694173,"1":0.0953508772,"2":0.0503407407,"3":0.0313111111,"4":0.0134834835,"5":0.0222222222,"6":0.0090740741,"7":0.0060846561,"8":0.0146296296},"median_nu":{"0":0.0429142857,"1":0.0357785714,"2":0.0306816327,"3":0.0215071429,"4":0.0225265306,"5":0.0174295918,"6":0.0051969388,"7":0.0062163265,"8":0.0011193878},"median_gamma":{"0":0.6551285569,"1":0.6551285569,"2":0.372759372,"3":0.0406567183,"4":0.0040949151,"5":0.0004291934,"6":0.0001915774,"7":0.0003366994,"8":0.0000790604},"Gini_coef":{"0":0.5471906374,"1":0.6548826195,"2":0.7908900661,"3":0.8134137686,"4":0.815416976,"5":0.8776628352,"6":0.8316326531,"7":0.8833816425,"8":0.9137834037},"overlap":{"0":0.45,"1":0.45,"2":0.45,"3":0.45,"4":0.45,"5":0.45,"6":0.45,"7":0.45,"8":0.45}}