{"window_size":{"0":125,"1":250,"2":500,"3":750,"4":1000,"5":1250,"6":1500,"7":1750,"8":2000},"step_width":{"0":8,"1":17,"2":34,"3":52,"4":69,"5":87,"6":104,"7":122,"8":139},"Mean_EER":{"0":0.1555010643,"1":0.0999062699,"2":0.0527271052,"3":0.0329401709,"4":0.0202835249,"5":0.013245614,"6":0.0111761229,"7":0.0136990155,"8":0.0082076237},"median_nu":{"0":0.0327204082,"1":0.0561663265,"2":0.0357785714,"3":0.0306816327,"4":0.0245653061,"5":0.008255102,"6":0.008255102,"7":0.0123326531,"8":0.008255102},"median_gamma":{"0":0.6551285569,"1":0.6551285569,"2":0.6551285569,"3":0.1206792641,"4":0.0390693994,"5":0.0538671419,"6":0.0040949151,"7":0.0000790604,"8":0.0000790604},"Gini_coef":{"0":0.5438507316,"1":0.643143238,"2":0.7843256256,"3":0.835482135,"4":0.8336019813,"5":0.8658981277,"6":0.8919971796,"7":0.9242299795,"8":0.9252964427},"overlap":{"0":0.93,"1":0.93,"2":0.93,"3":0.93,"4":0.93,"5":0.93,"6":0.93,"7":0.93,"8":0.93}}