{"window_size":{"0":125,"1":250,"2":500,"3":750,"4":1000,"5":1250,"6":1500,"7":1750,"8":2000},"step_width":{"0":23,"1":47,"2":94,"3":142,"4":189,"5":237,"6":284,"7":332,"8":379},"Mean_EER":{"0":0.1356950563,"1":0.074957265,"2":0.0429731101,"3":0.043045843,"4":0.0383018868,"5":0.0353835979,"6":0.0281803543,"7":0.0277011494,"8":0.0342265795},"median_nu":{"0":0.0398561224,"1":0.0306816327,"2":0.0408755102,"3":0.0317010204,"4":0.0194683673,"5":0.0225265306,"6":0.0164102041,"7":0.0194683673,"8":0.0072357143},"median_gamma":{"0":0.6551285569,"1":0.5139439644,"2":0.372759372,"3":0.0390693994,"4":0.0040949151,"5":0.0040949151,"6":0.0002442053,"7":0.0040949151,"8":0.0000790604},"Gini_coef":{"0":0.5778994198,"1":0.7178460438,"2":0.819585465,"3":0.8669273967,"4":0.8738551359,"5":0.8915846314,"6":0.8988190476,"7":0.9022283694,"8":0.8946389419},"overlap":{"0":0.81,"1":0.81,"2":0.81,"3":0.81,"4":0.81,"5":0.81,"6":0.81,"7":0.81,"8":0.81}}