{"('', 'overlap')":{"0":0.89},"('Window Size', 125)":{"0":0.1334599419},"('Window Size', 250)":{"0":0.0762144199},"('Window Size', 500)":{"0":0.0424269006},"('Window Size', 750)":{"0":0.0408681961},"('Window Size', 1000)":{"0":0.0337379227},"('Window Size', 1250)":{"0":0.0340766284},"('Window Size', 1500)":{"0":0.0335014006},"('Window Size', 1750)":{"0":0.0284378438},"('Window Size', 2000)":{"0":0.0313793103},"('', 'mean')":{"0":0.0504558405},"('', 'var')":{"0":0.0011741873}}