{"window_size":{"0":125,"1":250,"2":500,"3":750,"4":1000,"5":1250,"6":1500,"7":1750,"8":2000},"step_width":{"0":38,"1":77,"2":154,"3":232,"4":309,"5":387,"6":464,"7":542,"8":619},"Mean_EER":{"0":0.1518545455,"1":0.0970329218,"2":0.0502487562,"3":0.0319191919,"4":0.0185128205,"5":0.0120940171,"6":0.0176485788,"7":0.0155246914,"8":0.0097132616},"median_nu":{"0":0.0429142857,"1":0.0398561224,"2":0.0245653061,"3":0.0215071429,"4":0.0174295918,"5":0.0225265306,"6":0.0123326531,"7":0.0062163265,"8":0.008255102},"median_gamma":{"0":0.6551285569,"1":0.6551285569,"2":0.2924272304,"3":0.0686648845,"4":0.0099227044,"5":0.0040949151,"6":0.0000790604,"7":0.0000790604,"8":0.0000790604},"Gini_coef":{"0":0.5533847145,"1":0.6479329535,"2":0.811103777,"3":0.8124033052,"4":0.8217195034,"5":0.8569689831,"6":0.8239954449,"7":0.8377954495,"8":0.8978679787},"overlap":{"0":0.69,"1":0.69,"2":0.69,"3":0.69,"4":0.69,"5":0.69,"6":0.69,"7":0.69,"8":0.69}}