{"window_size":{"0":125,"1":250,"2":500,"3":750,"4":1000,"5":1250,"6":1500,"7":1750,"8":2000},"step_width":{"0":68,"1":137,"2":275,"3":412,"4":550,"5":687,"6":825,"7":962,"8":1100},"Mean_EER":{"0":0.2121679334,"1":0.1474195906,"2":0.1062074074,"3":0.1042444444,"4":0.094954955,"5":0.0873180077,"6":0.0797222222,"7":0.0864021164,"8":0.0710493827},"median_nu":{"0":0.0327204082,"1":0.0367979592,"2":0.0306816327,"3":0.0367979592,"4":0.0306816327,"5":0.008255102,"6":0.0184489796,"7":0.008255102,"8":0.0062163265},"median_gamma":{"0":0.372759372,"1":0.372759372,"2":0.1206792641,"3":0.0002442053,"4":0.0023299518,"5":0.0004291934,"6":0.0004291934,"7":0.0004291934,"8":0.0126485522},"Gini_coef":{"0":0.3952323549,"1":0.5427408913,"2":0.6786333132,"3":0.6920746583,"4":0.7282170216,"5":0.7199697723,"6":0.7476319525,"7":0.7756753079,"8":0.7855294913},"overlap":{"0":0.45,"1":0.45,"2":0.45,"3":0.45,"4":0.45,"5":0.45,"6":0.45,"7":0.45,"8":0.45}}