{"('', 'overlap')":{"0":0.01},"('Window Size', 125)":{"0":0.1586993464},"('Window Size', 250)":{"0":0.0937647059},"('Window Size', 500)":{"0":0.0553703704},"('Window Size', 750)":{"0":0.0271031746},"('Window Size', 1000)":{"0":0.0192592593},"('Window Size', 1250)":{"0":0.0147222222},"('Window Size', 1500)":{"0":0.0111111111},"('Window Size', 1750)":{"0":0.0133333333},"('Window Size', 2000)":{"0":0.0101111111},"('', 'mean')":{"0":0.0448305149},"('', 'var')":{"0":0.0025851149}}