{"window_size":{"0":125,"1":250,"2":500,"3":750,"4":1000,"5":1250,"6":1500,"7":1750,"8":2000},"step_width":{"0":118,"1":237,"2":475,"3":712,"4":950,"5":1187,"6":1425,"7":1662,"8":1900},"Mean_EER":{"0":0.1352856246,"1":0.0807575758,"2":0.0500252525,"3":0.0440229885,"4":0.0363636364,"5":0.032745098,"6":0.0284920635,"7":0.0294444444,"8":0.0361616162},"median_nu":{"0":0.0245653061,"1":0.0276234694,"2":0.0245653061,"3":0.0266040816,"4":0.0215071429,"5":0.008255102,"6":0.008255102,"7":0.0072357143,"8":0.004177551},"median_gamma":{"0":0.2120950888,"1":0.372759372,"2":0.1206792641,"3":0.0126485522,"4":0.0056458859,"5":0.0027103132,"6":0.0027103132,"7":0.0004291934,"8":0.0004291934},"Gini_coef":{"0":0.5915647121,"1":0.7284101174,"2":0.823977789,"3":0.867391935,"4":0.8880864198,"5":0.8861610113,"6":0.9043330238,"7":0.8992313068,"8":0.8913718187},"overlap":{"0":0.05,"1":0.05,"2":0.05,"3":0.05,"4":0.05,"5":0.05,"6":0.05,"7":0.05,"8":0.05}}