{"('', 'overlap')":{"0":0.45},"('Window Size', 125)":{"0":0.1364893232},"('Window Size', 250)":{"0":0.0786038012},"('Window Size', 500)":{"0":0.0401037037},"('Window Size', 750)":{"0":0.0354},"('Window Size', 1000)":{"0":0.0303603604},"('Window Size', 1250)":{"0":0.0279693487},"('Window Size', 1500)":{"0":0.0367592593},"('Window Size', 1750)":{"0":0.0272486772},"('Window Size', 2000)":{"0":0.0302469136},"('', 'mean')":{"0":0.0492423764},"('', 'var')":{"0":0.0013198376}}