{"window_size":{"0":125,"1":250,"2":500,"3":750,"4":1000,"5":1250,"6":1500,"7":1750,"8":2000},"step_width":{"0":88,"1":177,"2":355,"3":532,"4":710,"5":887,"6":1065,"7":1242,"8":1420},"Mean_EER":{"0":0.2083800187,"1":0.1544161959,"2":0.1018007663,"3":0.0952991453,"4":0.0894252874,"5":0.0893719807,"6":0.0883625731,"7":0.0715972222,"8":0.0853968254},"median_nu":{"0":0.0347591837,"1":0.0327204082,"2":0.0306816327,"3":0.0327204082,"4":0.0327204082,"5":0.0225265306,"6":0.0204877551,"7":0.0184489796,"8":0.0021387755},"median_gamma":{"0":0.2120950888,"1":0.2120950888,"2":0.1206792641,"3":0.0040949151,"4":0.0126485522,"5":0.0040949151,"6":0.0040949151,"7":0.0013257114,"8":0.0004291934},"Gini_coef":{"0":0.3815827141,"1":0.5180512362,"2":0.6761175929,"3":0.7166949012,"4":0.723907455,"5":0.7467027027,"6":0.7413412751,"7":0.7704601789,"8":0.749669558},"overlap":{"0":0.29,"1":0.29,"2":0.29,"3":0.29,"4":0.29,"5":0.29,"6":0.29,"7":0.29,"8":0.29}}