{"('', 'overlap')":{"0":0.81},"('Window Size', 125)":{"0":0.1524730788},"('Window Size', 250)":{"0":0.0990372046},"('Window Size', 500)":{"0":0.0522932522},"('Window Size', 750)":{"0":0.0353535354},"('Window Size', 1000)":{"0":0.0177672956},"('Window Size', 1250)":{"0":0.0196957672},"('Window Size', 1500)":{"0":0.018647343},"('Window Size', 1750)":{"0":0.0098659004},"('Window Size', 2000)":{"0":0.0104575163},"('', 'mean')":{"0":0.0461767659},"('', 'var')":{"0":0.00238853}}