{"window_size":{"0":125,"1":250,"2":500,"3":750,"4":1000,"5":1250,"6":1500,"7":1750,"8":2000},"step_width":{"0":88,"1":177,"2":355,"3":532,"4":710,"5":887,"6":1065,"7":1242,"8":1420},"Mean_EER":{"0":0.1343510738,"1":0.0839642185,"2":0.0469923372,"3":0.0376353276,"4":0.0276245211,"5":0.0281642512,"6":0.0308187135,"7":0.0279861111,"8":0.0323809524},"median_nu":{"0":0.0429142857,"1":0.0357785714,"2":0.0327204082,"3":0.0327204082,"4":0.0204877551,"5":0.0225265306,"6":0.008255102,"7":0.008255102,"8":0.008255102},"median_gamma":{"0":0.5139439644,"1":0.6551285569,"2":0.0406567183,"3":0.0686648845,"4":0.0040949151,"5":0.0040949151,"6":0.0126485522,"7":0.0004291934,"8":0.0002442053},"Gini_coef":{"0":0.5947498475,"1":0.7111970892,"2":0.8240476514,"3":0.866254521,"4":0.8832331638,"5":0.8871545645,"6":0.8897533207,"7":0.9025916736,"8":0.8819716776},"overlap":{"0":0.29,"1":0.29,"2":0.29,"3":0.29,"4":0.29,"5":0.29,"6":0.29,"7":0.29,"8":0.29}}