{"('', 'overlap')":{"0":0.49},"('Window Size', 125)":{"0":0.2121117805},"('Window Size', 250)":{"0":0.1485501355},"('Window Size', 500)":{"0":0.1038134431},"('Window Size', 750)":{"0":0.1012139918},"('Window Size', 1000)":{"0":0.09375},"('Window Size', 1250)":{"0":0.0966666667},"('Window Size', 1500)":{"0":0.0865384615},"('Window Size', 1750)":{"0":0.0799494949},"('Window Size', 2000)":{"0":0.0899415205},"('', 'mean')":{"0":0.1125039438},"('', 'var')":{"0":0.0017837035}}