{"('', 'overlap')":{"0":0.93},"('Window Size', 125)":{"0":0.2211404853},"('Window Size', 250)":{"0":0.1555510056},"('Window Size', 500)":{"0":0.1103703704},"('Window Size', 750)":{"0":0.1033532764},"('Window Size', 1000)":{"0":0.0925363985},"('Window Size', 1250)":{"0":0.0892836257},"('Window Size', 1500)":{"0":0.0844444444},"('Window Size', 1750)":{"0":0.0823066104},"('Window Size', 2000)":{"0":0.0851094891},"('', 'mean')":{"0":0.1137884117},"('', 'var')":{"0":0.0021394928}}