{"('', 'overlap')":{"0":0.57},"('Window Size', 125)":{"0":0.2131584884},"('Window Size', 250)":{"0":0.1458075601},"('Window Size', 500)":{"0":0.1108101852},"('Window Size', 750)":{"0":0.1018871252},"('Window Size', 1000)":{"0":0.0907328605},"('Window Size', 1250)":{"0":0.0782282282},"('Window Size', 1500)":{"0":0.0803225806},"('Window Size', 1750)":{"0":0.083034188},"('Window Size', 2000)":{"0":0.0788405797},"('', 'mean')":{"0":0.1092024218},"('', 'var')":{"0":0.0019930109}}