{"window_size":{"0":125,"1":250,"2":500,"3":750,"4":1000,"5":1250,"6":1500,"7":1750,"8":2000},"step_width":{"0":18,"1":37,"2":75,"3":112,"4":150,"5":187,"6":225,"7":262,"8":300},"Mean_EER":{"0":0.1536685824,"1":0.0973975045,"2":0.0505515004,"3":0.0306015961,"4":0.0201741294,"5":0.0213417191,"6":0.0160536398,"7":0.0127627628,"8":0.0084548611},"median_nu":{"0":0.0429142857,"1":0.05005,"2":0.0490306122,"3":0.0347591837,"4":0.0276234694,"5":0.0133520408,"6":0.0153908163,"7":0.0113132653,"8":0.008255102},"median_gamma":{"0":0.6551285569,"1":0.6551285569,"2":0.6551285569,"3":0.372759372,"4":0.0686648845,"5":0.0032124334,"6":0.0004291934,"7":0.0001389495,"8":0.0003366994},"Gini_coef":{"0":0.5490659131,"1":0.6519607577,"2":0.788855019,"3":0.8406753594,"4":0.8435721788,"5":0.8829622353,"6":0.9083620613,"7":0.9237647059,"8":0.9422997947},"overlap":{"0":0.85,"1":0.85,"2":0.85,"3":0.85,"4":0.85,"5":0.85,"6":0.85,"7":0.85,"8":0.85}}