{"window_size":{"0":125,"1":250,"2":500,"3":750,"4":1000,"5":1250,"6":1500,"7":1750,"8":2000},"step_width":{"0":28,"1":57,"2":114,"3":172,"4":229,"5":287,"6":345,"7":402,"8":459},"Mean_EER":{"0":0.1512585642,"1":0.0982161339,"2":0.0525987654,"3":0.0322881356,"4":0.0176767677,"5":0.0166344605,"6":0.016588694,"7":0.0070833333,"8":0.0102116402},"median_nu":{"0":0.0327204082,"1":0.0429142857,"2":0.0204877551,"3":0.0255846939,"4":0.0225265306,"5":0.0215071429,"6":0.0164102041,"7":0.0184489796,"8":0.004177551},"median_gamma":{"0":0.6551285569,"1":0.6551285569,"2":0.6551285569,"3":0.2120950888,"4":0.0390693994,"5":0.0126485522,"6":0.0000790604,"7":0.0004291934,"8":0.0000790604},"Gini_coef":{"0":0.5545403421,"1":0.6466333306,"2":0.7973386014,"3":0.8392048216,"4":0.8256349206,"5":0.8912444875,"6":0.8724507116,"7":0.8932461874,"8":0.8594703512},"overlap":{"0":0.77,"1":0.77,"2":0.77,"3":0.77,"4":0.77,"5":0.77,"6":0.77,"7":0.77,"8":0.77}}