{"window_size":{"0":125,"1":250,"2":500,"3":750,"4":1000,"5":1250,"6":1500,"7":1750,"8":2000},"step_width":{"0":73,"1":147,"2":295,"3":442,"4":590,"5":737,"6":885,"7":1032,"8":1180},"Mean_EER":{"0":0.1515345765,"1":0.095258216,"2":0.0545873016,"3":0.0305072464,"4":0.0215359477,"5":0.0215226337,"6":0.0116908213,"7":0.0113450292,"8":0.0107189542},"median_nu":{"0":0.0449530612,"1":0.0429142857,"2":0.0286428571,"3":0.0317010204,"4":0.0215071429,"5":0.0092744898,"6":0.0164102041,"7":0.008255102,"8":0.0001},"median_gamma":{"0":0.6551285569,"1":0.6551285569,"2":0.1663871764,"3":0.0004291934,"4":0.0040949151,"5":0.0040949151,"6":0.0004291934,"7":0.0000790604,"8":0.0000790604},"Gini_coef":{"0":0.5480137874,"1":0.6620283665,"2":0.775157507,"3":0.7801794669,"4":0.8527567021,"5":0.8499468876,"6":0.9081726354,"7":0.8624284078,"8":0.860704607},"overlap":{"0":0.41,"1":0.41,"2":0.41,"3":0.41,"4":0.41,"5":0.41,"6":0.41,"7":0.41,"8":0.41}}