{"window_size":{"0":125,"1":250,"2":500,"3":750,"4":1000,"5":1250,"6":1500,"7":1750,"8":2000},"step_width":{"0":53,"1":107,"2":214,"3":322,"4":429,"5":537,"6":644,"7":752,"8":859},"Mean_EER":{"0":0.1324337281,"1":0.0794788087,"2":0.0400694444,"3":0.042292769,"4":0.0426713948,"5":0.0285885886,"6":0.0268817204,"7":0.0231196581,"8":0.030821256},"median_nu":{"0":0.0429142857,"1":0.0327204082,"2":0.0306816327,"3":0.0255846939,"4":0.0327204082,"5":0.0245653061,"6":0.0164102041,"7":0.008255102,"8":0.0021387755},"median_gamma":{"0":0.6551285569,"1":0.372759372,"2":0.372759372,"3":0.1206792641,"4":0.0126485522,"5":0.0032124334,"6":0.0040949151,"7":0.0013795726,"8":0.0000790604},"Gini_coef":{"0":0.5944528438,"1":0.7335311026,"2":0.8223762758,"3":0.8752293578,"4":0.8956909818,"5":0.8952380952,"6":0.8955555556,"7":0.8973711234,"8":0.8982932776},"overlap":{"0":0.57,"1":0.57,"2":0.57,"3":0.57,"4":0.57,"5":0.57,"6":0.57,"7":0.57,"8":0.57}}