{"('', 'overlap')":{"0":0.65},"('Window Size', 125)":{"0":0.1479995428},"('Window Size', 250)":{"0":0.0971315667},"('Window Size', 500)":{"0":0.0523917137},"('Window Size', 750)":{"0":0.0354700855},"('Window Size', 1000)":{"0":0.0229885057},"('Window Size', 1250)":{"0":0.0134057971},"('Window Size', 1500)":{"0":0.0121052632},"('Window Size', 1750)":{"0":0.0097222222},"('Window Size', 2000)":{"0":0.0080555556},"('', 'mean')":{"0":0.0443633614},"('', 'var')":{"0":0.002330324}}