{"('', 'overlap')":{"0":0.49},"('Window Size', 125)":{"0":0.1305421687},"('Window Size', 250)":{"0":0.0760840108},"('Window Size', 500)":{"0":0.0439643347},"('Window Size', 750)":{"0":0.0405349794},"('Window Size', 1000)":{"0":0.0392222222},"('Window Size', 1250)":{"0":0.0317708333},"('Window Size', 1500)":{"0":0.0248717949},"('Window Size', 1750)":{"0":0.031969697},"('Window Size', 2000)":{"0":0.0369005848},"('', 'mean')":{"0":0.0506511806},"('', 'var')":{"0":0.001108274}}