{"('', 'overlap')":{"0":0.49},"('Window Size', 125)":{"0":0.1509504685},"('Window Size', 250)":{"0":0.1012330623},"('Window Size', 500)":{"0":0.0477503429},"('Window Size', 750)":{"0":0.0306378601},"('Window Size', 1000)":{"0":0.0229722222},"('Window Size', 1250)":{"0":0.0085763889},"('Window Size', 1500)":{"0":0.013974359},"('Window Size', 1750)":{"0":0.0087878788},"('Window Size', 2000)":{"0":0.0104678363},"('', 'mean')":{"0":0.0439278243},"('', 'var')":{"0":0.0024836787}}