{"('', 'overlap')":{"0":0.13},"('Window Size', 125)":{"0":0.1350515464},"('Window Size', 250)":{"0":0.0791435185},"('Window Size', 500)":{"0":0.037962963},"('Window Size', 750)":{"0":0.0322916667},"('Window Size', 1000)":{"0":0.0351207729},"('Window Size', 1250)":{"0":0.0268421053},"('Window Size', 1500)":{"0":0.0271111111},"('Window Size', 1750)":{"0":0.031965812},"('Window Size', 2000)":{"0":0.0391919192},"('', 'mean')":{"0":0.0494090461},"('', 'var')":{"0":0.0012827587}}