{"window_size":{"0":125,"1":250,"2":500,"3":750,"4":1000,"5":1250,"6":1500,"7":1750,"8":2000},"step_width":{"0":28,"1":57,"2":114,"3":172,"4":229,"5":287,"6":345,"7":402,"8":459},"Mean_EER":{"0":0.1352740542,"1":0.0764596651,"2":0.0433518519,"3":0.0385216573,"4":0.0335984848,"5":0.0317391304,"6":0.0287719298,"7":0.0277314815,"8":0.0329365079},"median_nu":{"0":0.0357785714,"1":0.0317010204,"2":0.0327204082,"3":0.0266040816,"4":0.0225265306,"5":0.0225265306,"6":0.0225265306,"7":0.0215071429,"8":0.008255102},"median_gamma":{"0":0.6551285569,"1":0.5139439644,"2":0.2120950888,"3":0.1206792641,"4":0.0390693994,"5":0.0126485522,"6":0.0004291934,"7":0.0000790604,"8":0.0002442053},"Gini_coef":{"0":0.5852309804,"1":0.7128651246,"2":0.8322195326,"3":0.8644965914,"4":0.8865714644,"5":0.8960538926,"6":0.8968081903,"7":0.8917455018,"8":0.9007675145},"overlap":{"0":0.77,"1":0.77,"2":0.77,"3":0.77,"4":0.77,"5":0.77,"6":0.77,"7":0.77,"8":0.77}}