{"('', 'overlap')":{"0":0.77},"('Window Size', 125)":{"0":0.1512585642},"('Window Size', 250)":{"0":0.0982161339},"('Window Size', 500)":{"0":0.0525987654},"('Window Size', 750)":{"0":0.0322881356},"('Window Size', 1000)":{"0":0.0176767677},"('Window Size', 1250)":{"0":0.0166344605},"('Window Size', 1500)":{"0":0.016588694},"('Window Size', 1750)":{"0":0.0070833333},"('Window Size', 2000)":{"0":0.0102116402},"('', 'mean')":{"0":0.0447284994},"('', 'var')":{"0":0.0024184722}}