{"('', 'SMA_winsize')":{"0":41},"('Window Size', 125)":{"0":0.2012495879},"('Window Size', 250)":{"0":0.1634530938},"('Window Size', 500)":{"0":0.1562650602},"('Window Size', 750)":{"0":0.1505656566},"('Window Size', 1000)":{"0":0.1427100271},"('Window Size', 1250)":{"0":0.1463541667},"('Window Size', 1500)":{"0":0.1411111111},"('Window Size', 1750)":{"0":0.1628985507},"('Window Size', 2000)":{"0":0.1505555556},"('', 'mean')":{"0":0.1572403122},"('', 'var')":{"0":0.0003359259}}