{"('', 'cut_off_freq')":{"0":-99999},"('Window Size', 2000)":{"0":0.0797222222},"('', 'mean')":{"0":0.0797222222},"('', 'var')":{"0":null}}