{"roc_val": {"Train": [0.865845134452673, 0.8754401746848324, 0.8550241047480858, 0.8728016312711605, 0.9381419008046431, 0.9499293267630229, 0.9535576331178823, 0.9589047179351888, 0.9603033429438257, 0.9653850321291951, 0.9659068096305927, 0.9675982091821032, 0.9666916351027944, 0.9697056315601033, 0.9701937409312757, 0.9714242137298134, 0.971280252636604, 0.9713244656126531, 0.9715399714825911, 0.9715289476824893, 0.971564343188799, 0.9717019522490438, 0.9716941476498263, 0.9716756176154673, 0.9717000285802225, 0.9717071500807156, 0.9716760887180356, 0.9716773292881326, 0.9716989293408962, 0.9716919962814304], "Valid": []}, "eer_val": {"Train": [0.21766917293267987, 0.20789473684210494, 0.2310776942349362, 0.2097744360901508, 0.12506265664281363, 0.10789473684210531, 0.09573934837092739, 0.09298245614025838, 0.0908521303258145, 0.08859649122765845, 0.08433583959978067, 0.08471177944888061, 0.08458646616541382, 0.07994987468671678, 0.07794486215573393, 0.0769423558897341, 0.07756892230575987, 0.07631578947368073, 0.0761904761914926, 0.07543859649118088, 0.07543859649088483, 0.07581453634085178, 0.07568922305676523, 0.0755639097743676, 0.07556390977449057, 0.07531328320923968, 0.07556390977444052, 0.075563909774436, 0.07531328320789049, 0.07556390977443675], "Valid": []}, "thres": {"Train": [-0.13412813842301252, -0.06785943359136577, -0.04797314852472035, -0.03634490693608362, -0.024338532239224837, -0.035257887095212936, -0.0582977719604969, -0.1025346089154344, -0.146232895553112, -0.20489226281625686, -0.2595325112343611, -0.2953650057317551, -0.3270343840122224, -0.3377041518688202, -0.3358729779722505, -0.3455526530742771, -0.35747082531451685, -0.36000698804855125, -0.3631501197818669, -0.365093737840616, -0.3676116963225305, -0.36942404508590687, -0.37007078528359755, -0.36960521340368396, -0.3705176909765043, -0.37117946147957737, -0.3708312809467318, -0.371347963809967, -0.37175396084781037, -0.37132262190183013], "Valid": []}, "acc_val": {"Train": [0.7822681704260651, 0.7921679197994987, 0.768859649122807, 0.7901629072681704, 0.874874686716792, 0.8920426065162907, 0.9041979949874687, 0.9072055137844611, 0.9092105263157895, 0.9114035087719298, 0.9156641604010025, 0.9152882205513785, 0.9153508771929825, 0.9201127819548872, 0.9220551378446116, 0.9229949874686717, 0.9224937343358396, 0.9237468671679198, 0.9238095238095239, 0.9246240601503759, 0.9245614035087719, 0.9242481203007519, 0.9243107769423559, 0.9243107769423559, 0.9244987468671679, 0.9246240601503759, 0.9243734335839598, 0.924436090225564, 0.92468671679198, 0.924436090225564], "Valid": []}, "f1_val": {"Train": [0.7822545272260167, 0.7921548969233662, 0.7688161935200852, 0.7901760541319466, 0.8748668462936274, 0.8920358418447272, 0.9041919919794473, 0.9071880679325689, 0.9092048373958268, 0.9113924050632911, 0.9156641604010025, 0.9152882205513785, 0.9153455730308917, 0.9201077761764521, 0.9220551378446116, 0.9229901622908705, 0.9224888777492324, 0.9237420891033272, 0.9238095238095239, 0.9246193370511937, 0.9245614035087719, 0.9242433736449652, 0.9243012908885827, 0.9242918024567561, 0.9244940159157842, 0.9246193370511937, 0.9243686947803745, 0.924436090225564, 0.9246772778543677, 0.924436090225564], "Valid": []}}