{"roc_val": {"Train": [0.9354141070093782], "Valid": []}, "eer_val": {"Train": [0.12944862155388473], "Valid": []}, "thres": {"Train": [-0.5074740648269653], "Valid": []}, "acc_val": {"Train": [0.8704887218045113], "Valid": []}, "f1_val": {"Train": [0.8704806065542954], "Valid": []}}