{"roc_val": {"Train": [0.7105042289307227, 0.7379120498614958, 0.7437869108862382, 0.7566475241989686, 0.7866400415198397, 0.8239543250356467, 0.8534067782237549, 0.8493901891319778, 0.8513518052650423, 0.8773312589116902, 0.887923395581686, 0.8874063055508447, 0.9040243230256091, 0.9025482801615567, 0.9115321276248264, 0.9093687775202418, 0.9129138164961275, 0.9143749332604696, 0.9177310365512781, 0.9189262159157292, 0.9187956184320449, 0.9189735931306964, 0.9200256279797239, 0.9201589264514669, 0.9203283113799536, 0.9204324800095477, 0.9203972258340087, 0.9204108014396895, 0.9204035543118447, 0.9203843411787613], "Valid": []}, "eer_val": {"Train": [0.35877192982456146, 0.3352130325814356, 0.32719298245581585, 0.31466165413533886, 0.292105263156594, 0.25125313283179845, 0.22243107769516124, 0.23007518796992482, 0.23120300751909342, 0.20112781954863995, 0.1895989974937269, 0.18696741854636606, 0.16779448621523893, 0.17192982456152658, 0.1593984962405571, 0.1645363408522498, 0.15814536340852114, 0.15451127819548927, 0.1515037593981053, 0.14949874686789008, 0.14899749373463683, 0.14736842105263107, 0.14636591478696634, 0.1466165413538212, 0.14674185463790088, 0.1471177944842389, 0.14674185463659156, 0.1466165413551285, 0.14674185463558925, 0.14636591478696742], "Valid": []}, "thres": {"Train": [-0.16507955888907114, -0.07118576020002326, -0.03724862262605724, -0.014766551554203035, -0.010379124432795086, -0.01352374348788622, -0.019376991316692595, -0.035836147144436836, -0.0691659748554599, -0.12018045037981093, -0.1796031147241589, -0.26930071413517015, -0.3045533895492008, -0.3608539998532425, -0.3637745678424783, -0.3531867265701642, -0.3689945042133331, -0.38270497322082575, -0.385853141546057, -0.3849692642697392, -0.3873532712459866, -0.400504857301712, -0.4008010625839233, -0.39822831749968685, -0.40313124656866484, -0.4021194875236592, -0.4007573008537293, -0.4010217487813746, -0.4014486670490902, -0.4016246348619461], "Valid": []}, "acc_val": {"Train": [0.6412907268170426, 0.6648496240601504, 0.6728070175438596, 0.6852756892230576, 0.7078947368421052, 0.7487468671679198, 0.7776315789473685, 0.7699248120300752, 0.768734335839599, 0.7988095238095239, 0.8104010025062657, 0.8130952380952381, 0.8322055137844612, 0.8280075187969925, 0.8406641604010026, 0.8354010025062657, 0.8419172932330827, 0.8454260651629073, 0.8484962406015037, 0.8505012531328321, 0.8509398496240601, 0.8526942355889724, 0.8536967418546366, 0.8533834586466166, 0.8532581453634085, 0.8529448621553885, 0.8533834586466166, 0.8533208020050125, 0.8531954887218045, 0.8536967418546366], "Valid": []}, "f1_val": {"Train": [0.641268249890344, 0.6648286233473275, 0.672766010778293, 0.6852559684190739, 0.7078581275849105, 0.7487153778669005, 0.777645510932899, 0.7699248120300752, 0.7687198446017921, 0.7987716989409036, 0.8103772402556711, 0.8130835265367504, 0.8321844842712119, 0.8279967416504793, 0.8406541763268375, 0.8353906886396391, 0.8419073876809324, 0.845416379472398, 0.84847725278857, 0.8505012531328321, 0.8509305094304155, 0.8526850053261483, 0.8536875744094242, 0.8533834586466166, 0.8532581453634085, 0.8529356475969674, 0.8533650833437774, 0.8533116110031956, 0.8531678887008837, 0.8536875744094242], "Valid": []}}