{"roc_val": {"Train": [0.6952676569242655, 0.6751357325016802, 0.665464774090615, 0.6822530637370369, 0.6852602370588124, 0.7629717856671754, 0.7102670444909266, 0.6798545941922475, 0.6996304828487259, 0.7438220237310068, 0.8327198321618583, 0.8813569873932953, 0.8851218663827489, 0.9202342007901961, 0.9126350808097939, 0.9222885534638603, 0.935121834975911, 0.942525745755366, 0.9472716251782339, 0.952373728808236, 0.9534043598972368, 0.9545445301851119, 0.9549240347108373, 0.9550922026243555, 0.9551854259709424, 0.9553560593212355, 0.9553543162417321, 0.9554249266650334, 0.9555170193654562, 0.9555777601899488], "Valid": []}, "eer_val": {"Train": [0.3731829573934829, 0.3790726817042637, 0.38132832080200574, 0.37706766917281653, 0.37944862155232073, 0.3129072681699711, 0.3560150375941683, 0.3791979949877739, 0.3674185463659166, 0.32907268170426235, 0.25112781954692837, 0.1959899749381636, 0.1937343358402162, 0.15025062656525087, 0.1636591478706959, 0.14761904761897449, 0.1337092731831267, 0.1260651629086002, 0.11992481203008595, 0.11240601503758108, 0.10864661654135345, 0.10651629072644728, 0.10626566416036896, 0.10601503759331818, 0.10676691729323307, 0.10676691729289578, 0.10676691729323409, 0.10664160401002869, 0.10626566416182205, 0.10651629072675582], "Valid": []}, "thres": {"Train": [-0.1645083427429198, -0.005145577248185934, -0.00030216723826015455, -0.00014890426245982028, -6.250983278718862e-05, -0.00046748845488749297, -0.002723059849813817, -0.002848028379959514, -0.0029790150001645184, -0.011811417993158121, -0.03871478140323105, -0.05105004087094406, -0.06584405153999442, -0.09501451253836425, -0.11080052703645234, -0.16032693783437174, -0.1646643131971465, -0.21769763529372727, -0.2263381779193924, -0.25859186053275657, -0.27314478158950806, -0.2904928624626401, -0.2971840500831565, -0.3009781539436825, -0.3029126326243083, -0.30370667576750365, -0.30529782176017856, -0.3048255294561395, -0.307079106570086, -0.3061460256576494], "Valid": []}, "acc_val": {"Train": [0.6268796992481203, 0.6208646616541353, 0.618671679197995, 0.6229949874686717, 0.6206140350877193, 0.687092731829574, 0.643922305764411, 0.6208020050125314, 0.6325187969924813, 0.6709273182957394, 0.7489348370927318, 0.8040100250626566, 0.806328320802005, 0.849812030075188, 0.8364661654135338, 0.8523809523809524, 0.8662280701754386, 0.8739348370927318, 0.8800751879699248, 0.887593984962406, 0.8912907268170426, 0.893483709273183, 0.893796992481203, 0.893922305764411, 0.8932957393483709, 0.8932330827067669, 0.893170426065163, 0.893483709273183, 0.893671679197995, 0.893546365914787], "Valid": []}, "f1_val": {"Train": [0.626856319318253, 0.6208409048185977, 0.618671679197995, 0.6229713641205589, 0.6205902625477787, 0.6870535154781301, 0.6438999937339432, 0.6208020050125314, 0.6324957704116799, 0.6709273182957394, 0.7489191052070931, 0.8040100250626566, 0.8063404548587181, 0.8498026192117301, 0.836486655807543, 0.8523809523809524, 0.8662196879503729, 0.8739348370927318, 0.8800751879699248, 0.8875798972302293, 0.8912839150322702, 0.8934703596941973, 0.8937903377404599, 0.8939023625994862, 0.893289053198822, 0.893219701717007, 0.8931637320634125, 0.8934703596941973, 0.8936650166050505, 0.8935396954696411], "Valid": []}}