{"roc_val": {"Train": [0.7781067251461987], "Valid": []}, "eer_val": {"Train": [0.31228070175422096], "Valid": []}, "thres": {"Train": [-0.10846895724533956], "Valid": []}, "acc_val": {"Train": [0.687781954887218], "Valid": []}, "f1_val": {"Train": [0.6877623911272637], "Valid": []}}