{"roc_val": {"Train": [0.82474569883355, 0.8351305268182989, 0.7967192495650153, 0.8083438389206099, 0.8921775459953141, 0.9141288920923865, 0.9169669945540544, 0.9285449054968247, 0.933457531673796, 0.9383113799536436, 0.9375111572791628, 0.9408896536453917, 0.9430973187982487, 0.9452174138353402, 0.9467773443634148, 0.947603752488992, 0.9482780651503445, 0.948616921376122, 0.9490063975728795, 0.9491295516359821, 0.9492137455166738, 0.9492488976199898, 0.9492783179753895, 0.9492822752369645, 0.9493024541303132, 0.9493292127562014, 0.9492875280306028, 0.9493000672106331], "Valid": []}, "eer_val": {"Train": [0.26441102756833057, 0.24987468671672622, 0.2901002506268292, 0.2788220551378445, 0.18483709273182983, 0.15325814536341023, 0.14899749373433546, 0.13458646616544334, 0.12919799498742662, 0.12556390977388887, 0.12568922305806604, 0.12192982456134692, 0.11829573934986917, 0.11591478696658464, 0.11190476190475822, 0.11228070175572505, 0.11027568922305536, 0.11040100250623909, 0.10977443609069945, 0.1091478696751871, 0.10902255639097758, 0.10889724310798542, 0.10902255639104941, 0.10902255639027686, 0.10914786967330585, 0.1090225563909775, 0.10902255639131316, 0.10902255639078409], "Valid": []}, "thres": {"Train": [-0.17044602334494433, -0.08847990632056867, -0.053048295900233605, -0.03795719891786575, -0.02350576408207417, -0.03177810832858091, -0.06265058368444441, -0.09241637587547506, -0.14252530038354, -0.1805995553731036, -0.23415398597726975, -0.28580781817435386, -0.3289383053782367, -0.3486178815358453, -0.3522319793701163, -0.34734943509103267, -0.35945632308721376, -0.36249533295630226, -0.3661974519492254, -0.37071114778541997, -0.37350061535835277, -0.3736425042152413, -0.3739844262600903, -0.3742538988582472, -0.37475553154869207, -0.3754085302352905, -0.3745242059234585, -0.3740646839140673], "Valid": []}, "acc_val": {"Train": [0.7355889724310777, 0.750062656641604, 0.7099624060150376, 0.7211779448621554, 0.8151002506265664, 0.8466791979949875, 0.8510651629072682, 0.8653508771929824, 0.8706766917293233, 0.8744360902255639, 0.8743107769423559, 0.8781328320802005, 0.8817669172932331, 0.8841478696741855, 0.8881578947368421, 0.887781954887218, 0.8897243107769424, 0.8896616541353384, 0.8902255639097745, 0.8908521303258146, 0.8909147869674185, 0.8910401002506265, 0.8909147869674185, 0.8909774436090225, 0.8908521303258146, 0.8909774436090225, 0.8909774436090225, 0.8910401002506265], "Valid": []}, "f1_val": {"Train": [0.735555834064419, 0.7500156671053456, 0.7099442320947428, 0.7211779448621554, 0.8150886647033022, 0.846669590826493, 0.851055830565825, 0.8653424400025064, 0.8706442717473051, 0.8744203534277478, 0.8743107769423559, 0.8781251958142741, 0.8817743249169852, 0.8841406103139294, 0.8881508866470329, 0.8877889856525281, 0.8897243107769424, 0.8896547402719468, 0.8902255639097745, 0.8908521303258146, 0.8909079516260417, 0.8910332727614512, 0.8909079516260417, 0.890963779922296, 0.890838450933701, 0.8909774436090225, 0.8909774436090225, 0.8910332727614512], "Valid": []}}