{"roc_val": {"Train": [0.9126030615385582, 0.9134680608162009, 0.9040180338063203, 0.914527594047776, 0.9321171506460386, 0.9286567845051225, 0.9196502063429248, 0.9147136403037669, 0.9198089286499457, 0.9313822620460928, 0.9290221716572132, 0.9300216785698582, 0.935904925220319, 0.9403006733626046, 0.9394593155821885, 0.9370105636899266, 0.9395640259797362, 0.9400694091117519, 0.9398426124835898, 0.9398658142850861, 0.9392975782187297, 0.9395309467277215, 0.939555428357862, 0.9394537565718808, 0.9393923954623401, 0.9394235667489526, 0.9394281207404476, 0.9394941143585782, 0.9395085536523012, 0.9394930700812181], "Valid": []}, "eer_val": {"Train": [0.15451127819544969, 0.15563909774303744, 0.17030075188020755, 0.15639097744360916, 0.12719298245618618, 0.13546365914823016, 0.14799498746867173, 0.16015037593974704, 0.14649122807084802, 0.13358395989974936, 0.13107769423558907, 0.13859649122920423, 0.12443609022668374, 0.11992481202916476, 0.12243107769439865, 0.12769423558897236, 0.12230576441102761, 0.12080200501236216, 0.121428571428592, 0.12142857142857093, 0.12167919799498922, 0.1213032581453559, 0.12117794486207709, 0.12155388471181842, 0.12155388471328604, 0.12130325814536409, 0.12155388471177342, 0.12142857142942229, 0.1214285714290133, 0.12130325814495842], "Valid": []}, "thres": {"Train": [-0.18071310222148412, -0.09393637627354384, -0.0431740619243244, -0.03396450355648995, -0.02351287938654672, -0.02601180039350911, -0.04510349407792092, -0.0748960003256744, -0.1267796009779429, -0.15616288781166077, -0.20580040663480761, -0.24027024209530887, -0.2927924692636189, -0.26751986145927464, -0.27605217695241796, -0.2943379282951355, -0.3088186383247376, -0.31753671169268766, -0.3281997442245555, -0.3320254981517788, -0.33569616079330594, -0.33621060848235984, -0.33840009570119817, -0.3372956812381821, -0.33809214830479034, -0.33880466222763106, -0.33819839358328885, -0.33852529525798863, -0.33958664536482386, -0.33938968181573437], "Valid": []}, "acc_val": {"Train": [0.8454887218045113, 0.8443609022556391, 0.8296365914786967, 0.8435463659147869, 0.8727443609022556, 0.8645363408521304, 0.8519423558897243, 0.8399122807017544, 0.8535714285714285, 0.8664786967418546, 0.868922305764411, 0.8614035087719298, 0.8755012531328321, 0.8800125313283208, 0.8775689223057644, 0.8723684210526316, 0.8776315789473684, 0.8791979949874686, 0.8785087719298246, 0.8786340852130325, 0.8783834586466165, 0.8787593984962406, 0.8788847117794486, 0.8783834586466165, 0.8784461152882206, 0.8786340852130325, 0.8785087719298246, 0.8786340852130325, 0.8786340852130325, 0.8786340852130325], "Valid": []}, "f1_val": {"Train": [0.8454887218045113, 0.844341396164933, 0.8296259164108027, 0.8435365624412557, 0.8727363869916661, 0.8645363408521304, 0.8519330785136913, 0.8399022495143806, 0.8535806027191278, 0.8664703302211918, 0.868922305764411, 0.8614035087719298, 0.8754934519706749, 0.8799899730525789, 0.8775689223057644, 0.8723604235854376, 0.8776239112726362, 0.8791828549943601, 0.8785011592205025, 0.878626480355912, 0.878375838085093, 0.8787518014913215, 0.878877122626731, 0.878375838085093, 0.8784461152882206, 0.878626480355912, 0.8785011592205025, 0.8786416891172232, 0.8786416891172232, 0.8786112677821646], "Valid": []}}