{"roc_val": {"Train": [0.7401460732030578, 0.706361784787784, 0.7189393125671321, 0.731459263760906, 0.7551395484324848, 0.8794692322912546, 0.8890034531818269, 0.8985244360902256, 0.8958075640228391, 0.9093329580216204, 0.9111406492421532, 0.9200673362604507, 0.916698301204138, 0.9315877648381604, 0.9433321634286217, 0.94365308634996, 0.942708415776283, 0.9516038058806164, 0.952356376530298, 0.9524663789800315, 0.9520308996174647, 0.9526741509161375, 0.9531867576208692, 0.953548799944724, 0.9536606396944742, 0.9537653343886031, 0.9536663949975188, 0.9536611422038807, 0.9536456115225407, 0.953619983542817], "Valid": []}, "eer_val": {"Train": [0.3409774436090325, 0.36591478696675084, 0.353634085213959, 0.3422305764400786, 0.30166487647690654, 0.19611528822155475, 0.18822055137844612, 0.17832080200320816, 0.18220551378506408, 0.1655388471177225, 0.1666666666666672, 0.14899749373431814, 0.15827067669063533, 0.1354636591480365, 0.11879699248089501, 0.11942355889723112, 0.12192982456140355, 0.10764411027552466, 0.10626566416232835, 0.10601503759384355, 0.10601503759398513, 0.10563909774418166, 0.1042606516290893, 0.10300751879694414, 0.10363408521385094, 0.10288220551378441, 0.10363408521393533, 0.10325814536465838, 0.10325814536340613, 0.10375939849657803], "Valid": []}, "thres": {"Train": [-0.07807569950819242, -0.004643020220094237, -0.00014489474415322655, -3.904974437318359e-05, -4.990695288142888e-07, -0.0007224014843839601, -0.0043389154598116875, -0.009870657697313387, -0.029431262984883917, -0.07342168688773647, -0.12082573920488364, -0.19961629807948789, -0.28140738606405175, -0.22717409580956544, -0.25313690304735714, -0.25562578439712347, -0.24544304609298706, -0.29076218605026294, -0.3163523972060985, -0.30192050337787585, -0.3115195631980896, -0.32156464457497264, -0.3253788053989434, -0.3304586708545613, -0.32996603846561606, -0.3294743001461029, -0.329246252775805, -0.331546962261397, -0.33107778429985, -0.33155116438899873], "Valid": []}, "acc_val": {"Train": [0.6589598997493734, 0.6340852130325815, 0.6463032581453634, 0.6578320802005012, 0.6981203007518797, 0.8038220551378447, 0.8117794486215539, 0.8217418546365914, 0.8177318295739349, 0.8345238095238096, 0.8334586466165413, 0.8510651629072682, 0.8417919799498746, 0.8645363408521304, 0.881203007518797, 0.8806390977443609, 0.8780075187969925, 0.8924185463659148, 0.893671679197995, 0.8940476190476191, 0.893922305764411, 0.8943609022556391, 0.8956766917293233, 0.8969298245614035, 0.8964285714285715, 0.8971804511278195, 0.8964285714285715, 0.8966791979949875, 0.8968045112781955, 0.8963659147869674], "Valid": []}, "f1_val": {"Train": [0.6589385299830818, 0.6340393533024189, 0.6462810953067235, 0.6578106397643962, 0.6980067694622039, 0.8038097625164484, 0.8117794486215539, 0.8217306848800049, 0.8177204085469014, 0.8345134406917727, 0.8334377741571625, 0.851055830565825, 0.8417820665455229, 0.8645363408521304, 0.8811881188118812, 0.8806316185224637, 0.8779998746788645, 0.8924118052509556, 0.8936650166050505, 0.8940409800112789, 0.8939156588758693, 0.8943476626143627, 0.8956701547716023, 0.8969104468258444, 0.896435060459871, 0.8971740083965161, 0.896435060459871, 0.8966727238548781, 0.8967980449902876, 0.8963788998872322], "Valid": []}}