{"roc_val": {"Train": [0.9177330073303559], "Valid": []}, "eer_val": {"Train": [0.14749373433650534], "Valid": []}, "thres": {"Train": [-0.09436119347844545], "Valid": []}, "acc_val": {"Train": [0.8524436090225563], "Valid": []}, "f1_val": {"Train": [0.8524343630553293], "Valid": []}}