{"roc_val": {"Train": [0.7637109063385279, 0.7747209031350305, 0.8054188808487384, 0.7956398986187272, 0.850500703513169, 0.8829692260098869, 0.8845637825767427, 0.8885197957299261, 0.9179612094145136, 0.9148179188572936, 0.9175369030345287, 0.8849750237121626, 0.929040316957808, 0.917346271380205, 0.9246310089132606, 0.9498630897418987, 0.9578324492308465, 0.9630456702533275, 0.9663699584173466, 0.9679815139352139, 0.968701782652119, 0.968903281072355, 0.9689527861005898, 0.968982677558558, 0.969091250997167, 0.9691591682841189, 0.9690685045948204, 0.9691105740541831, 0.9691937393609338, 0.9691629056978286], "Valid": []}, "eer_val": {"Train": [0.3205513784461126, 0.3060150375950081, 0.27343358395970574, 0.28521303258222436, 0.23333333333302342, 0.17719298245613951, 0.17907268170414545, 0.1720551378446116, 0.13182957393481678, 0.13258145363254756, 0.12756892230655015, 0.1898496240601504, 0.138095238095286, 0.14649122807019274, 0.1375939849621229, 0.10789473684210404, 0.09323308270667517, 0.08884711779447821, 0.0835839598997547, 0.08245614035087873, 0.08082706766917294, 0.0805764411027568, 0.08132832080196405, 0.08132832080220878, 0.08120300751879694, 0.081077694235589, 0.0808270676691486, 0.08107769423669518, 0.08107769423466547, 0.08095238095236183], "Valid": []}, "thres": {"Train": [-0.07255498319864254, -0.014152985066200156, -0.00697288382798257, -0.0047047161497191054, -0.003673960454759936, -0.0029055590275675032, -0.005371784325687908, -0.013045880943536758, -0.025485368445515365, -0.032764814793909386, -0.039083708077794155, -0.0818714201450348, -0.17888927459717796, -0.17129880189895796, -0.1943587064742266, -0.19291000068187675, -0.17568743228904632, -0.17358516156670661, -0.1905976384878166, -0.20709992945194536, -0.22133795917034152, -0.2312433123588561, -0.24004361033426036, -0.24546274329965223, -0.24741780012845965, -0.24803081154823314, -0.24742059409615086, -0.24856641888784078, -0.24836994707340787, -0.2468095322449705], "Valid": []}, "acc_val": {"Train": [0.6795112781954887, 0.693922305764411, 0.7266290726817043, 0.7147869674185464, 0.7666666666666667, 0.8228070175438597, 0.8208020050125313, 0.8278822055137844, 0.8681704260651629, 0.8674812030075187, 0.8724310776942356, 0.8100877192982456, 0.8618421052631579, 0.8535714285714285, 0.86234335839599, 0.8921679197994987, 0.9068295739348371, 0.9112155388471178, 0.9163533834586466, 0.9174812030075188, 0.9191102756892231, 0.9194862155388471, 0.918734335839599, 0.918671679197995, 0.918859649122807, 0.918859649122807, 0.9191729323308271, 0.918922305764411, 0.918984962406015, 0.9191102756892231], "Valid": []}, "f1_val": {"Train": [0.6794911961902376, 0.6939031267623286, 0.7266119431042046, 0.7147869674185464, 0.7666374232359945, 0.8228070175438597, 0.8207570819754324, 0.8278714205150698, 0.8681539039979946, 0.8674728993044677, 0.8724310776942357, 0.8100758192869228, 0.8618334482110408, 0.8535806027191278, 0.8623174782227235, 0.8921611629801366, 0.9068237358230465, 0.9112099755623785, 0.9163481421141675, 0.917476032332853, 0.9191052070931762, 0.9194811704994047, 0.9187292436869477, 0.918671679197995, 0.9188545648223573, 0.9188545648223573, 0.9191729323308271, 0.918922305764411, 0.9189798859577668, 0.9191052070931762], "Valid": []}}