{"roc_val": {"Train": [0.8675932311982966], "Valid": []}, "eer_val": {"Train": [0.22518796992481052], "Valid": []}, "thres": {"Train": [-0.12573310732841478], "Valid": []}, "acc_val": {"Train": [0.7748746867167919], "Valid": []}, "f1_val": {"Train": [0.7748605802368569], "Valid": []}}