{"roc_val": {"Train": [0.886699392591755, 0.8668946881615065, 0.8777773145269189, 0.9103080304143819, 0.9635425892425299, 0.9679909202831641, 0.9707908398816589, 0.9766053997776396, 0.9793746270438001, 0.9757561667326209, 0.9844763380883286, 0.9857300833537478, 0.9807642068831226, 0.9877403879372618, 0.9887139213949662, 0.988462713802049, 0.9900683962412298, 0.9901133943882262, 0.9904442654254684, 0.9906779480028391, 0.9904789071676685, 0.9904470527823317, 0.9904596312209094, 0.9904259866458126, 0.9904046771062996, 0.9903748877205546, 0.990373804184647, 0.9903705692803437, 0.990359828141783, 0.9903588231229704], "Valid": []}, "eer_val": {"Train": [0.19874686716797177, 0.22255639097813285, 0.2088972431077652, 0.1710526315789475, 0.0971177944862442, 0.08822055137810453, 0.08333333333333333, 0.07155388471271652, 0.06654135338268674, 0.07781954887217983, 0.054636591478276215, 0.05563909774436114, 0.061904761904761824, 0.046491228070175854, 0.04573934837080362, 0.04561403508757361, 0.04035087719268141, 0.03947368421052631, 0.03859649122986092, 0.03834586466208613, 0.03847117794486163, 0.03847117794463079, 0.037969924811834234, 0.037969924812030174, 0.03847117794506338, 0.03847117794484184, 0.03809523809641505, 0.03834586466187874, 0.03847117794427677, 0.038471177944428156], "Valid": []}, "thres": {"Train": [-0.048673141747713956, -0.025734154507526533, -0.009607514366507506, -0.0017607965273782622, -0.0019700402238717373, -0.00792139582335796, -0.02307195123285055, -0.044500004500230825, -0.09078902751199118, -0.14042676488558417, -0.19327278435207193, -0.2792436182498933, -0.3154914677143097, -0.32894033938646344, -0.2943194806574374, -0.3151810467242404, -0.34391328692393563, -0.36405916810035704, -0.3701530992985768, -0.38938447833140677, -0.3901984989643089, -0.39267122745505784, -0.3929450929162321, -0.3931326866149905, -0.3940118551255038, -0.3938370347023009, -0.39412659407042283, -0.3946753144267046, -0.3943138718603677, -0.3944004178041905], "Valid": []}, "acc_val": {"Train": [0.8012531328320802, 0.7773809523809524, 0.7911654135338346, 0.8288847117794487, 0.9028822055137845, 0.9117167919799499, 0.9167293233082707, 0.9283834586466165, 0.9335213032581454, 0.9221177944862156, 0.9453634085213033, 0.9442982456140351, 0.9381578947368421, 0.9535714285714286, 0.9543233082706767, 0.9543859649122807, 0.9595864661654135, 0.9605889724310777, 0.9613408521303258, 0.9616541353383459, 0.9615914786967419, 0.9615288220551379, 0.9620300751879699, 0.9619674185463659, 0.9616541353383459, 0.9615914786967419, 0.9619674185463659, 0.9617167919799499, 0.9615288220551379, 0.9615288220551379], "Valid": []}, "f1_val": {"Train": [0.8012531328320802, 0.7773670029450468, 0.7911523278400902, 0.8288739895983458, 0.9028822055137845, 0.9117001942721062, 0.916724105520396, 0.9283789711134783, 0.9335171376652673, 0.9221226740179186, 0.9453565609725529, 0.9442947553104831, 0.9381540196754183, 0.9535685193307851, 0.9543204461432421, 0.9543802481513973, 0.9595788682083098, 0.9605865029137164, 0.9613384297261733, 0.9616541353383459, 0.9615890719969922, 0.9615240005013159, 0.9620300751879699, 0.9619650354032208, 0.9616589399824584, 0.9615890719969922, 0.9619698013908904, 0.9617191905269094, 0.9615240005013159, 0.9615240005013159], "Valid": []}}