{"roc_val": {"Train": [0.8866424441429388, 0.8996457308685246, 0.9115716531303195, 0.9211079468721929, 0.881835235017368, 0.8550269392152059, 0.8681529874184207, 0.8808376282184158, 0.8863225340921226, 0.8985936724643689, 0.8990953024792557, 0.9012443467691785, 0.9102039010433353, 0.9058390022675736, 0.9093234496014473, 0.9095700953511598, 0.9106748308741779, 0.9100939378521493, 0.9112363615806433, 0.910964582508904], "Valid": []}, "eer_val": {"Train": [0.2032581453634068, 0.18646616541353395, 0.17167919799456058, 0.15388471177926158, 0.2012531328320802, 0.23258145363408025, 0.22030075187969916, 0.2053884711778798, 0.1936090225560904, 0.1804511278201544, 0.18095238095261448, 0.1795739348370917, 0.1665413533835054, 0.1715538847117789, 0.16904761904797183, 0.16992481202992102, 0.16779448621553883, 0.1685463659148114, 0.16741854636591472, 0.16804511278141473], "Valid": []}, "thres": {"Train": [-0.13601601123809776, -0.11456671729683877, -0.07206491877631684, -0.026679204776876544, -0.006676219714184602, -0.00937313819304105, -0.01252664066851139, -0.02664067363366303, -0.053122282028164214, -0.07539840787652854, -0.11112531274558476, -0.13990235328674303, -0.17628763616085344, -0.18754002451896645, -0.2051109597088378, -0.20085074007502615, -0.21142522990703583, -0.21747519075871022, -0.21807925403118125, -0.21859353780743385], "Valid": []}, "acc_val": {"Train": [0.7968045112781955, 0.8134711779448621, 0.8282581453634085, 0.8460526315789474, 0.7988095238095239, 0.7674185463659148, 0.7797619047619048, 0.7946741854636592, 0.806390977443609, 0.8194862155388472, 0.818984962406015, 0.8204887218045113, 0.8335213032581453, 0.8285087719298245, 0.831077694235589, 0.8301378446115288, 0.8322681704260652, 0.831453634085213, 0.8326441102756892, 0.8320175438596491], "Valid": []}, "f1_val": {"Train": [0.7967917789335172, 0.8134828644821753, 0.8282689054570517, 0.8460236886632826, 0.7987969171000688, 0.7674185463659148, 0.7797481045178271, 0.7946613196315558, 0.8063667126206291, 0.8194749044426343, 0.8189736199009963, 0.8204774735259103, 0.8335317336006516, 0.8284980261921172, 0.8310565233738564, 0.8301272009524405, 0.832257660254402, 0.831453634085213, 0.8326336236606304, 0.832007017983583], "Valid": []}}