{"roc_val": {"Train": [0.8419448919918845, 0.8440304002487422, 0.8516831552565625, 0.8692411872412863, 0.8822591723670077, 0.8837477701145092, 0.9043368446178102, 0.9108352962607019, 0.9305258525386146, 0.9328180806025087, 0.9293651971407214, 0.9393674270262121, 0.9244021708406354, 0.9282453470769656, 0.9322705416423264, 0.9372823663167946, 0.9430586177222504, 0.9446800349872174, 0.9446066843173095, 0.94680265042305, 0.9478220535675027, 0.9482451193773909, 0.9483674333075799, 0.9484172367007746, 0.9484564559895979, 0.9484854523526863, 0.9485455650404205, 0.9485775214979806, 0.9485345569437377, 0.9485225909384992], "Valid": []}, "eer_val": {"Train": [0.24010025062656928, 0.23834586466165542, 0.22807017543795788, 0.21328320802005005, 0.1976190476177565, 0.19260651629164538, 0.16641604010025018, 0.1598997493734841, 0.13583959899715697, 0.1295739348366216, 0.13696741854728584, 0.12042606516272375, 0.14323308270668622, 0.13922305764342968, 0.13233082706731808, 0.12869674185464566, 0.11967418546389831, 0.1182957393483691, 0.11842105263055037, 0.11378446115287338, 0.11328320802004993, 0.11215538847092982, 0.11228070175510943, 0.11215538847243467, 0.11215538847118149, 0.11253132832089092, 0.11265664160412149, 0.11228070175438593, 0.11240601503835387, 0.11228070175437824], "Valid": []}, "thres": {"Train": [-0.10866148769855567, -0.055230463544527805, -0.026431487873139686, -0.011844279554982979, -0.008016086183464879, -0.010154990479356767, -0.023841353133320742, -0.037269797176130486, -0.08491761982430193, -0.13522499799705903, -0.19211447238928178, -0.2746418714522414, -0.3021078109741011, -0.28412064909925333, -0.31873440742467385, -0.3175376355648106, -0.3545437455177939, -0.37615445256233104, -0.3780819475642956, -0.401376008987418, -0.41176834702491755, -0.41768896579709064, -0.4217481613176351, -0.42272120714266426, -0.4243045747280143, -0.4245332777500156, -0.4241189658641992, -0.4233427941799164, -0.42413735389746754, -0.42453131079673373], "Valid": []}, "acc_val": {"Train": [0.7598370927318295, 0.7617794486215539, 0.7719924812030076, 0.7867167919799499, 0.8023809523809524, 0.8073934837092732, 0.8336466165413534, 0.8401629072681704, 0.8642230576441102, 0.8704887218045113, 0.8631578947368421, 0.8795739348370928, 0.8567042606516291, 0.8608395989974937, 0.8677318295739348, 0.8712406015037594, 0.8803258145363408, 0.8817669172932331, 0.881578947368421, 0.8862781954887218, 0.8867794486215539, 0.8878446115288221, 0.887719298245614, 0.8878446115288221, 0.887781954887218, 0.887468671679198, 0.88734335839599, 0.887781954887218, 0.887593984962406, 0.887781954887218], "Valid": []}, "f1_val": {"Train": [0.7598220439877185, 0.761749592680787, 0.7719781941224387, 0.7867167919799499, 0.8023561849855873, 0.8073934837092732, 0.8336361927439062, 0.8401729214961469, 0.8642145497838211, 0.8704806065542954, 0.863175040721714, 0.8795588419601454, 0.8567132385188897, 0.860830879127765, 0.8677235415752866, 0.8712325333667523, 0.8803258145363408, 0.8817595087411492, 0.8815641057776664, 0.8862710696158909, 0.8867723541575286, 0.8878305552074195, 0.887719298245614, 0.8878446115288221, 0.8877749232408046, 0.887468671679198, 0.88734335839599, 0.8877749232408046, 0.887593984962406, 0.8877749232408046], "Valid": []}}