{"roc_val": {"Train": [0.9361923920075879], "Valid": []}, "eer_val": {"Train": [0.12994987468721253], "Valid": []}, "thres": {"Train": [-0.4611671864986896], "Valid": []}, "acc_val": {"Train": [0.8699874686716792], "Valid": []}, "f1_val": {"Train": [0.8699793220126574], "Valid": []}}