{"roc_val": {"Train": [0.9112474874529684], "Valid": []}, "eer_val": {"Train": [0.16228070175368736], "Valid": []}, "thres": {"Train": [-0.07739470899100381], "Valid": []}, "acc_val": {"Train": [0.8377192982456141], "Valid": []}, "f1_val": {"Train": [0.8376989597693947], "Valid": []}}