{"roc_val": {"Train": [0.9252602213553935], "Valid": []}, "eer_val": {"Train": [0.14586466165415457], "Valid": []}, "thres": {"Train": [-0.4834544062614549], "Valid": []}, "acc_val": {"Train": [0.8541979949874686], "Valid": []}, "f1_val": {"Train": [0.8541888589510621], "Valid": []}}