{"roc_val": {"Train": [0.810365340041834, 0.8305032945772954, 0.8481603680253265, 0.8596652188114398, 0.8082159424249847, 0.7955487638268605, 0.8015376002663299, 0.8186215224778739, 0.8312501884410273, 0.8407429601572856, 0.8460348710121167, 0.8558318729153711, 0.8624063919196487, 0.8647105545819437, 0.8739984516428916, 0.8691917685818557, 0.875875732564494, 0.8730460471353823, 0.8736355691861231, 0.8733963275984447, 0.8737034864730749, 0.8737330560109546, 0.8737253220771227, 0.8737327183874473, 0.8737280544720196, 0.873737979032795, 0.8738108586001343, 0.873832607835378, 0.8738474475662842, 0.8738209794536466], "Valid": []}, "eer_val": {"Train": [0.2785714285713619, 0.25751879699293767, 0.2330827067669974, 0.2189223057644079, 0.2709273182965572, 0.2873433583959906, 0.2808270676682503, 0.26190476190474005, 0.25112781954887203, 0.239974937343675, 0.23370927318327758, 0.2255639097744392, 0.21616541353383417, 0.21716791979925698, 0.2057644110275421, 0.20952380952380936, 0.2020050125313283, 0.20651629072690614, 0.20476190476118322, 0.2048872180455083, 0.2045112781954888, 0.20476190476190467, 0.20451127819443465, 0.2043859649122845, 0.2043859649122808, 0.20426065162906215, 0.20451127819495313, 0.20426065162907422, 0.20426065162933987, 0.20438596491228056], "Valid": []}, "thres": {"Train": [-0.17909525334832122, -0.15174494683749679, -0.09791237115861301, -0.03969565592706172, -0.008483103476479462, -0.012618350796401502, -0.01587470807134794, -0.029404640197753195, -0.05478017404675483, -0.07645954191684912, -0.11009380221369386, -0.12899508476257357, -0.15619277209043497, -0.17897431552409934, -0.18982261419295576, -0.17887941002845759, -0.18487125635147095, -0.19491001963617574, -0.1964924931526112, -0.19886489212515546, -0.2025790810585022, -0.20353384315967557, -0.20421151816812916, -0.20423798263073045, -0.2045380622148514, -0.2045547217130635, -0.2044158875942004, -0.20441845953464538, -0.20460061728959822, -0.20438985526561734], "Valid": []}, "acc_val": {"Train": [0.7214285714285714, 0.7424185463659148, 0.7668546365914787, 0.781140350877193, 0.7290726817042607, 0.712593984962406, 0.719172932330827, 0.7381578947368421, 0.7489348370927318, 0.7600250626566416, 0.7662907268170426, 0.7744987468671679, 0.7838345864661654, 0.7828320802005012, 0.794360902255639, 0.7904761904761904, 0.7979949874686717, 0.7934210526315789, 0.7953007518796993, 0.7951127819548872, 0.7954260651629073, 0.7953007518796993, 0.7955513784461153, 0.7955513784461153, 0.7955513784461153, 0.7958020050125313, 0.7954887218045112, 0.7957393483709273, 0.7957393483709273, 0.7956766917293233], "Valid": []}, "f1_val": {"Train": [0.7213936583531771, 0.7424024061657999, 0.7668400275706497, 0.7811266370073313, 0.7290726817042608, 0.712575975938342, 0.719137736558466, 0.7381414875618774, 0.7489191052070931, 0.7600250626566417, 0.7662907268170426, 0.7744846168306285, 0.7838345864661654, 0.7828048627647575, 0.7943351297155032, 0.7904761904761904, 0.7979949874686717, 0.793408108277461, 0.7952879253086034, 0.7951127819548872, 0.7954132464440128, 0.7952879253086034, 0.7955385675794222, 0.7955385675794222, 0.7955385675794222, 0.7957892098502413, 0.7954630906128588, 0.7957393483709273, 0.7957393483709273, 0.7956638887148317], "Valid": []}}