{"roc_val": {"Train": [0.9432508746804356], "Valid": []}, "eer_val": {"Train": [0.12005012531260567], "Valid": []}, "thres": {"Train": [-0.5581240653959437], "Valid": []}, "acc_val": {"Train": [0.8799498746867168], "Valid": []}, "f1_val": {"Train": [0.8799348289259304], "Valid": []}}